date,temperature_2m_mean,temperature_2m_max,temperature_2m_min,relative_humidity_2m_mean,precipitation_sum,wind_speed_10m_max,surface_pressure_mean,area
2022-04-01,25.2,33.2,17.5,40,0.0,11.5,980.0,Amritsar
2022-04-02,24.5,33.7,16.2,51,0.0,13.0,980.5,Amritsar
2022-04-03,24.7,33.5,18.3,51,0.0,12.8,980.7,Amritsar
2022-04-04,25.8,35.1,16.9,44,0.0,10.4,980.9,Amritsar
2022-04-05,27.9,35.3,18.9,36,0.0,8.6,983.6,Amritsar
2022-04-06,27.5,36.0,17.6,38,0.0,10.8,983.3,Amritsar
2022-04-07,27.8,37.4,19.4,36,0.0,13.0,982.4,Amritsar
2022-04-08,28.0,37.2,18.2,42,0.0,12.1,980.0,Amritsar
2022-04-09,27.2,37.1,18.6,52,0.0,9.8,978.6,Amritsar
2022-04-10,28.9,38.2,19.9,41,0.0,10.7,977.9,Amritsar
2022-04-11,28.7,38.5,20.1,46,0.0,11.8,976.6,Amritsar
2022-04-12,29.3,37.4,22.8,38,0.0,11.9,975.7,Amritsar
2022-04-13,28.9,37.4,21.0,35,0.0,16.3,976.3,Amritsar
2022-04-14,27.0,35.3,20.3,37,0.1,16.9,976.6,Amritsar
2022-04-15,26.8,34.5,19.0,38,0.0,15.9,977.0,Amritsar
2022-04-16,27.5,36.4,18.7,38,0.0,14.0,976.4,Amritsar
2022-04-17,27.9,37.1,18.9,40,0.0,12.3,977.2,Amritsar
2022-04-18,29.0,38.4,20.4,41,0.0,9.7,978.9,Amritsar
2022-04-19,29.9,38.3,21.8,35,0.0,16.2,980.7,Amritsar
2022-04-20,30.0,38.2,22.0,31,0.0,24.3,979.3,Amritsar
2022-04-21,28.2,36.0,21.4,34,1.8,20.9,979.8,Amritsar
2022-04-22,27.5,35.0,19.6,36,0.0,12.7,982.1,Amritsar
2022-04-23,27.5,35.6,20.3,36,0.0,13.0,981.9,Amritsar
2022-04-24,28.0,36.5,19.6,34,0.0,14.5,979.7,Amritsar
2022-04-25,28.8,37.4,21.3,33,0.0,20.5,977.9,Amritsar
2022-04-26,29.3,37.8,20.9,32,0.0,13.0,978.9,Amritsar
2022-04-27,30.3,39.3,21.2,30,0.0,12.4,977.8,Amritsar
2022-04-28,32.1,41.4,25.0,30,0.0,11.3,977.5,Amritsar
2022-04-29,32.3,41.5,24.7,26,0.0,17.2,977.7,Amritsar
2022-04-30,31.4,41.1,23.7,30,0.0,13.9,974.3,Amritsar
2022-05-01,30.9,39.7,23.0,35,0.0,25.4,973.7,Amritsar
2022-05-02,32.2,39.9,25.2,36,0.1,17.4,973.9,Amritsar
2022-05-03,31.4,36.5,25.7,42,0.0,21.1,976.2,Amritsar
2022-05-04,29.2,34.7,24.8,45,0.3,22.9,979.1,Amritsar
2022-05-05,29.3,36.9,21.7,43,0.0,13.2,979.5,Amritsar
2022-05-06,29.6,38.1,22.7,37,0.0,14.1,979.0,Amritsar
2022-05-07,30.2,38.2,22.1,38,0.0,13.5,978.6,Amritsar
2022-05-08,31.1,39.4,22.8,37,0.0,12.5,976.2,Amritsar
2022-05-09,31.4,37.9,25.5,39,0.0,24.7,976.2,Amritsar
2022-05-10,31.5,37.7,26.2,47,0.1,12.4,976.5,Amritsar
2022-05-11,32.3,41.8,25.4,45,0.0,16.7,974.6,Amritsar
2022-05-12,32.8,41.1,25.9,43,0.0,25.2,973.0,Amritsar
2022-05-13,33.6,42.2,26.4,32,0.0,15.6,971.1,Amritsar
2022-05-14,33.6,43.3,24.7,21,0.0,12.6,970.5,Amritsar
2022-05-15,34.5,44.7,23.8,23,0.0,19.6,971.2,Amritsar
2022-05-16,34.4,41.6,27.7,20,0.0,25.1,972.1,Amritsar
2022-05-17,32.8,39.1,26.2,31,0.0,18.0,973.4,Amritsar
2022-05-18,33.4,41.4,25.2,28,0.0,17.6,975.1,Amritsar
2022-05-19,33.9,42.5,27.4,27,0.0,24.3,974.4,Amritsar
2022-05-20,34.7,43.8,26.5,23,0.0,18.1,970.9,Amritsar
2022-05-21,32.9,40.2,24.6,25,0.0,17.6,969.4,Amritsar
2022-05-22,32.6,40.6,23.8,25,0.0,16.2,967.7,Amritsar
2022-05-23,28.0,33.3,20.5,45,6.6,26.9,970.8,Amritsar
2022-05-24,24.4,30.3,19.2,63,5.5,21.7,978.7,Amritsar
2022-05-25,27.5,35.0,20.2,49,0.0,12.2,979.0,Amritsar
2022-05-26,30.8,38.3,23.4,43,0.0,14.4,975.7,Amritsar
2022-05-27,32.3,40.2,25.3,43,0.0,10.2,972.6,Amritsar
2022-05-28,32.6,39.5,26.4,46,0.1,14.6,971.2,Amritsar
2022-05-29,32.8,39.3,26.2,44,0.0,13.7,971.7,Amritsar
2022-05-30,30.7,35.2,26.7,48,0.9,17.8,973.0,Amritsar
2022-05-31,31.8,39.4,24.3,39,0.0,12.1,973.4,Amritsar
2022-06-01,32.2,40.3,23.6,33,0.0,10.9,973.7,Amritsar
2022-06-02,32.6,40.9,23.6,31,0.0,14.7,973.5,Amritsar
2022-06-03,32.7,41.7,23.8,25,0.0,12.7,972.4,Amritsar
2022-06-04,33.6,43.0,23.6,25,0.0,11.6,972.5,Amritsar
2022-06-05,33.5,42.4,24.6,26,0.0,12.5,972.4,Amritsar
2022-06-06,34.3,43.4,25.2,24,0.0,14.2,971.7,Amritsar
2022-06-07,35.3,43.8,27.4,23,0.0,11.9,971.1,Amritsar
2022-06-08,35.5,43.4,27.7,21,0.0,16.4,970.6,Amritsar
2022-06-09,35.6,43.8,27.6,22,0.0,12.5,969.8,Amritsar
2022-06-10,34.6,43.2,27.0,25,0.0,23.6,970.6,Amritsar
2022-06-11,35.2,41.7,28.1,24,0.0,19.6,971.2,Amritsar
2022-06-12,35.2,41.8,29.7,28,0.0,16.8,972.6,Amritsar
2022-06-13,35.7,43.0,28.6,27,0.0,15.5,974.4,Amritsar
2022-06-14,36.7,43.6,28.0,23,0.0,13.8,973.2,Amritsar
2022-06-15,36.7,43.7,28.9,27,0.0,14.1,971.3,Amritsar
2022-06-16,33.2,39.4,29.8,39,0.4,18.9,972.3,Amritsar
2022-06-17,30.0,34.8,26.7,61,0.0,14.3,973.3,Amritsar
2022-06-18,26.1,31.9,22.2,79,19.2,16.1,975.1,Amritsar
2022-06-19,26.8,32.5,21.0,73,0.4,7.1,974.4,Amritsar
2022-06-20,27.8,32.9,23.3,65,2.0,13.1,972.5,Amritsar
2022-06-21,24.5,27.1,22.4,82,9.2,16.2,972.0,Amritsar
2022-06-22,26.0,30.6,20.0,74,7.9,13.3,977.7,Amritsar
2022-06-23,27.9,34.6,22.2,60,0.0,14.5,978.1,Amritsar
2022-06-24,28.8,36.0,22.2,57,0.0,10.4,974.9,Amritsar
2022-06-25,30.6,37.4,23.2,51,0.0,8.4,972.5,Amritsar
2022-06-26,32.0,38.2,25.6,53,0.0,9.1,973.8,Amritsar
2022-06-27,33.2,38.1,28.1,58,0.0,9.4,974.7,Amritsar
2022-06-28,34.0,40.2,29.2,57,0.0,10.2,971.4,Amritsar
2022-06-29,34.1,39.5,29.7,62,0.0,17.7,968.4,Amritsar
2022-06-30,28.4,32.9,25.6,80,4.0,25.0,971.0,Amritsar
2022-07-01,27.7,31.9,24.5,79,33.4,15.3,973.4,Amritsar
2022-07-02,30.2,34.1,26.2,74,0.1,8.0,971.5,Amritsar
2022-07-03,29.5,33.3,25.9,79,13.3,16.5,972.7,Amritsar
2022-07-04,31.2,35.5,27.2,73,0.4,8.0,972.1,Amritsar
2022-07-05,31.9,36.4,26.6,72,13.0,9.4,971.9,Amritsar
2022-07-06,30.3,34.9,26.9,79,10.3,20.2,975.2,Amritsar
2022-07-07,31.3,35.4,27.3,75,0.6,11.9,977.0,Amritsar
2022-07-08,30.1,35.1,25.9,81,25.5,14.4,974.3,Amritsar
2022-07-09,30.0,36.7,26.2,81,33.4,18.1,971.7,Amritsar
2022-07-10,28.1,31.7,25.1,81,1.4,14.1,974.1,Amritsar
2022-07-11,29.5,33.2,25.9,80,0.4,7.4,974.4,Amritsar
2022-07-12,30.7,34.9,26.5,78,0.2,10.5,973.3,Amritsar
2022-07-13,29.2,34.1,24.0,83,18.8,14.6,971.8,Amritsar
2022-07-14,28.7,31.6,26.6,85,1.2,13.9,972.5,Amritsar
2022-07-15,27.0,30.1,25.1,84,5.2,16.4,975.3,Amritsar
2022-07-16,30.0,35.4,25.2,71,0.0,9.0,974.8,Amritsar
2022-07-17,27.7,31.7,24.8,86,16.9,12.3,977.2,Amritsar
2022-07-18,30.3,34.9,25.2,74,0.0,6.6,975.3,Amritsar
2022-07-19,31.5,35.3,27.4,72,0.0,6.6,973.2,Amritsar
2022-07-20,29.6,32.1,25.9,81,20.1,15.6,972.3,Amritsar
2022-07-21,26.1,29.0,24.6,91,59.4,17.8,975.0,Amritsar
2022-07-22,28.4,32.2,24.8,85,3.0,14.2,976.8,Amritsar
2022-07-23,28.3,31.4,25.9,86,1.5,16.8,976.7,Amritsar
2022-07-24,28.9,33.1,26.4,80,12.6,12.1,976.4,Amritsar
2022-07-25,28.6,32.4,25.5,82,20.3,15.8,978.3,Amritsar
2022-07-26,28.8,32.5,25.8,79,1.5,11.7,979.1,Amritsar
2022-07-27,27.9,31.5,26.1,85,7.3,12.7,978.5,Amritsar
2022-07-28,27.2,30.7,25.3,89,35.4,15.2,978.7,Amritsar
2022-07-29,26.7,30.6,24.8,90,15.9,11.8,977.5,Amritsar
2022-07-30,27.0,30.9,24.7,88,5.5,13.4,975.7,Amritsar
2022-07-31,26.9,30.5,24.9,88,14.6,8.2,973.3,Amritsar
2022-08-01,27.1,30.1,24.6,87,6.1,8.9,974.1,Amritsar
2022-08-02,29.2,33.5,24.4,80,0.0,6.4,973.7,Amritsar
2022-08-03,29.1,33.8,25.8,83,0.3,12.6,974.9,Amritsar
2022-08-04,28.5,32.5,25.2,85,1.2,15.8,976.0,Amritsar
2022-08-05,27.3,30.6,24.8,89,11.6,14.0,975.4,Amritsar
2022-08-06,28.3,32.2,24.9,85,5.8,9.0,973.2,Amritsar
2022-08-07,28.2,32.5,26.1,86,7.8,13.0,972.8,Amritsar
2022-08-08,29.5,33.7,25.4,80,0.0,7.2,973.4,Amritsar
2022-08-09,30.5,34.1,27.6,78,0.3,6.2,973.4,Amritsar
2022-08-10,30.7,35.1,26.5,78,0.0,8.8,971.3,Amritsar
2022-08-11,27.1,29.1,25.1,85,10.4,20.6,974.7,Amritsar
2022-08-12,28.6,33.8,25.2,73,0.0,9.8,973.9,Amritsar
2022-08-13,29.7,34.6,25.4,77,0.0,7.9,973.2,Amritsar
2022-08-14,29.7,34.0,26.4,81,4.9,14.5,974.9,Amritsar
2022-08-15,26.8,30.7,25.6,88,12.6,13.4,977.9,Amritsar
2022-08-16,28.3,31.8,25.2,80,0.0,8.3,976.3,Amritsar
2022-08-17,29.1,32.2,27.0,76,0.0,16.4,976.4,Amritsar
2022-08-18,29.4,33.1,25.9,77,0.6,8.9,975.2,Amritsar
2022-08-19,29.5,32.8,26.9,78,0.7,13.2,974.8,Amritsar
2022-08-20,28.2,32.4,25.5,82,2.1,10.7,976.2,Amritsar
2022-08-21,28.5,33.0,24.5,81,1.3,6.8,975.3,Amritsar
2022-08-22,29.7,34.2,25.7,75,0.0,6.4,973.3,Amritsar
2022-08-23,30.5,34.3,26.1,75,0.2,9.3,975.1,Amritsar
2022-08-24,28.8,32.9,25.9,80,10.5,18.3,978.6,Amritsar
2022-08-25,29.1,33.0,26.3,78,1.4,13.0,978.0,Amritsar
2022-08-26,28.9,32.9,25.6,78,0.5,10.8,977.4,Amritsar
2022-08-27,28.9,33.2,25.9,78,1.9,11.8,976.3,Amritsar
2022-08-28,28.9,33.6,25.8,76,1.2,13.8,976.3,Amritsar
2022-08-29,27.4,32.3,25.4,86,10.8,16.2,980.0,Amritsar
2022-08-30,28.5,32.8,24.4,81,6.5,12.9,981.2,Amritsar
2022-08-31,29.8,34.5,25.9,77,0.2,7.7,978.2,Amritsar
2022-09-01,30.2,36.0,25.8,71,0.0,9.8,977.9,Amritsar
2022-09-02,29.5,33.8,26.5,77,0.5,8.6,979.5,Amritsar
2022-09-03,29.5,34.1,25.7,74,0.3,9.2,976.8,Amritsar
2022-09-04,29.2,33.6,25.3,71,0.3,16.0,975.5,Amritsar
2022-09-05,27.6,34.0,24.1,78,16.3,18.9,977.7,Amritsar
2022-09-06,28.4,33.5,24.5,77,0.2,8.9,979.3,Amritsar
2022-09-07,29.3,34.4,24.4,70,0.0,6.1,980.8,Amritsar
2022-09-08,30.0,34.8,25.3,69,0.0,6.2,981.5,Amritsar
2022-09-09,29.5,34.7,26.0,74,0.4,16.7,981.3,Amritsar
2022-09-10,29.3,33.8,25.7,75,1.1,18.9,980.2,Amritsar
2022-09-11,28.5,33.4,24.4,77,0.4,11.6,978.6,Amritsar
2022-09-12,28.9,34.3,23.9,72,0.0,9.6,977.3,Amritsar
2022-09-13,29.6,35.1,24.4,69,0.0,10.4,977.4,Amritsar
2022-09-14,29.6,34.5,25.1,68,0.0,10.3,977.9,Amritsar
2022-09-15,29.3,34.0,24.9,69,0.6,11.1,976.4,Amritsar
2022-09-16,28.3,33.4,23.4,73,8.1,18.4,973.8,Amritsar
2022-09-17,28.8,34.4,24.8,71,0.2,18.3,975.1,Amritsar
2022-09-18,29.2,35.5,24.6,68,0.0,9.2,978.4,Amritsar
2022-09-19,29.5,36.1,24.1,65,0.0,10.5,978.8,Amritsar
2022-09-20,29.2,34.3,25.2,68,0.1,10.5,978.9,Amritsar
2022-09-21,28.1,31.5,25.2,75,8.1,10.7,979.2,Amritsar
2022-09-22,28.3,33.9,24.5,73,0.4,10.8,978.9,Amritsar
2022-09-23,27.3,33.5,23.9,78,1.5,12.6,978.3,Amritsar
2022-09-24,24.5,26.3,22.9,88,8.0,9.1,977.4,Amritsar
2022-09-25,24.7,28.8,22.6,85,8.8,10.7,977.5,Amritsar
2022-09-26,25.6,30.4,21.0,81,0.0,6.8,982.1,Amritsar
2022-09-27,26.3,30.8,22.4,79,0.1,6.0,980.4,Amritsar
2022-09-28,26.8,31.1,22.8,77,0.0,6.3,979.4,Amritsar
2022-09-29,26.8,32.3,22.2,77,0.0,7.8,979.3,Amritsar
2022-09-30,27.6,33.1,23.0,73,0.0,7.1,979.6,Amritsar
2022-10-01,27.2,33.2,22.5,72,0.0,6.9,978.5,Amritsar
2022-10-02,27.9,33.7,22.4,67,0.0,9.2,979.3,Amritsar
2022-10-03,26.9,34.1,20.9,68,0.0,7.9,980.1,Amritsar
2022-10-04,27.1,34.0,20.9,69,0.0,8.6,981.7,Amritsar
2022-10-05,26.3,33.6,20.6,68,0.0,8.3,980.7,Amritsar
2022-10-06,26.0,32.4,20.5,71,0.0,11.9,981.4,Amritsar
2022-10-07,26.1,31.6,21.8,72,0.0,9.3,982.9,Amritsar
2022-10-08,25.5,30.9,21.3,74,0.0,12.4,984.0,Amritsar
2022-10-09,25.3,30.5,21.0,77,0.0,10.9,983.5,Amritsar
2022-10-10,23.8,28.2,21.4,82,3.3,11.3,984.8,Amritsar
2022-10-11,23.0,28.3,19.6,84,0.9,8.9,983.7,Amritsar
2022-10-12,23.2,28.8,18.1,75,0.0,7.6,984.7,Amritsar
2022-10-13,23.9,30.6,18.1,67,0.0,10.2,985.4,Amritsar
2022-10-14,24.2,31.0,18.4,63,0.0,11.2,985.1,Amritsar
2022-10-15,23.9,30.9,18.1,62,0.0,9.2,984.0,Amritsar
2022-10-16,24.1,31.6,17.6,63,0.0,10.5,986.2,Amritsar
2022-10-17,24.2,31.5,17.7,57,0.0,11.5,986.2,Amritsar
2022-10-18,23.4,31.4,17.1,65,0.0,11.0,984.4,Amritsar
2022-10-19,23.2,31.2,17.2,59,0.0,10.5,984.3,Amritsar
2022-10-20,21.7,27.2,17.9,57,2.0,30.5,986.2,Amritsar
2022-10-21,22.4,29.6,16.3,54,0.0,12.9,989.0,Amritsar
2022-10-22,21.8,29.2,15.6,57,0.0,9.6,989.9,Amritsar
2022-10-23,21.2,29.3,14.4,63,0.0,9.8,988.8,Amritsar
2022-10-24,21.3,29.4,13.9,61,0.0,9.7,984.6,Amritsar
2022-10-25,21.6,29.3,14.6,62,0.0,10.1,982.1,Amritsar
2022-10-26,22.0,30.5,15.9,67,0.0,8.7,985.5,Amritsar
2022-10-27,22.4,30.5,15.6,66,0.0,8.2,985.8,Amritsar
2022-10-28,21.9,29.7,15.6,69,0.0,8.6,986.0,Amritsar
2022-10-29,21.9,30.0,15.8,69,0.0,8.8,986.5,Amritsar
2022-10-30,22.3,30.1,16.3,71,0.0,8.4,987.1,Amritsar
2022-10-31,22.4,30.1,16.7,71,0.0,8.7,986.6,Amritsar
2022-11-01,22.1,27.7,18.5,67,4.9,26.3,987.1,Amritsar
2022-11-02,22.3,29.3,17.3,57,0.0,10.4,986.4,Amritsar
2022-11-03,21.2,28.4,16.3,65,0.0,8.9,984.8,Amritsar
2022-11-04,21.4,29.3,15.7,76,0.0,8.1,986.0,Amritsar
2022-11-05,21.0,28.0,17.3,78,2.3,36.4,988.0,Amritsar
2022-11-06,21.1,27.0,17.2,71,14.6,25.2,988.5,Amritsar
2022-11-07,19.9,24.8,15.9,80,0.0,21.6,988.2,Amritsar
2022-11-08,19.5,26.7,14.9,79,2.4,24.2,988.5,Amritsar
2022-11-09,17.6,24.4,14.5,84,2.3,20.4,988.9,Amritsar
2022-11-10,18.5,24.9,13.6,66,0.0,12.3,990.5,Amritsar
2022-11-11,17.6,24.4,13.2,70,0.0,9.5,990.3,Amritsar
2022-11-12,17.4,24.1,12.4,70,0.0,9.2,989.4,Amritsar
2022-11-13,17.8,24.6,11.6,69,0.0,7.3,987.6,Amritsar
2022-11-14,17.7,22.9,14.5,70,8.8,20.7,988.8,Amritsar
2022-11-15,17.0,23.7,12.4,75,0.0,9.0,989.0,Amritsar
2022-11-16,16.3,22.9,12.1,77,0.0,9.1,987.5,Amritsar
2022-11-17,15.9,23.1,11.7,75,0.0,13.7,987.2,Amritsar
2022-11-18,15.3,22.9,9.6,75,0.0,10.5,988.0,Amritsar
2022-11-19,15.5,22.7,9.8,80,0.0,9.0,989.4,Amritsar
2022-11-20,15.5,23.0,10.6,71,0.0,11.3,988.1,Amritsar
2022-11-21,15.1,22.9,9.4,73,0.0,10.4,986.7,Amritsar
2022-11-22,15.3,23.1,8.9,70,0.0,10.7,986.3,Amritsar
2022-11-23,15.5,22.7,9.4,68,0.0,11.0,986.8,Amritsar
2022-11-24,14.8,23.1,8.3,73,0.0,9.7,986.1,Amritsar
2022-11-25,14.8,24.0,9.1,79,0.0,9.7,989.0,Amritsar
2022-11-26,14.8,23.8,8.7,80,0.0,10.2,986.1,Amritsar
2022-11-27,15.2,23.7,10.1,78,0.0,8.9,984.0,Amritsar
2022-11-28,15.1,23.4,8.2,82,0.0,9.4,985.7,Amritsar
2022-11-29,15.0,22.9,8.5,84,0.0,9.1,987.9,Amritsar
2022-11-30,15.2,23.2,7.7,81,0.0,10.0,988.9,Amritsar
2022-12-01,15.3,22.9,7.4,80,0.0,7.6,987.5,Amritsar
2022-12-02,15.2,22.0,9.8,82,0.0,8.7,986.4,Amritsar
2022-12-03,14.4,22.6,9.0,83,0.0,10.5,987.7,Amritsar
2022-12-04,14.8,22.5,7.8,73,0.0,10.5,988.1,Amritsar
2022-12-05,14.4,22.1,7.7,75,0.0,10.2,989.6,Amritsar
2022-12-06,14.0,22.0,8.4,74,0.0,10.7,988.9,Amritsar
2022-12-07,13.6,21.6,8.2,73,0.0,10.7,987.8,Amritsar
2022-12-08,13.8,22.1,7.3,75,0.0,10.0,988.1,Amritsar
2022-12-09,14.9,23.4,9.1,72,0.0,10.1,987.3,Amritsar
2022-12-10,15.9,23.4,10.1,65,0.0,10.5,988.3,Amritsar
2022-12-11,15.9,23.5,10.7,59,0.0,10.1,988.8,Amritsar
2022-12-12,14.9,22.3,9.8,59,0.0,9.0,988.0,Amritsar
2022-12-13,15.9,23.5,10.9,50,0.0,16.5,989.6,Amritsar
2022-12-14,13.5,20.8,7.8,63,0.0,10.4,988.3,Amritsar
2022-12-15,13.6,21.1,6.0,68,0.0,8.7,987.0,Amritsar
2022-12-16,13.1,21.1,6.4,70,0.0,10.7,985.7,Amritsar
2022-12-17,13.0,21.3,8.2,79,0.0,8.8,987.7,Amritsar
2022-12-18,13.4,20.8,8.2,82,0.0,8.9,988.3,Amritsar
2022-12-19,12.1,20.1,5.3,87,0.0,8.8,987.1,Amritsar
2022-12-20,12.8,20.1,5.7,84,0.0,8.2,986.4,Amritsar
2022-12-21,11.7,19.2,5.3,86,0.0,7.3,987.9,Amritsar
2022-12-22,10.2,17.1,7.0,93,0.0,6.4,987.8,Amritsar
2022-12-23,8.9,15.3,6.0,93,0.0,8.9,987.2,Amritsar
2022-12-24,8.3,14.5,5.0,91,0.0,10.9,989.6,Amritsar
2022-12-25,9.7,15.8,4.6,89,0.0,10.5,989.4,Amritsar
2022-12-26,9.5,17.2,5.4,90,0.2,10.4,991.1,Amritsar
2022-12-27,9.5,16.8,5.6,88,0.0,11.9,990.8,Amritsar
2022-12-28,10.1,17.7,3.6,83,0.0,10.2,990.1,Amritsar
2022-12-29,10.5,13.4,6.9,89,5.3,8.6,990.5,Amritsar
2022-12-30,12.9,18.8,8.4,84,0.9,11.3,992.6,Amritsar
2022-12-31,11.1,17.6,6.5,85,0.0,9.8,991.8,Amritsar
2023-01-01,10.8,17.0,5.9,81,0.0,9.9,992.2,Amritsar
2023-01-02,8.6,15.3,2.1,91,0.0,6.3,993.5,Amritsar
2023-01-03,8.9,14.9,3.5,90,0.0,6.3,994.9,Amritsar
2023-01-04,8.6,14.7,4.2,89,0.0,5.9,995.0,Amritsar
2023-01-05,7.4,14.5,2.6,92,0.0,6.1,995.8,Amritsar
2023-01-06,7.0,12.2,3.4,93,0.1,8.3,996.3,Amritsar
2023-01-07,8.6,14.0,4.8,93,0.2,11.5,994.6,Amritsar
2023-01-08,9.8,15.8,5.4,90,0.0,9.7,991.6,Amritsar
2023-01-09,9.5,14.9,5.2,93,0.0,8.4,992.3,Amritsar
2023-01-10,10.1,16.4,6.5,93,0.0,10.3,991.7,Amritsar
2023-01-11,10.5,13.7,7.5,95,1.6,11.9,986.9,Amritsar
2023-01-12,11.4,18.2,6.9,85,0.3,10.9,985.3,Amritsar
2023-01-13,11.2,15.9,7.5,90,2.2,11.8,986.3,Amritsar
2023-01-14,10.1,15.2,6.1,83,0.0,9.7,989.7,Amritsar
2023-01-15,7.7,15.1,2.7,72,0.0,10.5,987.6,Amritsar
2023-01-16,7.7,15.3,2.0,70,0.0,10.7,988.9,Amritsar
2023-01-17,7.7,15.1,0.7,67,0.0,11.0,989.2,Amritsar
2023-01-18,9.5,15.2,4.5,69,0.0,9.8,991.4,Amritsar
2023-01-19,12.3,18.3,6.7,65,0.0,10.9,991.8,Amritsar
2023-01-20,10.2,12.0,6.7,85,2.3,9.3,991.2,Amritsar
2023-01-21,10.6,17.6,6.2,84,4.0,9.2,990.5,Amritsar
2023-01-22,10.9,18.0,5.6,80,0.0,9.8,989.5,Amritsar
2023-01-23,12.4,18.3,7.5,69,0.0,15.5,989.6,Amritsar
2023-01-24,11.7,18.5,6.4,81,2.5,10.5,986.9,Amritsar
2023-01-25,12.8,17.3,8.7,92,3.9,11.3,988.7,Amritsar
2023-01-26,11.2,16.9,8.1,82,0.0,9.8,991.8,Amritsar
2023-01-27,10.7,18.2,4.9,69,0.0,9.8,991.0,Amritsar
2023-01-28,11.0,18.3,4.8,71,0.0,10.0,987.2,Amritsar
2023-01-29,11.8,17.8,5.6,82,4.7,17.4,985.8,Amritsar
2023-01-30,13.0,17.6,10.3,86,7.9,20.0,990.6,Amritsar
2023-01-31,12.1,18.5,7.3,82,0.0,12.9,992.4,Amritsar
2023-02-01,11.6,18.7,6.6,78,0.0,11.5,990.5,Amritsar
2023-02-02,12.3,19.2,7.5,73,0.0,10.8,989.1,Amritsar
2023-02-03,13.2,20.6,7.1,78,0.0,9.8,988.4,Amritsar
2023-02-04,13.7,21.6,7.4,78,0.0,10.4,986.4,Amritsar
2023-02-05,14.4,21.5,7.9,74,0.0,9.7,984.8,Amritsar
2023-02-06,15.5,21.1,10.3,77,3.1,16.1,985.1,Amritsar
2023-02-07,14.9,21.3,10.4,62,0.0,14.5,985.2,Amritsar
2023-02-08,13.6,21.2,7.6,71,0.0,9.5,986.4,Amritsar
2023-02-09,13.8,19.6,7.2,76,1.1,22.0,983.8,Amritsar
2023-02-10,16.8,23.4,12.4,66,0.0,19.7,983.9,Amritsar
2023-02-11,13.3,20.7,7.5,70,0.0,9.8,987.1,Amritsar
2023-02-12,12.1,19.3,6.2,58,0.0,15.3,991.4,Amritsar
2023-02-13,12.4,20.0,7.2,43,0.0,14.9,989.3,Amritsar
2023-02-14,14.3,21.7,7.5,58,0.0,10.0,988.6,Amritsar
2023-02-15,16.4,25.2,9.5,63,0.0,12.1,986.2,Amritsar
2023-02-16,18.1,26.7,9.8,69,0.0,12.0,987.2,Amritsar
2023-02-17,17.5,25.8,10.7,80,0.0,9.2,988.9,Amritsar
2023-02-18,17.4,26.2,10.1,83,0.0,8.9,987.6,Amritsar
2023-02-19,18.7,26.0,12.8,80,0.0,8.2,986.5,Amritsar
2023-02-20,20.1,27.3,15.2,79,0.0,17.7,983.5,Amritsar
2023-02-21,18.7,25.8,13.8,69,0.0,15.5,984.7,Amritsar
2023-02-22,18.1,25.0,10.3,68,0.0,10.5,986.2,Amritsar
2023-02-23,17.4,26.3,10.7,62,0.0,15.0,986.0,Amritsar
2023-02-24,17.2,26.5,9.5,54,0.0,12.9,987.3,Amritsar
2023-02-25,18.8,26.8,10.8,64,0.0,8.7,988.8,Amritsar
2023-02-26,17.9,25.5,11.8,75,3.1,9.9,991.1,Amritsar
2023-02-27,18.6,27.1,11.0,64,0.2,10.9,990.7,Amritsar
2023-02-28,17.6,22.2,12.9,67,5.9,16.2,991.5,Amritsar
2023-03-01,18.9,25.1,14.4,72,1.1,14.3,993.2,Amritsar
2023-03-02,19.3,26.8,14.7,70,1.4,15.3,992.8,Amritsar
2023-03-03,19.0,26.8,12.6,67,0.2,9.2,992.8,Amritsar
2023-03-04,19.3,26.5,12.9,65,0.0,11.3,992.4,Amritsar
2023-03-05,19.2,26.8,12.7,64,0.3,10.8,991.4,Amritsar
2023-03-06,19.9,28.1,13.1,58,0.0,10.2,988.7,Amritsar
2023-03-07,20.6,28.7,13.0,50,0.0,9.7,988.3,Amritsar
2023-03-08,20.1,28.5,13.8,57,0.0,9.5,989.1,Amritsar
2023-03-09,20.9,28.5,13.2,59,0.0,10.1,989.7,Amritsar
2023-03-10,21.5,29.3,13.2,58,0.0,11.9,988.4,Amritsar
2023-03-11,21.9,29.8,14.5,62,0.0,10.0,988.0,Amritsar
2023-03-12,21.8,30.2,15.2,67,0.1,18.9,987.9,Amritsar
2023-03-13,21.5,29.8,14.8,69,0.4,13.7,986.7,Amritsar
2023-03-14,22.0,30.7,14.7,63,0.0,12.0,983.6,Amritsar
2023-03-15,22.4,30.0,14.6,63,0.0,11.0,982.4,Amritsar
2023-03-16,21.3,29.0,15.8,72,1.0,16.1,983.4,Amritsar
2023-03-17,18.4,22.8,15.7,76,1.3,21.6,986.2,Amritsar
2023-03-18,18.2,23.6,14.7,78,6.4,15.5,985.0,Amritsar
2023-03-19,18.0,24.7,13.1,81,2.7,13.5,982.6,Amritsar
2023-03-20,18.0,23.6,15.2,85,14.7,12.0,981.2,Amritsar
2023-03-21,18.1,24.2,13.2,79,0.8,8.3,982.3,Amritsar
2023-03-22,18.8,25.0,13.2,79,0.0,9.9,983.7,Amritsar
2023-03-23,19.0,24.3,13.8,78,0.8,11.0,982.7,Amritsar
2023-03-24,17.3,21.3,14.1,86,28.5,18.9,982.0,Amritsar
2023-03-25,16.9,21.2,14.0,87,25.3,20.4,985.1,Amritsar
2023-03-26,18.2,24.2,11.2,73,0.0,11.3,985.4,Amritsar
2023-03-27,19.4,25.1,12.4,68,0.0,8.0,983.7,Amritsar
2023-03-28,20.6,27.0,13.2,62,0.0,8.4,983.3,Amritsar
2023-03-29,20.8,28.0,13.8,65,0.0,10.2,983.8,Amritsar
2023-03-30,21.4,27.0,18.1,69,13.2,19.3,982.4,Amritsar
2023-03-31,18.3,21.6,16.5,84,20.1,20.6,981.7,Amritsar
2023-04-01,17.5,22.3,14.9,87,21.3,17.7,982.7,Amritsar
2023-04-02,18.7,25.1,13.1,79,0.0,8.5,982.0,Amritsar
2023-04-03,19.0,22.8,15.4,79,4.7,15.3,981.1,Amritsar
2023-04-04,19.5,25.6,14.2,74,1.0,13.6,983.6,Amritsar
2023-04-05,19.7,27.2,12.4,65,0.0,12.4,983.8,Amritsar
2023-04-06,20.1,27.5,13.2,66,0.0,9.9,986.3,Amritsar
2023-04-07,20.8,28.9,14.7,55,0.0,12.0,987.5,Amritsar
2023-04-08,22.5,30.3,13.9,51,0.0,10.3,987.5,Amritsar
2023-04-09,23.7,31.5,15.3,47,0.0,10.8,987.5,Amritsar
2023-04-10,23.8,32.8,15.5,46,0.0,13.0,985.6,Amritsar
2023-04-11,24.2,32.8,16.4,48,0.0,18.3,985.3,Amritsar
2023-04-12,26.1,35.0,17.4,42,0.0,11.3,984.4,Amritsar
2023-04-13,26.9,35.2,18.8,40,0.0,13.2,982.9,Amritsar
2023-04-14,27.8,37.1,18.3,37,0.0,11.3,981.6,Amritsar
2023-04-15,28.5,37.6,19.0,35,0.0,12.3,981.1,Amritsar
2023-04-16,28.7,38.2,22.7,34,0.0,14.8,980.4,Amritsar
2023-04-17,29.0,38.2,19.5,37,0.0,11.6,980.0,Amritsar
2023-04-18,28.2,35.2,22.8,40,0.4,19.4,981.7,Amritsar
2023-04-19,23.5,29.3,20.6,70,6.3,12.6,980.1,Amritsar
2023-04-20,23.1,29.8,18.6,58,0.9,17.0,977.6,Amritsar
2023-04-21,22.6,29.4,17.2,51,0.3,17.6,979.1,Amritsar
2023-04-22,21.9,29.8,16.3,46,0.2,25.9,980.3,Amritsar
2023-04-23,23.4,32.4,14.2,45,0.0,9.7,980.5,Amritsar
2023-04-24,25.5,34.3,16.3,38,0.0,11.8,983.0,Amritsar
2023-04-25,26.1,34.1,19.2,39,0.0,17.2,984.2,Amritsar
2023-04-26,26.2,34.5,19.2,44,0.3,23.0,981.5,Amritsar
2023-04-27,26.1,33.7,20.9,41,0.4,28.9,981.5,Amritsar
2023-04-28,26.0,34.4,18.5,45,0.1,15.2,982.4,Amritsar
2023-04-29,27.2,35.3,19.8,39,0.0,19.2,980.6,Amritsar
2023-04-30,26.1,32.0,20.9,48,1.4,14.1,979.9,Amritsar
2023-05-01,22.2,26.3,19.0,74,8.5,24.0,981.2,Amritsar
2023-05-02,21.8,27.9,18.4,72,0.6,19.3,982.9,Amritsar
2023-05-03,21.9,28.5,17.7,76,7.0,13.1,983.7,Amritsar
2023-05-04,23.9,29.5,18.0,65,0.5,13.5,983.4,Amritsar
2023-05-05,24.9,31.3,18.7,58,0.0,11.2,981.7,Amritsar
2023-05-06,26.7,33.3,19.9,43,0.0,17.7,979.5,Amritsar
2023-05-07,26.2,34.4,19.5,44,0.3,18.0,978.7,Amritsar
2023-05-08,25.8,34.2,18.7,42,0.0,24.2,978.8,Amritsar
2023-05-09,26.2,33.4,17.3,36,0.0,16.4,982.0,Amritsar
2023-05-10,26.9,35.9,19.4,33,0.0,15.8,979.8,Amritsar
2023-05-11,28.3,37.7,18.8,38,0.0,10.7,979.9,Amritsar
2023-05-12,29.8,39.6,20.0,36,0.0,13.7,979.2,Amritsar
2023-05-13,30.8,38.8,21.9,32,0.0,14.8,978.9,Amritsar
2023-05-14,30.8,39.3,23.3,27,0.0,15.1,976.8,Amritsar
2023-05-15,30.8,39.6,22.4,29,0.0,15.1,975.5,Amritsar
2023-05-16,30.8,39.0,22.1,28,0.0,17.6,977.3,Amritsar
2023-05-17,31.8,40.1,22.6,30,0.0,12.7,978.3,Amritsar
2023-05-18,28.0,33.9,21.8,43,0.5,16.4,983.0,Amritsar
2023-05-19,29.8,36.8,22.4,38,0.0,15.9,979.9,Amritsar
2023-05-20,31.3,40.4,23.1,35,0.0,14.9,977.1,Amritsar
2023-05-21,32.6,41.7,22.8,35,0.0,11.9,977.5,Amritsar
2023-05-22,33.4,42.7,24.1,31,0.0,16.6,977.7,Amritsar
2023-05-23,32.6,39.8,26.1,35,0.2,16.5,978.0,Amritsar
2023-05-24,27.7,32.5,24.3,56,6.8,24.6,977.8,Amritsar
2023-05-25,27.0,34.2,21.9,60,1.5,16.3,978.6,Amritsar
2023-05-26,25.5,30.9,21.2,67,1.9,16.3,979.5,Amritsar
2023-05-27,27.1,34.2,19.7,57,0.0,11.9,979.0,Amritsar
2023-05-28,28.8,35.9,21.2,48,0.0,9.7,979.7,Amritsar
2023-05-29,27.0,31.9,23.9,60,3.5,21.8,982.0,Amritsar
2023-05-30,27.1,32.4,21.6,56,0.0,13.6,982.4,Amritsar
2023-05-31,23.0,27.6,19.8,80,13.1,14.4,980.5,Amritsar
2023-06-01,21.8,27.5,19.3,87,21.6,13.2,980.8,Amritsar
2023-06-02,23.8,28.9,19.0,72,3.2,11.3,979.9,Amritsar
2023-06-03,26.5,32.9,19.4,61,0.0,8.0,979.7,Amritsar
2023-06-04,28.4,34.5,21.6,58,0.0,8.7,978.9,Amritsar
2023-06-05,28.5,35.7,22.3,55,0.1,14.9,977.2,Amritsar
2023-06-06,27.6,35.3,22.2,58,0.0,19.7,977.6,Amritsar
2023-06-07,27.6,33.5,22.6,59,2.1,13.5,978.2,Amritsar
2023-06-08,29.5,36.1,23.0,54,0.0,19.3,977.0,Amritsar
2023-06-09,31.0,38.9,23.3,51,0.0,11.5,973.7,Amritsar
2023-06-10,32.4,39.5,25.5,48,0.0,24.0,972.1,Amritsar
2023-06-11,30.9,37.7,25.0,55,0.0,11.2,973.0,Amritsar
2023-06-12,32.2,38.3,26.0,54,0.2,15.1,972.2,Amritsar
2023-06-13,33.6,40.2,27.6,51,0.0,11.5,972.1,Amritsar
2023-06-14,29.9,36.7,25.7,63,17.4,22.1,972.9,Amritsar
2023-06-15,28.5,33.8,23.9,70,8.8,10.0,974.8,Amritsar
2023-06-16,30.1,35.5,24.9,63,0.0,7.8,974.1,Amritsar
2023-06-17,32.0,37.6,25.7,57,0.0,9.7,973.8,Amritsar
2023-06-18,32.2,38.0,27.2,60,0.0,13.3,974.0,Amritsar
2023-06-19,32.9,38.4,27.1,57,0.0,9.5,973.5,Amritsar
2023-06-20,33.7,39.9,27.8,56,0.0,9.7,972.2,Amritsar
2023-06-21,34.0,39.3,28.6,56,0.0,18.8,972.8,Amritsar
2023-06-22,34.7,40.6,28.4,58,0.0,18.9,972.6,Amritsar
2023-06-23,34.9,40.4,30.0,60,0.0,16.2,972.6,Amritsar
2023-06-24,33.5,39.2,28.7,61,0.0,20.7,972.6,Amritsar
2023-06-25,31.5,38.7,27.5,69,0.1,25.2,973.0,Amritsar
2023-06-26,27.5,32.1,24.9,82,13.9,16.7,975.8,Amritsar
2023-06-27,29.5,34.0,25.0,74,0.0,12.1,974.4,Amritsar
2023-06-28,29.8,35.3,26.1,75,0.3,16.2,975.6,Amritsar
2023-06-29,29.7,34.4,25.5,77,3.4,15.3,974.6,Amritsar
2023-06-30,30.1,35.1,26.1,74,0.7,8.4,972.9,Amritsar
2023-07-01,30.1,35.1,23.9,71,1.5,12.2,973.7,Amritsar
2023-07-02,30.8,36.3,26.2,69,0.2,12.6,974.2,Amritsar
2023-07-03,32.2,37.5,27.1,68,0.9,13.4,973.4,Amritsar
2023-07-04,30.7,37.6,25.3,75,47.3,21.9,971.9,Amritsar
2023-07-05,26.7,29.4,25.2,89,54.2,18.8,972.8,Amritsar
2023-07-06,27.8,32.8,24.7,83,5.0,11.9,975.4,Amritsar
2023-07-07,27.8,32.2,24.9,82,2.2,14.4,975.9,Amritsar
2023-07-08,25.7,27.2,24.3,92,30.8,18.1,976.4,Amritsar
2023-07-09,26.1,29.6,23.9,88,11.4,15.0,975.0,Amritsar
2023-07-10,26.6,29.5,24.1,84,0.2,11.8,975.8,Amritsar
2023-07-11,28.6,33.5,23.4,81,0.0,6.2,975.1,Amritsar
2023-07-12,28.8,34.0,24.4,82,9.8,11.7,974.5,Amritsar
2023-07-13,29.1,33.2,25.2,81,2.7,8.7,974.6,Amritsar
2023-07-14,29.4,33.2,26.5,82,4.2,13.9,975.3,Amritsar
2023-07-15,29.6,34.2,25.1,82,0.9,17.1,974.2,Amritsar
2023-07-16,28.6,32.0,25.7,87,3.3,15.7,974.8,Amritsar
2023-07-17,29.6,33.8,26.2,84,0.1,9.9,973.8,Amritsar
2023-07-18,28.8,33.2,25.7,86,2.6,14.8,973.7,Amritsar
2023-07-19,28.7,32.3,26.3,84,1.2,16.7,974.2,Amritsar
2023-07-20,30.0,33.9,26.6,81,0.4,9.7,974.3,Amritsar
2023-07-21,29.7,33.5,27.6,87,10.8,9.7,975.4,Amritsar
2023-07-22,27.5,29.6,26.2,91,34.9,18.4,978.5,Amritsar
2023-07-23,29.4,33.5,26.0,81,2.7,11.8,978.7,Amritsar
2023-07-24,29.4,32.6,26.8,84,6.9,9.1,976.3,Amritsar
2023-07-25,29.6,33.1,26.6,84,0.2,10.8,975.9,Amritsar
2023-07-26,28.0,31.9,25.4,87,19.4,10.9,977.1,Amritsar
2023-07-27,27.9,31.7,24.9,88,10.9,10.0,976.6,Amritsar
2023-07-28,27.6,32.1,24.9,89,17.6,10.2,974.1,Amritsar
2023-07-29,27.7,32.6,24.2,88,10.8,7.8,973.3,Amritsar
2023-07-30,28.9,33.2,24.3,79,0.0,5.5,972.9,Amritsar
2023-07-31,29.4,33.3,25.8,82,0.3,11.7,972.2,Amritsar
2023-08-01,30.2,34.7,26.5,81,0.8,9.4,971.0,Amritsar
2023-08-02,30.3,35.1,27.3,82,9.7,13.7,971.3,Amritsar
2023-08-03,29.5,33.7,25.4,84,1.7,8.9,972.0,Amritsar
2023-08-04,29.5,34.4,25.9,85,3.8,15.4,973.9,Amritsar
2023-08-05,29.0,33.3,25.3,86,13.3,9.3,975.7,Amritsar
2023-08-06,28.6,33.1,26.2,86,9.3,12.8,972.5,Amritsar
2023-08-07,29.5,33.8,25.0,80,3.6,9.7,970.3,Amritsar
2023-08-08,30.0,33.8,26.6,78,0.6,13.6,971.3,Amritsar
2023-08-09,29.5,34.1,24.7,82,2.5,12.9,974.9,Amritsar
2023-08-10,28.5,33.2,25.3,87,6.8,16.5,976.7,Amritsar
2023-08-11,28.9,33.4,25.2,86,6.9,12.2,976.8,Amritsar
2023-08-12,30.1,34.5,27.0,81,1.3,8.9,974.2,Amritsar
2023-08-13,29.8,34.9,25.8,82,0.3,18.0,971.7,Amritsar
2023-08-14,28.1,33.1,25.0,86,27.8,18.5,975.9,Amritsar
2023-08-15,28.2,33.1,24.2,83,17.2,12.8,977.6,Amritsar
2023-08-16,29.3,33.6,25.5,82,0.0,6.2,977.0,Amritsar
2023-08-17,29.5,34.0,26.5,84,0.5,9.7,976.2,Amritsar
2023-08-18,29.9,34.4,26.3,82,0.7,8.4,976.5,Amritsar
2023-08-19,29.8,33.7,26.7,85,3.8,10.6,977.4,Amritsar
2023-08-20,30.3,34.0,26.8,84,1.4,6.1,977.9,Amritsar
2023-08-21,30.7,35.0,27.7,81,0.6,9.7,976.0,Amritsar
2023-08-22,31.3,36.7,26.4,78,0.0,13.1,973.4,Amritsar
2023-08-23,30.0,34.8,26.5,79,0.2,17.3,972.2,Amritsar
2023-08-24,28.6,32.4,25.2,82,1.0,14.1,972.2,Amritsar
2023-08-25,28.0,32.8,23.5,82,9.2,21.6,972.7,Amritsar
2023-08-26,26.9,31.2,23.6,84,5.7,21.1,974.9,Amritsar
2023-08-27,28.2,33.0,24.1,79,0.0,6.8,974.5,Amritsar
2023-08-28,27.7,32.4,22.9,80,8.6,15.3,974.4,Amritsar
2023-08-29,28.3,32.8,24.5,79,1.1,8.2,977.0,Amritsar
2023-08-30,29.0,34.6,24.1,75,0.0,7.4,978.5,Amritsar
2023-08-31,29.7,35.0,24.5,75,0.0,6.4,979.0,Amritsar
2023-09-01,30.6,36.4,26.3,70,0.0,9.7,978.6,Amritsar
2023-09-02,30.4,35.6,25.5,66,0.0,9.0,977.5,Amritsar
2023-09-03,30.2,34.9,26.1,64,0.0,9.4,976.5,Amritsar
2023-09-04,30.0,35.6,25.0,66,0.0,7.4,976.2,Amritsar
2023-09-05,29.7,34.8,25.0,72,0.0,9.2,978.0,Amritsar
2023-09-06,29.8,35.1,24.5,71,0.0,9.7,978.6,Amritsar
2023-09-07,30.2,36.4,24.4,65,0.0,8.2,977.7,Amritsar
2023-09-08,30.4,36.2,24.4,65,0.0,11.0,977.6,Amritsar
2023-09-09,30.0,34.4,26.0,72,0.0,13.5,976.9,Amritsar
2023-09-10,28.1,32.9,24.5,82,8.6,14.3,975.7,Amritsar
2023-09-11,28.4,32.8,24.9,83,4.6,13.0,976.2,Amritsar
2023-09-12,29.5,33.7,25.3,81,0.1,9.7,975.9,Amritsar
2023-09-13,29.5,33.9,25.6,81,1.1,15.8,976.1,Amritsar
2023-09-14,29.9,34.8,26.2,80,3.4,13.3,977.4,Amritsar
2023-09-15,28.1,33.6,25.3,85,19.5,14.7,978.8,Amritsar
2023-09-16,28.5,32.8,24.9,84,0.1,5.9,978.7,Amritsar
2023-09-17,27.5,31.9,24.7,86,3.5,16.6,977.6,Amritsar
2023-09-18,26.0,29.3,23.4,85,30.3,17.5,978.2,Amritsar
2023-09-19,27.0,31.8,23.4,83,17.1,10.9,980.3,Amritsar
2023-09-20,28.3,32.7,24.7,81,0.0,6.1,980.2,Amritsar
2023-09-21,28.8,33.3,24.6,79,0.0,9.1,979.0,Amritsar
2023-09-22,28.1,32.7,25.2,82,0.1,13.0,979.1,Amritsar
2023-09-23,27.3,31.4,23.7,84,17.6,10.8,980.1,Amritsar
2023-09-24,26.7,31.4,24.0,85,3.8,11.4,979.4,Amritsar
2023-09-25,25.4,30.8,20.5,85,5.3,15.3,980.3,Amritsar
2023-09-26,26.2,31.6,21.4,77,0.0,8.4,981.5,Amritsar
2023-09-27,26.1,32.0,21.3,73,0.0,11.1,981.0,Amritsar
2023-09-28,26.7,32.4,21.0,71,0.0,9.1,980.2,Amritsar
2023-09-29,26.5,32.8,20.6,71,0.0,13.9,980.2,Amritsar
2023-09-30,25.4,32.2,20.3,68,0.0,10.4,980.7,Amritsar
2023-10-01,24.4,31.5,18.3,69,0.0,9.1,979.8,Amritsar
2023-10-02,24.2,32.1,17.6,65,0.0,11.1,980.5,Amritsar
2023-10-03,24.7,32.2,18.6,68,0.0,10.9,981.2,Amritsar
2023-10-04,25.2,32.6,18.5,67,0.0,9.9,981.3,Amritsar
2023-10-05,25.3,31.7,19.7,65,0.0,9.5,980.3,Amritsar
2023-10-06,25.1,32.7,18.3,70,0.0,9.1,978.9,Amritsar
2023-10-07,26.1,33.2,20.4,70,0.0,9.9,980.2,Amritsar
2023-10-08,27.2,33.1,21.9,72,0.0,8.7,981.1,Amritsar
2023-10-09,26.6,33.6,22.2,72,0.6,20.6,981.7,Amritsar
2023-10-10,24.2,30.5,19.4,68,0.0,20.0,983.9,Amritsar
2023-10-11,23.7,30.4,18.2,64,0.0,9.4,983.9,Amritsar
2023-10-12,24.3,31.4,17.6,65,0.0,8.6,985.0,Amritsar
2023-10-13,24.6,31.8,18.6,71,0.0,7.7,985.5,Amritsar
2023-10-14,23.0,28.4,20.0,80,9.2,11.9,985.3,Amritsar
2023-10-15,23.0,28.6,17.4,69,3.1,17.9,983.7,Amritsar
2023-10-16,19.7,23.1,17.1,87,22.0,19.5,984.2,Amritsar
2023-10-17,18.0,22.0,15.4,83,10.3,16.3,989.3,Amritsar
2023-10-18,18.8,25.4,14.3,76,0.0,10.2,989.0,Amritsar
2023-10-19,19.7,26.3,14.6,76,0.0,9.3,988.0,Amritsar
2023-10-20,20.5,27.8,14.7,77,0.0,10.2,988.5,Amritsar
2023-10-21,21.0,26.9,15.3,76,0.0,9.7,988.8,Amritsar
2023-10-22,20.7,26.5,16.3,79,0.0,24.1,989.8,Amritsar
2023-10-23,21.1,27.8,15.6,76,0.0,10.0,988.0,Amritsar
2023-10-24,21.5,28.0,15.4,72,0.0,7.2,987.4,Amritsar
2023-10-25,21.1,28.7,14.8,75,0.0,10.1,988.0,Amritsar
2023-10-26,21.0,28.3,14.6,76,0.0,9.4,987.5,Amritsar
2023-10-27,21.4,28.7,14.5,77,0.0,7.2,986.4,Amritsar
2023-10-28,21.9,28.7,15.8,79,0.0,8.0,986.7,Amritsar
2023-10-29,22.6,28.9,17.1,78,0.0,8.8,987.1,Amritsar
2023-10-30,22.2,29.2,17.1,78,0.0,8.9,987.9,Amritsar
2023-10-31,22.7,29.3,16.7,77,0.0,8.2,989.1,Amritsar
2023-11-01,22.3,28.6,17.9,78,0.0,8.4,989.9,Amritsar
2023-11-02,21.2,28.8,16.5,81,1.4,31.0,988.1,Amritsar
2023-11-03,20.9,27.4,16.3,78,0.1,10.3,985.5,Amritsar
2023-11-04,20.8,28.4,14.2,75,0.0,9.3,985.9,Amritsar
2023-11-05,20.9,27.8,14.3,74,0.0,8.9,987.2,Amritsar
2023-11-06,20.5,27.8,14.3,78,0.0,8.6,988.8,Amritsar
2023-11-07,20.4,27.4,15.6,79,0.4,12.7,988.3,Amritsar
2023-11-08,19.3,26.8,14.8,81,0.0,14.8,987.2,Amritsar
2023-11-09,19.6,26.9,14.4,78,1.2,14.7,987.0,Amritsar
2023-11-10,17.0,20.4,13.9,88,8.7,21.1,989.5,Amritsar
2023-11-11,17.1,23.9,12.4,81,0.0,9.7,991.3,Amritsar
2023-11-12,17.1,23.9,12.0,81,0.0,10.2,991.0,Amritsar
2023-11-13,17.3,24.5,12.0,82,0.0,9.7,990.9,Amritsar
2023-11-14,17.5,24.6,12.1,81,0.0,9.5,990.6,Amritsar
2023-11-15,17.3,24.6,11.4,82,0.0,9.4,990.1,Amritsar
2023-11-16,17.4,24.3,11.0,84,0.0,8.6,991.2,Amritsar
2023-11-17,17.5,25.0,12.0,81,0.0,9.4,991.2,Amritsar
2023-11-18,17.3,24.4,11.2,78,0.0,9.4,989.1,Amritsar
2023-11-19,17.1,24.7,12.1,78,0.0,10.4,990.0,Amritsar
2023-11-20,17.0,24.4,11.8,76,0.0,10.0,990.5,Amritsar
2023-11-21,16.6,23.7,11.0,75,0.0,12.6,989.4,Amritsar
2023-11-22,16.4,23.2,10.8,79,0.0,9.0,986.6,Amritsar
2023-11-23,15.9,23.6,9.9,81,0.0,9.5,986.5,Amritsar
2023-11-24,15.7,23.6,10.5,84,0.0,10.0,989.3,Amritsar
2023-11-25,15.1,22.9,9.1,82,0.0,10.2,989.6,Amritsar
2023-11-26,16.5,23.0,12.3,86,0.0,8.4,990.7,Amritsar
2023-11-27,16.5,23.0,12.7,85,0.5,12.3,989.0,Amritsar
2023-11-28,16.6,23.0,11.5,83,0.0,9.9,988.7,Amritsar
2023-11-29,17.7,23.9,13.0,82,0.0,8.4,988.5,Amritsar
2023-11-30,15.9,20.4,12.9,89,27.4,17.0,989.9,Amritsar
2023-12-01,15.3,21.8,10.8,82,0.0,10.5,990.6,Amritsar
2023-12-02,14.9,22.1,9.9,84,0.0,10.2,990.0,Amritsar
2023-12-03,15.5,22.0,9.4,84,0.0,9.7,990.3,Amritsar
2023-12-04,14.8,21.0,10.0,90,0.0,9.4,989.4,Amritsar
2023-12-05,14.2,20.8,9.8,89,0.0,10.0,989.3,Amritsar
2023-12-06,14.1,21.6,9.4,86,0.0,10.7,989.5,Amritsar
2023-12-07,14.2,21.2,8.5,82,0.0,10.9,988.6,Amritsar
2023-12-08,14.0,21.3,7.4,82,0.0,10.8,988.0,Amritsar
2023-12-09,13.0,20.4,7.7,85,0.0,10.3,989.0,Amritsar
2023-12-10,12.9,20.2,6.8,80,0.0,11.0,986.8,Amritsar
2023-12-11,12.2,20.0,6.3,84,0.0,8.6,987.2,Amritsar
2023-12-12,12.5,20.0,6.7,83,0.0,9.9,987.3,Amritsar
2023-12-13,12.3,19.7,6.3,84,0.0,9.7,989.2,Amritsar
2023-12-14,12.3,19.4,6.3,81,0.0,9.7,989.7,Amritsar
2023-12-15,12.9,19.8,8.1,79,0.0,8.7,990.8,Amritsar
2023-12-16,12.2,19.4,6.4,84,0.3,8.7,989.6,Amritsar
2023-12-17,11.5,18.6,6.6,87,0.0,10.1,991.1,Amritsar
2023-12-18,11.9,18.9,6.8,79,0.0,11.6,992.4,Amritsar
2023-12-19,11.1,18.8,5.2,78,0.0,11.6,992.0,Amritsar
2023-12-20,11.2,18.4,4.8,79,0.0,10.6,991.3,Amritsar
2023-12-21,11.0,18.3,4.5,88,0.0,7.7,990.2,Amritsar
2023-12-22,11.1,17.8,5.9,92,0.0,8.8,990.0,Amritsar
2023-12-23,13.8,19.9,9.6,87,0.0,12.8,992.4,Amritsar
2023-12-24,12.8,19.8,7.0,91,0.0,8.3,993.9,Amritsar
2023-12-25,12.7,19.7,7.5,85,0.0,6.5,991.5,Amritsar
2023-12-26,11.7,19.7,6.1,89,0.0,8.7,991.0,Amritsar
2023-12-27,11.1,18.9,5.9,93,0.0,9.4,992.8,Amritsar
2023-12-28,11.3,17.3,8.1,94,0.0,9.5,991.2,Amritsar
2023-12-29,10.9,16.9,7.8,95,0.0,9.7,992.5,Amritsar
2023-12-30,10.2,15.6,7.2,94,0.0,7.8,991.4,Amritsar
2023-12-31,9.4,15.0,6.7,94,0.0,5.4,991.1,Amritsar
2024-01-01,9.3,14.5,5.7,94,0.0,6.5,991.4,Amritsar
2024-01-02,8.5,13.8,4.7,93,0.0,9.0,990.5,Amritsar
2024-01-03,7.2,13.6,4.1,94,0.0,8.6,990.6,Amritsar
2024-01-04,7.9,15.0,3.3,94,0.0,7.9,990.6,Amritsar
2024-01-05,7.4,13.0,4.6,95,0.0,7.8,990.8,Amritsar
2024-01-06,7.5,13.2,3.8,94,0.0,7.9,992.5,Amritsar
2024-01-07,7.1,13.0,3.4,95,0.0,6.8,992.9,Amritsar
2024-01-08,6.8,13.2,3.4,94,0.0,8.4,992.6,Amritsar
2024-01-09,6.8,12.7,3.8,94,0.6,8.3,993.1,Amritsar
2024-01-10,6.5,13.0,2.7,94,0.0,11.2,991.4,Amritsar
2024-01-11,6.9,13.0,3.6,94,0.0,10.7,991.5,Amritsar
2024-01-12,7.0,13.5,2.6,94,0.0,9.7,990.3,Amritsar
2024-01-13,7.7,14.0,3.5,94,0.0,7.9,989.6,Amritsar
2024-01-14,6.6,13.0,2.7,94,0.0,10.1,990.2,Amritsar
2024-01-15,6.9,12.8,3.2,94,0.0,9.2,989.4,Amritsar
2024-01-16,6.4,12.7,1.6,93,0.0,7.0,987.3,Amritsar
2024-01-17,8.7,15.5,3.4,92,0.0,5.5,987.6,Amritsar
2024-01-18,9.2,15.8,4.3,95,0.0,9.4,989.4,Amritsar
2024-01-19,8.7,13.8,5.1,95,0.0,9.7,990.5,Amritsar
2024-01-20,8.7,14.3,4.9,92,0.0,7.4,991.7,Amritsar
2024-01-21,7.6,14.5,3.8,92,0.0,10.1,990.8,Amritsar
2024-01-22,7.1,13.1,3.3,93,0.0,9.0,991.4,Amritsar
2024-01-23,6.8,13.4,2.0,93,0.0,7.9,991.4,Amritsar
2024-01-24,7.5,14.7,3.1,94,0.0,7.8,991.2,Amritsar
2024-01-25,7.7,12.4,3.5,94,0.0,7.8,993.2,Amritsar
2024-01-26,10.8,17.6,5.2,86,0.0,10.7,993.6,Amritsar
2024-01-27,11.1,19.1,5.0,84,0.0,10.9,991.7,Amritsar
2024-01-28,12.0,19.2,6.9,85,0.0,10.7,989.6,Amritsar
2024-01-29,12.3,18.8,6.8,87,0.0,8.7,990.8,Amritsar
2024-01-30,12.1,17.4,7.1,86,1.1,11.8,989.2,Amritsar
2024-01-31,13.5,17.5,10.3,86,4.3,15.8,987.5,Amritsar
2024-02-01,11.8,14.5,9.2,91,20.9,20.1,987.6,Amritsar
2024-02-02,10.8,17.1,5.7,83,0.0,9.2,992.7,Amritsar
2024-02-03,11.6,15.3,9.2,75,1.1,11.1,990.5,Amritsar
2024-02-04,11.5,15.6,6.8,86,10.3,10.6,988.8,Amritsar
2024-02-05,10.0,16.8,4.7,84,0.1,9.1,990.8,Amritsar
2024-02-06,10.5,17.4,4.6,74,0.0,11.6,992.0,Amritsar
2024-02-07,10.2,17.4,3.7,72,0.0,14.4,992.9,Amritsar
2024-02-08,11.3,18.0,6.4,64,0.0,12.8,991.0,Amritsar
2024-02-09,11.2,19.2,3.9,76,0.0,10.3,990.3,Amritsar
2024-02-10,12.8,19.8,5.1,79,0.0,9.5,993.8,Amritsar
2024-02-11,13.4,20.6,6.2,77,0.0,9.7,993.3,Amritsar
2024-02-12,14.2,20.2,6.5,79,0.0,9.1,992.1,Amritsar
2024-02-13,14.8,20.9,9.1,79,0.0,8.7,991.6,Amritsar
2024-02-14,13.7,21.1,7.6,75,0.0,12.6,991.3,Amritsar
2024-02-15,13.9,21.6,6.5,71,0.0,12.3,991.7,Amritsar
2024-02-16,14.7,22.6,7.0,73,0.0,11.6,992.1,Amritsar
2024-02-17,15.6,22.8,8.1,74,0.0,9.5,987.5,Amritsar
2024-02-18,15.3,20.4,9.4,80,0.1,18.6,983.6,Amritsar
2024-02-19,17.5,22.4,13.9,73,16.9,26.9,980.4,Amritsar
2024-02-20,15.8,21.7,11.5,83,1.0,24.7,982.3,Amritsar
2024-02-21,13.2,20.2,8.6,78,0.0,9.4,984.2,Amritsar
2024-02-22,12.6,20.1,6.0,67,0.0,10.3,986.5,Amritsar
2024-02-23,12.3,19.9,5.9,66,0.0,10.8,988.3,Amritsar
2024-02-24,13.3,20.0,6.2,58,0.0,10.2,988.8,Amritsar
2024-02-25,12.8,20.4,4.9,66,0.0,10.9,991.6,Amritsar
2024-02-26,13.2,20.8,6.1,63,0.0,8.9,991.2,Amritsar
2024-02-27,15.7,21.3,11.5,58,0.0,14.0,991.0,Amritsar
2024-02-28,14.4,21.8,7.8,68,0.0,11.5,989.0,Amritsar
2024-02-29,15.7,23.2,8.4,70,0.0,10.5,987.4,Amritsar
2024-03-01,16.7,21.2,13.5,75,6.3,16.6,986.4,Amritsar
2024-03-02,16.9,21.4,13.9,82,22.3,34.0,980.3,Amritsar
2024-03-03,12.9,17.9,7.9,70,0.0,21.9,984.0,Amritsar
2024-03-04,11.0,17.8,4.6,64,0.0,10.5,989.6,Amritsar
2024-03-05,11.7,19.3,6.4,65,0.0,10.9,990.1,Amritsar
2024-03-06,12.8,20.4,5.5,63,0.0,10.4,987.4,Amritsar
2024-03-07,14.9,21.6,8.9,64,0.2,14.0,987.9,Amritsar
2024-03-08,14.6,22.4,8.4,68,0.0,11.3,988.7,Amritsar
2024-03-09,15.7,24.2,9.4,64,0.0,11.5,988.1,Amritsar
2024-03-10,17.0,25.4,8.3,64,0.0,11.1,987.2,Amritsar
2024-03-11,16.6,23.0,11.7,75,0.8,13.8,989.4,Amritsar
2024-03-12,17.5,25.2,9.8,70,0.0,11.1,987.7,Amritsar
2024-03-13,16.2,21.7,12.9,77,2.1,13.7,984.7,Amritsar
2024-03-14,17.7,24.8,11.5,63,0.1,15.6,989.0,Amritsar
2024-03-15,17.2,25.4,11.5,56,0.0,12.5,986.9,Amritsar
2024-03-16,17.9,26.6,9.0,61,0.0,10.4,988.4,Amritsar
2024-03-17,18.5,26.9,10.4,60,0.0,10.4,988.1,Amritsar
2024-03-18,19.4,28.0,10.7,56,0.0,9.7,986.0,Amritsar
2024-03-19,20.2,28.8,11.2,57,0.0,8.4,986.0,Amritsar
2024-03-20,20.9,30.0,12.1,62,0.0,11.4,986.3,Amritsar
2024-03-21,22.5,29.0,17.1,59,0.2,15.6,985.2,Amritsar
2024-03-22,22.0,27.1,18.2,68,0.2,16.3,983.6,Amritsar
2024-03-23,22.5,30.4,15.5,57,0.0,12.0,982.0,Amritsar
2024-03-24,22.1,28.5,17.6,66,0.8,22.1,984.2,Amritsar
2024-03-25,23.0,30.9,16.2,56,0.0,10.8,985.7,Amritsar
2024-03-26,22.4,28.9,16.1,62,0.0,9.9,984.2,Amritsar
2024-03-27,23.6,29.4,19.4,69,0.2,17.2,987.3,Amritsar
2024-03-28,24.1,30.4,20.3,59,0.0,23.0,984.8,Amritsar
2024-03-29,24.0,30.5,18.3,61,0.0,15.6,983.0,Amritsar
2024-03-30,22.7,29.3,17.3,64,7.5,20.6,984.2,Amritsar
2024-03-31,21.7,28.5,16.5,57,0.0,19.0,985.9,Amritsar
2024-04-01,20.5,27.8,15.7,56,0.0,11.1,982.4,Amritsar
2024-04-02,21.6,29.4,14.3,55,0.0,11.4,980.9,Amritsar
2024-04-03,22.9,31.6,14.9,51,0.2,13.0,981.8,Amritsar
2024-04-04,23.2,31.9,14.8,48,0.0,10.9,982.5,Amritsar
2024-04-05,23.3,31.6,16.7,43,0.0,12.0,982.1,Amritsar
2024-04-06,22.4,31.5,13.4,42,0.0,10.6,981.6,Amritsar
2024-04-07,23.3,32.8,14.6,38,0.0,13.8,981.3,Amritsar
2024-04-08,23.5,33.1,14.3,45,0.0,10.4,982.4,Amritsar
2024-04-09,24.6,33.9,15.9,41,0.0,12.8,983.1,Amritsar
2024-04-10,24.8,34.4,17.0,40,0.0,17.3,983.4,Amritsar
2024-04-11,25.4,32.7,17.2,40,0.0,17.1,985.0,Amritsar
2024-04-12,26.1,34.5,17.4,42,0.0,11.9,983.7,Amritsar
2024-04-13,25.0,32.7,20.2,48,1.7,19.0,983.6,Amritsar
2024-04-14,23.7,29.1,18.9,61,1.1,13.2,985.8,Amritsar
2024-04-15,23.2,31.4,19.2,69,10.6,26.0,985.0,Amritsar
2024-04-16,23.1,30.2,16.7,67,0.0,11.8,984.7,Amritsar
2024-04-17,24.3,31.5,16.8,53,0.0,15.2,982.1,Amritsar
2024-04-18,24.8,28.6,19.7,54,0.0,20.6,980.6,Amritsar
2024-04-19,24.1,31.7,20.8,58,9.8,26.6,978.0,Amritsar
2024-04-20,23.8,30.5,17.8,56,0.4,14.2,978.9,Amritsar
2024-04-21,24.8,32.8,17.8,53,0.0,16.9,979.9,Amritsar
2024-04-22,25.3,33.4,17.3,47,0.2,14.8,980.5,Amritsar
2024-04-23,25.0,32.0,18.2,48,0.4,17.9,980.2,Amritsar
2024-04-24,25.0,32.6,17.4,48,0.0,18.0,980.0,Amritsar
2024-04-25,26.7,35.7,17.1,44,0.0,13.0,980.0,Amritsar
2024-04-26,27.0,35.4,18.9,41,0.4,16.9,978.3,Amritsar
2024-04-27,26.3,32.5,21.3,40,0.3,23.5,979.6,Amritsar
2024-04-28,25.7,31.7,18.7,45,0.3,16.4,981.1,Amritsar
2024-04-29,23.2,30.0,18.3,55,2.4,23.7,981.2,Amritsar
2024-04-30,22.6,31.3,16.1,52,0.9,26.4,980.1,Amritsar
2024-05-01,21.1,28.0,14.1,53,0.0,11.6,977.6,Amritsar
2024-05-02,24.2,32.4,14.8,44,0.0,14.9,978.6,Amritsar
2024-05-03,26.0,35.1,16.6,42,0.0,10.7,978.9,Amritsar
2024-05-04,28.4,34.8,20.4,38,0.0,14.4,980.0,Amritsar
2024-05-05,29.1,36.9,20.5,37,0.0,16.1,976.5,Amritsar
2024-05-06,29.5,38.3,21.2,38,0.0,14.0,977.0,Amritsar
2024-05-07,30.8,39.6,21.2,31,0.0,10.5,978.4,Amritsar
2024-05-08,30.8,39.6,21.4,34,0.0,13.0,978.1,Amritsar
2024-05-09,31.0,38.7,23.6,38,0.0,19.5,977.5,Amritsar
2024-05-10,30.0,38.9,23.8,44,0.4,21.7,978.8,Amritsar
2024-05-11,29.2,36.3,23.0,48,0.4,9.8,981.2,Amritsar
2024-05-12,27.9,33.4,22.3,52,1.6,19.4,982.0,Amritsar
2024-05-13,29.1,37.3,20.9,36,0.0,13.9,982.3,Amritsar
2024-05-14,29.6,37.9,20.5,30,0.0,12.4,981.6,Amritsar
2024-05-15,30.8,40.0,21.5,33,0.0,13.8,981.1,Amritsar
2024-05-16,32.1,40.3,22.7,30,0.0,14.5,980.9,Amritsar
2024-05-17,33.3,41.5,24.6,27,0.0,18.0,977.8,Amritsar
2024-05-18,33.9,42.5,24.6,27,0.0,16.4,975.7,Amritsar
2024-05-19,33.9,42.0,25.1,26,0.0,17.6,974.0,Amritsar
2024-05-20,33.7,41.8,26.4,28,0.0,19.9,974.5,Amritsar
2024-05-21,34.1,42.1,25.3,26,0.0,12.2,975.1,Amritsar
2024-05-22,34.2,42.2,25.2,30,0.0,14.3,975.0,Amritsar
2024-05-23,33.6,40.5,25.8,36,0.0,19.5,974.9,Amritsar
2024-05-24,33.8,40.7,26.9,39,0.0,16.8,975.0,Amritsar
2024-05-25,34.7,42.7,26.0,27,0.0,18.8,973.3,Amritsar
2024-05-26,35.8,44.2,25.8,25,0.0,15.3,971.5,Amritsar
2024-05-27,35.1,44.0,25.4,20,0.0,16.6,969.0,Amritsar
2024-05-28,35.8,45.0,25.7,15,0.0,14.2,966.9,Amritsar
2024-05-29,36.8,45.8,26.7,15,0.0,13.7,967.5,Amritsar
2024-05-30,35.9,44.3,26.7,16,0.0,22.3,970.8,Amritsar
2024-05-31,35.6,44.1,26.1,18,0.0,11.2,973.1,Amritsar
2024-06-01,35.6,44.4,26.5,16,0.0,21.7,973.7,Amritsar
2024-06-02,35.6,42.8,27.7,21,0.0,16.8,975.4,Amritsar
2024-06-03,37.0,44.8,29.5,18,0.0,15.7,974.0,Amritsar
2024-06-04,34.9,44.0,28.2,24,1.1,28.5,973.7,Amritsar
2024-06-05,32.3,40.4,26.9,34,0.3,24.8,975.8,Amritsar
2022-04-01,27.8,36.0,18.8,25,0.0,16.6,983.4,Bathinda
2022-04-02,27.9,37.3,17.8,30,0.0,15.9,983.3,Bathinda
2022-04-03,27.8,37.5,19.5,25,0.0,12.9,983.0,Bathinda
2022-04-04,27.9,37.2,19.3,32,0.0,13.1,984.0,Bathinda
2022-04-05,29.8,37.7,21.5,25,0.0,11.2,986.6,Bathinda
2022-04-06,29.7,38.5,19.3,24,0.0,12.3,986.4,Bathinda
2022-04-07,30.1,39.7,19.7,25,0.0,11.8,985.4,Bathinda
2022-04-08,30.8,40.0,19.6,24,0.0,10.7,982.9,Bathinda
2022-04-09,30.8,41.1,21.8,24,0.0,12.6,981.2,Bathinda
2022-04-10,31.7,41.1,21.3,27,0.0,14.0,980.9,Bathinda
2022-04-11,32.5,41.6,22.6,25,0.0,13.8,979.7,Bathinda
2022-04-12,31.9,39.1,24.8,18,0.0,16.9,979.1,Bathinda
2022-04-13,30.6,38.9,22.1,18,0.0,14.7,978.9,Bathinda
2022-04-14,30.9,38.7,22.7,19,0.0,20.9,979.1,Bathinda
2022-04-15,29.6,36.4,22.3,23,0.0,17.0,979.3,Bathinda
2022-04-16,30.5,38.1,22.0,24,0.0,14.0,979.2,Bathinda
2022-04-17,31.8,39.7,23.1,21,0.0,12.9,979.8,Bathinda
2022-04-18,32.5,40.5,22.8,23,0.0,13.5,981.8,Bathinda
2022-04-19,33.2,41.1,24.9,21,0.0,17.7,983.6,Bathinda
2022-04-20,32.9,40.1,25.8,22,0.0,18.3,982.2,Bathinda
2022-04-21,31.3,38.3,24.5,23,0.0,23.1,982.4,Bathinda
2022-04-22,29.7,36.9,21.7,28,0.0,13.8,984.5,Bathinda
2022-04-23,30.1,37.5,23.1,25,0.0,16.7,984.7,Bathinda
2022-04-24,30.6,38.8,22.0,26,0.0,19.6,982.7,Bathinda
2022-04-25,30.2,39.1,23.9,28,0.6,32.2,981.0,Bathinda
2022-04-26,31.7,40.3,22.5,24,0.0,15.0,981.5,Bathinda
2022-04-27,32.6,41.5,23.0,22,0.0,15.0,981.0,Bathinda
2022-04-28,34.5,43.3,24.2,19,0.0,15.1,980.6,Bathinda
2022-04-29,35.3,43.4,25.6,16,0.0,14.0,980.7,Bathinda
2022-04-30,34.8,42.7,24.9,19,0.0,14.4,977.3,Bathinda
2022-05-01,34.5,42.1,25.5,21,0.0,23.6,976.1,Bathinda
2022-05-02,34.3,42.5,27.3,29,0.0,21.7,976.2,Bathinda
2022-05-03,33.5,40.3,27.0,28,0.0,16.6,979.0,Bathinda
2022-05-04,30.5,38.4,26.2,38,0.0,29.2,981.7,Bathinda
2022-05-05,30.7,37.9,23.0,42,0.0,13.2,982.5,Bathinda
2022-05-06,32.6,39.2,24.5,26,0.0,13.0,981.8,Bathinda
2022-05-07,32.5,40.6,24.4,28,0.0,15.5,981.4,Bathinda
2022-05-08,33.6,41.4,25.6,24,0.0,14.8,979.0,Bathinda
2022-05-09,34.0,41.3,27.3,33,0.0,18.6,978.5,Bathinda
2022-05-10,34.1,40.5,29.2,39,0.0,20.4,979.1,Bathinda
2022-05-11,34.6,42.6,27.6,35,0.0,16.6,977.4,Bathinda
2022-05-12,35.2,43.8,27.5,31,0.0,13.9,975.7,Bathinda
2022-05-13,34.7,43.2,25.3,24,0.0,12.2,973.8,Bathinda
2022-05-14,35.4,44.4,26.6,20,0.0,16.0,973.8,Bathinda
2022-05-15,36.2,44.7,27.3,16,0.0,15.0,974.6,Bathinda
2022-05-16,34.7,41.4,29.1,18,0.0,21.0,975.4,Bathinda
2022-05-17,34.3,41.6,28.3,25,0.0,18.4,975.8,Bathinda
2022-05-18,34.6,42.0,27.0,26,0.0,14.8,977.9,Bathinda
2022-05-19,35.6,43.8,27.3,22,0.0,15.8,977.1,Bathinda
2022-05-20,35.8,44.2,26.8,19,0.0,26.4,974.1,Bathinda
2022-05-21,34.4,41.2,27.4,22,0.0,21.6,972.0,Bathinda
2022-05-22,33.5,41.6,25.6,26,0.0,14.8,970.6,Bathinda
2022-05-23,28.8,36.1,23.2,49,6.7,34.7,973.0,Bathinda
2022-05-24,27.3,32.5,22.3,54,0.0,20.0,980.4,Bathinda
2022-05-25,28.4,34.9,21.7,51,0.0,9.0,981.8,Bathinda
2022-05-26,31.2,37.6,24.6,41,0.0,13.1,978.8,Bathinda
2022-05-27,33.6,40.5,26.9,38,0.0,17.6,975.6,Bathinda
2022-05-28,34.5,41.4,28.3,39,0.0,14.8,973.4,Bathinda
2022-05-29,34.2,41.4,27.9,39,0.0,19.3,974.0,Bathinda
2022-05-30,33.6,41.2,27.2,41,0.0,17.0,974.6,Bathinda
2022-05-31,32.7,40.0,26.1,41,0.0,14.3,976.3,Bathinda
2022-06-01,33.9,40.8,25.8,27,0.0,14.6,976.6,Bathinda
2022-06-02,34.5,42.2,26.2,25,0.0,13.6,976.4,Bathinda
2022-06-03,34.2,41.7,25.2,23,0.0,13.7,975.7,Bathinda
2022-06-04,34.3,43.3,25.2,22,0.0,11.9,975.5,Bathinda
2022-06-05,35.1,42.6,27.0,23,0.0,10.9,975.7,Bathinda
2022-06-06,35.2,43.0,27.2,24,0.0,11.9,975.0,Bathinda
2022-06-07,35.6,42.7,29.7,22,0.0,13.1,974.6,Bathinda
2022-06-08,35.8,42.6,30.2,23,0.0,17.4,974.4,Bathinda
2022-06-09,35.6,43.3,28.1,23,0.0,18.7,973.2,Bathinda
2022-06-10,36.3,42.9,30.9,26,0.0,20.8,974.1,Bathinda
2022-06-11,36.1,42.4,31.6,29,0.0,25.0,974.9,Bathinda
2022-06-12,36.1,41.8,29.0,29,0.0,17.2,975.9,Bathinda
2022-06-13,37.1,42.8,31.2,26,0.0,18.6,977.7,Bathinda
2022-06-14,36.5,42.2,30.4,34,0.0,21.8,977.1,Bathinda
2022-06-15,37.1,43.3,31.8,31,0.0,21.1,974.9,Bathinda
2022-06-16,34.7,42.0,28.1,41,15.9,21.1,975.3,Bathinda
2022-06-17,31.2,33.5,27.7,57,4.9,18.0,976.2,Bathinda
2022-06-18,28.0,32.4,23.8,73,4.2,15.3,977.7,Bathinda
2022-06-19,28.2,34.1,24.0,69,0.5,11.7,977.3,Bathinda
2022-06-20,28.0,32.3,24.2,67,3.6,18.7,975.6,Bathinda
2022-06-21,27.3,31.0,23.5,68,5.5,24.0,974.4,Bathinda
2022-06-22,27.7,33.6,21.1,70,4.8,12.7,980.1,Bathinda
2022-06-23,29.6,35.6,24.3,59,0.0,17.7,981.2,Bathinda
2022-06-24,30.8,36.7,24.9,50,0.0,10.0,978.2,Bathinda
2022-06-25,31.5,38.3,24.4,43,0.0,10.1,975.4,Bathinda
2022-06-26,32.6,39.1,25.7,42,0.0,16.5,976.2,Bathinda
2022-06-27,34.1,38.8,29.3,54,0.0,15.8,977.3,Bathinda
2022-06-28,35.3,40.5,30.8,48,0.0,9.3,974.2,Bathinda
2022-06-29,36.1,42.0,31.0,48,0.0,21.7,971.1,Bathinda
2022-06-30,30.6,34.7,26.4,70,4.5,29.8,973.3,Bathinda
2022-07-01,27.3,30.1,25.4,85,24.3,17.6,975.9,Bathinda
2022-07-02,30.8,35.2,26.6,69,0.3,10.7,973.9,Bathinda
2022-07-03,30.4,34.2,26.8,74,1.7,16.8,975.1,Bathinda
2022-07-04,31.7,35.9,27.5,71,0.4,8.9,974.8,Bathinda
2022-07-05,32.9,37.2,28.2,67,0.1,11.5,974.5,Bathinda
2022-07-06,32.2,36.7,28.1,70,13.8,17.1,977.4,Bathinda
2022-07-07,32.2,36.4,28.0,70,8.1,16.2,979.5,Bathinda
2022-07-08,31.7,36.9,26.8,74,10.7,13.2,976.7,Bathinda
2022-07-09,30.9,37.0,27.8,75,6.4,16.0,974.4,Bathinda
2022-07-10,29.1,32.7,26.8,79,4.7,19.2,976.8,Bathinda
2022-07-11,30.7,34.7,27.5,74,0.2,8.9,977.2,Bathinda
2022-07-12,31.3,36.1,26.8,74,9.4,10.1,976.2,Bathinda
2022-07-13,31.3,36.0,27.6,73,0.1,17.7,974.4,Bathinda
2022-07-14,29.0,33.7,26.7,81,21.4,16.2,975.0,Bathinda
2022-07-15,27.8,32.4,25.6,86,12.9,18.4,977.2,Bathinda
2022-07-16,29.8,34.0,26.6,79,1.4,12.0,977.4,Bathinda
2022-07-17,28.9,33.1,25.9,82,8.1,21.0,979.4,Bathinda
2022-07-18,31.0,35.0,26.9,76,0.0,6.8,978.0,Bathinda
2022-07-19,31.9,35.4,28.7,75,1.8,7.9,976.2,Bathinda
2022-07-20,29.4,34.5,26.7,82,26.9,31.8,975.5,Bathinda
2022-07-21,27.6,31.5,24.8,86,28.2,19.4,977.7,Bathinda
2022-07-22,28.2,32.7,25.6,84,4.5,16.3,979.4,Bathinda
2022-07-23,28.6,32.7,26.0,84,6.9,18.1,978.8,Bathinda
2022-07-24,29.6,33.9,26.2,81,11.4,15.6,978.3,Bathinda
2022-07-25,29.5,32.9,26.2,78,6.8,19.6,980.3,Bathinda
2022-07-26,30.0,33.1,27.4,73,0.1,16.1,981.3,Bathinda
2022-07-27,29.7,33.5,27.3,76,1.0,15.8,980.7,Bathinda
2022-07-28,28.8,32.0,27.2,81,10.7,15.9,981.2,Bathinda
2022-07-29,27.3,31.1,25.1,88,16.7,13.8,980.6,Bathinda
2022-07-30,26.7,29.6,24.7,90,13.9,14.3,978.8,Bathinda
2022-07-31,26.7,30.7,24.6,90,25.2,15.0,976.4,Bathinda
2022-08-01,26.8,31.2,24.4,89,16.8,12.7,977.3,Bathinda
2022-08-02,29.1,33.5,24.7,81,0.4,9.7,976.9,Bathinda
2022-08-03,29.3,33.7,25.8,82,0.1,11.0,978.1,Bathinda
2022-08-04,29.0,32.3,26.8,83,1.7,22.2,978.8,Bathinda
2022-08-05,28.2,31.3,26.5,87,2.9,12.3,977.7,Bathinda
2022-08-06,28.6,32.2,26.1,86,5.4,9.3,975.8,Bathinda
2022-08-07,28.7,32.9,26.5,86,7.9,10.6,975.5,Bathinda
2022-08-08,29.5,33.7,26.0,80,0.0,9.7,975.8,Bathinda
2022-08-09,30.1,33.4,27.3,79,2.2,10.5,975.9,Bathinda
2022-08-10,31.3,35.4,27.6,74,0.0,8.4,974.0,Bathinda
2022-08-11,29.7,32.4,27.7,75,0.0,24.4,976.5,Bathinda
2022-08-12,29.9,34.7,25.8,72,0.0,12.4,976.4,Bathinda
2022-08-13,30.7,34.3,27.7,71,0.0,17.5,975.7,Bathinda
2022-08-14,29.5,33.6,27.0,77,0.3,17.3,977.8,Bathinda
2022-08-15,28.5,32.6,26.7,82,7.6,14.8,980.1,Bathinda
2022-08-16,29.9,34.3,26.8,69,2.2,29.3,978.8,Bathinda
2022-08-17,28.8,32.3,26.4,72,0.0,28.9,978.2,Bathinda
2022-08-18,29.9,33.7,26.7,70,1.1,12.3,978.0,Bathinda
2022-08-19,30.0,33.8,26.8,68,1.6,16.0,978.2,Bathinda
2022-08-20,29.9,33.6,26.6,68,0.4,12.2,979.2,Bathinda
2022-08-21,30.0,34.0,26.2,72,1.2,10.3,978.2,Bathinda
2022-08-22,30.8,34.8,26.9,69,0.0,8.1,976.1,Bathinda
2022-08-23,31.1,35.1,27.5,70,0.6,23.3,977.4,Bathinda
2022-08-24,30.1,34.1,27.5,66,0.5,22.1,980.4,Bathinda
2022-08-25,29.9,34.0,26.4,66,0.3,14.5,980.5,Bathinda
2022-08-26,30.0,34.1,26.8,66,0.2,12.6,980.5,Bathinda
2022-08-27,30.3,33.7,27.5,64,0.7,15.9,979.6,Bathinda
2022-08-28,30.5,34.5,27.6,63,0.5,16.2,979.6,Bathinda
2022-08-29,29.1,33.4,27.2,72,2.3,12.9,983.1,Bathinda
2022-08-30,30.5,35.3,26.8,68,0.1,11.3,984.0,Bathinda
2022-08-31,31.4,35.9,27.6,62,0.0,13.6,981.3,Bathinda
2022-09-01,31.7,36.7,27.1,58,0.0,11.3,981.1,Bathinda
2022-09-02,31.8,36.4,27.4,57,0.0,12.1,982.4,Bathinda
2022-09-03,31.3,36.4,27.6,56,0.0,14.5,979.8,Bathinda
2022-09-04,30.5,35.4,27.1,59,0.0,14.5,978.2,Bathinda
2022-09-05,30.1,35.2,27.0,62,0.2,15.5,980.3,Bathinda
2022-09-06,29.2,34.6,25.4,71,0.3,12.3,982.3,Bathinda
2022-09-07,30.0,34.6,25.9,65,0.0,9.9,983.8,Bathinda
2022-09-08,30.6,34.8,25.9,63,0.0,5.7,984.4,Bathinda
2022-09-09,30.7,35.0,26.6,65,0.0,8.2,983.8,Bathinda
2022-09-10,30.8,35.1,27.1,66,0.5,16.9,982.6,Bathinda
2022-09-11,29.8,33.6,27.6,70,1.0,17.2,981.0,Bathinda
2022-09-12,29.6,34.0,25.8,68,0.0,12.7,979.8,Bathinda
2022-09-13,29.6,33.7,26.0,70,0.1,19.5,980.3,Bathinda
2022-09-14,30.0,33.9,27.0,67,0.0,9.4,980.8,Bathinda
2022-09-15,29.4,33.3,26.4,71,0.2,11.0,979.3,Bathinda
2022-09-16,28.8,33.5,24.5,71,0.0,12.9,976.6,Bathinda
2022-09-17,29.6,34.9,25.5,67,0.0,10.3,977.9,Bathinda
2022-09-18,30.0,35.3,25.3,63,0.0,7.9,981.4,Bathinda
2022-09-19,29.8,35.2,24.8,64,0.0,8.8,981.8,Bathinda
2022-09-20,28.9,33.1,26.2,68,0.0,12.4,981.8,Bathinda
2022-09-21,27.3,32.1,25.2,82,6.9,13.5,981.9,Bathinda
2022-09-22,26.9,29.6,24.3,84,1.3,14.8,981.7,Bathinda
2022-09-23,25.1,26.2,24.2,91,19.1,13.9,981.1,Bathinda
2022-09-24,24.9,26.8,22.6,87,28.3,20.5,979.5,Bathinda
2022-09-25,25.9,30.9,22.4,79,2.5,16.1,980.4,Bathinda
2022-09-26,26.0,31.2,22.6,84,5.5,12.1,985.0,Bathinda
2022-09-27,26.8,31.2,22.3,80,0.1,6.9,983.4,Bathinda
2022-09-28,27.2,31.9,23.4,77,0.0,8.3,982.4,Bathinda
2022-09-29,27.3,32.7,22.8,75,0.0,7.9,982.4,Bathinda
2022-09-30,27.8,33.4,23.5,71,0.0,8.4,982.6,Bathinda
2022-10-01,27.9,33.9,23.3,68,0.0,9.7,981.5,Bathinda
2022-10-02,27.3,33.8,22.3,64,0.0,12.1,982.3,Bathinda
2022-10-03,27.6,34.2,22.9,58,0.0,14.4,983.3,Bathinda
2022-10-04,27.6,33.9,22.4,59,0.0,11.9,984.9,Bathinda
2022-10-05,27.7,33.9,21.7,58,0.0,10.0,984.0,Bathinda
2022-10-06,26.1,32.2,20.2,68,0.0,12.4,984.3,Bathinda
2022-10-07,25.8,30.6,21.9,75,0.1,11.5,985.9,Bathinda
2022-10-08,25.1,28.7,22.6,78,0.0,16.6,986.8,Bathinda
2022-10-09,24.9,30.0,20.9,77,0.6,13.9,986.3,Bathinda
2022-10-10,24.6,28.7,21.5,76,0.5,16.5,987.5,Bathinda
2022-10-11,23.6,28.4,19.9,79,0.0,11.8,986.4,Bathinda
2022-10-12,23.8,29.8,19.0,75,0.0,10.2,987.6,Bathinda
2022-10-13,24.5,30.8,18.8,64,0.0,10.5,988.5,Bathinda
2022-10-14,25.3,31.4,19.0,57,0.0,11.4,988.3,Bathinda
2022-10-15,25.0,31.6,19.3,57,0.0,9.8,987.2,Bathinda
2022-10-16,25.2,31.7,19.1,56,0.0,10.1,989.4,Bathinda
2022-10-17,25.4,31.9,18.2,53,0.0,10.0,989.4,Bathinda
2022-10-18,24.0,32.1,17.8,56,0.0,10.5,987.3,Bathinda
2022-10-19,24.1,31.4,18.3,55,0.0,11.8,987.1,Bathinda
2022-10-20,24.9,32.5,19.5,52,0.0,15.4,988.1,Bathinda
2022-10-21,24.0,30.7,18.1,61,0.0,10.0,991.4,Bathinda
2022-10-22,23.2,30.2,17.3,50,0.0,10.5,993.1,Bathinda
2022-10-23,22.8,30.3,17.1,51,0.0,9.6,991.8,Bathinda
2022-10-24,22.3,30.2,15.8,52,0.0,11.8,987.7,Bathinda
2022-10-25,23.5,31.2,16.5,51,0.0,13.4,985.3,Bathinda
2022-10-26,23.6,31.5,16.9,56,0.0,10.0,988.5,Bathinda
2022-10-27,23.7,31.5,16.3,55,0.0,9.2,988.7,Bathinda
2022-10-28,24.3,31.3,17.8,55,0.0,9.3,989.0,Bathinda
2022-10-29,23.4,30.9,16.9,57,0.0,9.0,989.7,Bathinda
2022-10-30,23.9,31.4,17.4,54,0.0,10.3,990.1,Bathinda
2022-10-31,23.4,31.2,17.1,58,0.0,9.4,989.5,Bathinda
2022-11-01,23.5,31.1,18.4,59,0.0,12.6,989.4,Bathinda
2022-11-02,22.9,30.6,16.8,72,0.0,12.7,989.1,Bathinda
2022-11-03,23.6,31.3,17.4,69,0.0,9.4,987.9,Bathinda
2022-11-04,23.9,31.1,18.1,69,0.0,10.1,988.9,Bathinda
2022-11-05,24.4,31.1,19.5,68,0.0,15.0,990.1,Bathinda
2022-11-06,23.5,29.9,19.0,73,0.0,19.8,990.8,Bathinda
2022-11-07,22.3,28.9,16.8,74,0.0,12.6,990.8,Bathinda
2022-11-08,20.2,27.5,17.0,81,2.0,20.3,991.5,Bathinda
2022-11-09,20.5,27.5,15.6,72,4.4,25.4,991.6,Bathinda
2022-11-10,20.5,27.1,15.5,68,0.0,12.2,993.1,Bathinda
2022-11-11,20.0,26.4,14.8,62,0.0,10.7,993.5,Bathinda
2022-11-12,20.0,27.0,14.1,63,0.0,12.5,992.6,Bathinda
2022-11-13,20.6,27.1,14.6,61,0.0,9.9,990.7,Bathinda
2022-11-14,20.2,24.9,17.3,62,1.4,14.6,991.2,Bathinda
2022-11-15,19.6,25.7,14.9,71,0.0,8.9,992.0,Bathinda
2022-11-16,17.9,24.6,12.9,68,0.0,12.4,990.9,Bathinda
2022-11-17,17.7,24.9,13.1,61,0.0,17.9,990.7,Bathinda
2022-11-18,17.2,25.3,11.4,56,0.0,10.4,991.3,Bathinda
2022-11-19,17.3,24.9,11.0,57,0.0,9.2,992.3,Bathinda
2022-11-20,17.8,25.3,11.2,62,0.0,15.1,991.3,Bathinda
2022-11-21,17.4,25.3,11.7,60,0.0,11.9,990.1,Bathinda
2022-11-22,17.9,26.3,11.5,54,0.0,16.8,989.8,Bathinda
2022-11-23,17.3,26.2,10.1,54,0.0,16.2,990.1,Bathinda
2022-11-24,17.8,27.1,10.5,52,0.0,11.5,989.6,Bathinda
2022-11-25,17.8,26.4,10.0,50,0.0,11.0,992.1,Bathinda
2022-11-26,17.5,26.2,9.7,56,0.0,10.2,989.3,Bathinda
2022-11-27,18.9,25.7,12.7,53,0.0,7.0,987.3,Bathinda
2022-11-28,17.9,24.9,10.1,55,0.0,10.3,988.8,Bathinda
2022-11-29,18.0,25.5,13.5,59,0.0,10.6,991.0,Bathinda
2022-11-30,17.6,25.2,12.3,67,0.0,9.6,992.1,Bathinda
2022-12-01,17.9,25.2,11.7,65,0.0,10.2,990.8,Bathinda
2022-12-02,18.2,24.5,12.2,65,0.0,8.8,989.6,Bathinda
2022-12-03,17.1,24.6,10.8,66,0.0,9.3,990.6,Bathinda
2022-12-04,16.4,24.0,9.9,68,0.0,11.8,991.4,Bathinda
2022-12-05,16.0,23.8,10.2,69,0.0,9.8,992.9,Bathinda
2022-12-06,16.1,23.9,9.6,68,0.0,12.9,992.4,Bathinda
2022-12-07,16.4,24.2,10.1,66,0.0,13.0,991.3,Bathinda
2022-12-08,17.0,24.3,10.2,68,0.0,9.4,991.4,Bathinda
2022-12-09,17.2,25.3,10.9,70,0.0,10.2,990.5,Bathinda
2022-12-10,17.4,25.6,11.2,65,0.0,10.0,991.1,Bathinda
2022-12-11,17.4,24.9,11.8,60,0.0,12.0,991.9,Bathinda
2022-12-12,16.7,24.7,10.8,53,0.0,11.3,991.1,Bathinda
2022-12-13,17.0,24.3,11.8,51,0.0,15.8,992.8,Bathinda
2022-12-14,15.3,22.5,9.8,53,0.0,12.1,991.9,Bathinda
2022-12-15,15.1,23.2,8.2,52,0.0,12.2,990.5,Bathinda
2022-12-16,15.3,23.2,7.8,61,0.0,10.8,989.2,Bathinda
2022-12-17,14.9,23.4,8.4,68,0.0,10.2,990.9,Bathinda
2022-12-18,16.5,23.2,11.9,68,0.0,8.9,991.5,Bathinda
2022-12-19,15.1,22.1,9.6,71,0.0,9.2,990.3,Bathinda
2022-12-20,14.2,21.3,9.6,72,0.0,9.5,989.6,Bathinda
2022-12-21,13.7,21.0,9.4,75,0.0,9.7,991.1,Bathinda
2022-12-22,12.2,19.9,6.6,83,0.0,10.0,990.9,Bathinda
2022-12-23,10.9,17.8,6.9,87,0.0,9.1,990.2,Bathinda
2022-12-24,10.2,17.0,6.2,88,0.0,12.6,992.5,Bathinda
2022-12-25,10.1,17.6,4.3,84,0.0,10.7,992.6,Bathinda
2022-12-26,10.7,19.0,5.0,81,0.0,9.8,994.3,Bathinda
2022-12-27,11.4,18.7,6.5,78,0.0,11.3,994.2,Bathinda
2022-12-28,12.2,20.3,5.3,78,0.0,10.9,993.6,Bathinda
2022-12-29,13.9,19.1,8.9,73,0.5,14.2,993.3,Bathinda
2022-12-30,13.9,19.7,9.7,77,0.0,14.2,995.1,Bathinda
2022-12-31,12.4,18.7,8.1,79,0.0,10.8,995.4,Bathinda
2023-01-01,11.8,18.6,6.7,76,0.0,9.4,995.5,Bathinda
2023-01-02,10.7,18.3,5.0,78,0.0,9.3,996.5,Bathinda
2023-01-03,9.4,17.1,4.5,87,0.0,10.5,997.9,Bathinda
2023-01-04,9.9,17.9,4.3,84,0.0,9.7,998.0,Bathinda
2023-01-05,8.6,16.9,4.3,87,0.0,8.8,998.9,Bathinda
2023-01-06,7.4,14.2,1.9,90,0.0,8.4,999.4,Bathinda
2023-01-07,8.9,16.2,4.9,90,0.0,9.4,997.8,Bathinda
2023-01-08,10.5,17.7,5.5,88,0.0,10.3,995.0,Bathinda
2023-01-09,11.2,17.6,5.6,86,0.0,7.4,995.5,Bathinda
2023-01-10,10.8,18.5,6.8,91,0.0,9.8,994.9,Bathinda
2023-01-11,11.6,17.3,6.4,89,4.6,14.6,989.8,Bathinda
2023-01-12,13.6,20.2,9.7,82,1.7,14.0,987.7,Bathinda
2023-01-13,12.5,17.0,8.9,87,1.0,11.1,989.3,Bathinda
2023-01-14,8.7,14.8,3.4,77,0.0,11.0,993.1,Bathinda
2023-01-15,8.7,15.6,3.6,55,0.0,13.7,991.4,Bathinda
2023-01-16,8.8,16.6,2.6,63,0.0,12.0,992.3,Bathinda
2023-01-17,9.6,16.9,2.2,55,0.0,11.6,992.8,Bathinda
2023-01-18,10.5,17.6,3.1,58,0.0,10.4,994.6,Bathinda
2023-01-19,13.1,19.1,7.8,61,2.2,10.7,995.1,Bathinda
2023-01-20,12.7,16.8,10.1,77,1.6,11.3,993.9,Bathinda
2023-01-21,13.0,19.8,9.0,73,0.0,10.1,993.4,Bathinda
2023-01-22,12.9,19.8,7.6,71,0.0,10.4,992.4,Bathinda
2023-01-23,13.9,20.1,9.3,69,0.0,12.5,992.2,Bathinda
2023-01-24,13.5,19.3,7.2,71,0.5,12.0,989.9,Bathinda
2023-01-25,13.0,19.9,8.6,72,0.0,8.4,991.6,Bathinda
2023-01-26,11.9,17.9,8.3,69,0.0,14.8,995.0,Bathinda
2023-01-27,11.1,19.0,5.0,56,0.0,10.9,994.4,Bathinda
2023-01-28,12.2,21.0,4.6,55,0.0,10.5,990.7,Bathinda
2023-01-29,12.4,19.0,5.5,73,0.4,24.5,988.4,Bathinda
2023-01-30,14.6,20.1,11.0,81,0.7,17.2,993.3,Bathinda
2023-01-31,12.9,18.8,9.5,85,0.0,15.5,995.6,Bathinda
2023-02-01,13.3,21.1,7.8,68,0.0,13.5,994.0,Bathinda
2023-02-02,14.8,23.6,8.6,56,0.0,15.1,992.5,Bathinda
2023-02-03,16.1,24.6,9.4,56,0.0,12.6,991.9,Bathinda
2023-02-04,16.6,25.2,9.5,59,0.0,13.8,989.8,Bathinda
2023-02-05,16.8,25.7,9.2,57,0.0,11.3,987.9,Bathinda
2023-02-06,18.4,25.3,13.3,53,0.0,15.0,987.3,Bathinda
2023-02-07,17.2,23.8,11.5,53,0.0,16.5,988.5,Bathinda
2023-02-08,17.7,25.9,9.5,45,0.0,10.5,989.6,Bathinda
2023-02-09,18.8,26.9,11.5,47,0.0,18.7,986.7,Bathinda
2023-02-10,18.7,25.9,12.7,61,0.0,15.7,986.2,Bathinda
2023-02-11,17.2,25.8,11.4,57,0.0,21.3,990.1,Bathinda
2023-02-12,14.8,22.3,8.3,36,0.0,19.0,994.5,Bathinda
2023-02-13,14.8,23.0,8.2,28,0.0,17.1,992.8,Bathinda
2023-02-14,16.2,25.4,8.8,48,0.0,9.8,991.7,Bathinda
2023-02-15,18.5,27.6,11.0,53,0.0,13.2,989.5,Bathinda
2023-02-16,19.1,28.6,11.8,63,0.0,10.5,990.3,Bathinda
2023-02-17,19.1,28.0,12.7,71,0.0,10.4,991.9,Bathinda
2023-02-18,20.4,28.3,11.9,68,0.0,7.7,990.9,Bathinda
2023-02-19,20.3,29.1,13.2,67,0.0,11.7,989.3,Bathinda
2023-02-20,21.3,29.2,16.0,63,0.0,14.5,986.1,Bathinda
2023-02-21,21.1,29.1,16.2,61,0.0,15.3,987.1,Bathinda
2023-02-22,19.7,27.5,13.2,60,0.0,9.7,989.0,Bathinda
2023-02-23,19.8,28.2,13.3,52,0.0,15.0,989.3,Bathinda
2023-02-24,21.0,29.6,12.2,47,0.0,11.4,990.6,Bathinda
2023-02-25,21.0,29.3,12.7,53,0.0,10.9,991.9,Bathinda
2023-02-26,22.2,29.9,15.2,47,0.0,10.9,993.7,Bathinda
2023-02-27,21.9,29.4,15.5,51,0.0,9.7,993.8,Bathinda
2023-02-28,20.1,24.9,15.2,53,0.4,27.2,994.0,Bathinda
2023-03-01,21.1,28.6,15.1,60,0.0,17.4,995.4,Bathinda
2023-03-02,21.0,28.6,15.4,64,1.2,12.6,995.3,Bathinda
2023-03-03,21.6,28.5,15.9,60,0.0,12.2,995.8,Bathinda
2023-03-04,21.4,28.2,15.6,54,0.0,15.5,995.6,Bathinda
2023-03-05,21.4,29.7,14.9,57,0.5,20.1,994.6,Bathinda
2023-03-06,21.6,29.4,14.8,49,0.0,12.0,991.9,Bathinda
2023-03-07,22.2,29.8,15.7,42,0.0,12.7,991.5,Bathinda
2023-03-08,21.8,29.5,15.3,43,0.0,13.1,992.4,Bathinda
2023-03-09,22.3,30.0,15.2,45,0.0,13.3,992.7,Bathinda
2023-03-10,23.3,31.1,16.7,43,0.0,12.3,991.7,Bathinda
2023-03-11,23.6,31.5,16.3,45,0.0,11.9,991.0,Bathinda
2023-03-12,25.2,33.1,17.8,45,0.0,11.2,990.6,Bathinda
2023-03-13,24.2,32.0,17.9,54,0.2,17.7,989.7,Bathinda
2023-03-14,24.4,32.5,18.0,53,0.0,17.6,986.9,Bathinda
2023-03-15,24.8,32.7,17.9,41,0.0,11.5,985.3,Bathinda
2023-03-16,25.3,32.8,19.7,40,0.0,11.2,985.9,Bathinda
2023-03-17,22.1,28.3,17.4,54,1.6,15.9,988.3,Bathinda
2023-03-18,19.4,24.6,16.3,79,13.9,14.9,987.5,Bathinda
2023-03-19,19.5,25.3,15.3,81,4.6,11.2,985.4,Bathinda
2023-03-20,18.9,23.5,16.0,80,1.8,23.6,984.1,Bathinda
2023-03-21,19.5,25.0,14.5,75,0.0,11.6,985.2,Bathinda
2023-03-22,20.5,26.5,15.0,69,0.0,9.1,986.5,Bathinda
2023-03-23,21.0,28.0,15.8,67,3.2,11.8,985.5,Bathinda
2023-03-24,19.7,26.1,16.4,77,26.0,23.5,984.6,Bathinda
2023-03-25,19.8,26.0,15.2,75,26.5,23.3,987.6,Bathinda
2023-03-26,19.7,25.7,14.3,71,0.0,11.7,988.3,Bathinda
2023-03-27,19.9,25.9,14.6,68,0.0,10.8,987.0,Bathinda
2023-03-28,21.5,27.8,15.9,60,0.0,10.0,986.4,Bathinda
2023-03-29,22.9,29.9,17.1,55,0.6,14.3,986.5,Bathinda
2023-03-30,22.0,29.3,18.8,69,10.3,20.9,985.0,Bathinda
2023-03-31,19.1,23.8,16.5,82,12.7,19.1,984.1,Bathinda
2023-04-01,19.5,24.8,15.1,78,1.1,16.7,985.1,Bathinda
2023-04-02,20.6,27.0,14.7,75,0.0,8.6,984.8,Bathinda
2023-04-03,21.4,27.4,17.1,66,0.7,21.6,983.5,Bathinda
2023-04-04,21.2,27.0,15.8,68,5.0,17.3,986.4,Bathinda
2023-04-05,22.0,29.2,14.6,56,0.0,13.4,986.7,Bathinda
2023-04-06,23.0,29.5,17.5,54,0.0,12.6,989.1,Bathinda
2023-04-07,22.7,30.3,16.5,50,0.0,14.4,990.7,Bathinda
2023-04-08,23.8,31.8,16.6,42,0.0,12.3,990.8,Bathinda
2023-04-09,25.7,32.7,20.1,33,0.0,11.7,990.7,Bathinda
2023-04-10,26.5,34.0,17.3,33,0.0,14.3,988.8,Bathinda
2023-04-11,27.5,35.9,18.7,34,0.0,15.9,988.2,Bathinda
2023-04-12,28.4,36.1,21.2,30,0.0,13.1,987.7,Bathinda
2023-04-13,28.6,36.8,20.4,30,0.0,16.0,986.1,Bathinda
2023-04-14,29.9,38.2,21.6,26,0.0,13.2,984.8,Bathinda
2023-04-15,30.5,39.6,21.4,25,0.0,13.5,983.8,Bathinda
2023-04-16,30.3,38.3,22.6,27,0.0,17.1,983.2,Bathinda
2023-04-17,31.1,39.0,23.4,31,0.0,15.7,983.0,Bathinda
2023-04-18,29.8,36.1,24.4,33,0.1,21.3,984.5,Bathinda
2023-04-19,26.8,32.9,23.1,52,0.7,24.1,982.6,Bathinda
2023-04-20,26.0,32.6,20.7,52,1.8,19.2,979.9,Bathinda
2023-04-21,26.1,32.2,19.4,41,0.8,14.7,981.1,Bathinda
2023-04-22,25.8,32.9,19.2,33,0.0,19.2,982.7,Bathinda
2023-04-23,25.5,32.7,18.0,33,0.0,11.6,983.3,Bathinda
2023-04-24,26.5,33.6,18.2,33,0.0,13.4,986.2,Bathinda
2023-04-25,27.9,35.1,21.2,30,0.0,16.5,986.9,Bathinda
2023-04-26,29.5,36.7,21.9,27,0.0,14.3,984.0,Bathinda
2023-04-27,29.2,33.7,24.2,30,0.5,19.2,983.7,Bathinda
2023-04-28,27.6,32.8,21.9,39,0.4,13.3,985.2,Bathinda
2023-04-29,26.8,32.5,22.3,43,1.2,15.3,984.0,Bathinda
2023-04-30,25.7,30.1,21.0,51,2.7,13.5,983.2,Bathinda
2023-05-01,22.8,27.5,20.2,71,16.6,18.0,983.5,Bathinda
2023-05-02,23.1,28.7,18.9,71,2.6,15.3,985.1,Bathinda
2023-05-03,23.9,29.8,19.3,68,0.6,21.1,986.3,Bathinda
2023-05-04,25.9,31.6,20.3,56,0.1,9.8,985.8,Bathinda
2023-05-05,27.4,33.7,21.2,46,0.3,15.1,984.5,Bathinda
2023-05-06,28.6,35.6,21.4,37,0.3,17.7,982.5,Bathinda
2023-05-07,29.1,37.9,21.1,31,0.0,21.9,980.9,Bathinda
2023-05-08,28.6,36.7,19.7,32,0.0,21.9,980.7,Bathinda
2023-05-09,28.6,35.5,20.5,33,0.0,17.2,984.4,Bathinda
2023-05-10,29.1,36.5,21.9,24,0.0,17.6,983.2,Bathinda
2023-05-11,31.3,39.6,23.2,24,0.0,15.6,983.0,Bathinda
2023-05-12,31.9,40.3,22.8,24,0.0,11.2,982.1,Bathinda
2023-05-13,33.1,41.8,23.9,25,0.0,15.9,981.0,Bathinda
2023-05-14,32.7,39.1,25.9,24,0.0,20.6,978.9,Bathinda
2023-05-15,33.1,40.6,24.2,22,0.0,18.8,978.1,Bathinda
2023-05-16,32.5,40.1,25.2,26,0.0,16.1,980.0,Bathinda
2023-05-17,33.4,40.5,25.9,25,0.0,27.8,981.2,Bathinda
2023-05-18,29.2,35.4,21.4,42,0.0,18.6,985.6,Bathinda
2023-05-19,31.3,38.6,25.6,34,0.0,17.0,983.1,Bathinda
2023-05-20,33.2,41.6,25.8,27,0.0,17.6,980.3,Bathinda
2023-05-21,34.5,43.1,24.9,23,0.0,24.5,980.5,Bathinda
2023-05-22,34.3,41.8,26.4,28,0.0,19.1,981.1,Bathinda
2023-05-23,33.0,41.0,27.5,39,2.0,32.3,981.3,Bathinda
2023-05-24,29.6,37.0,24.8,53,61.8,38.1,980.2,Bathinda
2023-05-25,28.0,34.2,23.3,60,5.5,23.9,981.0,Bathinda
2023-05-26,28.1,34.7,23.1,57,0.2,15.0,981.5,Bathinda
2023-05-27,27.1,32.8,20.4,61,8.4,23.7,981.7,Bathinda
2023-05-28,28.5,33.6,22.8,52,0.0,16.8,982.6,Bathinda
2023-05-29,27.4,33.7,21.7,62,9.6,31.2,984.8,Bathinda
2023-05-30,27.8,33.0,23.2,56,0.2,14.3,984.9,Bathinda
2023-05-31,23.0,27.4,21.0,84,27.9,16.3,983.3,Bathinda
2023-06-01,24.7,30.1,20.0,73,5.8,12.8,983.1,Bathinda
2023-06-02,24.9,30.4,20.3,67,0.2,16.6,982.6,Bathinda
2023-06-03,27.3,33.3,20.4,59,0.0,9.5,982.5,Bathinda
2023-06-04,29.2,34.5,23.9,55,0.0,9.5,981.9,Bathinda
2023-06-05,30.0,36.5,24.7,45,0.0,16.4,980.5,Bathinda
2023-06-06,29.6,36.5,23.4,45,0.3,25.1,980.5,Bathinda
2023-06-07,30.0,35.1,24.5,50,0.0,14.8,980.7,Bathinda
2023-06-08,30.9,38.0,24.9,47,0.0,22.6,979.8,Bathinda
2023-06-09,32.6,39.5,25.0,41,0.0,17.3,976.6,Bathinda
2023-06-10,32.3,38.6,27.4,50,0.0,19.1,975.1,Bathinda
2023-06-11,32.0,37.7,26.4,58,0.0,10.7,975.7,Bathinda
2023-06-12,33.4,39.7,27.4,55,0.0,16.9,975.1,Bathinda
2023-06-13,34.6,40.6,29.4,42,0.0,23.6,975.2,Bathinda
2023-06-14,34.1,39.5,28.7,42,0.0,23.5,975.8,Bathinda
2023-06-15,31.7,36.8,27.5,53,0.1,18.2,977.6,Bathinda
2023-06-16,31.2,37.4,26.6,59,1.0,16.1,977.2,Bathinda
2023-06-17,32.8,38.3,27.4,54,0.0,18.4,976.8,Bathinda
2023-06-18,30.5,34.2,27.8,67,0.1,14.9,977.1,Bathinda
2023-06-19,33.0,39.0,27.7,53,0.2,13.4,976.2,Bathinda
2023-06-20,34.4,40.7,28.1,51,0.0,10.5,975.2,Bathinda
2023-06-21,36.0,41.5,30.1,48,0.1,13.3,975.4,Bathinda
2023-06-22,36.1,41.3,31.6,48,0.1,18.5,975.7,Bathinda
2023-06-23,36.4,41.8,31.6,47,0.0,16.3,975.6,Bathinda
2023-06-24,36.6,42.4,30.5,43,0.0,12.5,975.0,Bathinda
2023-06-25,33.6,40.3,29.3,60,4.6,25.8,975.7,Bathinda
2023-06-26,29.2,34.0,26.2,77,5.8,15.0,978.1,Bathinda
2023-06-27,30.5,35.4,26.3,70,0.3,15.2,976.9,Bathinda
2023-06-28,30.9,35.7,26.2,71,0.2,15.5,978.0,Bathinda
2023-06-29,30.7,34.2,27.7,72,1.0,12.2,977.4,Bathinda
2023-06-30,31.5,36.7,27.4,68,0.3,10.4,975.6,Bathinda
2023-07-01,30.4,36.2,24.7,70,9.4,19.0,976.7,Bathinda
2023-07-02,32.5,37.4,27.6,62,0.0,11.1,977.0,Bathinda
2023-07-03,33.8,39.0,29.2,59,0.0,11.9,976.1,Bathinda
2023-07-04,33.1,39.4,29.9,63,0.0,20.6,974.3,Bathinda
2023-07-05,30.0,34.0,27.2,75,22.7,25.3,975.1,Bathinda
2023-07-06,30.1,34.9,27.5,75,1.4,14.9,977.6,Bathinda
2023-07-07,29.6,34.0,26.5,74,0.6,19.4,978.1,Bathinda
2023-07-08,27.4,29.7,25.0,88,27.2,20.6,978.3,Bathinda
2023-07-09,28.7,33.5,24.7,78,5.3,11.9,977.1,Bathinda
2023-07-10,28.4,32.0,25.8,82,0.5,13.3,978.0,Bathinda
2023-07-11,29.7,35.1,24.9,76,0.3,11.8,977.8,Bathinda
2023-07-12,31.0,35.9,26.3,72,0.0,12.5,977.2,Bathinda
2023-07-13,30.3,35.6,26.8,75,0.3,14.8,977.1,Bathinda
2023-07-14,30.6,35.5,27.2,75,0.2,10.4,977.8,Bathinda
2023-07-15,31.5,36.5,27.8,69,0.1,11.5,976.7,Bathinda
2023-07-16,30.6,36.6,27.8,76,3.7,15.9,977.1,Bathinda
2023-07-17,30.8,35.4,26.9,74,2.1,12.4,976.4,Bathinda
2023-07-18,30.9,35.5,28.0,75,0.1,15.5,976.0,Bathinda
2023-07-19,29.7,34.6,27.0,79,1.3,18.2,976.5,Bathinda
2023-07-20,31.0,35.4,27.2,76,6.3,11.2,976.8,Bathinda
2023-07-21,31.5,36.6,28.5,77,7.3,11.0,978.0,Bathinda
2023-07-22,29.8,33.2,26.3,81,16.4,32.4,980.6,Bathinda
2023-07-23,31.3,35.2,28.1,72,0.5,15.9,980.9,Bathinda
2023-07-24,31.4,35.3,28.6,73,0.5,17.2,978.6,Bathinda
2023-07-25,30.9,35.9,28.1,77,0.1,14.3,978.4,Bathinda
2023-07-26,29.3,33.2,25.7,81,17.5,15.7,979.8,Bathinda
2023-07-27,29.4,33.4,27.6,80,2.1,11.3,979.1,Bathinda
2023-07-28,29.0,33.2,25.5,81,3.9,11.2,976.9,Bathinda
2023-07-29,28.6,32.7,25.6,84,1.7,14.8,976.0,Bathinda
2023-07-30,29.5,34.0,25.6,78,0.8,8.0,975.9,Bathinda
2023-07-31,31.0,34.6,27.0,73,3.2,9.7,975.3,Bathinda
2023-08-01,31.3,35.6,27.3,72,1.0,15.7,974.4,Bathinda
2023-08-02,31.6,36.0,28.2,71,2.6,16.3,974.6,Bathinda
2023-08-03,31.4,36.1,25.7,71,3.9,12.6,975.1,Bathinda
2023-08-04,32.4,37.0,29.4,64,0.2,11.0,977.0,Bathinda
2023-08-05,32.4,37.3,28.3,65,0.7,13.8,978.5,Bathinda
2023-08-06,31.7,36.4,27.2,67,3.1,17.5,975.6,Bathinda
2023-08-07,32.4,37.1,28.3,58,0.0,19.2,973.2,Bathinda
2023-08-08,32.2,36.2,28.9,62,0.2,22.3,974.6,Bathinda
2023-08-09,32.4,36.6,28.8,62,0.4,17.7,978.1,Bathinda
2023-08-10,32.2,37.2,29.3,62,0.0,17.2,979.5,Bathinda
2023-08-11,32.9,37.7,28.6,56,0.3,14.8,979.6,Bathinda
2023-08-12,33.2,38.0,29.1,52,0.0,16.6,977.5,Bathinda
2023-08-13,33.1,38.0,28.8,55,0.0,17.1,974.9,Bathinda
2023-08-14,32.6,36.4,29.3,54,0.0,19.3,978.5,Bathinda
2023-08-15,32.0,36.7,27.8,61,0.4,14.1,980.0,Bathinda
2023-08-16,32.9,38.1,28.5,59,0.0,12.8,979.9,Bathinda
2023-08-17,33.6,38.2,29.1,52,0.0,14.1,979.1,Bathinda
2023-08-18,33.6,39.1,28.6,54,0.0,9.0,979.3,Bathinda
2023-08-19,32.2,36.7,29.1,67,0.9,14.1,980.0,Bathinda
2023-08-20,32.3,36.6,28.3,69,7.0,10.4,980.4,Bathinda
2023-08-21,33.8,38.4,29.4,62,0.6,9.7,978.8,Bathinda
2023-08-22,35.2,40.3,30.5,55,0.0,15.3,976.2,Bathinda
2023-08-23,33.7,38.1,29.0,55,0.0,19.7,974.9,Bathinda
2023-08-24,31.8,36.3,28.6,59,0.0,13.6,975.0,Bathinda
2023-08-25,32.1,36.7,28.5,58,0.0,14.6,975.3,Bathinda
2023-08-26,30.3,35.6,26.2,64,0.5,16.7,977.6,Bathinda
2023-08-27,31.7,36.2,27.7,59,0.0,12.9,977.6,Bathinda
2023-08-28,30.2,34.7,26.2,63,7.5,13.6,977.4,Bathinda
2023-08-29,31.6,37.0,26.9,57,0.0,13.7,979.8,Bathinda
2023-08-30,31.8,37.6,26.1,55,0.0,8.7,981.5,Bathinda
2023-08-31,32.5,38.0,27.4,52,0.0,10.2,982.1,Bathinda
2023-09-01,33.1,38.7,28.2,47,0.0,14.3,981.8,Bathinda
2023-09-02,32.0,37.4,27.0,49,0.0,18.3,980.9,Bathinda
2023-09-03,31.1,36.6,26.8,51,0.0,16.2,979.7,Bathinda
2023-09-04,31.2,36.7,25.9,54,0.0,13.4,979.3,Bathinda
2023-09-05,31.3,37.3,26.2,56,0.0,13.8,980.7,Bathinda
2023-09-06,31.6,37.7,26.1,57,0.0,10.1,981.4,Bathinda
2023-09-07,32.0,38.3,26.5,55,0.0,11.0,980.7,Bathinda
2023-09-08,31.7,36.7,26.4,57,0.0,11.0,980.5,Bathinda
2023-09-09,31.5,36.3,27.4,62,0.0,12.0,979.8,Bathinda
2023-09-10,30.1,34.6,26.5,68,0.4,12.8,978.4,Bathinda
2023-09-11,30.7,35.7,26.2,64,0.0,10.2,978.7,Bathinda
2023-09-12,31.5,36.0,27.5,61,0.0,8.4,978.8,Bathinda
2023-09-13,31.8,36.0,28.5,67,0.6,11.9,978.7,Bathinda
2023-09-14,32.1,35.8,28.6,65,1.0,14.2,980.0,Bathinda
2023-09-15,30.1,33.1,27.7,75,17.9,20.4,981.2,Bathinda
2023-09-16,30.1,35.0,26.7,73,1.1,13.4,981.2,Bathinda
2023-09-17,28.2,32.2,25.3,79,5.1,21.8,979.9,Bathinda
2023-09-18,28.1,32.6,25.3,77,1.6,23.1,980.0,Bathinda
2023-09-19,28.0,32.3,25.4,79,0.4,14.3,982.6,Bathinda
2023-09-20,28.9,33.7,24.5,77,1.0,12.1,983.0,Bathinda
2023-09-21,29.6,33.9,26.0,74,0.8,21.5,982.1,Bathinda
2023-09-22,29.6,34.4,26.3,73,2.3,16.5,982.0,Bathinda
2023-09-23,29.0,33.9,24.6,74,2.2,17.4,982.7,Bathinda
2023-09-24,28.5,33.5,25.2,75,1.0,14.7,982.3,Bathinda
2023-09-25,27.9,32.4,24.2,73,0.1,11.0,982.9,Bathinda
2023-09-26,27.9,33.0,24.0,72,0.0,8.2,984.4,Bathinda
2023-09-27,27.9,33.8,23.0,64,0.0,12.6,984.2,Bathinda
2023-09-28,27.6,34.3,22.0,59,0.0,9.4,983.3,Bathinda
2023-09-29,27.9,34.5,22.3,57,0.0,11.4,983.0,Bathinda
2023-09-30,27.6,34.0,22.3,60,0.0,11.6,983.6,Bathinda
2023-10-01,26.4,34.1,20.5,55,0.0,10.5,983.0,Bathinda
2023-10-02,27.1,33.5,19.3,39,0.0,12.0,983.7,Bathinda
2023-10-03,27.1,34.4,21.2,46,0.0,14.5,984.4,Bathinda
2023-10-04,26.5,34.4,20.7,54,0.0,11.4,984.5,Bathinda
2023-10-05,27.4,34.5,20.6,49,0.0,10.4,983.5,Bathinda
2023-10-06,26.7,34.8,19.8,57,0.0,9.8,981.9,Bathinda
2023-10-07,28.7,35.2,23.0,60,0.0,12.7,983.1,Bathinda
2023-10-08,29.3,35.2,24.0,67,0.0,11.8,983.9,Bathinda
2023-10-09,29.2,35.2,24.0,61,0.0,10.8,984.2,Bathinda
2023-10-10,27.5,33.6,21.8,59,0.0,18.1,986.3,Bathinda
2023-10-11,26.0,32.5,20.4,60,0.0,11.3,987.3,Bathinda
2023-10-12,26.6,32.5,21.8,55,0.0,7.9,988.1,Bathinda
2023-10-13,27.1,33.9,20.8,59,0.0,11.7,988.5,Bathinda
2023-10-14,27.1,33.7,21.9,62,0.1,15.9,987.8,Bathinda
2023-10-15,25.7,31.3,20.7,59,0.8,15.9,986.2,Bathinda
2023-10-16,23.0,28.1,21.0,71,1.6,17.1,987.1,Bathinda
2023-10-17,21.8,27.3,18.6,71,1.1,15.3,991.2,Bathinda
2023-10-18,20.7,26.9,16.3,69,0.0,11.1,992.2,Bathinda
2023-10-19,21.0,27.4,16.0,67,0.0,10.3,991.3,Bathinda
2023-10-20,21.8,28.4,16.5,65,0.0,9.0,991.6,Bathinda
2023-10-21,22.6,28.8,16.8,67,0.3,10.8,991.9,Bathinda
2023-10-22,22.6,28.8,18.3,70,0.1,12.4,992.4,Bathinda
2023-10-23,22.9,29.5,17.4,67,0.0,13.0,991.1,Bathinda
2023-10-24,22.4,29.2,17.3,67,0.1,17.0,990.5,Bathinda
2023-10-25,22.5,29.6,16.7,67,0.0,10.7,991.2,Bathinda
2023-10-26,23.1,30.7,16.5,59,0.0,11.1,990.6,Bathinda
2023-10-27,23.1,30.4,16.5,61,0.0,10.5,989.4,Bathinda
2023-10-28,23.3,30.5,17.8,59,0.0,9.7,989.5,Bathinda
2023-10-29,23.9,30.5,17.3,62,0.0,9.0,989.9,Bathinda
2023-10-30,24.1,30.5,18.5,66,0.1,9.6,990.8,Bathinda
2023-10-31,24.3,30.7,18.6,66,0.0,8.6,992.0,Bathinda
2023-11-01,23.6,30.0,18.2,66,0.0,9.4,992.7,Bathinda
2023-11-02,22.7,29.4,18.3,73,0.0,13.7,991.1,Bathinda
2023-11-03,21.8,29.5,17.7,69,2.6,24.2,988.7,Bathinda
2023-11-04,22.3,29.8,16.5,62,0.0,10.7,989.0,Bathinda
2023-11-05,22.5,29.3,16.1,57,0.0,9.7,990.3,Bathinda
2023-11-06,22.0,29.3,15.1,55,0.0,10.4,991.7,Bathinda
2023-11-07,22.7,29.7,16.7,59,0.0,13.3,991.1,Bathinda
2023-11-08,22.1,29.2,16.7,68,0.0,9.6,990.2,Bathinda
2023-11-09,21.8,29.1,16.1,66,0.0,8.7,989.9,Bathinda
2023-11-10,19.0,24.9,15.0,76,10.0,20.7,991.8,Bathinda
2023-11-11,18.0,24.3,13.9,81,0.0,9.1,994.6,Bathinda
2023-11-12,18.5,25.3,13.7,72,0.0,10.9,994.3,Bathinda
2023-11-13,18.7,25.6,13.2,71,0.0,9.7,994.0,Bathinda
2023-11-14,19.0,25.6,13.4,71,0.0,8.4,993.7,Bathinda
2023-11-15,18.6,26.1,12.6,70,0.0,9.7,993.3,Bathinda
2023-11-16,19.4,26.2,13.5,67,0.0,9.3,994.2,Bathinda
2023-11-17,20.2,27.6,13.9,67,0.0,12.4,994.1,Bathinda
2023-11-18,19.5,26.8,14.1,65,0.0,9.0,992.2,Bathinda
2023-11-19,19.4,26.6,13.3,66,0.0,9.4,992.9,Bathinda
2023-11-20,19.2,25.9,13.5,64,0.0,9.3,993.5,Bathinda
2023-11-21,18.5,25.1,13.3,60,0.0,13.0,992.8,Bathinda
2023-11-22,18.0,25.5,12.8,62,0.0,10.5,990.1,Bathinda
2023-11-23,17.7,25.4,10.8,63,0.0,10.5,989.4,Bathinda
2023-11-24,17.9,25.5,12.1,69,0.0,10.5,992.2,Bathinda
2023-11-25,17.9,24.7,11.4,71,0.0,9.4,992.9,Bathinda
2023-11-26,18.6,24.9,13.2,70,0.0,12.5,993.4,Bathinda
2023-11-27,17.3,20.9,14.8,75,1.7,13.8,991.6,Bathinda
2023-11-28,17.9,24.1,14.0,79,1.3,14.6,991.4,Bathinda
2023-11-29,18.6,24.3,13.6,75,0.0,7.9,991.5,Bathinda
2023-11-30,17.4,22.8,14.5,82,3.6,12.3,992.5,Bathinda
2023-12-01,17.0,23.6,13.7,81,0.0,9.2,993.7,Bathinda
2023-12-02,17.2,24.5,12.0,73,0.0,9.8,993.3,Bathinda
2023-12-03,17.4,24.2,11.6,71,0.0,9.9,993.5,Bathinda
2023-12-04,16.9,23.3,11.2,71,0.0,9.5,992.4,Bathinda
2023-12-05,16.2,22.9,11.0,77,0.0,9.0,992.3,Bathinda
2023-12-06,16.5,24.2,11.5,73,0.0,12.3,992.7,Bathinda
2023-12-07,16.4,24.4,10.6,73,0.0,10.3,991.9,Bathinda
2023-12-08,16.8,23.7,11.8,66,0.0,10.1,991.3,Bathinda
2023-12-09,16.0,23.9,9.4,68,0.0,10.9,992.2,Bathinda
2023-12-10,15.3,23.3,9.3,69,0.0,11.6,990.4,Bathinda
2023-12-11,15.3,22.4,9.1,67,0.0,9.8,990.4,Bathinda
2023-12-12,15.4,23.0,9.8,65,0.0,10.8,990.0,Bathinda
2023-12-13,14.7,22.4,8.4,69,0.0,9.9,992.2,Bathinda
2023-12-14,14.8,22.0,8.8,72,0.0,10.2,993.0,Bathinda
2023-12-15,14.8,21.7,7.8,67,0.0,9.2,994.0,Bathinda
2023-12-16,14.4,21.9,7.9,69,0.0,10.0,992.7,Bathinda
2023-12-17,14.4,21.4,8.7,73,0.0,9.5,994.2,Bathinda
2023-12-18,14.1,21.7,8.9,67,0.0,16.0,995.8,Bathinda
2023-12-19,14.0,22.0,7.3,66,0.0,14.8,995.6,Bathinda
2023-12-20,13.9,22.4,7.7,66,0.0,10.9,994.8,Bathinda
2023-12-21,13.8,22.0,7.0,68,0.0,10.6,993.4,Bathinda
2023-12-22,14.3,21.8,7.3,71,0.0,10.5,993.1,Bathinda
2023-12-23,15.2,23.1,9.1,76,0.0,15.7,995.2,Bathinda
2023-12-24,14.9,22.8,8.5,77,0.0,10.1,996.9,Bathinda
2023-12-25,15.1,23.6,10.1,81,0.0,9.8,994.8,Bathinda
2023-12-26,15.6,23.7,10.0,75,0.0,10.0,994.3,Bathinda
2023-12-27,14.5,22.7,8.7,81,0.0,9.9,996.0,Bathinda
2023-12-28,13.3,21.1,9.9,89,0.0,9.0,994.3,Bathinda
2023-12-29,12.2,18.8,8.8,91,0.0,9.7,995.3,Bathinda
2023-12-30,10.8,17.3,7.2,91,0.0,8.6,994.3,Bathinda
2023-12-31,9.6,16.4,6.4,89,0.0,9.7,994.1,Bathinda
2024-01-01,9.3,16.3,5.4,90,0.0,7.6,994.4,Bathinda
2024-01-02,8.8,15.1,5.2,90,0.0,8.6,993.7,Bathinda
2024-01-03,9.6,15.6,5.0,85,0.0,9.5,993.6,Bathinda
2024-01-04,8.6,16.4,4.3,85,0.0,9.0,993.7,Bathinda
2024-01-05,8.6,15.1,5.0,87,0.0,8.7,993.9,Bathinda
2024-01-06,8.9,16.9,4.3,87,0.0,11.5,995.3,Bathinda
2024-01-07,9.3,16.6,4.4,88,0.0,9.4,995.8,Bathinda
2024-01-08,9.8,16.7,5.3,87,0.0,8.9,995.4,Bathinda
2024-01-09,8.9,15.2,4.9,85,0.0,10.5,996.1,Bathinda
2024-01-10,8.2,16.0,3.3,87,0.0,11.5,994.6,Bathinda
2024-01-11,9.2,15.9,4.8,90,0.0,8.3,994.7,Bathinda
2024-01-12,8.9,16.2,4.6,91,0.0,10.8,993.5,Bathinda
2024-01-13,9.0,17.4,5.1,89,0.0,9.4,992.5,Bathinda
2024-01-14,8.6,15.6,5.2,89,0.0,10.4,993.4,Bathinda
2024-01-15,8.5,14.6,5.1,90,0.0,7.7,992.7,Bathinda
2024-01-16,8.2,15.1,4.8,90,0.0,7.9,990.3,Bathinda
2024-01-17,8.9,16.7,4.6,90,0.0,10.3,990.4,Bathinda
2024-01-18,9.3,16.1,4.6,91,0.0,9.7,992.4,Bathinda
2024-01-19,9.2,15.8,5.0,91,0.0,10.6,993.6,Bathinda
2024-01-20,9.5,16.7,4.9,88,0.0,10.7,994.4,Bathinda
2024-01-21,8.2,15.5,3.9,90,0.0,9.3,994.0,Bathinda
2024-01-22,7.6,14.9,1.8,89,0.0,10.7,994.3,Bathinda
2024-01-23,8.9,16.3,3.8,88,0.0,9.0,994.2,Bathinda
2024-01-24,9.0,16.6,5.3,90,0.0,8.4,994.4,Bathinda
2024-01-25,8.9,14.7,4.8,90,0.0,10.2,996.2,Bathinda
2024-01-26,10.7,17.9,6.1,87,0.0,8.6,996.8,Bathinda
2024-01-27,12.4,19.8,6.2,82,0.0,10.8,995.3,Bathinda
2024-01-28,12.9,19.3,7.6,82,0.0,9.7,992.9,Bathinda
2024-01-29,13.6,20.4,9.1,87,0.0,9.7,993.5,Bathinda
2024-01-30,13.2,19.9,8.5,89,0.0,10.3,992.2,Bathinda
2024-01-31,13.9,18.4,10.5,92,24.9,14.5,990.5,Bathinda
2024-02-01,14.5,20.0,9.4,79,11.8,18.7,990.1,Bathinda
2024-02-02,12.6,18.5,9.4,85,0.0,9.7,995.6,Bathinda
2024-02-03,13.7,18.4,9.4,70,0.2,13.8,993.3,Bathinda
2024-02-04,13.2,16.4,10.6,85,15.2,14.8,991.3,Bathinda
2024-02-05,11.6,17.4,8.5,86,0.0,10.5,993.9,Bathinda
2024-02-06,11.5,18.0,5.7,74,0.0,10.7,995.3,Bathinda
2024-02-07,11.6,18.4,5.5,73,0.0,17.0,996.3,Bathinda
2024-02-08,13.2,19.7,8.5,66,0.0,19.7,994.9,Bathinda
2024-02-09,13.5,21.2,7.3,69,0.0,11.3,993.8,Bathinda
2024-02-10,13.2,20.9,6.6,72,0.0,10.5,996.8,Bathinda
2024-02-11,14.2,21.2,7.3,70,0.0,10.5,996.5,Bathinda
2024-02-12,14.4,20.7,7.5,70,0.0,9.7,995.3,Bathinda
2024-02-13,14.5,20.6,8.7,70,0.0,8.8,994.7,Bathinda
2024-02-14,14.9,22.4,8.7,71,0.0,11.4,994.6,Bathinda
2024-02-15,15.9,23.2,8.7,66,0.0,10.9,995.2,Bathinda
2024-02-16,16.5,23.5,8.0,62,0.0,9.6,995.5,Bathinda
2024-02-17,16.7,24.2,10.7,63,0.0,9.1,990.8,Bathinda
2024-02-18,18.2,26.6,10.4,64,0.0,21.1,986.4,Bathinda
2024-02-19,19.9,26.1,16.5,60,0.5,26.3,983.2,Bathinda
2024-02-20,17.2,24.2,12.1,69,0.0,17.3,985.3,Bathinda
2024-02-21,15.5,22.4,10.0,67,0.0,13.6,986.9,Bathinda
2024-02-22,14.6,21.7,8.4,62,0.0,11.0,989.6,Bathinda
2024-02-23,14.6,21.2,9.0,54,0.0,12.1,991.6,Bathinda
2024-02-24,14.5,21.7,7.7,51,0.0,11.7,991.8,Bathinda
2024-02-25,14.8,22.3,7.9,51,0.0,10.8,994.4,Bathinda
2024-02-26,16.3,22.9,10.3,47,0.0,11.8,994.1,Bathinda
2024-02-27,15.8,20.1,11.6,62,1.9,15.4,994.4,Bathinda
2024-02-28,15.6,23.2,9.8,66,0.0,15.5,992.4,Bathinda
2024-02-29,17.3,25.1,9.9,63,0.0,10.5,990.5,Bathinda
2024-03-01,18.8,23.0,14.3,59,1.5,27.7,988.8,Bathinda
2024-03-02,18.9,24.3,14.1,66,3.1,29.0,984.0,Bathinda
2024-03-03,13.0,20.2,6.4,40,0.0,18.8,987.4,Bathinda
2024-03-04,12.4,19.3,6.5,54,0.0,13.7,992.7,Bathinda
2024-03-05,13.3,19.8,7.9,51,0.0,12.2,993.5,Bathinda
2024-03-06,14.4,22.3,7.1,53,0.0,11.6,990.9,Bathinda
2024-03-07,16.6,23.8,9.6,53,0.0,11.9,990.8,Bathinda
2024-03-08,16.6,23.9,10.3,56,0.0,12.6,992.0,Bathinda
2024-03-09,16.9,25.2,10.3,53,0.0,16.1,991.6,Bathinda
2024-03-10,19.4,27.0,11.7,49,0.0,11.0,990.6,Bathinda
2024-03-11,19.8,27.3,12.3,51,0.0,26.0,992.2,Bathinda
2024-03-12,19.7,27.1,12.3,56,0.0,12.0,990.8,Bathinda
2024-03-13,17.9,22.8,13.0,62,1.1,15.8,987.7,Bathinda
2024-03-14,19.0,26.8,11.9,59,0.0,14.2,991.4,Bathinda
2024-03-15,18.8,26.5,12.9,47,0.0,14.3,990.4,Bathinda
2024-03-16,19.2,27.7,12.2,48,0.0,10.6,991.6,Bathinda
2024-03-17,20.3,28.4,12.4,47,0.0,13.4,991.3,Bathinda
2024-03-18,20.5,29.4,12.7,51,0.0,15.5,989.3,Bathinda
2024-03-19,22.0,29.9,14.0,48,0.0,14.0,989.0,Bathinda
2024-03-20,21.8,30.3,13.4,54,0.0,12.3,989.6,Bathinda
2024-03-21,22.7,29.2,17.1,57,0.0,16.6,988.1,Bathinda
2024-03-22,23.7,30.7,18.9,59,0.0,18.5,985.6,Bathinda
2024-03-23,24.3,31.9,17.8,55,0.0,10.8,985.0,Bathinda
2024-03-24,23.3,30.0,17.4,55,0.4,14.8,987.1,Bathinda
2024-03-25,23.8,31.3,16.3,57,0.0,13.2,988.9,Bathinda
2024-03-26,25.5,33.1,18.7,51,0.0,11.8,987.2,Bathinda
2024-03-27,26.2,33.5,20.9,55,0.4,21.0,989.4,Bathinda
2024-03-28,25.8,32.5,20.4,57,0.0,19.8,987.4,Bathinda
2024-03-29,25.5,32.9,18.5,59,0.0,14.7,985.5,Bathinda
2024-03-30,24.5,31.9,19.3,58,0.5,24.9,986.3,Bathinda
2024-03-31,23.7,30.3,17.8,57,0.0,15.2,988.3,Bathinda
2024-04-01,22.4,29.5,16.5,50,0.0,14.5,985.8,Bathinda
2024-04-02,23.8,31.0,17.8,41,0.0,10.8,984.1,Bathinda
2024-04-03,24.9,33.6,17.8,37,0.0,12.7,984.5,Bathinda
2024-04-04,26.6,34.1,18.8,36,0.0,11.6,985.2,Bathinda
2024-04-05,25.4,33.1,18.3,35,0.0,13.7,985.1,Bathinda
2024-04-06,25.5,33.0,17.3,30,0.0,15.8,984.9,Bathinda
2024-04-07,25.7,34.9,16.3,31,0.0,21.4,984.4,Bathinda
2024-04-08,26.3,34.7,18.8,29,0.0,12.4,985.5,Bathinda
2024-04-09,26.8,35.4,17.9,25,0.0,12.2,986.0,Bathinda
2024-04-10,27.7,36.7,18.1,26,0.0,16.3,985.8,Bathinda
2024-04-11,28.8,36.4,21.0,26,0.0,20.1,987.3,Bathinda
2024-04-12,29.4,37.5,21.1,25,0.0,15.6,986.1,Bathinda
2024-04-13,26.5,32.4,21.3,39,1.1,25.4,986.2,Bathinda
2024-04-14,25.1,32.2,20.2,57,1.5,21.4,988.1,Bathinda
2024-04-15,26.6,32.2,21.6,57,1.2,19.2,987.2,Bathinda
2024-04-16,26.2,32.9,19.8,54,0.0,18.3,987.6,Bathinda
2024-04-17,27.0,33.8,19.3,39,0.0,19.9,985.7,Bathinda
2024-04-18,29.4,36.2,21.4,33,0.0,22.2,983.0,Bathinda
2024-04-19,29.4,35.3,24.3,36,0.0,33.1,980.5,Bathinda
2024-04-20,26.9,33.1,20.7,48,0.0,17.4,981.8,Bathinda
2024-04-21,27.6,34.5,20.8,37,0.0,16.4,982.8,Bathinda
2024-04-22,28.5,35.4,20.8,29,0.0,19.3,983.1,Bathinda
2024-04-23,29.0,36.3,22.0,28,0.0,21.8,982.7,Bathinda
2024-04-24,28.4,35.3,21.0,31,0.0,18.2,982.7,Bathinda
2024-04-25,30.3,38.6,21.5,24,0.0,17.2,982.8,Bathinda
2024-04-26,30.8,39.5,23.0,26,0.0,15.7,980.7,Bathinda
2024-04-27,28.0,35.1,21.5,36,0.0,23.0,982.2,Bathinda
2024-04-28,28.9,35.7,21.5,35,0.0,16.6,983.6,Bathinda
2024-04-29,27.1,34.0,21.7,36,1.4,26.4,983.7,Bathinda
2024-04-30,25.8,33.7,17.7,42,0.0,24.8,982.5,Bathinda
2024-05-01,23.5,30.2,16.9,38,0.0,20.3,980.9,Bathinda
2024-05-02,26.2,34.0,17.5,33,0.0,16.3,981.7,Bathinda
2024-05-03,28.9,37.1,20.5,26,0.0,11.6,982.0,Bathinda
2024-05-04,31.3,38.5,23.9,26,0.0,16.3,982.0,Bathinda
2024-05-05,31.3,38.5,24.0,28,0.0,18.6,979.4,Bathinda
2024-05-06,32.3,39.6,24.1,27,0.0,18.6,980.0,Bathinda
2024-05-07,33.4,41.1,26.0,23,0.0,18.2,981.4,Bathinda
2024-05-08,33.2,40.9,24.2,24,0.0,16.3,981.2,Bathinda
2024-05-09,33.1,40.7,26.6,29,0.0,22.5,980.1,Bathinda
2024-05-10,32.6,41.5,27.0,37,0.0,23.1,981.3,Bathinda
2024-05-11,31.4,38.9,25.2,43,1.1,17.7,984.0,Bathinda
2024-05-12,31.0,38.2,24.7,38,0.0,22.8,983.9,Bathinda
2024-05-13,31.2,39.0,23.3,31,0.0,14.9,985.0,Bathinda
2024-05-14,31.6,39.2,24.2,27,0.0,19.2,984.8,Bathinda
2024-05-15,32.7,41.0,24.4,27,0.0,13.7,984.2,Bathinda
2024-05-16,34.0,42.2,24.8,24,0.0,15.8,983.5,Bathinda
2024-05-17,33.9,42.6,25.3,27,0.0,25.4,981.0,Bathinda
2024-05-18,35.5,43.6,27.2,22,0.0,20.4,978.6,Bathinda
2024-05-19,35.2,43.6,26.9,24,0.0,21.9,977.0,Bathinda
2024-05-20,35.4,43.7,27.0,23,0.0,21.5,977.3,Bathinda
2024-05-21,35.7,43.4,26.4,21,0.0,18.0,977.9,Bathinda
2024-05-22,35.8,43.8,27.5,26,0.0,16.6,977.7,Bathinda
2024-05-23,36.0,42.3,29.8,32,0.0,19.6,977.4,Bathinda
2024-05-24,36.4,43.1,30.9,31,0.0,17.3,977.5,Bathinda
2024-05-25,35.9,43.6,28.4,28,0.0,20.2,976.4,Bathinda
2024-05-26,36.7,44.9,27.7,24,0.0,19.3,974.4,Bathinda
2024-05-27,37.2,45.7,28.3,20,0.0,23.7,971.8,Bathinda
2024-05-28,37.4,46.0,27.7,15,0.0,13.8,969.7,Bathinda
2024-05-29,37.6,46.2,27.7,15,0.0,21.0,970.2,Bathinda
2024-05-30,37.3,45.9,28.8,14,0.0,16.7,973.8,Bathinda
2024-05-31,37.0,44.7,28.0,14,0.0,17.1,975.9,Bathinda
2024-06-01,37.3,44.3,31.6,19,0.0,30.7,976.9,Bathinda
2024-06-02,36.7,43.4,30.2,22,0.0,13.8,978.4,Bathinda
2024-06-03,37.0,44.9,29.5,20,0.0,18.3,977.3,Bathinda
2024-06-04,37.4,43.9,30.6,18,0.0,19.6,976.8,Bathinda
2024-06-05,35.5,39.8,31.5,25,0.2,20.3,978.4,Bathinda
2022-04-01,23.4,32.1,14.6,51,0.0,12.5,979.0,Jalandhar
2022-04-02,24.6,34.5,16.0,53,0.0,10.4,979.7,Jalandhar
2022-04-03,25.1,35.4,17.2,38,0.0,14.6,979.6,Jalandhar
2022-04-04,25.9,34.7,16.6,40,0.0,13.3,979.8,Jalandhar
2022-04-05,26.1,34.9,18.2,40,0.0,11.8,982.5,Jalandhar
2022-04-06,26.5,35.3,16.3,43,0.0,12.9,982.3,Jalandhar
2022-04-07,27.3,36.5,19.0,45,0.0,12.1,981.5,Jalandhar
2022-04-08,27.5,37.1,18.0,49,0.0,8.8,979.0,Jalandhar
2022-04-09,28.4,37.8,19.0,42,0.0,11.5,977.6,Jalandhar
2022-04-10,28.6,38.0,20.2,43,0.0,14.0,976.9,Jalandhar
2022-04-11,28.7,38.5,19.0,44,0.0,12.2,975.7,Jalandhar
2022-04-12,29.9,38.5,22.0,33,0.0,12.9,975.1,Jalandhar
2022-04-13,29.4,37.7,22.5,38,0.1,19.2,975.4,Jalandhar
2022-04-14,28.4,36.9,20.0,31,0.0,19.1,975.5,Jalandhar
2022-04-15,27.0,34.4,20.7,35,0.6,12.9,975.9,Jalandhar
2022-04-16,27.4,36.1,18.8,35,0.0,14.8,975.4,Jalandhar
2022-04-17,28.2,37.2,18.9,35,0.0,13.0,976.2,Jalandhar
2022-04-18,29.5,39.0,19.7,35,0.0,13.6,978.0,Jalandhar
2022-04-19,30.1,38.7,21.6,34,0.0,17.9,979.5,Jalandhar
2022-04-20,29.9,37.9,22.7,33,0.0,16.7,978.2,Jalandhar
2022-04-21,28.6,36.8,22.4,30,0.2,20.0,978.8,Jalandhar
2022-04-22,27.3,35.0,19.0,38,0.0,15.1,980.8,Jalandhar
2022-04-23,27.9,35.7,19.4,35,0.0,16.8,980.6,Jalandhar
2022-04-24,27.9,36.1,18.9,34,0.0,18.1,978.4,Jalandhar
2022-04-25,28.9,36.7,20.7,33,0.0,18.4,977.0,Jalandhar
2022-04-26,29.4,38.0,20.7,30,0.0,13.2,977.8,Jalandhar
2022-04-27,30.8,39.3,21.1,30,0.0,16.6,977.0,Jalandhar
2022-04-28,31.5,40.8,22.7,32,0.0,14.9,976.6,Jalandhar
2022-04-29,32.1,41.2,23.6,26,0.0,18.3,976.6,Jalandhar
2022-04-30,31.5,40.4,22.6,29,0.0,17.1,973.4,Jalandhar
2022-05-01,31.2,38.7,24.2,33,0.2,22.1,973.0,Jalandhar
2022-05-02,31.8,38.8,25.4,38,0.0,21.9,973.3,Jalandhar
2022-05-03,30.7,35.6,27.0,45,1.6,22.6,975.6,Jalandhar
2022-05-04,29.6,34.8,24.3,46,0.6,22.0,978.3,Jalandhar
2022-05-05,29.1,36.2,22.3,44,0.0,13.8,978.5,Jalandhar
2022-05-06,30.1,36.7,22.4,35,0.0,16.3,978.0,Jalandhar
2022-05-07,29.8,37.7,21.6,38,0.0,16.6,977.6,Jalandhar
2022-05-08,30.7,38.9,22.8,38,0.0,13.4,975.4,Jalandhar
2022-05-09,31.6,38.2,25.5,43,0.0,18.2,975.6,Jalandhar
2022-05-10,31.4,36.9,26.8,48,0.0,14.3,975.8,Jalandhar
2022-05-11,32.2,39.9,25.4,45,0.0,14.8,973.9,Jalandhar
2022-05-12,33.1,40.9,26.4,42,0.0,17.1,972.3,Jalandhar
2022-05-13,32.9,41.8,25.4,36,0.0,17.1,970.1,Jalandhar
2022-05-14,33.3,42.5,24.5,25,0.0,15.0,969.8,Jalandhar
2022-05-15,33.4,43.3,24.1,26,0.0,14.2,970.6,Jalandhar
2022-05-16,33.1,39.9,27.9,30,0.0,18.9,971.4,Jalandhar
2022-05-17,31.3,38.4,25.0,36,0.9,14.9,972.6,Jalandhar
2022-05-18,32.1,40.0,24.2,33,0.0,16.0,974.2,Jalandhar
2022-05-19,32.4,40.9,24.6,32,0.0,20.8,973.5,Jalandhar
2022-05-20,33.7,43.1,24.9,24,0.0,23.4,970.1,Jalandhar
2022-05-21,32.4,39.3,23.9,26,0.0,17.8,968.4,Jalandhar
2022-05-22,31.3,38.7,22.7,32,0.0,14.1,967.1,Jalandhar
2022-05-23,27.5,34.6,22.4,51,9.2,28.8,969.8,Jalandhar
2022-05-24,23.6,29.1,20.0,70,6.5,19.1,977.8,Jalandhar
2022-05-25,26.9,33.1,19.6,55,0.0,7.1,977.9,Jalandhar
2022-05-26,29.3,35.6,22.7,51,0.0,10.3,975.1,Jalandhar
2022-05-27,30.8,37.5,24.2,50,0.0,11.0,972.0,Jalandhar
2022-05-28,31.6,37.9,25.6,52,0.7,18.9,970.4,Jalandhar
2022-05-29,31.3,37.9,25.3,51,0.5,13.7,970.9,Jalandhar
2022-05-30,30.6,35.3,26.2,55,1.2,20.5,971.9,Jalandhar
2022-05-31,31.7,38.2,24.8,43,0.1,10.9,972.5,Jalandhar
2022-06-01,31.8,39.7,23.1,35,0.0,12.9,972.8,Jalandhar
2022-06-02,31.9,40.0,23.8,32,0.0,20.0,972.5,Jalandhar
2022-06-03,32.6,40.4,24.2,27,0.0,18.4,971.6,Jalandhar
2022-06-04,32.9,41.4,23.7,30,0.0,12.6,971.7,Jalandhar
2022-06-05,32.7,41.4,23.7,29,0.0,11.2,971.6,Jalandhar
2022-06-06,33.4,41.3,24.8,29,0.0,10.2,970.9,Jalandhar
2022-06-07,34.1,42.3,26.1,29,0.0,16.7,970.3,Jalandhar
2022-06-08,34.8,42.4,27.6,25,0.0,13.4,969.8,Jalandhar
2022-06-09,34.6,42.3,26.3,26,0.0,12.8,969.0,Jalandhar
2022-06-10,34.0,42.2,25.2,28,0.0,24.2,969.7,Jalandhar
2022-06-11,34.2,41.4,26.9,29,0.0,21.6,970.2,Jalandhar
2022-06-12,34.4,41.2,26.7,29,0.0,11.3,971.7,Jalandhar
2022-06-13,35.2,41.9,27.8,28,0.0,19.3,973.3,Jalandhar
2022-06-14,35.2,42.7,27.5,28,0.0,15.6,972.2,Jalandhar
2022-06-15,35.8,42.6,28.8,30,0.0,14.7,970.5,Jalandhar
2022-06-16,32.7,37.8,28.2,44,3.1,18.7,971.6,Jalandhar
2022-06-17,29.6,34.9,25.8,63,0.1,18.0,972.5,Jalandhar
2022-06-18,26.2,32.1,22.1,79,13.6,21.7,974.2,Jalandhar
2022-06-19,26.8,32.4,21.3,73,0.8,8.8,973.3,Jalandhar
2022-06-20,27.1,31.4,22.7,70,1.0,16.9,971.6,Jalandhar
2022-06-21,25.1,28.4,21.8,81,5.4,24.1,971.2,Jalandhar
2022-06-22,26.4,31.3,22.3,76,22.8,19.7,976.6,Jalandhar
2022-06-23,27.5,33.8,22.6,67,0.0,14.2,976.9,Jalandhar
2022-06-24,28.2,34.7,21.3,62,0.0,11.3,974.0,Jalandhar
2022-06-25,29.8,36.3,22.7,61,0.0,9.8,971.6,Jalandhar
2022-06-26,31.2,36.9,24.9,60,0.1,10.3,973.0,Jalandhar
2022-06-27,32.1,36.6,28.2,65,0.1,12.7,974.0,Jalandhar
2022-06-28,32.7,37.7,27.7,65,1.0,14.5,970.8,Jalandhar
2022-06-29,32.5,36.8,28.8,66,0.1,23.0,968.0,Jalandhar
2022-06-30,27.1,29.7,24.8,85,11.3,28.4,970.6,Jalandhar
2022-07-01,27.7,31.8,24.6,82,14.2,14.3,972.5,Jalandhar
2022-07-02,29.5,33.4,25.7,78,1.3,9.9,970.6,Jalandhar
2022-07-03,29.1,33.0,25.7,82,7.8,15.5,971.9,Jalandhar
2022-07-04,30.6,34.7,26.8,78,0.2,11.9,971.2,Jalandhar
2022-07-05,31.7,35.6,28.2,73,2.9,11.1,971.0,Jalandhar
2022-07-06,29.7,35.1,26.3,81,3.0,19.4,974.4,Jalandhar
2022-07-07,30.4,34.6,26.6,78,0.8,14.5,976.0,Jalandhar
2022-07-08,29.8,34.7,25.1,82,22.7,10.0,973.4,Jalandhar
2022-07-09,29.0,35.0,26.3,85,12.0,16.6,971.0,Jalandhar
2022-07-10,26.8,30.7,24.4,87,24.4,13.9,973.4,Jalandhar
2022-07-11,29.3,32.8,25.5,84,3.8,6.6,973.4,Jalandhar
2022-07-12,29.6,34.1,25.4,81,6.4,10.5,972.6,Jalandhar
2022-07-13,28.9,33.5,25.3,84,3.1,11.3,971.1,Jalandhar
2022-07-14,28.3,32.7,25.7,86,4.9,13.5,971.5,Jalandhar
2022-07-15,28.9,33.2,25.8,79,4.0,13.0,973.9,Jalandhar
2022-07-16,30.0,34.9,24.8,75,0.0,6.9,973.8,Jalandhar
2022-07-17,27.7,31.2,24.5,87,25.3,14.4,976.3,Jalandhar
2022-07-18,30.1,34.6,25.3,78,0.0,6.6,974.2,Jalandhar
2022-07-19,30.9,34.5,26.8,77,0.1,6.5,972.4,Jalandhar
2022-07-20,28.8,32.0,25.6,87,26.6,15.1,971.6,Jalandhar
2022-07-21,25.8,29.5,24.2,91,66.1,15.2,974.4,Jalandhar
2022-07-22,28.0,32.3,25.2,87,5.3,12.9,976.0,Jalandhar
2022-07-23,28.1,30.5,25.6,85,0.5,15.3,975.7,Jalandhar
2022-07-24,29.0,33.6,26.0,81,5.7,12.8,975.3,Jalandhar
2022-07-25,29.1,32.7,26.3,78,1.0,18.6,977.2,Jalandhar
2022-07-26,28.5,32.1,25.9,80,1.5,12.2,978.2,Jalandhar
2022-07-27,27.8,31.8,25.9,86,7.9,12.0,977.5,Jalandhar
2022-07-28,27.3,31.1,25.6,89,11.2,15.0,977.9,Jalandhar
2022-07-29,26.9,30.7,24.8,89,6.7,12.3,976.8,Jalandhar
2022-07-30,26.2,30.2,24.2,91,13.9,12.5,975.0,Jalandhar
2022-07-31,26.5,30.0,24.7,89,15.1,11.2,972.6,Jalandhar
2022-08-01,26.6,29.7,23.6,88,10.2,8.9,973.3,Jalandhar
2022-08-02,28.9,33.1,24.2,82,0.1,7.1,972.8,Jalandhar
2022-08-03,29.3,33.5,25.4,82,0.4,9.0,974.1,Jalandhar
2022-08-04,27.6,31.3,25.6,88,11.2,17.6,975.4,Jalandhar
2022-08-05,27.6,30.2,25.8,90,13.6,15.1,974.4,Jalandhar
2022-08-06,28.4,32.1,25.3,86,1.7,6.4,972.2,Jalandhar
2022-08-07,27.8,31.9,25.9,90,3.5,14.1,972.0,Jalandhar
2022-08-08,29.5,33.4,25.1,81,0.2,6.5,972.4,Jalandhar
2022-08-09,30.0,33.6,26.7,82,1.6,11.8,972.4,Jalandhar
2022-08-10,30.3,34.5,26.4,81,0.0,10.4,970.3,Jalandhar
2022-08-11,26.9,28.7,25.1,87,21.0,17.6,973.8,Jalandhar
2022-08-12,29.4,34.2,25.4,73,0.0,8.0,972.9,Jalandhar
2022-08-13,29.7,34.5,25.6,80,0.0,6.5,972.3,Jalandhar
2022-08-14,29.1,33.2,26.2,83,13.2,13.0,974.2,Jalandhar
2022-08-15,26.8,30.7,25.2,89,28.8,12.7,976.9,Jalandhar
2022-08-16,28.5,32.4,25.2,78,0.0,9.7,975.3,Jalandhar
2022-08-17,28.6,31.9,26.3,78,0.1,17.1,975.5,Jalandhar
2022-08-18,29.0,32.9,25.3,79,0.2,7.0,974.3,Jalandhar
2022-08-19,28.5,32.3,26.2,85,2.7,11.2,973.9,Jalandhar
2022-08-20,27.6,31.4,25.0,85,3.4,11.1,975.4,Jalandhar
2022-08-21,28.3,32.2,24.1,83,1.2,9.9,974.2,Jalandhar
2022-08-22,29.2,33.6,25.1,79,0.0,7.6,972.3,Jalandhar
2022-08-23,30.1,34.1,25.7,78,0.7,13.5,974.3,Jalandhar
2022-08-24,28.4,32.1,26.7,82,13.6,17.8,977.7,Jalandhar
2022-08-25,28.4,31.8,25.5,84,2.8,9.5,977.1,Jalandhar
2022-08-26,28.9,32.5,25.7,79,2.4,9.4,976.3,Jalandhar
2022-08-27,28.5,32.1,25.5,82,3.6,12.4,975.2,Jalandhar
2022-08-28,28.3,33.0,25.9,82,2.3,13.0,975.4,Jalandhar
2022-08-29,27.7,31.3,24.5,84,5.6,13.3,979.2,Jalandhar
2022-08-30,28.2,32.6,23.7,85,3.5,8.7,980.2,Jalandhar
2022-08-31,29.0,33.6,25.3,82,1.0,10.9,977.4,Jalandhar
2022-09-01,29.5,34.5,25.4,78,0.0,7.9,977.1,Jalandhar
2022-09-02,28.4,31.9,25.8,82,0.3,12.8,978.7,Jalandhar
2022-09-03,28.4,32.7,25.2,81,2.1,11.9,976.0,Jalandhar
2022-09-04,28.6,32.8,24.8,76,0.3,12.6,974.7,Jalandhar
2022-09-05,28.2,33.3,25.3,78,0.3,8.5,976.7,Jalandhar
2022-09-06,27.8,32.3,24.1,82,0.5,8.4,978.3,Jalandhar
2022-09-07,29.0,33.2,24.5,71,0.0,6.3,979.8,Jalandhar
2022-09-08,29.0,33.7,24.6,74,0.0,6.6,980.5,Jalandhar
2022-09-09,28.7,33.3,25.4,80,0.5,15.5,980.3,Jalandhar
2022-09-10,28.5,32.9,25.7,78,0.2,17.7,979.3,Jalandhar
2022-09-11,27.7,32.5,24.8,80,4.1,15.4,977.7,Jalandhar
2022-09-12,27.7,32.5,23.6,79,0.1,17.2,976.3,Jalandhar
2022-09-13,28.4,33.1,24.0,76,0.0,8.5,976.4,Jalandhar
2022-09-14,28.6,33.5,24.4,75,0.0,6.3,977.0,Jalandhar
2022-09-15,27.6,31.8,23.3,78,0.1,16.6,975.7,Jalandhar
2022-09-16,27.1,31.9,21.9,78,1.2,15.0,972.9,Jalandhar
2022-09-17,28.1,32.8,23.6,76,0.5,8.8,974.2,Jalandhar
2022-09-18,28.4,34.2,23.3,73,0.0,9.2,977.4,Jalandhar
2022-09-19,28.4,34.3,22.9,72,0.0,6.9,977.9,Jalandhar
2022-09-20,28.3,32.1,25.3,73,0.0,13.3,978.1,Jalandhar
2022-09-21,27.3,30.1,25.2,82,9.5,9.8,978.2,Jalandhar
2022-09-22,26.6,29.9,24.2,84,0.0,12.1,978.1,Jalandhar
2022-09-23,26.4,30.2,23.7,82,1.3,8.1,977.3,Jalandhar
2022-09-24,25.0,27.8,23.3,87,37.1,7.4,976.3,Jalandhar
2022-09-25,24.4,27.9,22.5,85,123.3,17.7,976.3,Jalandhar
2022-09-26,24.8,29.9,20.5,84,0.0,9.4,981.0,Jalandhar
2022-09-27,25.6,30.4,21.0,83,0.0,6.9,979.4,Jalandhar
2022-09-28,25.8,30.3,21.7,82,0.0,7.4,978.4,Jalandhar
2022-09-29,26.4,31.3,21.9,80,0.0,8.7,978.4,Jalandhar
2022-09-30,26.9,32.0,22.3,78,0.1,8.9,978.7,Jalandhar
2022-10-01,26.8,32.4,22.3,77,0.1,7.8,977.6,Jalandhar
2022-10-02,26.5,33.0,21.4,77,0.0,8.7,978.3,Jalandhar
2022-10-03,26.5,33.1,20.9,74,0.0,10.3,979.2,Jalandhar
2022-10-04,26.5,32.5,22.0,73,0.0,9.2,980.7,Jalandhar
2022-10-05,26.1,32.4,20.7,72,0.0,9.4,979.9,Jalandhar
2022-10-06,25.3,30.6,20.9,78,0.0,12.2,980.7,Jalandhar
2022-10-07,25.2,29.8,21.6,79,0.3,10.9,982.2,Jalandhar
2022-10-08,24.4,29.0,21.1,79,0.1,9.2,983.1,Jalandhar
2022-10-09,24.1,28.9,20.6,83,3.6,8.9,982.6,Jalandhar
2022-10-10,23.1,27.4,20.1,84,0.9,12.5,983.9,Jalandhar
2022-10-11,22.2,26.9,19.1,85,15.3,12.0,982.8,Jalandhar
2022-10-12,22.3,27.8,17.9,81,0.0,12.7,983.6,Jalandhar
2022-10-13,23.6,29.8,18.4,71,0.0,10.9,984.3,Jalandhar
2022-10-14,23.7,29.8,19.5,66,0.0,12.2,984.0,Jalandhar
2022-10-15,23.1,30.1,16.9,70,0.0,10.8,983.0,Jalandhar
2022-10-16,23.7,30.7,17.1,71,0.0,7.8,985.3,Jalandhar
2022-10-17,23.7,30.6,17.4,69,0.0,8.3,985.3,Jalandhar
2022-10-18,22.6,30.1,17.2,70,0.0,9.0,983.6,Jalandhar
2022-10-19,22.1,30.1,16.5,68,0.0,9.6,983.4,Jalandhar
2022-10-20,21.3,26.8,17.4,63,4.5,29.7,985.1,Jalandhar
2022-10-21,22.0,29.5,16.0,60,0.0,10.0,987.6,Jalandhar
2022-10-22,21.3,29.1,15.9,63,0.0,11.5,988.7,Jalandhar
2022-10-23,21.6,29.2,16.7,62,0.0,11.9,987.7,Jalandhar
2022-10-24,20.9,29.1,14.3,66,0.0,12.8,983.5,Jalandhar
2022-10-25,21.3,29.1,14.6,66,0.0,10.9,981.1,Jalandhar
2022-10-26,21.7,29.8,14.5,69,0.0,8.8,984.5,Jalandhar
2022-10-27,21.7,29.6,14.6,69,0.0,9.0,984.8,Jalandhar
2022-10-28,21.7,29.3,15.0,70,0.0,12.4,985.0,Jalandhar
2022-10-29,21.7,29.1,15.8,72,0.0,8.4,985.6,Jalandhar
2022-10-30,21.8,29.1,15.7,73,0.0,8.7,986.1,Jalandhar
2022-10-31,21.6,29.4,15.7,73,0.0,8.6,985.7,Jalandhar
2022-11-01,21.2,28.8,16.4,74,7.8,25.6,986.0,Jalandhar
2022-11-02,21.8,29.0,17.2,65,0.0,11.3,985.2,Jalandhar
2022-11-03,21.4,28.0,15.5,69,0.0,9.2,983.8,Jalandhar
2022-11-04,20.7,28.6,15.4,78,0.0,7.6,985.0,Jalandhar
2022-11-05,21.2,28.4,16.3,79,0.0,19.2,986.9,Jalandhar
2022-11-06,22.1,27.5,17.8,72,5.6,22.9,987.3,Jalandhar
2022-11-07,20.8,28.4,16.8,81,0.0,13.6,986.9,Jalandhar
2022-11-08,19.1,26.7,15.2,85,4.9,32.0,987.4,Jalandhar
2022-11-09,18.0,25.2,14.1,84,5.7,30.1,987.8,Jalandhar
2022-11-10,18.5,25.0,13.8,74,0.0,10.5,989.1,Jalandhar
2022-11-11,16.9,23.9,11.8,75,0.0,11.7,989.0,Jalandhar
2022-11-12,16.5,23.2,10.9,73,0.0,12.8,988.3,Jalandhar
2022-11-13,17.5,23.7,10.5,69,0.0,6.8,986.6,Jalandhar
2022-11-14,17.7,21.5,14.5,68,1.2,20.4,987.8,Jalandhar
2022-11-15,17.0,23.6,12.6,76,0.0,10.2,987.8,Jalandhar
2022-11-16,16.1,22.3,11.5,78,0.0,9.9,986.4,Jalandhar
2022-11-17,15.8,22.8,10.7,79,0.0,13.2,986.1,Jalandhar
2022-11-18,16.4,22.9,11.1,72,0.0,9.4,987.0,Jalandhar
2022-11-19,15.3,22.3,9.1,77,0.0,10.8,988.2,Jalandhar
2022-11-20,14.8,23.0,9.7,80,0.0,11.4,986.7,Jalandhar
2022-11-21,14.6,22.5,9.1,78,0.0,12.6,985.5,Jalandhar
2022-11-22,15.0,23.2,9.2,75,0.0,11.0,985.2,Jalandhar
2022-11-23,15.4,23.0,10.0,76,0.0,11.0,985.6,Jalandhar
2022-11-24,14.9,22.7,8.4,76,0.0,10.2,985.2,Jalandhar
2022-11-25,15.3,23.8,9.5,74,0.0,10.3,988.0,Jalandhar
2022-11-26,15.3,23.2,8.8,77,0.0,11.6,985.0,Jalandhar
2022-11-27,16.4,23.0,11.3,75,0.0,9.2,983.1,Jalandhar
2022-11-28,15.6,22.9,8.5,81,0.0,11.5,984.7,Jalandhar
2022-11-29,14.9,22.3,9.5,85,0.0,12.1,986.8,Jalandhar
2022-11-30,15.1,22.1,9.5,84,0.0,12.4,987.9,Jalandhar
2022-12-01,15.1,22.4,8.8,81,0.0,12.3,986.4,Jalandhar
2022-12-02,15.1,21.4,9.5,81,0.0,9.5,985.5,Jalandhar
2022-12-03,15.2,22.3,10.6,81,0.0,11.9,986.6,Jalandhar
2022-12-04,14.2,22.2,7.9,76,0.0,11.5,986.9,Jalandhar
2022-12-05,14.2,21.6,7.9,77,0.0,12.6,988.6,Jalandhar
2022-12-06,13.1,21.3,7.3,78,0.0,12.2,987.7,Jalandhar
2022-12-07,12.8,21.3,6.2,76,0.0,12.3,986.6,Jalandhar
2022-12-08,14.5,22.0,9.3,75,0.0,10.2,987.1,Jalandhar
2022-12-09,14.4,22.7,8.0,76,0.0,11.0,986.1,Jalandhar
2022-12-10,14.9,22.7,10.0,75,0.0,12.0,986.8,Jalandhar
2022-12-11,14.2,23.2,8.1,70,0.0,11.5,987.4,Jalandhar
2022-12-12,13.6,22.6,7.3,68,0.0,12.3,986.6,Jalandhar
2022-12-13,13.9,22.8,7.6,62,0.0,12.5,988.1,Jalandhar
2022-12-14,12.6,20.1,5.0,66,0.0,13.3,987.3,Jalandhar
2022-12-15,13.4,20.5,7.0,69,0.0,9.0,985.9,Jalandhar
2022-12-16,13.4,21.0,7.0,72,0.0,9.4,984.7,Jalandhar
2022-12-17,13.3,21.2,6.4,77,0.0,10.8,986.6,Jalandhar
2022-12-18,13.3,20.5,7.2,82,0.0,7.9,987.3,Jalandhar
2022-12-19,12.6,19.7,7.8,88,0.0,11.0,986.1,Jalandhar
2022-12-20,11.7,18.2,8.2,90,0.0,10.8,985.3,Jalandhar
2022-12-21,11.2,18.4,6.9,89,0.0,10.7,986.9,Jalandhar
2022-12-22,10.4,16.5,7.5,92,0.0,10.7,986.7,Jalandhar
2022-12-23,9.6,14.9,6.7,89,0.0,8.0,986.3,Jalandhar
2022-12-24,8.8,15.5,5.8,89,0.0,11.9,988.3,Jalandhar
2022-12-25,9.1,16.0,4.5,89,0.0,10.7,988.2,Jalandhar
2022-12-26,9.8,17.6,5.0,88,0.0,11.1,989.9,Jalandhar
2022-12-27,8.9,16.4,4.5,89,0.0,12.0,989.6,Jalandhar
2022-12-28,9.3,17.0,4.0,85,0.0,11.1,989.0,Jalandhar
2022-12-29,10.3,13.2,6.1,89,0.8,10.2,989.3,Jalandhar
2022-12-30,13.3,19.8,9.0,81,0.4,15.1,991.1,Jalandhar
2022-12-31,10.0,17.1,4.7,89,0.0,11.3,990.6,Jalandhar
2023-01-01,10.4,15.4,6.3,87,0.0,6.6,991.2,Jalandhar
2023-01-02,8.9,15.0,4.5,90,0.0,8.2,992.5,Jalandhar
2023-01-03,8.5,14.9,5.1,92,0.0,11.5,993.8,Jalandhar
2023-01-04,8.1,15.3,4.6,92,0.0,10.4,993.8,Jalandhar
2023-01-05,8.3,15.2,4.4,91,0.0,7.9,994.8,Jalandhar
2023-01-06,7.1,11.6,4.2,93,0.0,8.3,995.3,Jalandhar
2023-01-07,8.9,14.9,5.0,90,0.5,11.8,993.3,Jalandhar
2023-01-08,9.6,15.0,5.2,92,0.0,10.6,990.4,Jalandhar
2023-01-09,9.6,15.3,5.9,93,0.0,7.3,991.4,Jalandhar
2023-01-10,10.2,16.4,7.3,92,0.0,10.0,990.7,Jalandhar
2023-01-11,10.5,13.5,6.7,94,2.0,10.9,986.0,Jalandhar
2023-01-12,12.0,18.5,6.8,85,0.0,11.2,984.2,Jalandhar
2023-01-13,11.8,15.9,8.3,90,6.9,12.9,985.4,Jalandhar
2023-01-14,10.0,14.2,6.1,89,0.0,10.0,988.4,Jalandhar
2023-01-15,7.6,14.9,2.5,75,0.0,11.2,986.5,Jalandhar
2023-01-16,7.5,15.4,1.4,76,0.0,10.8,987.7,Jalandhar
2023-01-17,7.5,14.8,0.5,74,0.0,11.7,988.2,Jalandhar
2023-01-18,9.0,15.2,2.1,76,0.0,9.1,990.2,Jalandhar
2023-01-19,12.2,18.5,6.7,70,0.0,11.3,990.5,Jalandhar
2023-01-20,10.3,13.6,6.8,83,1.4,10.0,989.9,Jalandhar
2023-01-21,11.0,18.6,6.8,83,0.0,11.3,989.0,Jalandhar
2023-01-22,10.7,18.4,6.3,79,0.0,13.6,988.1,Jalandhar
2023-01-23,11.8,19.1,5.5,79,0.0,11.6,987.9,Jalandhar
2023-01-24,11.7,18.1,5.4,86,0.7,20.5,985.8,Jalandhar
2023-01-25,13.5,16.9,11.4,90,2.1,10.1,987.7,Jalandhar
2023-01-26,11.7,16.7,8.5,90,0.1,11.3,990.5,Jalandhar
2023-01-27,10.2,18.3,4.0,77,0.0,13.8,989.7,Jalandhar
2023-01-28,11.2,19.5,3.9,78,0.0,11.6,986.1,Jalandhar
2023-01-29,11.4,17.7,5.7,88,3.4,16.3,985.0,Jalandhar
2023-01-30,13.4,17.8,10.6,83,7.1,19.1,989.8,Jalandhar
2023-01-31,12.3,18.6,7.8,85,0.0,14.5,990.9,Jalandhar
2023-02-01,11.0,18.5,5.1,83,0.0,11.7,989.3,Jalandhar
2023-02-02,11.5,19.0,4.7,81,0.0,10.7,987.8,Jalandhar
2023-02-03,13.1,20.8,6.3,79,0.0,9.9,987.3,Jalandhar
2023-02-04,13.8,21.3,7.4,83,0.0,11.2,985.3,Jalandhar
2023-02-05,13.8,21.6,7.1,78,0.0,8.8,983.7,Jalandhar
2023-02-06,15.0,21.7,8.5,75,2.2,17.1,983.8,Jalandhar
2023-02-07,13.7,21.4,8.8,70,0.0,14.6,983.8,Jalandhar
2023-02-08,14.1,21.0,7.4,69,0.0,8.9,985.4,Jalandhar
2023-02-09,14.6,20.3,7.2,72,0.0,14.6,983.0,Jalandhar
2023-02-10,17.7,24.1,12.5,64,2.2,22.3,983.0,Jalandhar
2023-02-11,14.8,21.9,10.2,69,0.0,11.6,985.9,Jalandhar
2023-02-12,12.6,19.5,6.5,54,0.0,17.1,989.9,Jalandhar
2023-02-13,10.8,19.0,4.1,54,0.0,12.5,988.1,Jalandhar
2023-02-14,13.7,21.7,6.1,64,0.0,9.7,987.5,Jalandhar
2023-02-15,16.0,24.7,8.1,66,0.0,12.4,985.1,Jalandhar
2023-02-16,18.4,26.5,10.7,66,0.0,7.4,986.3,Jalandhar
2023-02-17,17.7,25.6,10.9,79,0.0,10.4,988.0,Jalandhar
2023-02-18,17.3,25.3,10.7,84,0.0,8.2,986.7,Jalandhar
2023-02-19,18.3,25.7,12.5,80,0.0,9.3,985.6,Jalandhar
2023-02-20,20.3,27.6,14.9,80,0.0,11.8,982.6,Jalandhar
2023-02-21,19.6,26.6,13.7,68,0.0,19.1,983.5,Jalandhar
2023-02-22,17.9,25.7,11.9,68,0.0,12.0,984.9,Jalandhar
2023-02-23,18.1,26.3,10.9,64,0.0,13.7,984.8,Jalandhar
2023-02-24,17.9,26.3,9.0,60,0.0,12.9,986.3,Jalandhar
2023-02-25,18.5,26.9,10.6,67,0.0,10.3,987.8,Jalandhar
2023-02-26,18.2,26.2,11.5,72,0.2,16.1,989.9,Jalandhar
2023-02-27,18.6,27.4,11.3,63,0.0,12.2,989.5,Jalandhar
2023-02-28,16.8,21.7,12.2,66,8.8,19.8,990.3,Jalandhar
2023-03-01,19.3,26.3,14.4,69,2.8,10.1,992.0,Jalandhar
2023-03-02,19.7,27.6,13.3,63,0.0,11.4,991.2,Jalandhar
2023-03-03,19.6,27.2,13.9,65,0.0,11.3,991.5,Jalandhar
2023-03-04,19.6,26.7,13.3,64,0.0,9.7,991.4,Jalandhar
2023-03-05,19.6,26.8,13.8,64,0.0,11.3,990.4,Jalandhar
2023-03-06,19.9,27.8,13.2,57,0.0,13.2,987.6,Jalandhar
2023-03-07,19.9,27.8,11.6,58,0.0,10.6,987.2,Jalandhar
2023-03-08,19.6,27.5,12.3,63,0.0,9.5,988.2,Jalandhar
2023-03-09,20.0,27.7,13.3,64,0.0,8.9,988.7,Jalandhar
2023-03-10,21.0,28.5,13.6,64,0.0,9.2,987.4,Jalandhar
2023-03-11,21.5,29.1,14.3,67,0.0,9.5,987.1,Jalandhar
2023-03-12,21.5,29.2,14.9,67,0.2,13.5,986.9,Jalandhar
2023-03-13,21.8,29.0,16.6,70,1.6,9.8,985.7,Jalandhar
2023-03-14,21.7,29.3,15.3,69,0.0,9.0,982.6,Jalandhar
2023-03-15,21.9,29.8,14.8,65,0.0,8.9,981.5,Jalandhar
2023-03-16,21.6,28.8,16.0,64,0.5,9.7,982.3,Jalandhar
2023-03-17,19.1,24.9,15.5,70,0.4,21.4,984.8,Jalandhar
2023-03-18,17.7,23.1,15.1,82,16.2,11.3,984.0,Jalandhar
2023-03-19,18.4,24.4,13.0,81,2.1,7.5,981.5,Jalandhar
2023-03-20,17.7,23.1,14.3,87,20.0,13.8,980.3,Jalandhar
2023-03-21,18.0,23.9,12.9,79,0.8,9.4,981.3,Jalandhar
2023-03-22,18.7,25.0,12.6,77,0.0,10.4,982.6,Jalandhar
2023-03-23,19.2,25.4,13.6,74,0.0,12.1,981.5,Jalandhar
2023-03-24,17.6,22.9,13.4,84,13.0,17.6,981.1,Jalandhar
2023-03-25,18.4,24.0,14.7,82,21.2,24.4,984.1,Jalandhar
2023-03-26,18.3,24.5,12.7,75,0.0,13.7,984.1,Jalandhar
2023-03-27,18.6,25.0,12.4,73,0.0,9.0,982.6,Jalandhar
2023-03-28,20.3,26.6,13.4,66,0.0,8.0,982.3,Jalandhar
2023-03-29,20.9,28.1,13.6,69,0.0,11.8,982.7,Jalandhar
2023-03-30,21.8,29.1,16.7,64,0.0,17.0,981.1,Jalandhar
2023-03-31,18.2,20.8,16.2,84,6.4,19.1,980.8,Jalandhar
2023-04-01,17.7,23.1,14.8,87,21.6,13.0,981.7,Jalandhar
2023-04-02,19.0,25.4,12.9,78,0.1,9.2,980.9,Jalandhar
2023-04-03,18.8,23.6,13.8,78,5.4,16.2,980.0,Jalandhar
2023-04-04,19.4,26.5,13.6,73,0.7,14.7,982.3,Jalandhar
2023-04-05,20.3,27.7,12.6,65,0.0,11.8,982.6,Jalandhar
2023-04-06,21.0,28.2,13.5,58,0.0,14.1,985.0,Jalandhar
2023-04-07,20.4,29.1,13.1,57,0.0,14.9,986.3,Jalandhar
2023-04-08,21.9,30.4,12.9,53,0.0,11.1,986.5,Jalandhar
2023-04-09,23.0,31.5,14.3,49,0.0,10.7,986.4,Jalandhar
2023-04-10,24.1,32.5,15.5,45,0.0,13.5,984.5,Jalandhar
2023-04-11,24.9,33.7,16.9,43,0.0,19.7,984.2,Jalandhar
2023-04-12,26.2,34.7,17.8,41,0.0,13.1,983.4,Jalandhar
2023-04-13,26.6,35.2,17.7,42,0.0,16.9,981.9,Jalandhar
2023-04-14,27.5,36.8,18.6,40,0.0,12.4,980.7,Jalandhar
2023-04-15,28.6,37.1,19.2,35,0.0,11.5,980.2,Jalandhar
2023-04-16,28.2,36.9,20.9,35,0.0,16.1,979.5,Jalandhar
2023-04-17,29.1,37.4,19.4,34,0.0,12.3,979.1,Jalandhar
2023-04-18,27.9,35.7,22.5,40,2.1,18.4,980.6,Jalandhar
2023-04-19,24.9,29.9,20.7,58,20.2,20.2,978.9,Jalandhar
2023-04-20,23.6,29.2,18.4,56,0.0,20.7,976.5,Jalandhar
2023-04-21,22.8,29.3,16.7,52,0.8,14.8,977.7,Jalandhar
2023-04-22,22.8,29.3,15.2,48,0.0,23.5,978.9,Jalandhar
2023-04-23,23.3,31.5,14.7,43,0.0,10.8,979.3,Jalandhar
2023-04-24,24.4,32.6,15.8,43,0.0,11.5,982.1,Jalandhar
2023-04-25,25.7,33.0,19.0,42,0.0,16.3,983.6,Jalandhar
2023-04-26,25.9,32.5,18.3,45,0.0,15.4,980.6,Jalandhar
2023-04-27,25.6,33.5,19.9,45,0.3,25.6,980.5,Jalandhar
2023-04-28,25.6,32.8,17.8,47,0.0,18.1,981.2,Jalandhar
2023-04-29,26.6,34.1,20.2,44,0.0,15.8,979.8,Jalandhar
2023-04-30,24.7,30.2,19.6,58,3.2,18.2,979.2,Jalandhar
2023-05-01,21.9,26.3,19.4,75,15.4,18.1,980.3,Jalandhar
2023-05-02,20.9,25.9,18.2,79,11.4,15.8,982.0,Jalandhar
2023-05-03,21.5,27.7,17.6,81,14.2,17.4,982.7,Jalandhar
2023-05-04,23.0,28.8,17.1,71,2.6,8.7,982.3,Jalandhar
2023-05-05,24.5,30.3,19.1,60,0.0,11.5,980.5,Jalandhar
2023-05-06,25.5,31.7,20.0,50,0.2,18.4,978.5,Jalandhar
2023-05-07,25.4,33.5,19.1,48,0.0,16.5,977.6,Jalandhar
2023-05-08,24.5,32.7,19.1,47,0.0,31.6,977.4,Jalandhar
2023-05-09,25.0,32.5,17.5,41,0.0,13.9,980.6,Jalandhar
2023-05-10,25.2,33.6,17.1,43,0.0,13.9,978.7,Jalandhar
2023-05-11,27.4,35.6,17.9,43,0.0,11.2,979.0,Jalandhar
2023-05-12,27.9,37.3,18.5,41,0.0,12.3,978.3,Jalandhar
2023-05-13,29.0,37.8,19.9,39,0.0,16.4,977.7,Jalandhar
2023-05-14,30.1,38.3,21.1,32,0.0,21.7,975.4,Jalandhar
2023-05-15,30.2,38.2,22.7,31,0.0,16.6,974.5,Jalandhar
2023-05-16,29.5,37.4,20.7,35,0.0,15.2,976.2,Jalandhar
2023-05-17,30.3,38.2,22.2,37,0.2,19.6,977.3,Jalandhar
2023-05-18,26.8,33.1,20.7,50,3.2,15.1,981.6,Jalandhar
2023-05-19,28.0,35.1,20.5,47,0.0,13.7,978.8,Jalandhar
2023-05-20,29.5,37.7,21.8,44,0.0,12.0,976.2,Jalandhar
2023-05-21,30.5,39.0,21.1,42,0.0,11.9,976.6,Jalandhar
2023-05-22,31.5,40.3,22.6,38,0.0,17.6,976.8,Jalandhar
2023-05-23,30.8,39.8,24.8,46,8.0,15.8,977.0,Jalandhar
2023-05-24,26.0,31.9,22.1,64,18.5,24.1,977.2,Jalandhar
2023-05-25,26.2,32.4,21.4,66,1.0,13.9,977.6,Jalandhar
2023-05-26,24.9,30.1,20.5,70,2.5,14.5,978.6,Jalandhar
2023-05-27,26.1,32.5,20.4,63,1.1,13.0,978.0,Jalandhar
2023-05-28,27.4,33.5,21.0,56,0.0,9.0,978.7,Jalandhar
2023-05-29,26.1,31.6,21.9,67,2.1,17.5,981.2,Jalandhar
2023-05-30,26.3,31.3,21.7,64,0.0,15.9,981.2,Jalandhar
2023-05-31,22.5,26.8,20.2,85,37.9,13.8,979.5,Jalandhar
2023-06-01,23.5,28.8,18.5,76,0.3,15.8,979.5,Jalandhar
2023-06-02,24.0,29.2,19.3,70,1.0,10.5,978.8,Jalandhar
2023-06-03,26.7,32.2,20.6,62,0.0,8.2,978.6,Jalandhar
2023-06-04,28.2,33.8,21.7,59,0.1,8.0,977.9,Jalandhar
2023-06-05,28.7,35.8,22.1,55,0.0,18.9,976.2,Jalandhar
2023-06-06,28.1,35.4,22.4,54,0.6,13.3,976.7,Jalandhar
2023-06-07,27.2,33.2,23.1,61,0.8,18.1,977.0,Jalandhar
2023-06-08,29.3,36.4,23.4,55,0.0,14.5,975.9,Jalandhar
2023-06-09,30.6,38.1,22.8,51,0.0,13.1,972.8,Jalandhar
2023-06-10,31.6,37.9,24.2,50,1.3,18.6,971.3,Jalandhar
2023-06-11,30.3,36.8,24.6,59,0.0,15.6,971.9,Jalandhar
2023-06-12,31.2,37.6,24.3,59,0.1,12.5,971.3,Jalandhar
2023-06-13,31.5,39.5,26.3,59,0.0,32.8,971.2,Jalandhar
2023-06-14,29.6,35.0,24.9,65,1.5,13.6,972.2,Jalandhar
2023-06-15,28.0,33.2,24.4,72,2.8,10.1,973.8,Jalandhar
2023-06-16,29.8,35.4,24.2,65,0.0,12.4,973.0,Jalandhar
2023-06-17,31.6,37.0,25.2,61,0.0,6.1,972.9,Jalandhar
2023-06-18,30.9,35.6,26.8,65,1.0,17.6,973.3,Jalandhar
2023-06-19,32.1,37.8,26.4,60,0.0,9.2,972.5,Jalandhar
2023-06-20,32.8,38.2,26.8,60,0.0,9.1,971.4,Jalandhar
2023-06-21,33.0,38.0,28.2,59,0.0,18.2,972.2,Jalandhar
2023-06-22,32.0,37.4,26.9,71,5.2,22.1,972.2,Jalandhar
2023-06-23,32.2,37.0,28.0,69,0.1,17.8,972.3,Jalandhar
2023-06-24,31.6,37.2,26.5,69,0.0,19.7,972.1,Jalandhar
2023-06-25,29.9,35.4,25.6,74,11.1,28.6,972.7,Jalandhar
2023-06-26,27.8,32.6,24.7,81,15.0,12.7,974.8,Jalandhar
2023-06-27,28.7,33.5,25.0,79,4.5,16.2,973.5,Jalandhar
2023-06-28,29.5,34.2,26.0,78,0.8,13.2,974.7,Jalandhar
2023-06-29,28.8,32.8,26.1,80,7.1,12.3,973.8,Jalandhar
2023-06-30,29.0,33.8,24.0,78,1.4,13.5,972.1,Jalandhar
2023-07-01,29.1,34.2,23.9,77,0.0,16.5,972.9,Jalandhar
2023-07-02,29.9,35.2,24.9,75,0.0,16.5,973.4,Jalandhar
2023-07-03,31.3,36.2,27.2,72,3.1,13.8,972.6,Jalandhar
2023-07-04,30.1,35.8,25.8,78,31.9,22.9,971.1,Jalandhar
2023-07-05,26.5,28.8,25.0,90,21.5,19.7,972.0,Jalandhar
2023-07-06,27.1,33.2,23.4,85,16.9,11.5,974.4,Jalandhar
2023-07-07,27.8,31.2,24.7,83,5.7,11.6,974.9,Jalandhar
2023-07-08,25.8,27.8,24.1,92,41.5,15.5,975.5,Jalandhar
2023-07-09,25.8,28.6,23.7,90,81.6,17.1,974.0,Jalandhar
2023-07-10,25.4,27.3,24.1,89,2.4,14.9,974.7,Jalandhar
2023-07-11,28.0,33.1,23.3,82,0.2,7.3,974.1,Jalandhar
2023-07-12,28.9,33.9,24.6,81,0.8,10.0,973.6,Jalandhar
2023-07-13,29.1,33.2,25.0,80,0.3,10.9,973.7,Jalandhar
2023-07-14,29.2,32.8,26.1,82,1.0,12.0,974.4,Jalandhar
2023-07-15,29.8,34.2,26.3,80,0.8,16.6,973.2,Jalandhar
2023-07-16,28.1,31.9,25.7,88,16.9,16.3,973.9,Jalandhar
2023-07-17,29.0,33.4,26.3,86,1.2,11.7,972.9,Jalandhar
2023-07-18,28.9,32.7,26.4,86,3.4,13.0,972.8,Jalandhar
2023-07-19,28.1,31.6,26.6,86,6.3,17.3,973.3,Jalandhar
2023-07-20,30.2,34.1,26.2,79,0.0,8.2,973.2,Jalandhar
2023-07-21,30.7,35.2,28.0,81,0.2,9.1,974.3,Jalandhar
2023-07-22,28.2,31.2,26.4,88,30.7,15.6,977.6,Jalandhar
2023-07-23,29.3,33.1,25.7,81,6.9,9.8,977.6,Jalandhar
2023-07-24,29.4,32.4,26.0,84,3.3,12.4,975.3,Jalandhar
2023-07-25,29.8,33.3,26.6,82,3.2,13.8,974.8,Jalandhar
2023-07-26,27.8,31.4,25.7,86,5.8,14.5,976.3,Jalandhar
2023-07-27,28.3,31.1,25.7,84,5.7,8.7,975.5,Jalandhar
2023-07-28,28.1,31.3,25.0,85,7.4,8.4,973.2,Jalandhar
2023-07-29,28.3,31.9,25.5,85,2.9,8.3,972.3,Jalandhar
2023-07-30,28.9,33.2,24.6,82,0.4,5.1,971.8,Jalandhar
2023-07-31,29.8,33.5,26.3,80,0.8,8.9,971.3,Jalandhar
2023-08-01,30.4,34.5,26.3,80,0.2,10.8,970.1,Jalandhar
2023-08-02,30.2,34.8,27.0,82,3.1,8.8,970.5,Jalandhar
2023-08-03,29.5,33.7,25.7,83,0.1,11.3,971.1,Jalandhar
2023-08-04,29.5,34.2,26.2,84,2.9,6.5,973.2,Jalandhar
2023-08-05,29.4,33.2,26.3,85,7.7,10.6,974.8,Jalandhar
2023-08-06,28.9,33.2,26.5,85,6.2,13.1,971.7,Jalandhar
2023-08-07,29.0,33.3,25.2,82,0.9,9.7,969.4,Jalandhar
2023-08-08,29.8,33.6,26.0,81,0.3,10.6,970.5,Jalandhar
2023-08-09,29.4,33.8,25.5,80,6.0,15.9,974.1,Jalandhar
2023-08-10,28.6,32.5,25.3,86,5.5,7.9,975.9,Jalandhar
2023-08-11,28.9,33.2,25.8,86,14.0,12.5,976.0,Jalandhar
2023-08-12,29.5,33.1,26.1,83,0.8,9.4,973.5,Jalandhar
2023-08-13,29.2,33.8,25.3,82,7.2,19.6,971.1,Jalandhar
2023-08-14,27.9,31.9,25.1,85,8.7,16.6,975.3,Jalandhar
2023-08-15,28.5,32.9,24.4,80,1.1,13.8,976.6,Jalandhar
2023-08-16,29.4,33.6,25.7,80,0.1,9.5,976.0,Jalandhar
2023-08-17,29.3,33.4,25.8,82,2.0,9.7,975.3,Jalandhar
2023-08-18,30.1,34.4,26.3,82,0.1,6.9,975.6,Jalandhar
2023-08-19,29.6,33.1,26.7,83,1.8,9.0,976.4,Jalandhar
2023-08-20,30.1,33.6,26.5,83,3.5,9.7,977.0,Jalandhar
2023-08-21,30.3,34.7,26.8,82,2.2,11.0,975.1,Jalandhar
2023-08-22,30.6,35.9,26.2,79,0.3,13.6,972.7,Jalandhar
2023-08-23,28.8,32.8,25.9,81,1.7,17.6,971.8,Jalandhar
2023-08-24,28.5,32.3,25.0,81,2.9,14.4,971.4,Jalandhar
2023-08-25,28.1,33.0,24.1,81,2.2,22.6,971.8,Jalandhar
2023-08-26,27.1,31.2,23.2,83,7.5,12.7,973.8,Jalandhar
2023-08-27,28.7,33.1,24.5,76,0.0,9.3,973.5,Jalandhar
2023-08-28,27.4,32.1,22.4,80,0.6,16.9,973.5,Jalandhar
2023-08-29,28.6,33.6,24.2,76,0.4,11.8,976.0,Jalandhar
2023-08-30,28.9,34.3,24.6,74,0.0,10.2,977.6,Jalandhar
2023-08-31,29.8,34.8,24.3,74,0.0,9.1,978.2,Jalandhar
2023-09-01,30.8,35.7,26.0,70,0.0,8.1,977.9,Jalandhar
2023-09-02,30.4,35.8,25.6,69,0.0,9.8,976.6,Jalandhar
2023-09-03,30.3,34.9,25.9,65,0.0,10.1,975.6,Jalandhar
2023-09-04,30.2,35.5,25.1,67,0.0,8.9,975.3,Jalandhar
2023-09-05,29.5,34.9,24.9,72,0.0,12.9,976.9,Jalandhar
2023-09-06,29.9,35.7,24.2,68,0.0,11.3,977.5,Jalandhar
2023-09-07,30.6,36.8,24.4,67,0.0,10.9,976.7,Jalandhar
2023-09-08,30.0,34.9,25.4,69,0.2,11.0,976.9,Jalandhar
2023-09-09,28.7,33.4,23.7,77,3.8,18.4,976.3,Jalandhar
2023-09-10,28.5,33.0,25.0,78,0.3,9.4,974.8,Jalandhar
2023-09-11,29.2,33.8,25.2,73,0.0,9.9,975.1,Jalandhar
2023-09-12,29.6,33.8,26.0,77,3.5,10.5,975.1,Jalandhar
2023-09-13,29.3,34.2,25.6,80,2.7,14.1,975.3,Jalandhar
2023-09-14,29.6,33.6,26.1,79,8.6,11.1,976.5,Jalandhar
2023-09-15,28.1,32.1,25.0,84,14.3,16.0,977.9,Jalandhar
2023-09-16,28.6,33.3,24.5,81,0.2,8.8,977.6,Jalandhar
2023-09-17,27.0,31.2,24.9,88,17.1,16.1,976.6,Jalandhar
2023-09-18,26.6,30.2,24.3,84,19.8,14.1,977.1,Jalandhar
2023-09-19,26.9,31.9,23.7,84,22.3,8.0,979.2,Jalandhar
2023-09-20,28.3,32.6,25.1,79,0.6,10.5,979.1,Jalandhar
2023-09-21,28.7,33.2,24.6,79,1.0,10.0,978.0,Jalandhar
2023-09-22,27.9,32.8,23.6,81,1.3,18.2,978.2,Jalandhar
2023-09-23,27.3,31.6,24.1,83,6.3,10.0,979.0,Jalandhar
2023-09-24,26.9,31.2,23.5,83,0.0,8.5,978.4,Jalandhar
2023-09-25,25.6,30.9,21.0,86,3.1,21.1,979.2,Jalandhar
2023-09-26,26.1,31.6,21.2,78,0.0,8.9,980.3,Jalandhar
2023-09-27,25.7,31.9,21.0,77,0.0,13.1,979.9,Jalandhar
2023-09-28,26.3,32.1,20.9,74,0.0,8.1,979.3,Jalandhar
2023-09-29,26.4,32.4,20.2,74,0.0,9.2,979.1,Jalandhar
2023-09-30,25.5,32.5,20.3,73,0.0,12.3,979.4,Jalandhar
2023-10-01,24.5,31.9,19.1,72,0.0,9.9,978.8,Jalandhar
2023-10-02,24.9,31.7,18.5,64,0.0,11.8,979.5,Jalandhar
2023-10-03,24.8,32.1,18.4,67,0.0,12.9,980.1,Jalandhar
2023-10-04,24.5,32.2,18.4,74,0.0,10.4,980.2,Jalandhar
2023-10-05,25.2,32.2,17.9,72,0.0,10.7,979.4,Jalandhar
2023-10-06,25.8,32.7,19.5,69,0.0,8.6,978.1,Jalandhar
2023-10-07,26.0,33.4,19.3,69,0.0,8.4,979.3,Jalandhar
2023-10-08,27.1,33.2,21.4,70,0.0,7.3,980.1,Jalandhar
2023-10-09,26.9,33.1,22.2,70,0.0,17.9,980.5,Jalandhar
2023-10-10,24.8,31.1,19.9,67,0.0,23.5,982.6,Jalandhar
2023-10-11,23.2,30.5,17.7,74,0.0,10.3,982.8,Jalandhar
2023-10-12,24.7,30.7,19.5,66,0.0,7.9,984.1,Jalandhar
2023-10-13,24.4,31.1,18.0,71,0.0,6.3,984.6,Jalandhar
2023-10-14,22.8,28.0,19.8,81,1.8,15.2,984.1,Jalandhar
2023-10-15,23.3,30.3,19.2,71,1.3,19.2,982.4,Jalandhar
2023-10-16,20.3,24.3,18.1,83,9.9,20.1,983.5,Jalandhar
2023-10-17,19.1,24.3,16.0,80,0.0,15.9,987.8,Jalandhar
2023-10-18,19.1,26.1,14.0,74,0.0,10.3,987.7,Jalandhar
2023-10-19,19.7,26.8,14.2,77,0.0,10.7,986.8,Jalandhar
2023-10-20,20.9,28.2,14.8,76,0.0,11.4,987.3,Jalandhar
2023-10-21,21.9,28.4,16.0,73,0.0,9.4,987.8,Jalandhar
2023-10-22,21.1,27.0,15.7,76,8.2,15.2,988.5,Jalandhar
2023-10-23,21.3,28.6,16.3,75,0.0,10.0,986.8,Jalandhar
2023-10-24,21.7,28.6,15.3,72,0.0,10.8,986.1,Jalandhar
2023-10-25,21.8,29.1,15.3,73,0.0,11.1,986.9,Jalandhar
2023-10-26,21.5,28.8,15.3,74,0.0,12.8,986.4,Jalandhar
2023-10-27,21.8,28.9,16.2,71,0.0,10.9,985.4,Jalandhar
2023-10-28,22.0,29.0,15.7,75,0.0,8.8,985.6,Jalandhar
2023-10-29,22.8,29.1,16.6,73,0.0,7.7,986.0,Jalandhar
2023-10-30,22.8,29.1,17.5,74,0.0,8.8,986.8,Jalandhar
2023-10-31,23.1,29.4,18.1,75,0.0,10.3,988.0,Jalandhar
2023-11-01,22.2,28.5,15.9,71,0.0,9.7,988.8,Jalandhar
2023-11-02,22.1,28.9,16.2,72,0.0,10.4,986.8,Jalandhar
2023-11-03,20.7,27.8,16.0,75,0.0,11.5,984.4,Jalandhar
2023-11-04,21.3,28.8,15.0,69,0.0,11.0,984.8,Jalandhar
2023-11-05,21.3,28.3,15.0,70,0.0,11.3,986.1,Jalandhar
2023-11-06,20.4,27.7,13.9,73,0.0,11.2,987.7,Jalandhar
2023-11-07,20.6,27.7,15.0,76,0.0,9.4,987.1,Jalandhar
2023-11-08,21.0,27.6,16.3,76,0.0,12.0,986.1,Jalandhar
2023-11-09,20.8,27.8,15.0,71,0.0,9.1,985.8,Jalandhar
2023-11-10,17.1,20.8,14.5,87,9.0,18.3,988.3,Jalandhar
2023-11-11,16.8,23.8,12.5,83,0.0,11.2,990.1,Jalandhar
2023-11-12,17.0,24.3,11.5,80,0.0,10.4,989.9,Jalandhar
2023-11-13,17.7,24.4,12.3,80,0.0,9.4,989.8,Jalandhar
2023-11-14,17.4,24.5,12.5,83,0.0,10.5,989.4,Jalandhar
2023-11-15,17.4,24.9,11.6,84,0.0,11.3,988.9,Jalandhar
2023-11-16,17.4,24.6,12.2,86,0.0,10.2,990.0,Jalandhar
2023-11-17,17.8,25.4,13.1,84,0.0,11.9,990.0,Jalandhar
2023-11-18,17.3,25.4,11.7,79,0.0,12.1,987.9,Jalandhar
2023-11-19,17.8,25.4,11.6,79,0.0,11.7,988.9,Jalandhar
2023-11-20,17.6,25.0,13.0,79,0.0,10.4,989.2,Jalandhar
2023-11-21,16.3,24.2,10.7,78,0.0,14.3,988.2,Jalandhar
2023-11-22,16.4,24.0,10.5,77,0.0,10.9,985.6,Jalandhar
2023-11-23,16.3,23.8,10.2,76,0.0,9.8,985.5,Jalandhar
2023-11-24,16.6,23.9,12.3,78,0.0,11.3,988.0,Jalandhar
2023-11-25,15.8,23.1,10.0,82,0.0,8.0,988.5,Jalandhar
2023-11-26,16.9,23.6,12.1,80,0.0,12.0,989.7,Jalandhar
2023-11-27,16.2,22.4,12.9,81,4.0,15.0,987.8,Jalandhar
2023-11-28,16.5,23.4,11.8,82,0.0,11.2,987.4,Jalandhar
2023-11-29,17.3,23.9,12.0,80,0.0,9.3,987.3,Jalandhar
2023-11-30,16.0,20.2,13.7,88,6.6,17.3,988.7,Jalandhar
2023-12-01,15.4,22.4,11.5,86,0.0,9.9,989.2,Jalandhar
2023-12-02,15.8,22.4,11.0,84,0.0,10.0,988.9,Jalandhar
2023-12-03,15.6,21.9,10.5,87,0.0,10.2,989.2,Jalandhar
2023-12-04,15.0,21.0,11.0,88,0.0,9.4,988.3,Jalandhar
2023-12-05,14.8,21.6,10.7,85,0.0,10.4,988.0,Jalandhar
2023-12-06,14.5,21.8,9.8,88,0.0,11.6,988.3,Jalandhar
2023-12-07,14.4,21.6,9.6,88,0.0,10.8,987.5,Jalandhar
2023-12-08,13.8,20.5,9.3,86,0.0,9.6,986.9,Jalandhar
2023-12-09,12.9,20.1,8.0,86,0.0,11.8,987.8,Jalandhar
2023-12-10,12.3,19.9,6.6,83,0.0,9.5,985.8,Jalandhar
2023-12-11,13.0,20.4,7.3,80,0.0,7.9,986.2,Jalandhar
2023-12-12,12.9,20.4,7.3,79,0.0,10.5,986.2,Jalandhar
2023-12-13,13.1,20.0,6.7,78,0.0,11.7,988.1,Jalandhar
2023-12-14,12.1,19.9,6.6,83,0.0,10.5,988.5,Jalandhar
2023-12-15,12.6,19.2,8.5,81,0.0,10.7,989.7,Jalandhar
2023-12-16,12.5,19.1,7.7,83,0.0,10.3,988.6,Jalandhar
2023-12-17,12.3,19.4,7.3,79,0.0,11.4,989.8,Jalandhar
2023-12-18,10.8,18.4,5.3,87,0.0,11.6,991.1,Jalandhar
2023-12-19,10.7,18.6,5.3,86,0.0,10.2,990.8,Jalandhar
2023-12-20,11.1,18.3,5.6,83,0.0,9.7,990.3,Jalandhar
2023-12-21,11.5,19.0,5.0,84,0.0,7.1,989.2,Jalandhar
2023-12-22,11.1,18.2,4.5,90,0.0,10.5,988.9,Jalandhar
2023-12-23,13.9,21.7,7.2,83,0.0,13.9,991.3,Jalandhar
2023-12-24,13.2,20.5,7.1,85,0.0,11.2,992.7,Jalandhar
2023-12-25,13.2,19.3,9.1,82,0.0,11.1,990.5,Jalandhar
2023-12-26,13.0,20.3,6.5,84,0.0,7.3,990.1,Jalandhar
2023-12-27,11.2,19.6,5.4,89,0.0,10.8,991.6,Jalandhar
2023-12-28,11.5,17.4,7.7,94,0.0,9.0,990.2,Jalandhar
2023-12-29,10.9,17.5,7.9,94,0.0,10.8,991.3,Jalandhar
2023-12-30,10.8,16.8,8.1,93,0.0,8.9,990.1,Jalandhar
2023-12-31,10.3,15.5,7.7,93,0.0,7.8,990.0,Jalandhar
2024-01-01,9.4,14.7,5.5,93,0.0,10.7,990.1,Jalandhar
2024-01-02,9.4,14.3,5.2,91,0.0,9.7,989.3,Jalandhar
2024-01-03,8.3,13.8,5.2,93,0.0,11.0,989.4,Jalandhar
2024-01-04,8.8,16.0,4.3,92,0.0,9.8,989.4,Jalandhar
2024-01-05,7.9,13.3,5.3,93,0.0,8.2,989.6,Jalandhar
2024-01-06,8.0,14.1,4.0,93,0.0,10.3,991.2,Jalandhar
2024-01-07,7.5,14.0,3.4,94,0.0,9.5,991.6,Jalandhar
2024-01-08,7.2,14.2,3.4,91,0.0,8.1,991.5,Jalandhar
2024-01-09,7.1,13.3,3.6,91,0.0,9.3,991.8,Jalandhar
2024-01-10,7.4,14.0,3.3,92,0.0,12.5,990.1,Jalandhar
2024-01-11,6.6,12.9,3.3,94,0.0,11.0,990.3,Jalandhar
2024-01-12,7.0,13.8,1.9,93,0.0,9.7,989.1,Jalandhar
2024-01-13,7.9,14.7,4.4,92,0.0,10.8,988.5,Jalandhar
2024-01-14,7.3,13.6,4.1,90,0.0,11.2,989.1,Jalandhar
2024-01-15,7.4,13.4,4.3,94,0.0,8.2,988.4,Jalandhar
2024-01-16,7.8,14.4,2.6,89,0.0,7.4,986.2,Jalandhar
2024-01-17,9.6,16.3,4.6,92,0.0,7.0,986.5,Jalandhar
2024-01-18,10.0,16.6,5.8,95,0.0,9.7,988.2,Jalandhar
2024-01-19,9.7,15.1,5.6,93,0.0,8.7,989.5,Jalandhar
2024-01-20,8.6,14.3,5.3,91,0.0,9.8,990.6,Jalandhar
2024-01-21,8.1,14.6,4.3,90,0.0,10.9,989.6,Jalandhar
2024-01-22,7.0,13.2,3.7,92,0.0,7.2,990.3,Jalandhar
2024-01-23,7.0,14.0,2.9,92,0.0,10.7,990.1,Jalandhar
2024-01-24,7.8,15.0,3.6,93,0.0,10.4,990.0,Jalandhar
2024-01-25,8.4,13.4,3.1,93,0.0,10.0,991.9,Jalandhar
2024-01-26,11.2,17.9,7.1,87,0.0,11.5,992.3,Jalandhar
2024-01-27,11.9,19.1,5.0,85,0.0,10.3,990.6,Jalandhar
2024-01-28,12.1,19.5,6.4,86,0.0,10.3,988.8,Jalandhar
2024-01-29,12.2,19.5,6.5,85,0.0,11.0,989.6,Jalandhar
2024-01-30,12.2,19.2,6.4,85,0.0,12.6,987.9,Jalandhar
2024-01-31,13.3,17.7,10.7,86,0.6,13.4,986.8,Jalandhar
2024-02-01,12.7,16.1,10.2,89,22.8,22.7,986.5,Jalandhar
2024-02-02,10.7,16.7,6.6,85,0.0,11.5,991.3,Jalandhar
2024-02-03,11.2,16.5,6.3,81,0.5,11.1,989.2,Jalandhar
2024-02-04,12.1,16.1,9.5,86,2.8,9.6,987.6,Jalandhar
2024-02-05,11.3,16.6,8.0,86,0.0,9.4,989.6,Jalandhar
2024-02-06,10.2,17.3,4.2,76,0.0,12.9,990.8,Jalandhar
2024-02-07,9.7,17.1,3.7,75,0.0,15.6,991.6,Jalandhar
2024-02-08,9.6,16.9,3.5,76,0.0,12.8,989.9,Jalandhar
2024-02-09,10.7,18.9,3.6,77,0.0,9.5,989.4,Jalandhar
2024-02-10,12.5,19.8,5.7,78,0.0,8.4,992.7,Jalandhar
2024-02-11,13.4,20.8,6.3,78,0.0,12.0,992.1,Jalandhar
2024-02-12,13.6,20.6,6.4,83,0.0,9.4,990.9,Jalandhar
2024-02-13,14.1,21.4,8.0,81,0.0,8.7,990.4,Jalandhar
2024-02-14,14.0,21.7,7.3,75,0.0,12.0,990.2,Jalandhar
2024-02-15,14.1,22.0,6.5,75,0.0,8.9,990.7,Jalandhar
2024-02-16,14.9,23.0,6.9,73,0.0,8.7,991.1,Jalandhar
2024-02-17,15.6,23.4,8.5,72,0.0,12.0,986.4,Jalandhar
2024-02-18,16.2,23.5,9.7,78,0.0,13.5,982.9,Jalandhar
2024-02-19,18.5,23.3,14.9,69,12.0,32.4,980.0,Jalandhar
2024-02-20,16.7,23.1,12.9,74,2.2,29.0,981.6,Jalandhar
2024-02-21,14.5,20.7,9.0,69,0.1,12.0,982.9,Jalandhar
2024-02-22,13.3,20.5,6.9,63,0.0,11.5,985.2,Jalandhar
2024-02-23,13.3,20.3,7.7,61,0.0,10.9,987.2,Jalandhar
2024-02-24,12.8,20.5,6.7,60,0.0,10.2,987.5,Jalandhar
2024-02-25,13.1,20.9,7.2,61,0.0,12.2,990.3,Jalandhar
2024-02-26,14.2,21.8,8.0,58,0.0,12.0,989.9,Jalandhar
2024-02-27,15.0,21.0,10.7,60,0.0,14.7,989.6,Jalandhar
2024-02-28,14.3,22.1,7.4,70,0.0,14.8,987.8,Jalandhar
2024-02-29,16.0,24.0,8.5,70,0.0,12.8,986.2,Jalandhar
2024-03-01,17.0,22.7,12.8,76,2.5,19.7,985.4,Jalandhar
2024-03-02,17.4,22.0,14.8,79,13.3,38.2,980.5,Jalandhar
2024-03-03,14.7,20.3,8.4,71,0.0,21.9,983.2,Jalandhar
2024-03-04,11.6,17.9,6.5,65,0.0,10.4,988.3,Jalandhar
2024-03-05,11.0,18.4,4.9,70,0.0,11.7,988.8,Jalandhar
2024-03-06,12.6,20.3,5.5,63,0.0,10.9,986.4,Jalandhar
2024-03-07,15.0,22.3,8.1,62,0.0,13.3,986.6,Jalandhar
2024-03-08,14.8,22.3,8.6,65,0.0,12.7,987.5,Jalandhar
2024-03-09,15.6,24.2,7.9,67,0.0,12.1,986.9,Jalandhar
2024-03-10,17.5,25.1,8.4,62,0.0,10.3,986.2,Jalandhar
2024-03-11,17.6,25.4,11.4,66,1.5,20.7,988.3,Jalandhar
2024-03-12,18.3,26.0,11.4,69,0.0,10.9,986.4,Jalandhar
2024-03-13,16.7,23.7,12.1,74,0.4,18.2,983.7,Jalandhar
2024-03-14,17.6,25.8,10.3,64,0.0,15.0,987.3,Jalandhar
2024-03-15,16.6,25.9,9.4,61,0.0,14.4,985.6,Jalandhar
2024-03-16,18.7,27.2,9.6,56,0.0,12.8,987.3,Jalandhar
2024-03-17,19.4,27.8,10.6,51,0.0,11.5,986.9,Jalandhar
2024-03-18,20.7,28.4,11.7,50,0.0,11.2,985.0,Jalandhar
2024-03-19,21.0,29.6,12.8,47,0.0,12.0,984.9,Jalandhar
2024-03-20,21.6,30.3,13.2,56,0.0,13.8,985.4,Jalandhar
2024-03-21,22.2,28.7,16.6,61,0.3,18.2,984.5,Jalandhar
2024-03-22,22.5,29.0,17.9,64,0.2,13.7,982.4,Jalandhar
2024-03-23,22.0,30.4,14.0,63,0.0,15.8,980.8,Jalandhar
2024-03-24,21.6,28.9,16.8,63,1.8,14.8,983.0,Jalandhar
2024-03-25,22.9,30.9,15.5,60,0.0,15.0,984.6,Jalandhar
2024-03-26,22.3,28.8,14.0,63,0.0,9.8,983.2,Jalandhar
2024-03-27,24.6,31.1,19.5,63,0.0,17.1,985.7,Jalandhar
2024-03-28,24.7,32.2,18.3,59,0.0,19.9,983.2,Jalandhar
2024-03-29,24.0,31.9,16.5,60,0.0,10.4,981.5,Jalandhar
2024-03-30,23.2,29.8,18.4,60,3.0,21.1,983.2,Jalandhar
2024-03-31,22.4,29.6,16.5,55,0.4,11.2,984.2,Jalandhar
2024-04-01,20.1,27.6,15.3,59,0.0,12.4,981.3,Jalandhar
2024-04-02,21.3,29.3,12.5,54,0.0,12.2,979.9,Jalandhar
2024-04-03,23.2,31.7,14.1,49,0.0,10.4,980.7,Jalandhar
2024-04-04,23.5,32.5,15.8,49,0.0,12.1,981.2,Jalandhar
2024-04-05,22.4,31.6,14.8,50,0.0,14.3,980.8,Jalandhar
2024-04-06,22.4,31.8,13.2,43,0.0,14.5,980.4,Jalandhar
2024-04-07,23.2,32.3,15.5,42,0.0,15.5,980.1,Jalandhar
2024-04-08,24.1,32.9,15.0,42,0.0,12.4,981.3,Jalandhar
2024-04-09,24.8,33.5,15.0,38,0.0,14.3,982.0,Jalandhar
2024-04-10,24.9,34.3,15.2,39,0.0,13.1,982.3,Jalandhar
2024-04-11,25.6,33.5,18.6,37,0.0,16.3,983.8,Jalandhar
2024-04-12,26.0,34.8,17.2,39,0.0,12.7,982.5,Jalandhar
2024-04-13,25.7,34.6,20.4,43,0.2,19.6,982.4,Jalandhar
2024-04-14,24.0,30.9,19.3,61,0.1,16.5,984.6,Jalandhar
2024-04-15,23.5,30.3,19.6,70,44.0,23.6,983.8,Jalandhar
2024-04-16,23.8,30.2,16.9,64,0.0,16.1,983.2,Jalandhar
2024-04-17,23.8,31.7,15.1,57,0.0,14.9,981.0,Jalandhar
2024-04-18,25.2,31.7,19.0,50,0.0,12.6,979.4,Jalandhar
2024-04-19,24.9,32.5,20.1,53,6.1,29.2,977.2,Jalandhar
2024-04-20,24.7,30.9,18.2,51,0.1,15.5,977.5,Jalandhar
2024-04-21,25.1,33.1,17.7,53,0.0,10.4,978.5,Jalandhar
2024-04-22,25.5,33.3,17.8,47,0.0,12.5,979.0,Jalandhar
2024-04-23,25.4,32.5,19.7,44,0.1,12.0,979.1,Jalandhar
2024-04-24,26.1,32.4,18.5,42,0.0,14.2,978.8,Jalandhar
2024-04-25,27.0,35.9,16.8,41,0.0,19.7,978.8,Jalandhar
2024-04-26,28.8,36.7,19.6,33,0.0,13.3,977.1,Jalandhar
2024-04-27,26.9,31.8,21.7,43,2.0,23.8,978.5,Jalandhar
2024-04-28,26.3,33.4,20.0,44,0.0,15.1,980.0,Jalandhar
2024-04-29,24.2,28.7,20.2,49,1.8,25.3,980.1,Jalandhar
2024-04-30,23.9,31.9,15.7,47,0.0,25.0,978.5,Jalandhar
2024-05-01,21.4,29.0,13.5,50,0.0,13.8,976.3,Jalandhar
2024-05-02,24.7,32.2,17.4,41,0.0,21.2,977.5,Jalandhar
2024-05-03,27.0,35.7,18.5,36,0.0,15.1,977.9,Jalandhar
2024-05-04,29.1,37.1,21.9,35,0.0,22.6,978.3,Jalandhar
2024-05-05,29.0,37.1,20.0,36,0.0,19.4,975.1,Jalandhar
2024-05-06,30.1,38.5,23.0,32,0.0,13.0,975.8,Jalandhar
2024-05-07,31.0,39.5,22.9,31,0.0,11.3,977.3,Jalandhar
2024-05-08,31.1,38.3,21.3,32,0.0,18.4,977.4,Jalandhar
2024-05-09,30.7,37.7,24.8,42,0.0,19.1,976.9,Jalandhar
2024-05-10,29.9,36.7,24.2,50,0.0,16.8,978.0,Jalandhar
2024-05-11,29.2,36.3,22.9,48,0.0,13.1,980.0,Jalandhar
2024-05-12,28.1,33.5,22.7,50,2.6,21.8,980.8,Jalandhar
2024-05-13,29.1,37.3,20.8,37,0.0,17.4,980.9,Jalandhar
2024-05-14,29.4,37.4,22.5,32,0.0,13.8,980.4,Jalandhar
2024-05-15,30.6,39.6,20.3,32,0.0,18.2,980.0,Jalandhar
2024-05-16,31.3,39.8,21.6,32,0.0,12.6,979.7,Jalandhar
2024-05-17,32.4,41.0,23.0,32,0.0,15.9,976.7,Jalandhar
2024-05-18,32.6,42.0,24.1,32,0.0,23.9,974.4,Jalandhar
2024-05-19,33.4,42.3,24.6,28,0.0,26.4,972.8,Jalandhar
2024-05-20,33.5,40.9,24.9,26,0.0,15.5,973.5,Jalandhar
2024-05-21,33.4,41.2,25.2,28,0.0,16.3,974.1,Jalandhar
2024-05-22,34.1,41.1,25.4,33,0.0,15.9,974.3,Jalandhar
2024-05-23,33.3,39.4,26.8,40,0.1,21.8,974.3,Jalandhar
2024-05-24,34.0,39.3,28.0,39,0.5,18.8,974.2,Jalandhar
2024-05-25,34.4,42.4,26.0,29,0.0,22.5,972.1,Jalandhar
2024-05-26,35.2,43.7,27.7,26,0.0,18.2,970.5,Jalandhar
2024-05-27,34.7,43.5,25.9,24,0.0,17.2,968.0,Jalandhar
2024-05-28,34.8,44.1,24.4,19,0.0,16.7,965.9,Jalandhar
2024-05-29,35.7,45.0,25.0,15,0.0,15.8,966.6,Jalandhar
2024-05-30,35.8,44.7,27.4,17,0.0,17.6,969.7,Jalandhar
2024-05-31,35.4,43.4,26.3,18,0.0,18.0,972.1,Jalandhar
2024-06-01,35.3,43.3,25.8,18,0.0,21.0,972.6,Jalandhar
2024-06-02,34.6,42.5,25.8,26,0.0,16.3,974.4,Jalandhar
2024-06-03,36.0,43.9,27.5,20,0.0,18.3,973.1,Jalandhar
2024-06-04,34.4,42.8,27.3,24,1.0,22.5,973.0,Jalandhar
2024-06-05,33.6,40.4,27.1,30,0.1,24.5,974.8,Jalandhar
2022-04-01,25.8,34.8,17.5,35,0.0,15.1,978.1,Ludhiana
2022-04-02,27.1,37.1,16.8,42,0.0,14.0,978.8,Ludhiana
2022-04-03,27.7,38.5,18.3,24,0.0,15.0,978.5,Ludhiana
2022-04-04,27.4,36.9,18.1,29,0.0,16.6,978.8,Ludhiana
2022-04-05,27.9,37.0,17.7,31,0.0,14.7,981.6,Ludhiana
2022-04-06,28.7,37.8,17.7,32,0.0,17.4,981.4,Ludhiana
2022-04-07,29.2,39.3,19.5,33,0.0,18.1,980.5,Ludhiana
2022-04-08,29.5,40.0,19.2,35,0.0,16.3,978.0,Ludhiana
2022-04-09,30.3,40.5,20.2,31,0.0,18.0,976.5,Ludhiana
2022-04-10,29.9,40.0,20.2,35,0.0,17.3,975.9,Ludhiana
2022-04-11,31.3,41.3,21.5,30,0.0,14.8,974.8,Ludhiana
2022-04-12,31.5,40.2,23.1,24,0.0,15.1,974.3,Ludhiana
2022-04-13,30.4,38.3,22.4,34,0.0,17.3,974.4,Ludhiana
2022-04-14,29.5,39.0,21.1,26,0.0,24.6,974.4,Ludhiana
2022-04-15,28.5,35.3,20.6,28,0.0,21.8,974.8,Ludhiana
2022-04-16,29.6,37.3,20.1,27,0.0,15.9,974.5,Ludhiana
2022-04-17,29.9,38.9,19.6,27,0.0,14.7,975.2,Ludhiana
2022-04-18,31.6,40.6,22.2,26,0.0,20.1,976.9,Ludhiana
2022-04-19,31.8,41.5,23.9,26,0.0,23.0,978.4,Ludhiana
2022-04-20,31.4,39.6,23.2,27,0.0,20.9,977.1,Ludhiana
2022-04-21,29.7,36.8,23.6,28,0.0,24.2,977.9,Ludhiana
2022-04-22,28.3,36.2,19.7,34,0.0,15.5,979.7,Ludhiana
2022-04-23,28.8,37.2,21.1,30,0.0,17.7,979.5,Ludhiana
2022-04-24,29.4,37.6,21.1,28,0.0,19.9,977.4,Ludhiana
2022-04-25,30.2,38.6,21.3,27,0.0,22.6,976.0,Ludhiana
2022-04-26,31.3,39.4,23.0,24,0.0,17.1,976.8,Ludhiana
2022-04-27,31.6,40.4,21.7,24,0.0,19.2,976.0,Ludhiana
2022-04-28,33.7,42.8,23.7,23,0.0,16.5,975.6,Ludhiana
2022-04-29,33.8,42.9,25.5,20,0.0,26.7,975.6,Ludhiana
2022-04-30,33.4,42.6,23.8,22,0.0,16.5,972.4,Ludhiana
2022-05-01,32.5,39.8,25.7,30,0.2,27.4,972.1,Ludhiana
2022-05-02,32.7,40.0,26.7,36,0.2,23.9,972.4,Ludhiana
2022-05-03,32.0,37.5,28.0,40,0.2,27.2,974.7,Ludhiana
2022-05-04,29.7,37.7,25.3,45,0.9,18.9,977.4,Ludhiana
2022-05-05,30.0,37.4,22.6,41,0.0,16.1,977.5,Ludhiana
2022-05-06,31.4,38.4,24.3,30,0.0,17.8,977.0,Ludhiana
2022-05-07,31.0,38.6,22.1,33,0.0,16.1,976.6,Ludhiana
2022-05-08,32.0,40.0,23.2,32,0.0,14.9,974.5,Ludhiana
2022-05-09,32.5,39.1,26.2,42,0.0,19.5,974.6,Ludhiana
2022-05-10,32.3,38.5,27.4,44,0.3,17.6,974.9,Ludhiana
2022-05-11,33.4,41.2,27.0,40,0.0,17.5,972.9,Ludhiana
2022-05-12,34.3,42.6,27.4,37,0.0,20.9,971.3,Ludhiana
2022-05-13,34.6,42.8,27.0,33,0.0,20.2,969.2,Ludhiana
2022-05-14,34.3,43.6,25.0,22,0.0,17.6,968.9,Ludhiana
2022-05-15,35.0,45.2,24.7,20,0.0,13.8,969.7,Ludhiana
2022-05-16,34.3,42.8,27.9,27,0.0,18.9,970.6,Ludhiana
2022-05-17,32.3,39.4,26.8,34,0.1,20.0,971.7,Ludhiana
2022-05-18,33.8,41.3,26.5,29,0.0,17.2,973.3,Ludhiana
2022-05-19,34.6,43.3,25.6,27,0.0,19.6,972.5,Ludhiana
2022-05-20,35.8,44.2,26.4,20,0.0,23.8,969.3,Ludhiana
2022-05-21,33.7,40.6,26.5,23,0.0,19.6,967.4,Ludhiana
2022-05-22,32.6,40.5,24.6,31,0.0,24.1,966.3,Ludhiana
2022-05-23,28.5,34.9,23.7,49,9.6,37.1,968.7,Ludhiana
2022-05-24,23.8,29.3,19.5,70,23.3,17.9,976.5,Ludhiana
2022-05-25,26.8,33.4,20.0,57,0.0,10.8,976.8,Ludhiana
2022-05-26,29.5,35.9,22.4,49,0.0,10.7,974.2,Ludhiana
2022-05-27,31.3,38.2,23.7,49,0.0,11.1,971.0,Ludhiana
2022-05-28,32.0,38.3,26.2,50,0.4,18.9,969.3,Ludhiana
2022-05-29,31.6,38.1,25.5,51,0.9,14.9,969.9,Ludhiana
2022-05-30,31.2,37.9,26.8,55,0.0,26.6,970.6,Ludhiana
2022-05-31,31.8,38.5,25.5,48,0.0,16.2,971.6,Ludhiana
2022-06-01,32.4,40.0,23.3,35,0.0,12.7,971.8,Ludhiana
2022-06-02,32.8,41.2,23.8,30,0.0,15.5,971.5,Ludhiana
2022-06-03,32.6,40.9,23.9,29,0.0,14.8,970.7,Ludhiana
2022-06-04,33.4,42.0,24.2,25,0.0,14.5,970.8,Ludhiana
2022-06-05,34.2,42.8,25.0,23,0.0,17.9,970.6,Ludhiana
2022-06-06,34.1,42.2,24.7,26,0.0,11.9,970.0,Ludhiana
2022-06-07,34.9,42.9,25.8,25,0.0,13.7,969.5,Ludhiana
2022-06-08,35.1,42.5,27.2,22,0.0,17.7,969.0,Ludhiana
2022-06-09,35.3,43.0,26.7,23,0.0,19.1,968.1,Ludhiana
2022-06-10,34.8,42.3,28.7,23,0.0,15.8,969.0,Ludhiana
2022-06-11,35.1,41.6,28.0,28,0.5,26.4,969.5,Ludhiana
2022-06-12,35.4,42.2,27.3,28,0.0,13.4,970.8,Ludhiana
2022-06-13,36.1,43.0,28.9,28,0.0,16.9,972.3,Ludhiana
2022-06-14,35.7,43.1,28.2,29,0.0,16.0,971.4,Ludhiana
2022-06-15,36.7,43.0,29.9,29,0.0,15.8,969.7,Ludhiana
2022-06-16,33.3,37.9,28.6,41,1.5,17.1,970.8,Ludhiana
2022-06-17,30.3,35.5,25.1,60,0.0,23.8,971.6,Ludhiana
2022-06-18,26.3,31.6,23.3,79,13.8,15.7,973.2,Ludhiana
2022-06-19,27.3,33.2,21.9,73,0.0,9.8,972.3,Ludhiana
2022-06-20,27.4,32.0,23.6,70,2.9,9.5,970.7,Ludhiana
2022-06-21,25.6,28.9,20.4,78,4.3,16.3,970.2,Ludhiana
2022-06-22,26.8,32.0,22.2,75,14.5,14.1,975.5,Ludhiana
2022-06-23,27.9,33.7,23.0,65,0.0,14.8,975.9,Ludhiana
2022-06-24,27.9,34.7,21.4,64,0.0,11.5,973.1,Ludhiana
2022-06-25,30.1,36.4,22.4,57,0.0,8.8,970.7,Ludhiana
2022-06-26,31.7,37.2,26.0,58,0.0,14.1,971.9,Ludhiana
2022-06-27,32.6,37.0,28.6,62,0.0,16.7,972.9,Ludhiana
2022-06-28,32.4,37.7,27.1,67,6.3,16.5,969.9,Ludhiana
2022-06-29,32.4,37.4,29.4,66,0.0,25.2,967.1,Ludhiana
2022-06-30,26.9,28.8,25.0,86,21.3,28.5,969.6,Ludhiana
2022-07-01,27.0,30.7,24.8,87,32.0,11.2,971.4,Ludhiana
2022-07-02,29.8,33.7,26.1,76,0.2,9.9,969.5,Ludhiana
2022-07-03,29.3,33.0,25.8,80,13.0,15.7,970.8,Ludhiana
2022-07-04,30.6,34.6,27.1,78,0.3,9.1,970.2,Ludhiana
2022-07-05,31.6,35.8,27.9,74,0.2,13.2,970.1,Ludhiana
2022-07-06,30.1,34.8,26.2,79,8.0,15.6,973.3,Ludhiana
2022-07-07,30.7,34.5,27.5,78,1.2,13.5,975.0,Ludhiana
2022-07-08,30.5,35.1,25.3,80,22.7,15.2,972.3,Ludhiana
2022-07-09,29.3,34.8,26.4,83,35.5,18.6,970.1,Ludhiana
2022-07-10,27.3,30.7,24.2,86,17.4,14.2,972.3,Ludhiana
2022-07-11,29.6,33.0,26.3,82,4.1,7.4,972.4,Ludhiana
2022-07-12,29.2,33.9,25.2,82,7.7,11.0,971.6,Ludhiana
2022-07-13,29.1,33.6,24.9,84,6.4,14.0,970.0,Ludhiana
2022-07-14,28.5,32.8,26.0,86,7.7,10.7,970.4,Ludhiana
2022-07-15,28.5,33.8,25.7,83,11.8,16.4,972.7,Ludhiana
2022-07-16,30.0,34.4,25.1,79,0.3,7.7,972.8,Ludhiana
2022-07-17,28.4,32.4,24.6,83,19.8,11.0,975.1,Ludhiana
2022-07-18,30.4,34.7,25.8,77,0.0,6.4,973.1,Ludhiana
2022-07-19,30.6,33.9,27.3,80,0.2,8.6,971.4,Ludhiana
2022-07-20,28.8,32.0,25.9,88,27.4,13.2,970.6,Ludhiana
2022-07-21,26.2,29.7,24.4,90,27.3,14.5,973.5,Ludhiana
2022-07-22,27.9,32.0,25.2,86,7.1,13.8,975.0,Ludhiana
2022-07-23,28.3,31.4,25.6,84,1.2,16.2,974.5,Ludhiana
2022-07-24,29.0,33.4,26.3,82,1.4,15.0,974.1,Ludhiana
2022-07-25,29.2,32.6,26.9,78,0.1,18.2,976.1,Ludhiana
2022-07-26,28.7,32.1,26.1,79,1.3,14.0,977.0,Ludhiana
2022-07-27,28.4,32.3,26.2,83,3.0,12.2,976.5,Ludhiana
2022-07-28,27.7,31.2,25.6,86,10.6,17.3,976.9,Ludhiana
2022-07-29,26.5,31.2,24.7,91,19.1,10.4,975.9,Ludhiana
2022-07-30,26.2,30.5,24.1,91,20.1,11.7,974.1,Ludhiana
2022-07-31,26.0,28.9,24.3,91,18.5,10.9,971.7,Ludhiana
2022-08-01,26.5,30.2,24.2,89,11.0,9.6,972.3,Ludhiana
2022-08-02,28.8,33.1,24.8,82,0.0,8.2,971.8,Ludhiana
2022-08-03,29.3,33.4,26.1,82,0.3,7.9,973.1,Ludhiana
2022-08-04,27.8,31.3,25.5,87,6.8,15.5,974.4,Ludhiana
2022-08-05,27.8,31.3,25.7,89,6.4,13.6,973.3,Ludhiana
2022-08-06,28.5,32.4,25.1,85,0.5,6.1,971.1,Ludhiana
2022-08-07,27.7,31.8,25.9,89,16.6,10.2,971.0,Ludhiana
2022-08-08,29.2,33.3,24.8,83,0.1,6.0,971.3,Ludhiana
2022-08-09,29.9,33.5,26.6,82,0.5,11.7,971.3,Ludhiana
2022-08-10,30.3,34.5,26.1,81,0.0,11.2,969.2,Ludhiana
2022-08-11,27.3,28.8,25.9,84,2.1,19.1,972.6,Ludhiana
2022-08-12,29.3,34.0,25.0,72,0.0,9.3,971.8,Ludhiana
2022-08-13,29.6,34.3,25.8,80,0.0,7.8,971.3,Ludhiana
2022-08-14,28.8,33.2,26.0,85,16.9,12.5,973.2,Ludhiana
2022-08-15,27.8,31.6,25.2,83,1.1,11.8,975.7,Ludhiana
2022-08-16,28.8,33.0,25.4,75,0.1,15.1,974.3,Ludhiana
2022-08-17,28.5,31.9,26.2,78,0.0,22.5,974.4,Ludhiana
2022-08-18,29.0,32.9,25.6,79,0.1,7.1,973.2,Ludhiana
2022-08-19,28.8,31.7,26.7,82,1.2,12.4,973.0,Ludhiana
2022-08-20,27.9,31.5,25.5,85,0.7,8.6,974.4,Ludhiana
2022-08-21,28.5,32.8,24.7,83,0.5,9.9,973.1,Ludhiana
2022-08-22,29.2,33.6,25.5,79,0.0,6.8,971.3,Ludhiana
2022-08-23,29.9,34.2,25.5,78,0.0,14.0,973.2,Ludhiana
2022-08-24,28.2,32.0,26.2,82,17.5,19.9,976.6,Ludhiana
2022-08-25,28.4,32.1,25.4,82,0.6,7.5,976.0,Ludhiana
2022-08-26,29.0,32.8,25.4,77,0.6,11.4,975.2,Ludhiana
2022-08-27,28.8,32.6,25.8,79,1.5,13.7,974.2,Ludhiana
2022-08-28,28.5,32.1,26.0,79,4.4,10.5,974.4,Ludhiana
2022-08-29,27.5,31.6,23.9,85,8.7,15.0,978.1,Ludhiana
2022-08-30,28.6,33.0,25.0,82,0.3,10.2,979.2,Ludhiana
2022-08-31,29.6,33.9,25.7,78,0.3,9.4,976.3,Ludhiana
2022-09-01,29.8,34.1,25.2,75,0.0,11.2,976.1,Ludhiana
2022-09-02,28.8,32.1,25.7,79,0.9,8.3,977.7,Ludhiana
2022-09-03,28.7,32.9,25.2,81,0.2,10.5,975.0,Ludhiana
2022-09-04,28.9,33.3,25.0,75,0.1,9.4,973.6,Ludhiana
2022-09-05,28.8,34.1,25.0,73,0.2,11.6,975.5,Ludhiana
2022-09-06,28.2,33.0,24.1,79,0.2,10.8,977.3,Ludhiana
2022-09-07,28.7,33.4,24.4,75,0.0,7.8,978.8,Ludhiana
2022-09-08,29.4,34.0,24.6,71,0.0,6.4,979.5,Ludhiana
2022-09-09,29.6,34.2,25.7,72,0.0,9.2,979.2,Ludhiana
2022-09-10,29.1,33.8,26.0,74,0.4,19.2,978.2,Ludhiana
2022-09-11,27.8,33.2,24.4,76,0.2,16.9,976.7,Ludhiana
2022-09-12,28.0,33.0,24.4,76,0.8,15.5,975.2,Ludhiana
2022-09-13,28.8,33.6,24.3,74,0.0,10.6,975.4,Ludhiana
2022-09-14,28.9,33.4,24.9,75,0.0,7.6,976.0,Ludhiana
2022-09-15,28.0,32.2,23.7,77,1.9,15.5,974.7,Ludhiana
2022-09-16,27.4,32.6,23.0,77,0.3,12.8,971.9,Ludhiana
2022-09-17,28.6,33.8,23.9,75,0.0,6.8,973.1,Ludhiana
2022-09-18,29.0,34.5,24.2,71,0.0,10.9,976.4,Ludhiana
2022-09-19,29.1,34.7,23.3,68,0.1,6.9,976.9,Ludhiana
2022-09-20,28.0,33.1,25.3,76,1.8,10.8,977.1,Ludhiana
2022-09-21,27.0,30.6,25.1,86,13.4,13.2,977.2,Ludhiana
2022-09-22,26.0,28.2,24.6,91,6.2,7.7,977.1,Ludhiana
2022-09-23,26.1,29.2,23.8,85,0.1,10.4,976.3,Ludhiana
2022-09-24,24.2,25.9,22.4,87,71.8,17.0,975.0,Ludhiana
2022-09-25,24.5,28.8,22.0,85,39.9,16.9,975.3,Ludhiana
2022-09-26,25.0,30.3,20.5,85,0.0,9.7,980.0,Ludhiana
2022-09-27,25.8,30.5,21.6,83,0.0,6.9,978.4,Ludhiana
2022-09-28,26.2,30.9,21.6,80,0.0,7.9,977.5,Ludhiana
2022-09-29,26.5,31.3,22.1,79,0.0,9.2,977.4,Ludhiana
2022-09-30,27.0,31.8,22.4,78,0.2,9.7,977.7,Ludhiana
2022-10-01,26.7,32.3,22.3,79,0.1,8.4,976.6,Ludhiana
2022-10-02,26.5,32.8,21.4,77,0.0,9.8,977.3,Ludhiana
2022-10-03,27.0,32.7,22.5,68,0.0,11.9,978.3,Ludhiana
2022-10-04,26.4,32.6,21.1,73,0.0,10.8,979.7,Ludhiana
2022-10-05,26.0,32.4,21.3,74,0.0,9.4,978.9,Ludhiana
2022-10-06,25.5,31.0,21.6,76,0.0,16.1,979.7,Ludhiana
2022-10-07,25.0,29.2,21.6,79,0.7,10.7,981.3,Ludhiana
2022-10-08,24.2,27.4,21.9,83,0.3,8.2,982.2,Ludhiana
2022-10-09,23.9,29.5,20.1,83,0.8,7.1,981.5,Ludhiana
2022-10-10,22.9,27.6,20.0,87,9.0,13.4,982.9,Ludhiana
2022-10-11,21.9,27.1,18.6,85,15.5,10.4,981.7,Ludhiana
2022-10-12,22.3,27.7,18.1,80,0.0,12.1,982.5,Ludhiana
2022-10-13,23.1,30.0,17.7,73,0.0,11.4,983.2,Ludhiana
2022-10-14,23.2,30.0,17.6,70,0.0,12.7,982.9,Ludhiana
2022-10-15,23.8,30.3,17.6,66,0.0,9.6,982.1,Ludhiana
2022-10-16,24.0,30.8,17.7,67,0.0,8.3,984.3,Ludhiana
2022-10-17,23.8,30.8,17.8,65,0.0,8.5,984.3,Ludhiana
2022-10-18,23.2,30.7,16.6,63,0.0,12.2,982.6,Ludhiana
2022-10-19,22.6,30.8,16.3,65,0.0,9.9,982.4,Ludhiana
2022-10-20,22.1,28.1,17.5,65,0.2,19.6,984.1,Ludhiana
2022-10-21,22.3,29.9,15.7,67,0.0,10.5,986.4,Ludhiana
2022-10-22,21.5,29.6,15.9,64,0.0,10.4,987.6,Ludhiana
2022-10-23,21.4,29.5,14.9,65,0.0,9.1,986.6,Ludhiana
2022-10-24,21.1,29.4,15.4,65,0.0,11.5,982.4,Ludhiana
2022-10-25,21.3,29.5,14.6,63,0.0,12.3,980.1,Ludhiana
2022-10-26,23.2,30.2,17.1,62,0.0,6.8,983.6,Ludhiana
2022-10-27,22.7,30.0,15.6,64,0.0,8.4,983.8,Ludhiana
2022-10-28,21.8,30.0,14.8,69,0.0,9.3,983.9,Ludhiana
2022-10-29,22.3,29.8,17.1,67,0.0,8.4,984.6,Ludhiana
2022-10-30,21.8,29.8,15.6,70,0.0,8.4,985.1,Ludhiana
2022-10-31,21.8,29.7,15.6,72,0.0,9.4,984.7,Ludhiana
2022-11-01,22.3,30.3,16.3,72,0.0,15.5,984.8,Ludhiana
2022-11-02,22.4,29.4,17.5,72,0.0,13.0,984.1,Ludhiana
2022-11-03,22.0,29.4,15.4,67,0.0,10.4,982.7,Ludhiana
2022-11-04,21.5,29.4,16.1,76,0.0,8.0,984.0,Ludhiana
2022-11-05,22.3,29.3,16.6,77,0.0,13.9,985.8,Ludhiana
2022-11-06,23.0,29.5,18.6,74,2.8,25.9,986.3,Ludhiana
2022-11-07,21.8,29.0,16.7,78,0.0,11.9,985.8,Ludhiana
2022-11-08,19.4,27.4,14.9,81,0.3,31.4,986.3,Ludhiana
2022-11-09,18.6,26.6,14.6,79,4.8,20.9,986.6,Ludhiana
2022-11-10,18.9,26.2,13.9,72,0.0,12.2,987.9,Ludhiana
2022-11-11,17.8,24.8,13.5,71,0.0,10.5,988.0,Ludhiana
2022-11-12,17.4,24.3,12.7,70,0.0,10.5,987.2,Ludhiana
2022-11-13,18.4,24.9,12.1,66,0.0,8.3,985.6,Ludhiana
2022-11-14,17.8,23.5,13.5,67,9.2,17.3,986.6,Ludhiana
2022-11-15,18.5,24.9,13.6,73,0.0,9.8,986.7,Ludhiana
2022-11-16,16.8,23.2,12.1,75,0.0,10.7,985.4,Ludhiana
2022-11-17,16.3,23.4,11.9,73,0.0,14.1,985.0,Ludhiana
2022-11-18,16.3,24.0,10.6,68,0.0,10.1,985.9,Ludhiana
2022-11-19,16.0,23.4,9.4,71,0.0,10.0,987.1,Ludhiana
2022-11-20,16.3,24.1,11.4,74,0.0,12.8,985.7,Ludhiana
2022-11-21,15.7,23.6,10.8,71,0.0,10.3,984.5,Ludhiana
2022-11-22,15.5,24.0,9.5,70,0.0,10.9,984.2,Ludhiana
2022-11-23,15.5,24.1,8.9,69,0.0,12.1,984.5,Ludhiana
2022-11-24,16.1,24.4,9.0,68,0.0,9.6,984.2,Ludhiana
2022-11-25,15.9,25.0,9.3,69,0.0,10.7,986.9,Ludhiana
2022-11-26,16.0,24.2,10.2,73,0.0,10.1,983.9,Ludhiana
2022-11-27,16.1,24.1,9.6,73,0.0,9.5,981.9,Ludhiana
2022-11-28,16.5,24.1,10.8,72,0.0,10.7,983.7,Ludhiana
2022-11-29,15.8,23.6,10.2,79,0.0,10.3,985.7,Ludhiana
2022-11-30,15.0,23.1,9.8,82,0.0,10.2,986.7,Ludhiana
2022-12-01,15.9,23.4,9.7,77,0.0,12.1,985.4,Ludhiana
2022-12-02,15.9,22.9,9.7,74,0.0,8.8,984.4,Ludhiana
2022-12-03,15.9,23.6,9.3,72,0.0,10.1,985.5,Ludhiana
2022-12-04,15.1,23.1,9.4,72,0.0,11.2,985.9,Ludhiana
2022-12-05,15.0,22.5,9.4,71,0.0,10.5,987.5,Ludhiana
2022-12-06,14.1,22.1,9.1,76,0.0,12.2,986.7,Ludhiana
2022-12-07,13.7,22.1,8.5,73,0.0,11.8,985.6,Ludhiana
2022-12-08,14.0,23.0,7.8,74,0.0,10.6,986.0,Ludhiana
2022-12-09,15.2,24.0,9.1,73,0.0,10.3,985.0,Ludhiana
2022-12-10,15.9,24.4,10.5,72,0.0,9.8,985.7,Ludhiana
2022-12-11,15.7,24.4,9.5,65,0.0,11.2,986.3,Ludhiana
2022-12-12,15.1,23.3,9.8,61,0.0,11.2,985.5,Ludhiana
2022-12-13,15.3,23.2,9.4,55,0.0,14.1,987.1,Ludhiana
2022-12-14,13.0,20.8,7.4,64,0.0,11.2,986.3,Ludhiana
2022-12-15,12.9,21.5,6.4,69,0.0,11.1,984.8,Ludhiana
2022-12-16,13.2,21.7,6.8,69,0.0,10.1,983.6,Ludhiana
2022-12-17,13.4,22.0,6.7,74,0.0,10.7,985.5,Ludhiana
2022-12-18,13.9,21.0,7.8,78,0.0,9.4,986.3,Ludhiana
2022-12-19,12.5,20.3,6.8,87,0.0,10.2,985.0,Ludhiana
2022-12-20,11.6,18.7,7.9,89,0.0,10.3,984.2,Ludhiana
2022-12-21,11.3,19.0,7.4,88,0.0,9.2,985.8,Ludhiana
2022-12-22,10.5,17.4,6.9,91,0.0,9.5,985.6,Ludhiana
2022-12-23,10.1,15.2,8.0,91,0.0,9.1,985.2,Ludhiana
2022-12-24,9.1,15.9,5.2,88,0.0,12.0,987.1,Ludhiana
2022-12-25,10.3,16.8,6.1,88,0.0,10.9,987.0,Ludhiana
2022-12-26,10.7,17.8,6.4,88,0.0,9.9,988.9,Ludhiana
2022-12-27,10.3,16.7,6.6,88,0.0,11.9,988.5,Ludhiana
2022-12-28,10.1,17.6,6.0,86,0.0,11.3,987.9,Ludhiana
2022-12-29,10.6,13.3,6.4,84,0.0,10.2,988.2,Ludhiana
2022-12-30,12.8,18.6,7.9,83,0.0,13.0,989.9,Ludhiana
2022-12-31,11.5,17.7,7.2,87,0.0,10.5,989.6,Ludhiana
2023-01-01,10.9,17.1,6.4,86,0.0,9.9,990.1,Ludhiana
2023-01-02,8.5,15.6,4.0,92,0.0,10.5,991.3,Ludhiana
2023-01-03,8.5,15.2,5.2,92,0.0,10.7,992.6,Ludhiana
2023-01-04,8.8,16.0,5.6,91,0.0,9.9,992.7,Ludhiana
2023-01-05,8.5,14.6,5.7,90,0.0,6.5,993.7,Ludhiana
2023-01-06,7.5,12.5,4.5,92,0.0,7.9,994.2,Ludhiana
2023-01-07,8.9,15.2,6.0,91,0.0,10.8,992.2,Ludhiana
2023-01-08,10.1,16.0,6.6,91,0.0,13.1,989.3,Ludhiana
2023-01-09,9.7,15.4,6.5,93,0.0,8.4,990.3,Ludhiana
2023-01-10,10.2,16.1,7.8,92,0.0,10.4,989.6,Ludhiana
2023-01-11,11.5,15.8,8.3,92,0.7,9.6,985.0,Ludhiana
2023-01-12,12.5,18.6,6.9,86,1.4,15.6,983.1,Ludhiana
2023-01-13,12.8,16.1,9.5,90,7.5,17.7,984.1,Ludhiana
2023-01-14,10.8,14.6,7.3,89,0.0,12.9,987.3,Ludhiana
2023-01-15,8.2,14.7,3.8,74,0.0,11.4,985.6,Ludhiana
2023-01-16,7.9,15.2,2.3,73,0.0,11.6,986.7,Ludhiana
2023-01-17,7.5,15.1,1.8,75,0.0,11.2,987.1,Ludhiana
2023-01-18,8.8,15.6,2.1,75,0.0,11.1,989.1,Ludhiana
2023-01-19,12.3,18.5,6.5,70,0.0,10.4,989.4,Ludhiana
2023-01-20,11.6,15.3,7.9,79,1.0,11.2,988.7,Ludhiana
2023-01-21,12.0,18.8,8.5,82,0.0,10.0,987.9,Ludhiana
2023-01-22,11.1,19.2,5.1,81,0.0,10.5,986.9,Ludhiana
2023-01-23,12.2,20.3,6.9,81,0.0,9.4,986.7,Ludhiana
2023-01-24,12.4,18.2,6.5,88,15.0,14.9,984.8,Ludhiana
2023-01-25,14.1,18.4,10.8,89,7.1,11.0,986.5,Ludhiana
2023-01-26,12.1,16.3,9.8,88,0.0,13.0,989.4,Ludhiana
2023-01-27,11.0,17.7,5.6,72,0.0,14.3,988.7,Ludhiana
2023-01-28,11.6,19.3,6.0,77,0.0,11.2,985.0,Ludhiana
2023-01-29,11.2,17.8,5.1,88,1.4,16.9,983.9,Ludhiana
2023-01-30,13.5,17.8,10.1,84,14.9,17.3,988.5,Ludhiana
2023-01-31,12.8,18.4,9.3,85,0.0,15.3,989.7,Ludhiana
2023-02-01,11.9,18.5,6.9,83,0.0,12.8,988.3,Ludhiana
2023-02-02,12.4,19.5,7.1,79,0.0,13.2,986.8,Ludhiana
2023-02-03,12.9,20.9,7.0,79,0.0,11.0,986.3,Ludhiana
2023-02-04,14.0,21.4,7.7,80,0.0,12.6,984.2,Ludhiana
2023-02-05,13.9,21.6,8.3,78,0.0,10.2,982.6,Ludhiana
2023-02-06,14.7,22.2,9.4,79,0.4,16.2,982.5,Ludhiana
2023-02-07,13.8,21.5,9.3,72,0.0,13.7,982.6,Ludhiana
2023-02-08,14.0,21.6,7.1,68,0.0,11.9,984.3,Ludhiana
2023-02-09,15.5,21.7,7.7,70,0.0,15.7,982.0,Ludhiana
2023-02-10,18.2,23.8,14.3,65,1.3,23.7,981.9,Ludhiana
2023-02-11,15.2,22.3,10.5,73,0.0,11.3,984.8,Ludhiana
2023-02-12,13.2,19.6,6.8,52,0.0,17.6,988.8,Ludhiana
2023-02-13,11.5,18.9,5.9,49,0.0,14.8,987.0,Ludhiana
2023-02-14,13.8,22.0,8.2,59,0.0,10.8,986.4,Ludhiana
2023-02-15,16.1,24.6,9.5,66,0.0,14.1,984.0,Ludhiana
2023-02-16,17.8,26.5,10.9,67,0.0,10.8,985.2,Ludhiana
2023-02-17,17.2,26.0,10.5,80,0.0,9.9,986.8,Ludhiana
2023-02-18,17.6,26.1,12.0,80,0.0,10.1,985.6,Ludhiana
2023-02-19,18.4,26.5,12.1,79,0.0,8.5,984.6,Ludhiana
2023-02-20,21.0,28.8,14.8,73,0.0,14.6,981.5,Ludhiana
2023-02-21,19.9,27.1,13.9,70,0.0,13.4,982.3,Ludhiana
2023-02-22,17.8,26.4,11.1,69,0.0,11.4,983.8,Ludhiana
2023-02-23,17.6,26.2,11.2,67,0.0,14.6,983.7,Ludhiana
2023-02-24,17.6,26.7,9.5,62,0.0,11.8,985.2,Ludhiana
2023-02-25,18.9,27.1,11.3,65,0.0,9.4,986.8,Ludhiana
2023-02-26,18.1,26.7,10.9,74,0.0,12.3,988.7,Ludhiana
2023-02-27,19.6,27.3,12.4,62,0.0,11.0,988.5,Ludhiana
2023-02-28,16.4,20.1,12.7,71,2.4,20.6,989.1,Ludhiana
2023-03-01,19.0,26.1,13.8,72,2.6,14.8,990.7,Ludhiana
2023-03-02,19.0,27.5,13.3,70,0.0,11.2,990.0,Ludhiana
2023-03-03,19.9,27.0,14.6,66,0.0,12.6,990.4,Ludhiana
2023-03-04,19.3,26.5,13.3,66,0.0,9.7,990.3,Ludhiana
2023-03-05,19.2,27.0,13.9,67,0.0,13.2,989.3,Ludhiana
2023-03-06,19.1,27.7,12.4,61,0.0,14.3,986.6,Ludhiana
2023-03-07,19.7,27.9,11.5,56,0.0,12.0,986.2,Ludhiana
2023-03-08,19.8,27.6,12.7,60,0.0,8.4,987.3,Ludhiana
2023-03-09,19.6,27.7,12.6,66,0.0,9.9,987.6,Ludhiana
2023-03-10,21.2,28.5,14.6,61,0.0,12.3,986.5,Ludhiana
2023-03-11,21.2,29.3,14.4,65,0.0,11.8,986.0,Ludhiana
2023-03-12,21.8,29.6,15.0,64,0.0,10.5,985.8,Ludhiana
2023-03-13,22.2,29.8,16.8,68,0.0,9.9,984.6,Ludhiana
2023-03-14,22.4,29.7,15.8,64,0.0,13.0,981.7,Ludhiana
2023-03-15,22.4,30.4,15.4,60,0.0,10.7,980.4,Ludhiana
2023-03-16,21.5,29.4,16.3,64,0.1,17.0,981.2,Ludhiana
2023-03-17,20.0,26.9,16.2,65,0.4,16.3,983.6,Ludhiana
2023-03-18,18.0,23.7,15.4,82,12.8,12.7,982.7,Ludhiana
2023-03-19,18.4,25.1,12.4,82,4.7,12.2,980.3,Ludhiana
2023-03-20,17.6,22.6,14.5,87,16.4,11.2,979.3,Ludhiana
2023-03-21,17.9,23.9,13.8,80,0.2,7.8,980.3,Ludhiana
2023-03-22,18.6,25.2,12.4,76,0.0,10.8,981.5,Ludhiana
2023-03-23,20.1,26.2,15.5,70,0.7,13.6,980.5,Ludhiana
2023-03-24,18.9,24.7,14.0,80,10.4,15.5,980.0,Ludhiana
2023-03-25,18.4,24.7,14.9,82,19.9,19.5,982.9,Ludhiana
2023-03-26,18.4,24.9,12.0,75,1.4,8.4,983.0,Ludhiana
2023-03-27,18.6,25.0,13.3,74,0.0,9.6,981.6,Ludhiana
2023-03-28,20.1,26.6,13.2,64,0.0,10.8,981.3,Ludhiana
2023-03-29,21.4,28.1,13.6,66,0.0,10.3,981.7,Ludhiana
2023-03-30,21.4,28.6,16.0,68,4.2,19.2,980.1,Ludhiana
2023-03-31,18.3,21.8,16.2,85,7.2,17.2,979.7,Ludhiana
2023-04-01,18.1,23.7,14.9,86,11.3,15.1,980.6,Ludhiana
2023-04-02,19.4,25.7,13.4,78,0.0,9.9,979.8,Ludhiana
2023-04-03,18.8,25.3,14.5,77,4.0,20.6,978.7,Ludhiana
2023-04-04,19.8,26.5,14.5,72,3.1,13.7,981.2,Ludhiana
2023-04-05,20.4,27.4,12.5,64,0.0,12.4,981.5,Ludhiana
2023-04-06,21.5,28.3,15.1,57,0.0,14.3,983.9,Ludhiana
2023-04-07,20.7,28.8,13.4,57,0.0,15.6,985.2,Ludhiana
2023-04-08,21.8,30.4,13.7,52,0.0,12.0,985.4,Ludhiana
2023-04-09,23.2,31.4,16.1,43,0.0,10.7,985.5,Ludhiana
2023-04-10,24.0,32.8,14.9,45,0.0,16.3,983.5,Ludhiana
2023-04-11,24.8,34.0,15.9,43,0.0,19.9,983.1,Ludhiana
2023-04-12,26.6,35.2,19.1,39,0.0,16.0,982.4,Ludhiana
2023-04-13,26.5,35.2,17.4,40,0.0,17.4,980.9,Ludhiana
2023-04-14,28.6,36.8,19.6,36,0.0,15.3,979.9,Ludhiana
2023-04-15,28.1,37.9,18.8,39,0.0,13.7,979.1,Ludhiana
2023-04-16,28.1,37.8,20.2,36,0.0,13.0,978.4,Ludhiana
2023-04-17,30.1,38.5,19.7,33,0.0,9.4,978.2,Ludhiana
2023-04-18,29.3,36.7,22.5,35,0.0,17.6,979.6,Ludhiana
2023-04-19,25.6,32.3,21.7,53,2.7,21.6,977.8,Ludhiana
2023-04-20,24.6,30.4,20.0,53,0.5,17.8,975.3,Ludhiana
2023-04-21,24.4,31.3,17.9,42,0.9,16.8,976.5,Ludhiana
2023-04-22,24.1,31.2,16.7,38,0.0,17.0,977.8,Ludhiana
2023-04-23,24.2,31.2,16.4,38,0.0,12.2,978.3,Ludhiana
2023-04-24,25.3,33.3,17.6,39,0.0,13.0,981.2,Ludhiana
2023-04-25,26.1,33.7,19.9,40,0.0,17.7,982.6,Ludhiana
2023-04-26,26.5,34.7,18.5,41,0.3,15.8,979.6,Ludhiana
2023-04-27,25.9,32.0,20.7,42,0.4,22.7,979.4,Ludhiana
2023-04-28,26.0,34.3,17.8,46,1.4,16.3,980.2,Ludhiana
2023-04-29,26.4,34.7,20.7,45,0.0,16.6,978.8,Ludhiana
2023-04-30,25.2,31.0,20.6,55,1.2,10.7,978.3,Ludhiana
2023-05-01,21.3,25.1,18.9,78,4.3,20.0,979.2,Ludhiana
2023-05-02,21.3,26.7,18.1,78,5.9,15.4,980.8,Ludhiana
2023-05-03,21.7,28.3,17.7,79,15.2,10.2,981.6,Ludhiana
2023-05-04,23.1,29.1,16.9,69,1.4,9.4,981.2,Ludhiana
2023-05-05,25.0,31.1,19.3,56,0.0,12.3,979.4,Ludhiana
2023-05-06,25.6,33.0,18.5,51,0.0,17.7,977.4,Ludhiana
2023-05-07,26.1,34.4,17.9,47,0.0,18.5,976.3,Ludhiana
2023-05-08,26.2,34.6,18.4,44,0.2,23.6,976.0,Ludhiana
2023-05-09,26.0,33.5,18.3,37,0.0,17.2,979.5,Ludhiana
2023-05-10,25.7,34.3,18.2,40,0.0,15.0,977.8,Ludhiana
2023-05-11,28.2,37.1,18.9,37,0.0,11.2,978.0,Ludhiana
2023-05-12,30.1,38.0,21.1,33,0.0,8.1,977.5,Ludhiana
2023-05-13,30.0,38.8,20.5,36,0.0,12.6,976.7,Ludhiana
2023-05-14,30.5,38.7,22.2,31,0.0,17.2,974.2,Ludhiana
2023-05-15,30.5,38.7,23.0,29,0.0,12.6,973.4,Ludhiana
2023-05-16,30.3,38.5,22.6,31,0.0,13.5,975.1,Ludhiana
2023-05-17,31.5,38.9,22.5,31,0.0,18.2,976.3,Ludhiana
2023-05-18,27.0,32.8,19.9,49,2.5,13.5,980.5,Ludhiana
2023-05-19,28.8,35.7,21.7,43,0.0,14.3,977.9,Ludhiana
2023-05-20,30.7,38.5,22.1,38,0.0,15.3,975.3,Ludhiana
2023-05-21,31.8,41.2,22.3,34,0.0,12.7,975.6,Ludhiana
2023-05-22,33.0,42.4,23.9,30,0.0,18.5,975.8,Ludhiana
2023-05-23,32.2,40.7,25.5,36,0.6,20.7,976.2,Ludhiana
2023-05-24,27.0,31.3,22.5,59,14.8,22.7,976.3,Ludhiana
2023-05-25,26.7,33.7,21.4,64,1.4,15.9,976.5,Ludhiana
2023-05-26,26.2,31.5,20.5,65,2.5,12.9,977.4,Ludhiana
2023-05-27,26.3,32.8,20.6,63,0.1,11.8,977.1,Ludhiana
2023-05-28,27.8,34.6,21.1,54,0.0,8.4,977.7,Ludhiana
2023-05-29,26.8,33.6,22.1,62,0.9,26.4,980.1,Ludhiana
2023-05-30,26.9,32.6,22.4,62,0.3,15.0,980.0,Ludhiana
2023-05-31,22.6,25.7,19.9,85,63.0,16.5,978.4,Ludhiana
2023-06-01,24.1,30.2,18.3,73,0.1,15.1,978.3,Ludhiana
2023-06-02,24.1,29.0,19.3,72,1.5,16.6,977.7,Ludhiana
2023-06-03,26.8,32.6,20.4,62,0.0,7.9,977.5,Ludhiana
2023-06-04,28.4,34.3,21.7,58,0.0,8.6,976.8,Ludhiana
2023-06-05,29.3,36.0,22.6,50,0.0,16.4,975.3,Ludhiana
2023-06-06,28.1,35.3,22.1,53,0.6,25.5,975.7,Ludhiana
2023-06-07,27.8,33.5,22.6,58,0.4,30.7,975.9,Ludhiana
2023-06-08,29.8,36.8,23.9,52,0.0,12.8,974.9,Ludhiana
2023-06-09,31.6,38.7,23.9,47,0.2,12.0,971.8,Ludhiana
2023-06-10,31.8,39.2,24.1,51,0.1,20.4,970.3,Ludhiana
2023-06-11,30.6,37.3,25.1,58,0.0,14.8,970.9,Ludhiana
2023-06-12,31.6,38.3,24.9,55,0.0,13.5,970.3,Ludhiana
2023-06-13,32.7,39.9,26.9,53,0.0,29.4,970.1,Ludhiana
2023-06-14,30.9,37.2,27.0,59,1.2,13.2,971.2,Ludhiana
2023-06-15,28.8,34.2,24.6,69,3.1,11.8,972.8,Ludhiana
2023-06-16,30.3,35.9,24.8,62,0.9,15.8,972.1,Ludhiana
2023-06-17,31.7,37.3,25.4,58,0.0,10.7,971.9,Ludhiana
2023-06-18,30.8,34.9,27.1,66,1.5,13.5,972.5,Ludhiana
2023-06-19,32.0,37.5,26.3,60,0.0,10.4,971.5,Ludhiana
2023-06-20,32.9,38.6,26.8,59,0.0,7.4,970.5,Ludhiana
2023-06-21,33.2,38.7,27.8,59,0.0,19.4,971.2,Ludhiana
2023-06-22,33.1,38.0,28.2,65,8.2,18.2,971.3,Ludhiana
2023-06-23,32.8,37.8,27.3,67,1.2,18.6,971.4,Ludhiana
2023-06-24,32.3,38.4,27.4,66,0.7,22.1,971.1,Ludhiana
2023-06-25,30.6,36.3,26.5,71,7.4,23.2,971.9,Ludhiana
2023-06-26,28.4,33.2,25.4,80,2.9,15.1,973.6,Ludhiana
2023-06-27,28.7,34.0,24.3,78,11.0,11.6,972.4,Ludhiana
2023-06-28,29.8,34.5,26.1,76,0.4,13.2,973.7,Ludhiana
2023-06-29,28.6,32.8,26.4,82,8.6,13.2,972.9,Ludhiana
2023-06-30,29.3,34.2,24.4,77,1.6,14.7,971.1,Ludhiana
2023-07-01,29.5,34.7,24.9,75,2.6,14.5,972.0,Ludhiana
2023-07-02,30.0,35.4,25.1,75,2.7,14.6,972.5,Ludhiana
2023-07-03,31.6,36.6,27.7,72,0.0,13.7,971.7,Ludhiana
2023-07-04,30.8,36.3,26.6,75,21.6,19.7,970.2,Ludhiana
2023-07-05,27.8,31.3,26.0,86,7.2,18.6,970.9,Ludhiana
2023-07-06,28.0,33.5,24.4,84,0.8,10.8,973.2,Ludhiana
2023-07-07,27.9,31.7,25.4,82,7.2,14.0,973.8,Ludhiana
2023-07-08,26.1,27.4,24.1,92,21.8,16.4,974.3,Ludhiana
2023-07-09,26.2,29.3,23.9,90,55.5,17.2,972.9,Ludhiana
2023-07-10,26.1,28.9,24.2,88,0.8,15.5,973.6,Ludhiana
2023-07-11,28.0,32.6,23.6,81,0.7,10.1,973.1,Ludhiana
2023-07-12,28.9,34.2,24.9,81,0.1,10.1,972.6,Ludhiana
2023-07-13,28.7,33.1,23.8,83,1.2,13.3,972.7,Ludhiana
2023-07-14,29.1,33.1,25.8,83,0.8,11.8,973.3,Ludhiana
2023-07-15,29.6,33.8,25.7,82,3.1,13.2,972.2,Ludhiana
2023-07-16,28.5,32.0,25.8,87,21.2,15.9,972.8,Ludhiana
2023-07-17,28.8,33.5,26.0,86,4.7,10.2,971.9,Ludhiana
2023-07-18,28.9,32.0,26.5,86,0.9,15.0,971.8,Ludhiana
2023-07-19,28.2,32.3,26.2,86,3.9,14.8,972.2,Ludhiana
2023-07-20,30.4,35.0,26.4,79,0.2,8.2,972.1,Ludhiana
2023-07-21,31.0,35.0,27.3,80,0.7,10.0,973.3,Ludhiana
2023-07-22,28.4,31.6,26.3,87,5.7,18.7,976.4,Ludhiana
2023-07-23,29.6,33.3,25.9,80,0.6,12.8,976.4,Ludhiana
2023-07-24,29.6,33.4,26.7,82,2.8,12.1,974.2,Ludhiana
2023-07-25,29.7,33.5,26.2,82,7.9,13.2,973.8,Ludhiana
2023-07-26,27.6,31.4,25.1,87,8.1,12.4,975.3,Ludhiana
2023-07-27,28.6,32.2,25.7,84,3.0,10.8,974.4,Ludhiana
2023-07-28,27.3,30.4,25.3,89,21.8,8.3,972.3,Ludhiana
2023-07-29,28.3,32.6,25.5,85,4.0,9.5,971.2,Ludhiana
2023-07-30,28.5,33.0,24.9,85,0.2,6.5,970.8,Ludhiana
2023-07-31,29.9,33.7,26.0,78,0.1,11.1,970.3,Ludhiana
2023-08-01,30.3,34.3,26.2,80,0.0,10.6,969.2,Ludhiana
2023-08-02,30.1,34.6,27.3,81,1.2,13.2,969.6,Ludhiana
2023-08-03,29.2,33.6,25.1,83,2.8,11.0,970.1,Ludhiana
2023-08-04,29.2,33.4,25.9,86,7.6,12.7,972.3,Ludhiana
2023-08-05,29.2,32.8,26.4,87,3.7,10.5,973.7,Ludhiana
2023-08-06,28.9,32.9,25.8,86,10.1,14.3,970.8,Ludhiana
2023-08-07,28.7,33.3,24.4,83,7.7,10.5,968.5,Ludhiana
2023-08-08,29.5,33.9,25.6,82,0.3,10.1,969.5,Ludhiana
2023-08-09,29.5,34.0,26.7,82,2.2,10.8,973.1,Ludhiana
2023-08-10,28.9,32.7,25.6,86,6.1,13.8,974.8,Ludhiana
2023-08-11,28.9,32.9,26.4,88,8.0,10.4,975.0,Ludhiana
2023-08-12,29.8,34.0,26.2,82,0.0,9.7,972.4,Ludhiana
2023-08-13,29.4,34.3,25.6,82,1.9,16.9,970.2,Ludhiana
2023-08-14,28.2,32.3,25.0,83,9.9,15.9,974.3,Ludhiana
2023-08-15,28.5,33.0,24.6,80,4.7,15.5,975.5,Ludhiana
2023-08-16,29.5,33.8,25.4,79,0.0,10.5,975.0,Ludhiana
2023-08-17,29.5,33.8,26.0,83,1.9,10.5,974.2,Ludhiana
2023-08-18,30.4,34.6,26.1,80,0.0,6.3,974.6,Ludhiana
2023-08-19,29.8,33.7,27.2,84,3.5,10.0,975.4,Ludhiana
2023-08-20,29.9,34.0,26.5,84,0.9,12.9,975.9,Ludhiana
2023-08-21,30.1,34.5,26.6,85,2.8,7.9,974.1,Ludhiana
2023-08-22,30.8,35.9,26.7,81,0.5,11.6,971.8,Ludhiana
2023-08-23,28.6,33.1,25.7,84,1.5,19.1,970.9,Ludhiana
2023-08-24,28.6,33.3,25.0,81,0.5,11.6,970.4,Ludhiana
2023-08-25,28.2,33.4,23.9,81,1.3,14.2,970.7,Ludhiana
2023-08-26,27.4,31.3,23.9,84,9.7,16.0,972.9,Ludhiana
2023-08-27,28.7,33.1,25.0,76,0.0,8.6,972.5,Ludhiana
2023-08-28,27.2,32.2,22.5,80,4.0,24.2,972.6,Ludhiana
2023-08-29,28.5,33.7,24.6,77,0.0,13.0,974.9,Ludhiana
2023-08-30,29.0,34.2,24.9,72,0.0,10.7,976.6,Ludhiana
2023-08-31,29.6,34.5,24.7,71,0.0,9.4,977.2,Ludhiana
2023-09-01,30.5,36.1,26.5,71,0.0,10.0,976.8,Ludhiana
2023-09-02,30.4,36.0,25.4,68,0.0,12.9,975.6,Ludhiana
2023-09-03,29.9,35.3,25.5,65,0.0,11.5,974.6,Ludhiana
2023-09-04,30.1,35.8,25.1,65,0.0,10.1,974.3,Ludhiana
2023-09-05,29.3,35.0,24.8,73,0.0,11.9,975.8,Ludhiana
2023-09-06,30.0,35.5,24.4,69,0.0,8.1,976.5,Ludhiana
2023-09-07,30.6,36.5,25.0,67,0.0,7.1,975.7,Ludhiana
2023-09-08,30.0,34.9,25.5,71,0.1,8.7,975.9,Ludhiana
2023-09-09,28.4,32.7,24.2,78,7.8,17.6,975.4,Ludhiana
2023-09-10,28.5,32.7,25.0,77,1.8,10.9,973.8,Ludhiana
2023-09-11,28.9,34.0,24.4,73,0.0,9.4,974.0,Ludhiana
2023-09-12,29.7,34.5,25.9,77,0.0,11.8,973.9,Ludhiana
2023-09-13,29.4,33.6,25.8,80,2.2,15.2,974.3,Ludhiana
2023-09-14,30.0,34.0,26.5,79,2.4,13.4,975.4,Ludhiana
2023-09-15,28.2,32.3,25.4,84,8.6,14.1,976.9,Ludhiana
2023-09-16,28.5,33.4,24.2,81,0.6,9.3,976.5,Ludhiana
2023-09-17,26.3,30.0,24.4,91,15.6,11.1,975.5,Ludhiana
2023-09-18,27.1,31.5,23.8,84,17.2,15.2,975.9,Ludhiana
2023-09-19,27.4,31.9,24.7,84,21.4,10.8,978.1,Ludhiana
2023-09-20,28.3,33.1,24.6,80,0.8,11.7,978.0,Ludhiana
2023-09-21,29.0,33.5,25.3,76,0.0,10.0,977.0,Ludhiana
2023-09-22,28.5,33.3,24.8,78,0.0,13.9,977.2,Ludhiana
2023-09-23,27.8,32.2,24.9,80,0.2,9.9,977.9,Ludhiana
2023-09-24,27.0,31.7,23.2,83,0.0,7.9,977.4,Ludhiana
2023-09-25,26.0,31.2,22.7,85,1.7,19.3,978.1,Ludhiana
2023-09-26,26.6,32.2,22.0,76,0.0,9.4,979.3,Ludhiana
2023-09-27,26.3,32.3,22.1,74,0.0,14.0,978.9,Ludhiana
2023-09-28,26.2,32.7,20.8,72,0.0,10.0,978.2,Ludhiana
2023-09-29,26.5,33.2,20.5,69,0.0,8.9,978.0,Ludhiana
2023-09-30,26.5,33.2,20.8,68,0.0,12.9,978.4,Ludhiana
2023-10-01,25.2,32.8,19.7,65,0.0,9.3,977.8,Ludhiana
2023-10-02,25.4,32.2,20.4,53,0.0,14.5,978.5,Ludhiana
2023-10-03,25.1,32.8,18.0,61,0.0,15.6,979.1,Ludhiana
2023-10-04,25.9,33.2,20.0,63,0.0,14.3,979.3,Ludhiana
2023-10-05,25.8,33.3,20.8,64,0.0,12.4,978.4,Ludhiana
2023-10-06,26.2,34.1,19.0,64,0.0,9.7,977.1,Ludhiana
2023-10-07,26.5,34.4,19.5,68,0.0,9.1,978.2,Ludhiana
2023-10-08,27.6,34.1,22.2,69,0.0,8.4,979.0,Ludhiana
2023-10-09,27.6,34.5,22.1,66,0.0,10.6,979.4,Ludhiana
2023-10-10,26.4,33.1,21.6,60,0.0,14.9,981.4,Ludhiana
2023-10-11,24.0,31.5,19.0,68,0.0,10.7,981.8,Ludhiana
2023-10-12,24.5,31.6,18.6,62,0.0,10.7,983.0,Ludhiana
2023-10-13,25.0,32.2,18.7,66,0.0,8.7,983.6,Ludhiana
2023-10-14,24.5,31.8,20.1,72,0.0,12.2,983.1,Ludhiana
2023-10-15,24.1,31.7,19.4,67,0.7,23.2,981.3,Ludhiana
2023-10-16,20.8,26.8,18.3,78,17.8,21.8,982.4,Ludhiana
2023-10-17,20.1,26.3,16.4,74,0.0,10.6,986.5,Ludhiana
2023-10-18,19.9,26.8,15.0,70,0.0,11.9,986.6,Ludhiana
2023-10-19,20.3,27.3,15.1,71,0.0,9.8,985.8,Ludhiana
2023-10-20,21.2,29.0,15.7,71,0.0,8.7,986.3,Ludhiana
2023-10-21,21.7,29.3,16.0,71,0.0,10.3,986.7,Ludhiana
2023-10-22,21.6,27.6,16.6,72,0.0,9.4,987.4,Ludhiana
2023-10-23,22.0,29.3,17.5,72,0.0,10.7,985.7,Ludhiana
2023-10-24,22.2,29.5,16.4,68,0.0,11.7,985.1,Ludhiana
2023-10-25,22.1,29.7,15.9,68,0.0,10.6,985.8,Ludhiana
2023-10-26,21.8,29.8,16.1,69,0.0,12.5,985.3,Ludhiana
2023-10-27,22.6,30.1,14.8,62,0.0,9.9,984.4,Ludhiana
2023-10-28,22.8,29.9,16.8,66,0.0,9.7,984.6,Ludhiana
2023-10-29,23.1,30.0,16.8,68,0.0,8.5,984.9,Ludhiana
2023-10-30,23.2,30.0,17.2,69,0.0,8.1,985.8,Ludhiana
2023-10-31,23.3,30.2,17.6,70,0.0,8.5,986.9,Ludhiana
2023-11-01,22.6,29.7,15.9,68,0.0,9.0,987.7,Ludhiana
2023-11-02,22.4,29.7,16.3,67,0.0,12.6,985.8,Ludhiana
2023-11-03,21.5,28.6,16.7,67,0.1,10.7,983.4,Ludhiana
2023-11-04,21.2,29.5,14.3,63,0.0,11.5,983.7,Ludhiana
2023-11-05,21.6,29.4,15.3,65,0.0,10.9,985.0,Ludhiana
2023-11-06,21.0,28.7,14.2,64,0.0,9.4,986.7,Ludhiana
2023-11-07,21.5,28.8,15.3,69,0.0,10.0,986.0,Ludhiana
2023-11-08,21.8,29.3,16.6,70,0.1,13.6,985.0,Ludhiana
2023-11-09,21.0,28.5,15.2,69,0.0,8.7,984.7,Ludhiana
2023-11-10,17.6,21.6,14.9,82,5.6,19.1,987.1,Ludhiana
2023-11-11,17.7,24.5,13.7,80,0.0,11.0,989.0,Ludhiana
2023-11-12,17.7,25.1,13.1,76,0.0,12.2,988.8,Ludhiana
2023-11-13,17.9,25.4,11.7,76,0.0,9.3,988.7,Ludhiana
2023-11-14,17.6,25.5,12.3,80,0.0,9.4,988.3,Ludhiana
2023-11-15,18.4,26.4,13.5,77,0.0,10.1,987.8,Ludhiana
2023-11-16,18.2,26.2,13.1,79,0.0,9.3,988.9,Ludhiana
2023-11-17,18.8,27.3,13.2,76,0.0,10.4,988.8,Ludhiana
2023-11-18,18.5,27.0,12.8,72,0.0,10.5,986.8,Ludhiana
2023-11-19,19.1,26.9,11.9,71,0.0,10.9,987.8,Ludhiana
2023-11-20,18.7,25.8,13.3,71,0.0,9.4,988.2,Ludhiana
2023-11-21,17.8,25.0,12.5,68,0.0,15.5,987.2,Ludhiana
2023-11-22,17.5,25.2,11.8,68,0.0,13.2,984.6,Ludhiana
2023-11-23,17.4,24.8,10.6,68,0.0,9.7,984.5,Ludhiana
2023-11-24,17.5,25.4,12.7,72,0.0,10.9,987.0,Ludhiana
2023-11-25,16.9,24.9,11.2,76,0.0,9.4,987.5,Ludhiana
2023-11-26,18.0,25.0,12.4,73,0.0,8.9,988.6,Ludhiana
2023-11-27,16.8,22.1,14.2,76,0.7,19.1,986.6,Ludhiana
2023-11-28,17.6,24.8,11.7,76,0.0,12.6,986.4,Ludhiana
2023-11-29,17.8,24.9,11.9,76,0.0,7.9,986.4,Ludhiana
2023-11-30,16.7,22.2,12.8,84,5.2,14.1,987.6,Ludhiana
2023-12-01,16.2,23.4,12.1,83,0.0,10.1,988.1,Ludhiana
2023-12-02,16.2,23.9,10.8,80,0.0,8.9,987.8,Ludhiana
2023-12-03,16.0,23.0,10.7,83,0.0,9.3,988.2,Ludhiana
2023-12-04,15.3,21.8,10.3,85,0.0,9.5,987.1,Ludhiana
2023-12-05,15.6,22.9,9.5,80,0.0,9.9,986.9,Ludhiana
2023-12-06,15.9,23.4,11.9,82,0.0,10.2,987.2,Ludhiana
2023-12-07,15.0,22.8,10.4,84,0.0,9.7,986.4,Ludhiana
2023-12-08,14.0,22.1,9.3,83,0.0,10.7,985.8,Ludhiana
2023-12-09,13.5,21.8,7.5,81,0.0,12.0,986.7,Ludhiana
2023-12-10,13.9,21.4,8.5,77,0.0,11.4,984.8,Ludhiana
2023-12-11,13.8,21.5,7.2,74,0.0,8.3,985.2,Ludhiana
2023-12-12,13.4,21.3,6.9,74,0.0,10.0,985.0,Ludhiana
2023-12-13,13.9,21.2,9.4,72,0.0,11.6,986.9,Ludhiana
2023-12-14,13.0,20.9,7.4,79,0.0,11.7,987.4,Ludhiana
2023-12-15,12.2,20.3,6.6,79,0.0,9.9,988.6,Ludhiana
2023-12-16,12.3,20.2,6.5,82,0.0,11.8,987.4,Ludhiana
2023-12-17,13.2,20.3,7.1,74,0.0,11.7,988.7,Ludhiana
2023-12-18,12.4,19.8,7.5,79,0.0,12.2,990.1,Ludhiana
2023-12-19,12.1,19.9,6.0,77,0.0,11.9,989.8,Ludhiana
2023-12-20,12.2,20.2,6.0,79,0.0,10.0,989.3,Ludhiana
2023-12-21,12.0,20.7,4.5,80,0.0,10.1,988.1,Ludhiana
2023-12-22,11.8,19.2,5.2,86,0.0,10.3,987.8,Ludhiana
2023-12-23,15.0,22.2,8.4,75,0.0,10.8,990.3,Ludhiana
2023-12-24,14.4,21.5,9.6,79,0.0,9.9,991.6,Ludhiana
2023-12-25,13.8,20.8,10.2,82,0.0,8.6,989.5,Ludhiana
2023-12-26,13.8,22.3,7.5,78,0.0,9.6,989.0,Ludhiana
2023-12-27,13.6,21.3,8.2,81,0.0,7.9,990.6,Ludhiana
2023-12-28,12.4,19.4,9.3,92,0.0,6.9,989.1,Ludhiana
2023-12-29,11.8,18.7,8.3,91,0.0,8.3,990.1,Ludhiana
2023-12-30,11.1,18.0,8.0,90,0.0,8.7,988.9,Ludhiana
2023-12-31,10.4,16.0,7.5,91,0.0,7.6,988.8,Ludhiana
2024-01-01,9.3,15.5,6.0,91,0.0,7.4,989.0,Ludhiana
2024-01-02,8.4,14.1,4.4,92,0.0,8.2,988.3,Ludhiana
2024-01-03,8.3,14.2,5.2,92,0.0,8.7,988.3,Ludhiana
2024-01-04,8.5,16.4,5.0,90,0.0,9.9,988.2,Ludhiana
2024-01-05,8.1,14.3,5.0,89,0.0,7.8,988.5,Ludhiana
2024-01-06,8.5,15.5,4.3,89,0.0,10.7,990.0,Ludhiana
2024-01-07,7.8,14.6,4.8,91,0.0,7.0,990.6,Ludhiana
2024-01-08,8.1,15.5,4.6,89,0.0,7.2,990.4,Ludhiana
2024-01-09,7.4,13.4,4.0,88,0.0,9.5,990.7,Ludhiana
2024-01-10,7.9,14.8,3.9,91,0.0,13.6,988.9,Ludhiana
2024-01-11,7.7,13.8,4.9,92,0.0,9.6,989.2,Ludhiana
2024-01-12,8.0,15.0,4.0,90,0.0,10.7,988.0,Ludhiana
2024-01-13,8.9,15.9,4.7,90,0.0,8.7,987.4,Ludhiana
2024-01-14,7.4,14.3,4.1,90,0.0,7.9,988.0,Ludhiana
2024-01-15,7.5,13.2,4.3,92,0.0,7.8,987.3,Ludhiana
2024-01-16,7.6,14.8,3.3,91,0.0,7.7,985.1,Ludhiana
2024-01-17,10.4,16.7,5.9,89,0.0,4.8,985.4,Ludhiana
2024-01-18,10.4,16.7,6.8,93,0.0,8.8,987.2,Ludhiana
2024-01-19,9.6,15.6,6.3,92,0.0,7.7,988.4,Ludhiana
2024-01-20,8.9,15.4,5.2,90,0.0,8.2,989.4,Ludhiana
2024-01-21,8.3,15.3,4.3,90,0.0,10.6,988.4,Ludhiana
2024-01-22,7.1,13.2,3.6,91,0.0,8.2,989.2,Ludhiana
2024-01-23,7.4,14.8,2.7,91,0.0,8.9,988.9,Ludhiana
2024-01-24,8.0,15.6,4.6,92,0.0,10.1,988.9,Ludhiana
2024-01-25,8.1,14.1,4.1,92,0.0,8.1,990.8,Ludhiana
2024-01-26,10.7,18.1,5.6,87,0.0,10.1,991.2,Ludhiana
2024-01-27,11.4,19.3,6.4,86,0.0,12.7,989.4,Ludhiana
2024-01-28,11.9,19.2,6.0,87,0.0,9.7,987.8,Ludhiana
2024-01-29,12.3,19.5,7.0,87,0.0,9.3,988.5,Ludhiana
2024-01-30,12.6,19.9,6.9,86,0.0,9.2,986.8,Ludhiana
2024-01-31,12.9,17.7,8.8,89,2.3,13.7,985.7,Ludhiana
2024-02-01,13.2,16.9,9.2,90,15.6,23.8,985.4,Ludhiana
2024-02-02,10.8,17.1,6.0,85,0.0,12.8,990.1,Ludhiana
2024-02-03,12.0,17.1,7.6,77,0.9,11.9,988.0,Ludhiana
2024-02-04,11.9,15.2,10.1,92,18.6,10.8,986.5,Ludhiana
2024-02-05,12.1,17.1,7.0,87,0.1,10.8,988.5,Ludhiana
2024-02-06,10.2,17.1,5.3,77,0.0,13.7,989.7,Ludhiana
2024-02-07,10.1,17.0,3.3,73,0.0,16.3,990.6,Ludhiana
2024-02-08,10.0,17.0,5.0,75,0.0,15.7,988.9,Ludhiana
2024-02-09,11.4,19.6,4.7,77,0.0,8.9,988.5,Ludhiana
2024-02-10,11.8,20.0,5.0,79,0.0,10.7,991.5,Ludhiana
2024-02-11,13.0,20.9,6.8,79,0.0,10.7,990.9,Ludhiana
2024-02-12,13.6,20.5,7.1,80,0.0,10.0,989.8,Ludhiana
2024-02-13,14.3,21.5,9.0,76,0.0,11.2,989.3,Ludhiana
2024-02-14,13.9,21.9,8.0,76,0.0,12.7,989.1,Ludhiana
2024-02-15,14.0,22.5,8.1,73,0.0,11.3,989.6,Ludhiana
2024-02-16,14.2,23.2,7.1,72,0.0,11.5,989.9,Ludhiana
2024-02-17,15.3,23.6,8.3,69,0.0,13.2,985.3,Ludhiana
2024-02-18,17.1,24.3,9.5,74,0.0,16.2,982.0,Ludhiana
2024-02-19,19.4,24.5,15.9,63,5.1,32.8,979.2,Ludhiana
2024-02-20,17.2,23.2,11.6,74,0.8,26.9,980.6,Ludhiana
2024-02-21,14.4,21.4,7.8,73,0.2,16.2,981.7,Ludhiana
2024-02-22,13.6,21.0,7.7,62,0.0,10.9,984.1,Ludhiana
2024-02-23,13.2,20.7,6.8,58,0.0,10.3,986.1,Ludhiana
2024-02-24,13.1,20.9,6.1,58,0.0,10.0,986.4,Ludhiana
2024-02-25,13.1,21.5,6.1,60,0.0,12.3,989.1,Ludhiana
2024-02-26,14.9,22.7,7.2,54,0.0,11.4,988.8,Ludhiana
2024-02-27,15.8,21.1,12.2,54,0.0,14.5,988.7,Ludhiana
2024-02-28,15.0,22.8,8.8,64,0.0,16.6,986.8,Ludhiana
2024-02-29,16.7,25.0,9.6,64,0.0,10.9,985.1,Ludhiana
2024-03-01,17.7,22.1,13.6,71,1.7,25.7,984.3,Ludhiana
2024-03-02,17.5,20.8,15.2,80,26.3,35.5,980.0,Ludhiana
2024-03-03,14.8,20.3,10.1,67,0.0,21.2,982.3,Ludhiana
2024-03-04,12.4,18.6,7.5,58,0.0,11.0,987.2,Ludhiana
2024-03-05,11.8,19.3,6.3,62,0.0,13.9,987.8,Ludhiana
2024-03-06,13.0,20.8,5.2,59,0.0,10.8,985.4,Ludhiana
2024-03-07,15.5,23.0,9.2,58,0.0,12.7,985.6,Ludhiana
2024-03-08,15.2,22.8,8.9,62,0.0,13.6,986.5,Ludhiana
2024-03-09,15.8,24.7,9.1,60,0.0,13.0,985.8,Ludhiana
2024-03-10,17.7,26.6,9.4,56,0.0,11.9,985.1,Ludhiana
2024-03-11,18.5,26.3,11.0,59,0.0,26.2,987.2,Ludhiana
2024-03-12,19.0,26.7,12.2,64,0.0,10.6,985.3,Ludhiana
2024-03-13,16.8,25.4,12.3,71,1.0,19.1,982.7,Ludhiana
2024-03-14,18.1,26.6,10.1,62,0.0,14.0,986.1,Ludhiana
2024-03-15,17.7,26.7,11.1,51,0.0,14.3,984.5,Ludhiana
2024-03-16,18.4,27.8,10.7,51,0.0,12.0,986.2,Ludhiana
2024-03-17,19.5,28.5,12.0,46,0.0,10.2,985.8,Ludhiana
2024-03-18,20.4,29.0,12.0,50,0.0,9.7,983.9,Ludhiana
2024-03-19,21.0,29.8,12.4,47,0.0,13.7,983.9,Ludhiana
2024-03-20,22.0,30.7,13.6,52,0.0,13.3,984.3,Ludhiana
2024-03-21,21.6,27.7,16.8,63,0.0,19.3,983.7,Ludhiana
2024-03-22,22.9,28.6,18.1,60,0.1,15.5,981.3,Ludhiana
2024-03-23,23.0,30.7,15.7,60,0.0,16.6,979.8,Ludhiana
2024-03-24,22.4,29.5,16.9,57,0.4,21.6,982.0,Ludhiana
2024-03-25,23.0,31.1,16.1,58,0.0,15.3,983.5,Ludhiana
2024-03-26,22.6,30.8,15.7,63,0.0,10.7,982.1,Ludhiana
2024-03-27,24.8,32.3,18.2,61,0.5,20.4,984.5,Ludhiana
2024-03-28,25.8,34.2,19.4,56,0.0,17.0,981.9,Ludhiana
2024-03-29,24.7,33.2,17.0,60,0.0,11.0,980.4,Ludhiana
2024-03-30,23.3,30.2,18.5,64,3.7,22.9,982.0,Ludhiana
2024-03-31,23.2,30.3,17.3,52,0.0,13.3,983.0,Ludhiana
2024-04-01,20.8,28.5,15.8,55,0.0,13.8,980.3,Ludhiana
2024-04-02,22.0,29.7,13.1,48,0.0,13.5,979.0,Ludhiana
2024-04-03,23.7,32.5,15.0,49,0.0,13.1,979.6,Ludhiana
2024-04-04,24.8,33.0,17.9,41,0.0,12.2,980.2,Ludhiana
2024-04-05,23.3,32.2,16.0,44,0.0,15.5,979.8,Ludhiana
2024-04-06,23.2,32.4,14.9,37,0.0,15.2,979.4,Ludhiana
2024-04-07,23.4,32.6,14.2,39,0.0,19.1,979.1,Ludhiana
2024-04-08,24.5,33.5,15.9,37,0.0,15.2,980.3,Ludhiana
2024-04-09,25.0,34.1,15.9,35,0.0,12.5,981.1,Ludhiana
2024-04-10,25.7,34.8,16.3,34,0.0,16.4,981.2,Ludhiana
2024-04-11,26.5,34.4,18.7,32,0.0,13.2,982.7,Ludhiana
2024-04-12,27.2,35.5,16.9,34,0.0,15.0,981.5,Ludhiana
2024-04-13,26.3,34.3,20.5,41,0.7,21.7,981.5,Ludhiana
2024-04-14,24.9,31.6,20.0,58,1.2,12.2,983.5,Ludhiana
2024-04-15,24.4,31.4,19.9,67,12.5,27.4,982.5,Ludhiana
2024-04-16,25.1,31.3,18.1,59,0.2,16.7,982.0,Ludhiana
2024-04-17,24.9,32.6,16.8,46,0.0,18.8,980.1,Ludhiana
2024-04-18,26.3,32.7,18.6,42,0.0,13.8,978.4,Ludhiana
2024-04-19,26.7,34.0,21.2,45,5.4,23.1,976.0,Ludhiana
2024-04-20,25.8,32.7,19.0,47,1.6,14.3,976.4,Ludhiana
2024-04-21,26.9,34.6,19.1,39,0.0,20.1,977.4,Ludhiana
2024-04-22,27.0,35.4,18.0,40,0.0,18.7,977.9,Ludhiana
2024-04-23,26.3,33.9,20.1,37,0.0,20.2,978.1,Ludhiana
2024-04-24,27.2,35.1,19.8,37,0.1,13.7,977.6,Ludhiana
2024-04-25,28.8,37.2,18.7,31,0.0,22.7,977.8,Ludhiana
2024-04-26,30.9,38.7,21.9,26,0.0,18.7,976.0,Ludhiana
2024-04-27,28.0,35.0,22.4,35,1.6,21.9,977.5,Ludhiana
2024-04-28,27.5,34.8,20.5,40,0.0,11.8,978.8,Ludhiana
2024-04-29,25.1,29.5,21.7,45,1.2,17.8,979.0,Ludhiana
2024-04-30,24.8,33.0,16.8,41,0.0,26.5,977.3,Ludhiana
2024-05-01,22.3,29.3,14.9,43,0.0,15.5,975.3,Ludhiana
2024-05-02,24.9,33.0,16.2,38,0.0,20.7,976.4,Ludhiana
2024-05-03,27.6,36.4,17.8,30,0.0,17.9,976.9,Ludhiana
2024-05-04,30.2,38.8,22.5,30,0.0,20.9,977.1,Ludhiana
2024-05-05,30.1,38.0,22.0,31,0.0,20.4,974.0,Ludhiana
2024-05-06,30.7,39.1,22.9,30,0.0,15.9,974.9,Ludhiana
2024-05-07,32.0,40.4,23.6,25,0.0,15.9,976.5,Ludhiana
2024-05-08,31.3,39.4,23.2,34,0.0,21.2,976.6,Ludhiana
2024-05-09,31.5,38.6,26.2,40,0.0,22.0,976.1,Ludhiana
2024-05-10,30.5,37.6,25.3,50,0.4,20.9,977.1,Ludhiana
2024-05-11,29.8,36.2,22.8,50,0.8,15.4,979.1,Ludhiana
2024-05-12,29.0,34.1,23.5,45,0.5,22.1,979.7,Ludhiana
2024-05-13,30.4,38.4,22.2,32,0.0,16.9,979.9,Ludhiana
2024-05-14,30.2,38.4,21.7,29,0.0,15.6,979.5,Ludhiana
2024-05-15,32.0,41.0,22.0,24,0.0,16.3,979.1,Ludhiana
2024-05-16,32.7,41.6,22.8,27,0.0,17.3,978.7,Ludhiana
2024-05-17,34.4,42.8,24.5,24,0.0,19.5,975.9,Ludhiana
2024-05-18,34.5,43.1,24.8,24,0.0,24.3,973.6,Ludhiana
2024-05-19,35.1,43.7,25.6,22,0.0,22.0,971.9,Ludhiana
2024-05-20,34.6,42.2,25.6,22,0.0,18.4,972.6,Ludhiana
2024-05-21,34.0,42.3,25.9,25,0.0,15.6,973.2,Ludhiana
2024-05-22,34.6,40.7,26.4,31,0.0,18.8,973.5,Ludhiana
2024-05-23,34.3,40.2,28.6,38,0.0,22.9,973.4,Ludhiana
2024-05-24,35.1,40.6,29.3,36,0.3,21.3,973.3,Ludhiana
2024-05-25,35.9,43.4,26.3,26,0.0,23.9,971.2,Ludhiana
2024-05-26,36.2,44.5,26.0,22,0.0,18.6,969.6,Ludhiana
2024-05-27,36.4,44.5,27.4,19,0.0,18.0,967.1,Ludhiana
2024-05-28,35.9,45.0,25.9,15,0.0,14.3,965.0,Ludhiana
2024-05-29,36.6,45.4,26.0,14,0.0,15.5,965.8,Ludhiana
2024-05-30,36.8,45.5,27.0,14,0.0,18.9,968.8,Ludhiana
2024-05-31,36.1,44.6,26.6,16,0.0,12.5,971.1,Ludhiana
2024-06-01,36.4,44.6,27.7,16,0.0,28.5,971.8,Ludhiana
2024-06-02,35.5,42.9,27.0,25,0.0,15.4,973.5,Ludhiana
2024-06-03,36.2,44.4,27.0,18,0.0,17.7,972.2,Ludhiana
2024-06-04,36.3,42.5,29.3,19,0.0,19.7,972.0,Ludhiana
2024-06-05,33.6,40.4,27.7,29,2.0,27.6,973.6,Ludhiana
2022-04-01,27.4,36.4,19.3,30,0.0,17.9,977.4,Patiala
2022-04-02,27.9,37.4,18.2,36,0.0,14.1,978.5,Patiala
2022-04-03,28.7,38.0,20.7,22,0.0,13.4,978.1,Patiala
2022-04-04,27.8,37.9,18.1,27,0.0,17.6,977.9,Patiala
2022-04-05,28.0,38.0,18.4,29,0.0,15.5,980.8,Patiala
2022-04-06,28.7,38.3,19.6,28,0.0,18.8,980.6,Patiala
2022-04-07,29.5,39.5,19.8,29,0.0,18.6,979.8,Patiala
2022-04-08,30.1,40.4,19.9,29,0.0,16.1,977.5,Patiala
2022-04-09,31.7,41.0,21.4,23,0.0,17.2,975.9,Patiala
2022-04-10,31.4,40.6,21.6,26,0.0,20.9,975.3,Patiala
2022-04-11,31.7,41.4,21.7,26,0.0,15.5,974.4,Patiala
2022-04-12,31.9,40.1,23.9,23,0.0,12.1,974.2,Patiala
2022-04-13,31.6,38.8,23.4,36,0.0,12.8,974.0,Patiala
2022-04-14,30.9,38.9,24.2,23,0.0,23.8,973.9,Patiala
2022-04-15,29.3,37.0,21.7,25,0.3,23.7,974.1,Patiala
2022-04-16,29.7,37.5,20.8,25,0.0,16.6,973.9,Patiala
2022-04-17,30.7,39.2,20.7,24,0.0,15.6,974.6,Patiala
2022-04-18,32.0,40.9,22.0,23,0.0,14.0,976.3,Patiala
2022-04-19,33.1,41.6,23.7,21,0.0,22.0,977.8,Patiala
2022-04-20,32.3,40.2,24.6,24,0.0,18.5,976.4,Patiala
2022-04-21,29.1,35.6,23.7,29,0.0,25.8,977.6,Patiala
2022-04-22,28.7,37.1,19.5,32,0.0,15.5,978.8,Patiala
2022-04-23,30.0,38.3,21.4,24,0.0,17.7,978.7,Patiala
2022-04-24,30.7,38.4,22.6,22,0.0,24.5,976.7,Patiala
2022-04-25,30.8,39.6,22.6,24,0.0,29.7,975.5,Patiala
2022-04-26,31.9,40.2,22.2,21,0.0,15.3,976.0,Patiala
2022-04-27,32.4,41.1,23.4,21,0.0,21.6,975.4,Patiala
2022-04-28,34.1,42.8,24.0,21,0.0,15.9,975.1,Patiala
2022-04-29,34.2,43.4,24.4,18,0.0,21.8,974.9,Patiala
2022-04-30,34.3,43.0,24.6,19,0.0,14.2,971.9,Patiala
2022-05-01,32.1,39.6,27.6,35,0.0,23.1,972.0,Patiala
2022-05-02,32.2,38.8,26.3,39,0.3,24.8,972.4,Patiala
2022-05-03,31.4,38.6,27.5,45,3.4,19.2,974.7,Patiala
2022-05-04,29.5,35.8,25.4,49,0.1,16.1,977.2,Patiala
2022-05-05,29.2,37.5,21.3,48,0.0,16.3,976.8,Patiala
2022-05-06,30.9,38.2,23.0,32,0.0,17.1,976.4,Patiala
2022-05-07,30.6,38.8,22.2,34,0.0,17.6,976.1,Patiala
2022-05-08,31.9,39.7,23.1,33,0.0,18.0,974.3,Patiala
2022-05-09,32.2,39.3,25.7,46,0.0,20.4,974.5,Patiala
2022-05-10,32.2,38.6,27.2,47,0.8,17.3,974.7,Patiala
2022-05-11,33.2,40.6,26.7,44,0.0,16.6,972.8,Patiala
2022-05-12,34.2,41.7,27.1,40,0.0,15.8,971.2,Patiala
2022-05-13,34.2,42.7,27.3,38,0.0,21.4,968.9,Patiala
2022-05-14,34.2,43.7,25.6,24,0.0,19.4,968.6,Patiala
2022-05-15,35.4,44.4,26.5,22,0.0,14.8,969.7,Patiala
2022-05-16,33.6,40.9,26.6,35,0.0,19.5,970.4,Patiala
2022-05-17,32.5,39.0,27.1,38,0.1,22.5,971.5,Patiala
2022-05-18,33.5,41.6,25.7,32,0.0,15.5,972.9,Patiala
2022-05-19,34.1,42.2,25.8,29,0.0,13.0,972.3,Patiala
2022-05-20,35.4,43.5,26.7,22,0.0,16.2,969.2,Patiala
2022-05-21,32.8,38.9,26.3,31,0.0,23.7,967.4,Patiala
2022-05-22,31.5,38.8,24.5,37,0.0,24.1,966.4,Patiala
2022-05-23,27.8,33.5,21.6,52,7.4,29.5,969.1,Patiala
2022-05-24,23.9,28.7,20.5,69,25.4,22.2,975.6,Patiala
2022-05-25,26.5,32.4,20.0,58,0.0,7.3,976.3,Patiala
2022-05-26,28.7,34.7,22.2,53,0.0,8.3,973.9,Patiala
2022-05-27,30.4,37.3,23.6,53,0.0,11.9,970.7,Patiala
2022-05-28,31.7,38.8,25.9,53,0.0,16.4,969.0,Patiala
2022-05-29,31.9,36.8,26.2,54,0.0,13.0,969.6,Patiala
2022-05-30,32.2,39.6,26.9,54,0.0,21.0,970.2,Patiala
2022-05-31,31.2,37.6,25.4,52,0.0,14.8,971.1,Patiala
2022-06-01,31.4,39.3,24.0,38,0.0,14.4,971.3,Patiala
2022-06-02,32.2,40.4,23.6,32,0.0,18.8,970.9,Patiala
2022-06-03,31.6,40.4,23.0,31,0.0,13.5,970.1,Patiala
2022-06-04,32.8,41.7,24.1,29,0.0,14.1,970.3,Patiala
2022-06-05,33.5,41.9,25.1,27,0.0,13.0,970.3,Patiala
2022-06-06,34.0,42.1,25.4,26,0.0,11.2,969.6,Patiala
2022-06-07,34.0,42.8,25.3,30,0.0,13.7,969.1,Patiala
2022-06-08,34.7,42.0,27.3,24,0.0,17.5,968.8,Patiala
2022-06-09,34.6,42.8,26.6,25,0.0,16.6,967.8,Patiala
2022-06-10,34.8,42.1,27.2,24,0.0,23.1,968.7,Patiala
2022-06-11,35.0,41.7,27.4,28,0.0,28.9,969.1,Patiala
2022-06-12,35.3,41.7,28.2,27,0.0,15.5,970.5,Patiala
2022-06-13,35.6,42.3,28.5,29,0.0,20.5,971.8,Patiala
2022-06-14,35.8,42.4,29.3,30,0.0,19.4,971.1,Patiala
2022-06-15,36.4,42.0,30.4,31,0.0,19.1,969.6,Patiala
2022-06-16,32.0,35.9,27.3,46,4.3,19.4,970.7,Patiala
2022-06-17,30.1,35.5,25.1,62,0.7,18.1,971.4,Patiala
2022-06-18,25.7,30.2,23.8,81,28.9,15.1,972.9,Patiala
2022-06-19,27.0,33.1,22.3,74,0.0,8.1,971.9,Patiala
2022-06-20,27.1,32.6,22.5,75,0.8,8.7,970.3,Patiala
2022-06-21,26.3,29.7,23.4,77,7.3,15.9,969.9,Patiala
2022-06-22,27.3,32.3,23.2,72,17.2,21.3,974.9,Patiala
2022-06-23,28.7,34.4,24.0,60,0.0,18.9,975.2,Patiala
2022-06-24,28.8,35.4,22.4,56,0.0,14.8,972.6,Patiala
2022-06-25,30.3,36.9,22.3,53,0.0,9.7,970.3,Patiala
2022-06-26,32.1,37.7,26.3,52,0.0,15.9,971.6,Patiala
2022-06-27,32.7,37.0,29.0,61,0.1,16.6,972.6,Patiala
2022-06-28,33.0,38.4,28.3,63,0.1,17.8,969.6,Patiala
2022-06-29,31.8,37.0,27.9,67,0.0,20.6,967.1,Patiala
2022-06-30,26.1,28.4,24.7,91,18.7,23.0,969.6,Patiala
2022-07-01,27.8,32.2,24.7,81,9.0,12.3,970.9,Patiala
2022-07-02,29.5,33.3,25.8,76,0.8,12.3,969.1,Patiala
2022-07-03,29.2,33.0,25.4,80,2.2,17.6,970.4,Patiala
2022-07-04,30.0,34.4,26.5,80,0.9,12.4,969.8,Patiala
2022-07-05,30.8,34.9,27.1,76,0.2,13.1,969.8,Patiala
2022-07-06,30.0,35.0,26.4,79,16.2,15.4,972.9,Patiala
2022-07-07,30.3,33.9,26.3,78,18.0,15.9,974.7,Patiala
2022-07-08,30.8,35.0,28.3,77,0.8,12.0,971.9,Patiala
2022-07-09,28.9,32.6,26.1,81,7.9,17.0,970.0,Patiala
2022-07-10,26.8,30.3,25.0,88,39.1,11.2,971.9,Patiala
2022-07-11,29.3,33.3,25.7,82,2.3,7.9,971.9,Patiala
2022-07-12,29.2,33.1,25.3,84,7.5,12.1,971.3,Patiala
2022-07-13,28.9,33.6,25.6,84,7.2,13.3,969.7,Patiala
2022-07-14,28.3,32.9,26.3,86,3.5,16.5,969.9,Patiala
2022-07-15,29.3,34.4,25.9,79,0.5,16.3,971.8,Patiala
2022-07-16,29.9,34.0,25.8,78,0.9,9.4,972.3,Patiala
2022-07-17,28.9,33.2,25.4,83,5.5,15.5,974.3,Patiala
2022-07-18,30.6,34.8,26.4,76,0.0,6.4,972.6,Patiala
2022-07-19,30.7,34.4,26.9,79,0.8,8.9,971.0,Patiala
2022-07-20,28.6,32.4,25.4,87,10.6,12.3,970.4,Patiala
2022-07-21,26.1,29.9,23.8,90,14.2,14.3,973.2,Patiala
2022-07-22,27.3,31.9,24.4,88,1.6,14.5,974.7,Patiala
2022-07-23,28.6,32.5,25.5,81,0.5,19.9,973.9,Patiala
2022-07-24,29.5,33.4,26.7,77,0.8,16.6,973.5,Patiala
2022-07-25,29.1,32.5,26.9,76,0.2,20.4,975.6,Patiala
2022-07-26,28.4,31.9,26.6,79,3.4,14.0,976.6,Patiala
2022-07-27,28.5,32.0,26.0,80,2.5,15.1,976.0,Patiala
2022-07-28,27.5,31.3,25.6,86,7.5,16.2,976.7,Patiala
2022-07-29,26.0,29.5,24.4,93,15.4,10.8,975.7,Patiala
2022-07-30,26.4,30.1,24.1,91,24.2,10.0,973.9,Patiala
2022-07-31,25.6,28.5,24.1,94,49.8,8.7,971.6,Patiala
2022-08-01,26.2,30.2,23.8,90,26.8,8.9,971.9,Patiala
2022-08-02,28.3,32.6,24.5,84,0.1,11.0,971.4,Patiala
2022-08-03,28.9,32.4,25.3,84,0.7,11.3,972.9,Patiala
2022-08-04,27.4,30.6,25.1,88,9.0,16.6,974.1,Patiala
2022-08-05,27.5,31.2,25.5,89,1.4,15.8,972.8,Patiala
2022-08-06,28.2,31.7,24.9,88,1.7,6.6,970.6,Patiala
2022-08-07,27.4,30.5,25.0,89,21.5,13.5,970.7,Patiala
2022-08-08,29.2,33.3,25.1,81,0.0,8.6,970.7,Patiala
2022-08-09,29.9,33.5,26.5,81,0.1,8.0,970.7,Patiala
2022-08-10,30.1,34.4,26.2,80,0.0,11.3,968.8,Patiala
2022-08-11,27.1,28.5,26.2,84,6.1,18.1,971.9,Patiala
2022-08-12,29.3,33.1,25.1,74,0.0,11.4,971.3,Patiala
2022-08-13,29.5,33.4,26.3,79,0.0,10.3,970.8,Patiala
2022-08-14,28.2,32.7,25.4,86,13.1,12.5,972.9,Patiala
2022-08-15,27.6,30.0,25.3,81,0.0,11.8,975.0,Patiala
2022-08-16,28.4,31.8,25.7,75,3.5,16.3,973.8,Patiala
2022-08-17,28.0,31.6,24.5,80,0.3,24.4,973.9,Patiala
2022-08-18,28.6,32.4,25.3,81,0.7,9.3,972.8,Patiala
2022-08-19,28.4,31.6,26.0,83,0.5,12.6,972.6,Patiala
2022-08-20,27.9,30.4,25.6,84,0.5,6.2,974.0,Patiala
2022-08-21,28.6,32.2,25.5,81,1.3,12.6,972.4,Patiala
2022-08-22,28.9,33.2,25.4,81,0.0,8.9,970.8,Patiala
2022-08-23,29.7,33.4,26.2,78,0.0,17.9,972.8,Patiala
2022-08-24,28.0,31.5,25.9,82,1.4,21.1,976.2,Patiala
2022-08-25,28.4,31.7,25.0,80,0.2,8.5,975.6,Patiala
2022-08-26,28.9,32.6,25.5,78,1.3,11.9,974.7,Patiala
2022-08-27,28.8,32.7,25.9,76,0.4,17.6,973.7,Patiala
2022-08-28,28.8,33.0,25.9,77,0.9,14.7,974.0,Patiala
2022-08-29,27.6,32.3,25.6,84,12.9,13.5,977.9,Patiala
2022-08-30,28.6,33.5,24.7,80,0.1,12.8,978.7,Patiala
2022-08-31,29.2,33.9,25.3,78,0.3,13.6,975.9,Patiala
2022-09-01,29.6,34.2,25.4,75,0.0,13.9,975.8,Patiala
2022-09-02,29.2,33.3,25.3,76,0.9,14.0,977.2,Patiala
2022-09-03,29.0,33.2,25.3,76,0.2,13.7,974.6,Patiala
2022-09-04,29.0,33.6,24.4,74,0.0,9.4,973.2,Patiala
2022-09-05,29.3,34.2,25.0,70,0.0,10.1,975.2,Patiala
2022-09-06,28.5,33.8,24.0,74,0.0,13.1,976.7,Patiala
2022-09-07,28.8,34.0,24.2,73,0.0,11.0,978.3,Patiala
2022-09-08,29.4,33.8,24.7,70,0.2,6.8,979.1,Patiala
2022-09-09,29.7,34.3,26.0,70,0.2,10.5,978.8,Patiala
2022-09-10,29.3,33.2,25.4,72,0.4,15.7,977.8,Patiala
2022-09-11,28.2,33.3,24.1,74,4.2,17.9,976.2,Patiala
2022-09-12,28.9,33.5,25.6,69,0.9,13.0,974.7,Patiala
2022-09-13,28.8,33.6,24.5,70,1.7,14.9,975.0,Patiala
2022-09-14,28.2,31.6,25.7,78,2.0,8.5,975.7,Patiala
2022-09-15,27.2,31.4,23.5,81,3.9,13.3,974.3,Patiala
2022-09-16,26.7,31.7,22.8,81,0.3,12.3,971.3,Patiala
2022-09-17,28.1,32.9,23.3,76,0.1,6.9,972.8,Patiala
2022-09-18,28.3,33.7,24.0,76,0.0,11.7,976.0,Patiala
2022-09-19,28.5,33.8,23.1,71,0.0,11.2,976.4,Patiala
2022-09-20,27.2,31.9,23.2,82,3.6,10.0,976.6,Patiala
2022-09-21,26.5,31.0,24.8,88,9.5,8.4,976.6,Patiala
2022-09-22,25.0,26.3,23.9,92,59.3,12.5,976.4,Patiala
2022-09-23,25.1,27.9,23.0,88,10.0,13.1,975.7,Patiala
2022-09-24,24.3,25.5,22.9,90,59.1,19.2,974.1,Patiala
2022-09-25,24.9,29.1,22.3,86,17.9,21.8,975.1,Patiala
2022-09-26,24.9,29.8,20.6,85,0.0,9.9,979.4,Patiala
2022-09-27,25.4,30.1,21.5,85,0.0,9.0,977.9,Patiala
2022-09-28,25.6,30.4,21.5,82,0.0,8.7,976.9,Patiala
2022-09-29,26.0,30.7,21.9,81,0.0,10.2,976.8,Patiala
2022-09-30,26.2,31.2,22.0,82,0.0,11.8,977.2,Patiala
2022-10-01,26.4,31.5,22.2,79,0.0,8.7,976.2,Patiala
2022-10-02,26.5,32.5,21.3,77,0.0,10.9,976.8,Patiala
2022-10-03,26.5,32.5,22.1,72,0.0,14.6,977.6,Patiala
2022-10-04,26.3,32.5,22.0,72,0.0,11.7,979.1,Patiala
2022-10-05,26.0,32.1,21.7,78,0.0,10.9,978.6,Patiala
2022-10-06,25.6,30.5,21.8,76,0.1,16.3,979.5,Patiala
2022-10-07,24.9,28.9,21.9,79,0.4,9.6,980.9,Patiala
2022-10-08,23.3,25.5,21.0,86,5.8,12.2,981.8,Patiala
2022-10-09,23.6,28.1,19.8,82,0.8,19.4,981.0,Patiala
2022-10-10,23.1,27.5,21.1,82,0.7,15.8,982.1,Patiala
2022-10-11,21.8,25.6,18.3,87,16.3,17.2,980.9,Patiala
2022-10-12,22.2,27.9,17.4,79,0.0,9.8,981.8,Patiala
2022-10-13,23.1,29.5,18.5,75,0.0,13.1,982.6,Patiala
2022-10-14,23.0,29.8,18.3,72,0.0,15.3,982.3,Patiala
2022-10-15,22.9,30.0,17.3,73,0.0,13.2,981.4,Patiala
2022-10-16,23.4,30.5,17.5,72,0.0,9.5,983.7,Patiala
2022-10-17,23.6,30.7,18.2,67,0.0,9.0,983.7,Patiala
2022-10-18,23.2,30.7,17.2,65,0.0,10.0,982.1,Patiala
2022-10-19,22.6,30.2,16.5,70,0.0,10.5,982.0,Patiala
2022-10-20,22.4,29.2,18.2,72,1.8,18.9,983.7,Patiala
2022-10-21,22.2,29.2,16.6,74,0.0,10.3,985.7,Patiala
2022-10-22,21.4,28.9,16.0,69,0.0,9.2,986.9,Patiala
2022-10-23,20.9,29.1,14.6,69,0.0,9.7,985.8,Patiala
2022-10-24,21.4,29.4,15.9,63,0.0,13.0,981.6,Patiala
2022-10-25,21.3,29.1,15.8,62,0.0,15.6,979.4,Patiala
2022-10-26,21.4,29.9,15.0,69,0.0,10.6,982.9,Patiala
2022-10-27,21.5,29.7,15.0,68,0.0,10.8,983.1,Patiala
2022-10-28,21.4,29.7,14.5,70,0.0,10.2,983.3,Patiala
2022-10-29,21.8,29.3,14.6,69,0.0,10.7,984.1,Patiala
2022-10-30,21.7,29.6,15.8,70,0.0,10.6,984.5,Patiala
2022-10-31,21.9,29.6,15.4,70,0.0,9.3,984.2,Patiala
2022-11-01,22.8,30.7,16.0,69,0.0,13.6,984.4,Patiala
2022-11-02,22.8,29.8,17.3,74,0.0,15.6,983.3,Patiala
2022-11-03,21.7,29.8,15.2,69,0.0,13.9,982.1,Patiala
2022-11-04,21.6,29.2,15.4,74,0.0,8.7,983.6,Patiala
2022-11-05,22.9,29.4,17.5,76,0.0,13.6,985.6,Patiala
2022-11-06,23.4,29.8,18.4,74,0.0,13.6,985.9,Patiala
2022-11-07,22.3,29.8,17.4,77,0.0,8.3,985.3,Patiala
2022-11-08,20.6,27.9,15.7,72,0.0,15.2,985.7,Patiala
2022-11-09,20.3,27.3,15.1,71,0.0,22.4,985.9,Patiala
2022-11-10,19.8,26.8,14.8,68,0.0,15.6,987.2,Patiala
2022-11-11,19.2,25.8,14.4,62,0.0,15.5,987.2,Patiala
2022-11-12,18.8,25.4,14.5,60,0.0,15.8,986.5,Patiala
2022-11-13,19.0,25.9,13.6,58,0.0,13.2,984.9,Patiala
2022-11-14,19.0,26.0,14.9,61,0.1,24.0,986.0,Patiala
2022-11-15,19.7,26.0,14.8,63,0.0,11.6,986.0,Patiala
2022-11-16,17.7,23.8,12.3,70,0.0,12.6,984.8,Patiala
2022-11-17,17.2,23.6,12.7,65,0.0,17.1,984.3,Patiala
2022-11-18,16.5,24.6,10.7,67,0.0,10.0,985.3,Patiala
2022-11-19,16.4,24.4,10.3,68,0.0,10.1,986.4,Patiala
2022-11-20,17.6,25.7,11.8,65,0.0,15.0,984.8,Patiala
2022-11-21,17.3,25.1,12.1,61,0.0,13.8,983.8,Patiala
2022-11-22,16.5,25.1,10.6,62,0.0,14.5,983.5,Patiala
2022-11-23,16.5,25.0,9.6,61,0.0,15.3,983.8,Patiala
2022-11-24,16.1,25.1,9.3,65,0.0,12.4,983.6,Patiala
2022-11-25,16.4,25.2,10.1,66,0.0,9.2,986.3,Patiala
2022-11-26,16.7,25.1,10.6,66,0.0,13.7,983.1,Patiala
2022-11-27,16.4,25.0,10.3,71,0.0,11.3,981.2,Patiala
2022-11-28,15.9,24.6,9.0,71,0.0,10.1,982.9,Patiala
2022-11-29,16.4,24.4,10.1,73,0.0,9.7,985.0,Patiala
2022-11-30,15.7,23.7,9.3,77,0.0,10.9,986.0,Patiala
2022-12-01,16.4,24.2,10.3,73,0.0,12.7,984.7,Patiala
2022-12-02,17.0,24.1,11.9,69,0.0,8.3,983.9,Patiala
2022-12-03,16.4,24.1,10.1,68,0.0,8.3,984.7,Patiala
2022-12-04,15.4,23.7,9.6,73,0.0,11.6,985.1,Patiala
2022-12-05,14.5,22.7,8.2,72,0.0,10.6,986.8,Patiala
2022-12-06,15.5,22.9,10.6,69,0.0,16.4,985.8,Patiala
2022-12-07,15.5,22.9,10.2,65,0.0,16.8,984.8,Patiala
2022-12-08,15.0,23.0,8.2,70,0.0,11.4,985.4,Patiala
2022-12-09,15.9,24.2,9.4,69,0.0,9.2,984.4,Patiala
2022-12-10,16.8,25.5,9.8,69,0.0,11.2,984.9,Patiala
2022-12-11,17.4,25.6,11.8,57,0.0,12.7,985.4,Patiala
2022-12-12,16.7,24.0,11.7,53,0.0,15.1,984.6,Patiala
2022-12-13,16.8,23.9,11.7,50,0.0,19.8,986.0,Patiala
2022-12-14,14.3,21.3,9.8,54,0.0,16.3,985.5,Patiala
2022-12-15,13.7,21.7,6.8,65,0.0,12.9,984.1,Patiala
2022-12-16,13.5,22.0,6.7,67,0.0,11.4,983.0,Patiala
2022-12-17,13.7,22.2,7.8,73,0.0,12.0,984.8,Patiala
2022-12-18,13.4,21.7,6.3,79,0.0,10.5,985.6,Patiala
2022-12-19,13.3,21.4,7.1,82,0.0,10.8,984.3,Patiala
2022-12-20,12.8,20.2,7.2,84,0.0,11.5,983.5,Patiala
2022-12-21,11.9,19.6,7.6,87,0.0,10.5,985.0,Patiala
2022-12-22,11.0,18.6,7.0,90,0.0,10.9,984.7,Patiala
2022-12-23,9.8,16.0,6.7,91,0.0,11.2,984.5,Patiala
2022-12-24,9.4,16.6,5.6,87,0.0,12.0,986.0,Patiala
2022-12-25,10.8,17.4,6.2,88,0.2,11.3,986.2,Patiala
2022-12-26,10.9,18.3,5.7,87,0.0,9.7,988.0,Patiala
2022-12-27,11.4,17.0,7.5,85,0.0,15.9,987.5,Patiala
2022-12-28,11.8,18.2,7.7,81,0.0,14.7,987.0,Patiala
2022-12-29,12.3,16.9,8.8,77,1.3,10.5,987.7,Patiala
2022-12-30,13.1,19.0,8.5,82,0.0,12.1,989.0,Patiala
2022-12-31,12.2,18.0,8.6,85,0.0,14.1,988.8,Patiala
2023-01-01,10.9,16.8,6.8,88,0.0,8.9,989.6,Patiala
2023-01-02,9.4,15.8,5.9,91,0.0,10.2,990.7,Patiala
2023-01-03,8.5,14.7,4.9,93,0.0,8.7,991.7,Patiala
2023-01-04,8.8,15.8,5.5,92,0.0,11.2,991.9,Patiala
2023-01-05,8.0,13.9,4.7,91,0.0,8.8,992.9,Patiala
2023-01-06,7.0,11.9,4.8,92,0.0,8.9,993.5,Patiala
2023-01-07,8.1,15.1,3.2,91,0.0,9.4,991.3,Patiala
2023-01-08,9.7,16.8,4.5,92,0.0,11.0,988.4,Patiala
2023-01-09,9.9,15.1,7.0,94,0.0,9.5,989.7,Patiala
2023-01-10,9.8,16.5,6.5,94,0.0,11.0,988.6,Patiala
2023-01-11,10.8,15.1,6.3,93,9.8,12.5,984.4,Patiala
2023-01-12,13.2,18.7,8.9,85,0.9,14.7,982.6,Patiala
2023-01-13,13.5,19.1,10.8,87,8.9,17.8,983.4,Patiala
2023-01-14,10.7,15.2,7.6,90,0.0,13.0,986.5,Patiala
2023-01-15,8.4,14.7,4.7,76,0.0,13.1,984.9,Patiala
2023-01-16,7.8,15.0,2.3,74,0.0,11.9,986.0,Patiala
2023-01-17,7.7,15.1,2.7,75,0.0,12.7,986.4,Patiala
2023-01-18,8.2,15.7,2.0,77,0.0,11.0,988.3,Patiala
2023-01-19,12.4,17.9,7.2,73,3.4,11.5,988.8,Patiala
2023-01-20,11.5,14.4,8.5,87,3.9,12.3,987.7,Patiala
2023-01-21,11.8,18.8,6.6,82,0.0,10.3,986.9,Patiala
2023-01-22,12.2,20.0,6.3,77,0.0,9.4,986.1,Patiala
2023-01-23,13.4,21.9,7.3,76,0.0,8.7,985.6,Patiala
2023-01-24,13.1,17.9,8.3,88,13.5,16.0,984.2,Patiala
2023-01-25,14.6,18.9,11.3,89,24.1,12.7,986.0,Patiala
2023-01-26,12.5,17.2,9.6,88,0.0,14.3,988.4,Patiala
2023-01-27,11.6,17.9,7.0,74,0.0,15.1,987.8,Patiala
2023-01-28,11.9,19.2,6.6,74,0.0,13.0,984.4,Patiala
2023-01-29,11.5,17.3,5.7,87,2.1,19.1,983.6,Patiala
2023-01-30,14.2,18.5,11.4,81,5.0,16.3,987.8,Patiala
2023-01-31,13.6,18.8,10.1,85,0.0,18.1,988.7,Patiala
2023-02-01,13.1,19.2,8.3,80,0.0,16.3,987.3,Patiala
2023-02-02,13.9,20.4,9.4,73,0.0,16.3,985.9,Patiala
2023-02-03,14.0,21.2,8.6,75,0.0,11.3,985.7,Patiala
2023-02-04,15.1,21.9,9.9,74,0.0,16.3,983.5,Patiala
2023-02-05,15.0,22.4,10.0,75,0.0,12.5,982.1,Patiala
2023-02-06,16.0,23.2,9.3,74,0.0,9.7,981.8,Patiala
2023-02-07,15.3,22.6,10.3,69,0.0,16.8,981.7,Patiala
2023-02-08,14.8,22.2,8.9,63,0.0,16.3,983.6,Patiala
2023-02-09,16.7,24.1,9.2,59,0.0,18.7,981.6,Patiala
2023-02-10,18.5,24.3,14.6,63,0.8,22.6,981.5,Patiala
2023-02-11,17.3,24.8,12.1,62,0.0,15.8,984.1,Patiala
2023-02-12,14.0,20.4,9.0,51,0.0,22.2,987.8,Patiala
2023-02-13,12.9,18.8,7.5,43,0.0,21.2,985.9,Patiala
2023-02-14,15.6,22.7,10.0,48,0.0,15.2,985.6,Patiala
2023-02-15,17.9,25.1,12.8,55,0.0,18.5,983.1,Patiala
2023-02-16,17.7,26.7,10.6,73,0.0,10.2,984.7,Patiala
2023-02-17,18.7,26.8,12.3,76,0.0,9.4,986.3,Patiala
2023-02-18,18.5,26.4,12.3,77,0.0,9.1,985.1,Patiala
2023-02-19,18.8,27.4,12.1,77,0.0,8.7,984.1,Patiala
2023-02-20,21.6,29.4,15.9,69,0.0,14.7,981.3,Patiala
2023-02-21,21.2,28.9,15.6,61,0.0,17.1,981.5,Patiala
2023-02-22,19.3,27.3,12.7,66,0.0,14.6,983.2,Patiala
2023-02-23,19.0,27.0,13.6,60,0.0,19.6,983.0,Patiala
2023-02-24,18.9,28.1,10.9,55,0.0,16.5,984.5,Patiala
2023-02-25,18.7,27.7,11.0,62,0.0,11.0,986.2,Patiala
2023-02-26,19.8,28.0,12.0,63,0.0,15.7,988.1,Patiala
2023-02-27,20.1,28.0,13.1,59,0.0,13.0,987.8,Patiala
2023-02-28,18.0,23.2,14.1,59,0.3,28.6,988.1,Patiala
2023-03-01,19.7,28.2,14.9,63,0.2,18.0,989.8,Patiala
2023-03-02,20.9,29.1,14.8,56,0.0,11.5,989.2,Patiala
2023-03-03,21.5,28.5,15.6,58,0.0,16.3,989.6,Patiala
2023-03-04,21.2,28.1,15.5,58,0.0,12.3,989.6,Patiala
2023-03-05,20.7,28.3,15.0,58,0.0,17.6,988.6,Patiala
2023-03-06,20.4,28.3,13.9,55,0.0,15.8,986.0,Patiala
2023-03-07,20.0,28.3,12.4,54,0.0,13.8,985.6,Patiala
2023-03-08,20.0,28.0,13.5,62,0.0,10.1,986.8,Patiala
2023-03-09,20.5,28.1,13.9,62,0.0,10.2,987.0,Patiala
2023-03-10,21.3,29.4,14.5,58,0.0,14.8,985.8,Patiala
2023-03-11,22.0,29.9,15.3,58,0.0,9.7,985.6,Patiala
2023-03-12,22.8,30.5,16.0,57,0.0,12.1,985.2,Patiala
2023-03-13,22.5,30.8,16.0,60,0.0,18.9,984.0,Patiala
2023-03-14,22.9,31.3,15.9,56,0.0,16.4,981.0,Patiala
2023-03-15,23.3,31.5,15.8,53,0.0,11.5,980.0,Patiala
2023-03-16,23.4,31.4,17.2,51,0.2,15.6,980.8,Patiala
2023-03-17,21.0,28.7,17.1,62,4.2,18.4,982.8,Patiala
2023-03-18,19.0,24.8,15.0,79,5.5,16.1,982.1,Patiala
2023-03-19,19.2,25.7,14.0,80,2.3,7.9,979.7,Patiala
2023-03-20,18.0,22.8,14.7,85,16.0,16.0,978.8,Patiala
2023-03-21,18.1,23.5,14.3,78,0.5,13.7,979.8,Patiala
2023-03-22,18.9,25.8,12.5,75,0.0,11.8,980.9,Patiala
2023-03-23,20.1,27.1,13.7,68,0.0,16.6,979.7,Patiala
2023-03-24,19.9,26.4,14.8,74,5.2,17.7,979.5,Patiala
2023-03-25,19.5,25.6,16.4,78,5.8,18.4,982.3,Patiala
2023-03-26,19.4,25.3,14.0,68,0.0,10.2,982.2,Patiala
2023-03-27,19.2,25.4,13.6,70,0.0,12.7,981.0,Patiala
2023-03-28,20.0,26.6,14.0,67,0.0,10.2,980.7,Patiala
2023-03-29,21.7,29.1,14.6,64,0.0,10.7,981.1,Patiala
2023-03-30,22.0,29.3,15.9,65,6.0,22.1,979.6,Patiala
2023-03-31,18.1,21.4,15.9,86,9.4,15.1,979.3,Patiala
2023-04-01,18.5,24.4,15.5,83,9.1,16.4,980.1,Patiala
2023-04-02,19.3,26.3,13.7,78,0.0,14.7,979.1,Patiala
2023-04-03,20.9,28.6,15.0,65,0.8,16.5,977.9,Patiala
2023-04-04,20.8,27.2,16.0,65,1.8,17.1,980.3,Patiala
2023-04-05,21.2,28.3,13.5,56,0.0,14.9,980.7,Patiala
2023-04-06,22.7,29.3,17.0,49,0.1,17.3,983.0,Patiala
2023-04-07,22.4,29.7,15.8,47,0.0,17.1,984.5,Patiala
2023-04-08,22.9,31.4,15.6,42,0.0,13.5,984.8,Patiala
2023-04-09,23.3,32.2,14.8,42,0.0,12.8,984.8,Patiala
2023-04-10,24.8,33.3,15.4,38,0.0,16.3,982.9,Patiala
2023-04-11,26.3,34.9,17.4,35,0.0,21.5,982.5,Patiala
2023-04-12,27.7,36.0,20.3,31,0.0,17.9,981.9,Patiala
2023-04-13,28.0,36.2,20.0,34,0.0,18.8,980.4,Patiala
2023-04-14,28.6,37.4,20.3,34,0.0,15.6,979.3,Patiala
2023-04-15,29.2,38.7,19.6,34,0.0,12.7,978.7,Patiala
2023-04-16,29.6,38.6,20.0,29,0.0,12.7,978.0,Patiala
2023-04-17,30.7,38.8,21.2,31,0.0,11.0,977.7,Patiala
2023-04-18,30.7,39.1,24.1,29,1.4,22.4,979.0,Patiala
2023-04-19,26.0,35.1,22.2,50,5.4,21.4,977.3,Patiala
2023-04-20,25.8,31.0,20.9,48,0.5,17.5,974.6,Patiala
2023-04-21,25.5,31.9,18.4,40,0.1,14.1,975.6,Patiala
2023-04-22,25.1,32.8,17.4,32,0.0,15.3,976.7,Patiala
2023-04-23,24.9,32.7,17.8,34,0.0,16.7,977.6,Patiala
2023-04-24,25.5,32.7,17.6,36,0.0,13.1,980.9,Patiala
2023-04-25,26.2,33.0,20.0,40,0.0,16.7,982.4,Patiala
2023-04-26,27.0,34.7,19.4,40,0.0,17.3,979.1,Patiala
2023-04-27,26.7,32.5,22.6,40,1.5,16.0,979.1,Patiala
2023-04-28,26.4,34.3,19.8,43,0.1,12.1,979.7,Patiala
2023-04-29,25.8,34.0,20.7,46,2.6,13.1,978.5,Patiala
2023-04-30,24.7,31.0,19.6,57,1.3,12.4,977.8,Patiala
2023-05-01,20.4,23.0,19.3,82,9.5,19.7,978.6,Patiala
2023-05-02,20.8,24.8,17.6,80,35.7,19.5,980.2,Patiala
2023-05-03,22.3,27.9,18.5,74,7.8,12.1,981.1,Patiala
2023-05-04,23.2,28.7,17.3,69,0.0,8.1,980.6,Patiala
2023-05-05,24.6,30.6,19.2,58,1.0,21.8,978.8,Patiala
2023-05-06,26.0,32.7,18.7,47,0.0,19.0,976.7,Patiala
2023-05-07,26.8,34.7,19.4,44,0.0,20.3,975.8,Patiala
2023-05-08,26.5,33.0,20.3,45,0.0,22.3,975.5,Patiala
2023-05-09,26.6,33.8,18.9,35,0.0,18.5,978.6,Patiala
2023-05-10,26.4,33.9,19.5,34,0.0,16.1,977.2,Patiala
2023-05-11,28.2,37.0,18.9,36,0.0,12.3,977.5,Patiala
2023-05-12,28.7,38.2,19.5,34,0.0,11.0,976.8,Patiala
2023-05-13,30.4,38.7,21.2,34,0.0,13.8,976.1,Patiala
2023-05-14,31.4,40.2,22.7,28,0.0,22.3,973.4,Patiala
2023-05-15,30.9,38.6,22.8,27,0.0,16.9,972.8,Patiala
2023-05-16,30.9,38.7,22.8,28,0.0,16.8,974.5,Patiala
2023-05-17,31.8,39.4,23.8,28,0.0,14.8,975.7,Patiala
2023-05-18,28.0,34.8,20.3,43,0.0,19.1,979.8,Patiala
2023-05-19,29.3,36.0,22.8,41,0.0,17.6,977.2,Patiala
2023-05-20,30.8,38.8,23.2,34,0.0,18.9,974.9,Patiala
2023-05-21,31.9,41.0,23.4,33,0.0,16.6,975.1,Patiala
2023-05-22,33.7,42.4,24.6,27,0.0,24.9,975.3,Patiala
2023-05-23,32.7,40.1,25.7,33,0.0,23.8,975.7,Patiala
2023-05-24,27.4,32.0,22.3,57,23.8,21.2,976.0,Patiala
2023-05-25,26.9,33.7,21.7,63,1.7,16.3,976.0,Patiala
2023-05-26,26.6,32.3,20.4,62,4.7,23.4,977.0,Patiala
2023-05-27,26.2,32.8,21.0,63,0.2,12.6,976.6,Patiala
2023-05-28,27.9,34.8,21.1,54,0.0,10.7,977.1,Patiala
2023-05-29,26.9,34.0,22.0,64,5.7,22.2,979.6,Patiala
2023-05-30,27.3,33.1,22.1,60,1.1,12.8,979.4,Patiala
2023-05-31,22.6,27.1,20.0,85,44.7,19.7,977.9,Patiala
2023-06-01,24.6,31.5,18.4,70,0.0,13.5,977.7,Patiala
2023-06-02,25.5,30.8,21.3,65,0.4,10.2,977.0,Patiala
2023-06-03,27.1,33.5,20.4,59,0.0,8.7,976.9,Patiala
2023-06-04,28.9,34.9,22.3,54,0.0,12.4,976.3,Patiala
2023-06-05,29.6,36.5,23.1,50,0.2,14.3,974.8,Patiala
2023-06-06,29.4,36.8,22.6,47,0.0,16.2,975.1,Patiala
2023-06-07,29.7,35.1,23.2,48,0.2,15.7,975.1,Patiala
2023-06-08,30.5,36.7,24.2,45,0.0,22.7,974.3,Patiala
2023-06-09,31.4,39.2,24.3,45,0.0,22.0,971.2,Patiala
2023-06-10,32.8,40.4,25.5,45,0.0,20.1,969.9,Patiala
2023-06-11,32.1,38.1,26.6,51,0.0,22.7,970.2,Patiala
2023-06-12,32.5,38.9,25.6,49,0.0,18.1,969.8,Patiala
2023-06-13,34.0,40.7,27.8,47,0.0,28.6,969.6,Patiala
2023-06-14,31.3,37.3,28.1,55,1.5,25.0,970.8,Patiala
2023-06-15,30.1,35.9,25.8,61,0.0,19.7,972.1,Patiala
2023-06-16,30.6,36.8,25.2,58,0.4,20.3,971.7,Patiala
2023-06-17,32.4,38.4,26.3,54,0.1,12.2,971.6,Patiala
2023-06-18,30.0,33.0,26.5,67,1.6,12.6,972.1,Patiala
2023-06-19,31.1,36.7,26.4,62,0.0,11.4,971.1,Patiala
2023-06-20,32.0,37.0,26.6,62,0.3,17.1,970.3,Patiala
2023-06-21,31.5,37.4,26.5,68,0.2,15.9,971.1,Patiala
2023-06-22,31.4,36.2,27.4,71,0.5,19.1,971.3,Patiala
2023-06-23,31.4,36.0,26.4,72,1.2,19.1,971.3,Patiala
2023-06-24,31.0,36.0,26.7,72,7.5,19.3,970.9,Patiala
2023-06-25,28.5,33.4,25.6,81,4.3,23.2,971.9,Patiala
2023-06-26,27.5,30.7,25.2,85,9.5,12.4,973.1,Patiala
2023-06-27,28.3,34.2,24.3,81,5.1,15.5,972.0,Patiala
2023-06-28,29.4,33.7,25.6,76,0.2,15.5,973.3,Patiala
2023-06-29,28.7,32.8,26.1,80,11.3,10.4,972.5,Patiala
2023-06-30,29.4,34.5,25.4,76,6.7,15.9,970.8,Patiala
2023-07-01,29.2,34.2,24.0,76,0.4,11.8,971.7,Patiala
2023-07-02,30.1,34.7,25.5,75,0.2,10.8,972.1,Patiala
2023-07-03,31.2,36.0,27.1,71,0.2,15.4,971.5,Patiala
2023-07-04,30.6,36.5,25.7,75,3.2,17.4,970.0,Patiala
2023-07-05,28.8,33.8,25.5,79,3.1,16.4,970.7,Patiala
2023-07-06,28.8,33.5,26.0,79,0.5,13.5,972.7,Patiala
2023-07-07,28.4,32.9,25.7,82,12.1,15.3,973.3,Patiala
2023-07-08,26.8,28.6,25.0,91,19.6,16.7,973.7,Patiala
2023-07-09,26.3,29.4,24.6,91,55.3,22.4,972.4,Patiala
2023-07-10,26.4,29.5,24.6,92,61.0,14.4,972.9,Patiala
2023-07-11,27.9,32.1,24.7,83,1.5,11.5,972.6,Patiala
2023-07-12,28.6,33.5,24.6,83,0.7,12.1,972.2,Patiala
2023-07-13,28.2,32.5,24.2,83,1.4,17.3,972.3,Patiala
2023-07-14,28.6,32.9,24.8,85,1.5,12.8,972.9,Patiala
2023-07-15,29.1,33.4,25.7,84,4.8,13.1,972.0,Patiala
2023-07-16,28.3,32.1,25.5,87,8.8,17.7,972.5,Patiala
2023-07-17,29.0,33.0,26.2,86,4.6,11.4,971.5,Patiala
2023-07-18,28.3,31.1,26.4,87,2.1,17.7,971.6,Patiala
2023-07-19,28.1,32.4,25.9,87,6.8,17.0,971.8,Patiala
2023-07-20,30.6,34.8,26.6,76,0.1,6.9,971.6,Patiala
2023-07-21,30.7,35.1,27.7,80,5.5,11.4,972.9,Patiala
2023-07-22,28.6,32.4,25.9,84,19.4,19.4,976.0,Patiala
2023-07-23,29.9,33.5,26.8,74,0.0,14.7,976.0,Patiala
2023-07-24,29.8,33.2,27.4,80,0.1,16.9,973.7,Patiala
2023-07-25,29.5,33.2,25.8,82,16.5,12.1,973.5,Patiala
2023-07-26,27.2,30.4,24.8,87,15.5,13.5,975.1,Patiala
2023-07-27,28.4,32.3,25.4,86,4.8,6.8,974.0,Patiala
2023-07-28,27.4,30.7,25.5,88,25.7,6.3,971.9,Patiala
2023-07-29,27.8,32.0,24.3,87,8.5,11.9,970.8,Patiala
2023-07-30,28.3,32.3,25.3,88,0.8,6.8,970.4,Patiala
2023-07-31,29.2,33.3,25.5,83,0.4,10.9,969.8,Patiala
2023-08-01,29.9,33.9,26.0,81,0.1,13.6,968.8,Patiala
2023-08-02,29.5,34.1,26.2,83,2.8,13.9,969.4,Patiala
2023-08-03,28.7,33.0,23.9,87,12.2,11.4,969.8,Patiala
2023-08-04,28.7,31.9,26.1,88,4.5,12.9,972.1,Patiala
2023-08-05,29.2,33.2,26.0,85,1.0,13.5,973.3,Patiala
2023-08-06,28.8,33.1,26.6,85,2.3,12.6,970.3,Patiala
2023-08-07,28.6,33.0,24.4,83,10.6,14.2,968.2,Patiala
2023-08-08,29.4,33.1,26.0,82,0.5,15.5,969.2,Patiala
2023-08-09,29.4,33.3,26.2,82,0.7,15.4,972.9,Patiala
2023-08-10,28.9,32.5,26.1,85,8.7,12.0,974.5,Patiala
2023-08-11,28.9,32.7,26.3,87,1.4,11.1,974.6,Patiala
2023-08-12,29.6,33.7,26.3,80,0.0,13.8,972.1,Patiala
2023-08-13,29.0,33.9,25.7,81,0.2,16.8,970.0,Patiala
2023-08-14,28.1,31.7,25.6,81,1.3,17.2,974.3,Patiala
2023-08-15,28.4,32.7,25.2,81,0.7,15.1,975.2,Patiala
2023-08-16,29.5,33.4,25.8,79,0.0,11.8,974.5,Patiala
2023-08-17,29.7,33.4,26.3,80,1.3,14.2,973.8,Patiala
2023-08-18,29.9,34.3,26.2,81,0.5,7.3,974.2,Patiala
2023-08-19,29.7,33.7,26.2,84,1.0,13.5,975.0,Patiala
2023-08-20,30.1,34.1,27.3,82,2.1,11.0,975.5,Patiala
2023-08-21,30.1,33.6,26.9,84,1.9,9.1,973.8,Patiala
2023-08-22,30.1,34.6,26.5,82,0.6,17.5,971.6,Patiala
2023-08-23,27.4,30.4,25.3,87,0.8,22.7,970.9,Patiala
2023-08-24,28.4,33.1,24.6,80,0.5,13.6,970.1,Patiala
2023-08-25,28.6,33.4,24.2,79,0.7,17.7,970.3,Patiala
2023-08-26,27.7,32.1,23.9,83,7.5,12.8,972.4,Patiala
2023-08-27,28.7,32.8,25.2,77,0.1,13.9,972.0,Patiala
2023-08-28,27.9,32.1,24.8,78,0.1,13.7,972.1,Patiala
2023-08-29,28.6,33.6,24.5,76,0.8,14.0,974.5,Patiala
2023-08-30,28.8,34.0,24.5,73,0.0,14.0,976.0,Patiala
2023-08-31,29.4,34.5,24.0,72,0.0,12.7,976.7,Patiala
2023-09-01,30.3,35.5,25.8,69,0.0,14.4,976.4,Patiala
2023-09-02,30.2,35.3,25.6,67,0.0,17.2,975.2,Patiala
2023-09-03,29.8,34.5,26.0,64,0.0,14.1,974.2,Patiala
2023-09-04,29.8,35.0,24.9,66,0.0,12.4,973.8,Patiala
2023-09-05,29.3,35.1,24.2,72,0.0,13.1,975.2,Patiala
2023-09-06,29.8,35.6,24.0,70,0.0,6.3,975.9,Patiala
2023-09-07,30.0,35.7,24.9,70,0.0,9.1,975.3,Patiala
2023-09-08,29.8,34.4,25.7,72,0.0,11.0,975.6,Patiala
2023-09-09,28.7,33.0,24.3,75,0.5,13.6,975.1,Patiala
2023-09-10,28.2,32.7,24.9,74,0.1,13.5,973.5,Patiala
2023-09-11,28.9,34.2,24.1,72,0.0,10.2,973.5,Patiala
2023-09-12,29.8,34.3,25.9,75,0.2,10.0,973.5,Patiala
2023-09-13,29.2,33.2,26.0,81,2.9,11.7,973.9,Patiala
2023-09-14,29.7,34.0,26.6,79,2.7,11.2,975.1,Patiala
2023-09-15,27.8,32.7,25.4,84,16.2,15.3,976.5,Patiala
2023-09-16,28.5,33.6,24.4,79,0.0,8.2,976.0,Patiala
2023-09-17,27.0,30.6,25.6,85,10.9,13.5,974.9,Patiala
2023-09-18,27.2,31.9,24.1,84,10.5,17.4,975.2,Patiala
2023-09-19,27.4,32.2,24.5,84,0.8,10.1,977.4,Patiala
2023-09-20,27.8,32.0,24.8,84,6.8,9.0,977.5,Patiala
2023-09-21,28.5,33.0,24.4,79,0.0,10.8,976.5,Patiala
2023-09-22,28.3,33.0,24.6,79,0.2,8.4,976.7,Patiala
2023-09-23,27.8,32.5,24.5,81,0.0,12.4,977.5,Patiala
2023-09-24,27.0,32.1,23.9,82,0.9,8.9,977.0,Patiala
2023-09-25,26.7,31.2,22.6,80,1.0,14.2,977.5,Patiala
2023-09-26,27.0,32.5,22.1,73,0.0,11.0,978.7,Patiala
2023-09-27,26.9,32.7,22.3,68,0.0,16.0,978.3,Patiala
2023-09-28,26.4,33.1,21.0,67,0.0,10.2,977.6,Patiala
2023-09-29,26.4,33.6,20.4,67,0.0,9.3,977.5,Patiala
2023-09-30,27.6,34.2,22.3,61,0.0,15.9,977.7,Patiala
2023-10-01,26.7,33.6,22.0,57,0.0,12.6,977.4,Patiala
2023-10-02,25.5,32.6,19.5,49,0.0,16.3,977.9,Patiala
2023-10-03,26.0,33.5,20.1,50,0.0,19.6,978.4,Patiala
2023-10-04,25.9,33.6,19.5,60,0.0,17.6,978.6,Patiala
2023-10-05,25.8,33.3,19.9,62,0.0,15.0,977.8,Patiala
2023-10-06,25.8,33.6,19.5,63,0.0,11.2,976.6,Patiala
2023-10-07,26.4,33.8,19.5,67,0.0,8.9,977.9,Patiala
2023-10-08,27.7,34.0,21.7,68,0.0,12.4,978.5,Patiala
2023-10-09,28.0,34.4,23.1,61,0.0,10.1,979.1,Patiala
2023-10-10,27.0,33.2,22.3,57,0.0,14.1,980.6,Patiala
2023-10-11,25.2,32.0,20.5,59,0.0,13.4,981.3,Patiala
2023-10-12,24.6,31.6,18.3,61,0.0,10.4,982.5,Patiala
2023-10-13,25.2,32.1,19.4,64,0.0,9.9,983.1,Patiala
2023-10-14,26.0,32.5,20.9,64,0.0,12.1,982.5,Patiala
2023-10-15,24.8,32.6,20.1,65,0.1,17.6,980.7,Patiala
2023-10-16,21.8,27.7,18.5,72,6.6,21.8,982.1,Patiala
2023-10-17,21.0,27.4,16.5,68,0.0,9.0,985.8,Patiala
2023-10-18,21.1,27.8,16.0,66,0.0,13.4,985.8,Patiala
2023-10-19,21.0,27.7,16.2,66,0.0,11.3,985.2,Patiala
2023-10-20,21.8,29.3,15.8,66,0.0,9.1,985.6,Patiala
2023-10-21,22.7,30.2,17.4,67,0.0,9.5,986.1,Patiala
2023-10-22,21.9,28.3,16.6,69,0.0,10.7,986.7,Patiala
2023-10-23,22.4,30.0,17.3,66,0.0,10.9,985.1,Patiala
2023-10-24,22.7,30.2,16.1,64,0.0,11.2,984.4,Patiala
2023-10-25,22.6,30.2,16.7,61,0.0,13.6,985.1,Patiala
2023-10-26,22.5,30.5,17.2,63,0.0,14.6,984.6,Patiala
2023-10-27,22.1,30.5,15.4,60,0.0,11.7,983.7,Patiala
2023-10-28,22.4,29.9,16.0,66,0.0,9.1,984.0,Patiala
2023-10-29,22.7,30.2,17.1,68,0.0,9.1,984.3,Patiala
2023-10-30,22.8,30.3,16.5,68,0.0,8.4,985.1,Patiala
2023-10-31,22.8,30.6,16.6,69,0.0,8.9,986.4,Patiala
2023-11-01,22.7,30.2,16.5,68,0.0,9.7,987.1,Patiala
2023-11-02,22.6,29.8,16.4,65,0.0,10.9,985.2,Patiala
2023-11-03,21.4,29.0,17.4,69,1.2,17.9,982.8,Patiala
2023-11-04,21.4,29.5,13.8,60,0.0,11.9,983.0,Patiala
2023-11-05,21.3,29.6,15.6,65,0.0,12.4,984.4,Patiala
2023-11-06,20.9,28.7,14.4,61,0.0,9.8,986.1,Patiala
2023-11-07,21.5,29.2,14.8,64,0.0,10.0,985.4,Patiala
2023-11-08,22.3,30.1,16.1,62,0.0,13.2,984.2,Patiala
2023-11-09,21.6,29.0,15.6,64,0.0,10.0,984.2,Patiala
2023-11-10,18.9,24.4,15.2,78,5.7,18.6,986.6,Patiala
2023-11-11,18.2,24.8,13.3,77,0.0,9.5,988.3,Patiala
2023-11-12,18.6,25.9,14.1,71,0.0,12.5,988.0,Patiala
2023-11-13,18.0,25.9,12.2,74,0.0,10.1,988.1,Patiala
2023-11-14,18.5,26.1,12.9,72,0.0,8.8,987.6,Patiala
2023-11-15,18.6,27.1,12.3,76,0.0,9.4,987.1,Patiala
2023-11-16,19.1,27.2,13.1,73,0.0,9.0,988.2,Patiala
2023-11-17,19.9,28.3,13.0,69,0.0,10.1,988.1,Patiala
2023-11-18,18.8,27.2,12.7,69,0.0,10.3,986.2,Patiala
2023-11-19,19.2,26.3,12.7,68,0.0,15.8,987.3,Patiala
2023-11-20,19.2,26.1,14.3,66,0.0,9.4,987.5,Patiala
2023-11-21,18.6,25.3,13.4,66,0.0,15.6,986.4,Patiala
2023-11-22,17.9,25.4,13.2,64,0.0,14.3,984.0,Patiala
2023-11-23,17.6,24.6,11.0,69,0.0,7.6,984.1,Patiala
2023-11-24,17.7,25.8,11.4,70,0.0,9.1,986.2,Patiala
2023-11-25,16.9,25.2,11.1,78,0.0,10.0,986.9,Patiala
2023-11-26,18.1,24.9,13.0,72,0.0,9.4,988.0,Patiala
2023-11-27,16.9,21.5,13.7,77,0.2,15.6,985.9,Patiala
2023-11-28,18.1,24.6,13.3,78,0.4,9.8,985.8,Patiala
2023-11-29,18.1,24.5,12.5,75,0.0,8.4,985.9,Patiala
2023-11-30,16.7,21.9,12.7,84,8.4,15.8,987.0,Patiala
2023-12-01,16.6,23.7,11.4,82,0.0,9.4,987.3,Patiala
2023-12-02,16.1,23.7,11.2,82,0.0,10.1,987.3,Patiala
2023-12-03,15.5,23.1,9.9,82,0.0,10.4,987.6,Patiala
2023-12-04,15.3,22.3,10.5,78,0.0,9.5,986.4,Patiala
2023-12-05,15.6,22.7,9.6,76,0.0,11.0,986.0,Patiala
2023-12-06,16.0,23.4,11.3,83,0.0,9.2,986.4,Patiala
2023-12-07,15.1,23.3,10.2,84,0.0,10.1,985.7,Patiala
2023-12-08,14.3,22.1,8.4,82,0.0,12.1,985.1,Patiala
2023-12-09,14.9,22.1,10.3,73,0.0,14.0,986.0,Patiala
2023-12-10,14.6,21.3,10.9,75,0.0,16.8,984.1,Patiala
2023-12-11,13.8,21.4,8.9,75,0.0,9.9,984.7,Patiala
2023-12-12,13.3,21.5,8.1,76,0.0,9.7,984.4,Patiala
2023-12-13,13.3,21.5,7.3,73,0.0,12.6,986.0,Patiala
2023-12-14,14.0,21.3,9.7,73,0.0,15.4,986.6,Patiala
2023-12-15,12.6,20.2,6.6,78,0.0,9.7,988.0,Patiala
2023-12-16,13.0,20.3,6.5,76,0.0,10.6,986.8,Patiala
2023-12-17,13.6,20.4,7.4,73,0.0,13.9,988.0,Patiala
2023-12-18,13.7,20.4,9.0,73,0.0,16.8,989.2,Patiala
2023-12-19,13.5,20.4,8.2,73,0.0,15.3,989.0,Patiala
2023-12-20,12.4,19.8,6.8,80,0.0,10.5,988.8,Patiala
2023-12-21,12.0,20.5,5.6,83,0.0,10.5,987.4,Patiala
2023-12-22,12.3,20.6,5.6,81,0.0,10.6,987.0,Patiala
2023-12-23,14.6,22.0,8.6,75,0.0,10.9,989.6,Patiala
2023-12-24,14.3,22.0,7.9,78,0.0,10.3,990.8,Patiala
2023-12-25,13.8,21.4,10.1,83,0.0,10.6,988.6,Patiala
2023-12-26,13.4,21.4,8.0,79,0.0,9.5,988.4,Patiala
2023-12-27,13.4,21.7,6.6,80,0.0,9.8,989.8,Patiala
2023-12-28,12.7,19.6,9.1,90,0.0,8.3,988.5,Patiala
2023-12-29,12.1,19.0,8.7,92,0.0,10.1,989.4,Patiala
2023-12-30,11.4,18.2,8.3,92,0.0,10.1,988.1,Patiala
2023-12-31,10.2,16.3,6.1,92,0.0,8.2,988.0,Patiala
2024-01-01,9.2,15.3,5.7,92,0.0,7.8,988.2,Patiala
2024-01-02,8.6,13.6,4.3,91,0.0,9.0,987.6,Patiala
2024-01-03,8.5,15.2,4.6,92,0.0,7.9,987.4,Patiala
2024-01-04,8.7,16.4,3.1,91,0.0,9.4,987.3,Patiala
2024-01-05,8.5,15.1,4.5,91,0.0,9.5,987.7,Patiala
2024-01-06,9.4,17.0,4.9,88,0.0,9.6,989.0,Patiala
2024-01-07,8.8,15.8,4.7,92,0.0,8.7,989.7,Patiala
2024-01-08,9.4,16.8,5.5,90,0.0,8.0,989.4,Patiala
2024-01-09,7.6,13.8,4.4,91,0.0,12.1,989.7,Patiala
2024-01-10,8.0,15.5,3.5,90,0.0,14.9,987.9,Patiala
2024-01-11,7.9,14.1,2.8,92,0.0,13.3,988.4,Patiala
2024-01-12,9.0,15.6,4.7,88,0.0,13.0,987.1,Patiala
2024-01-13,8.4,15.3,5.0,92,0.0,10.4,986.6,Patiala
2024-01-14,7.7,14.9,4.3,91,0.0,8.9,987.0,Patiala
2024-01-15,7.1,13.2,4.0,94,0.0,8.7,986.5,Patiala
2024-01-16,8.3,14.8,4.5,92,0.0,8.7,984.4,Patiala
2024-01-17,10.3,16.9,4.1,90,0.0,10.0,984.6,Patiala
2024-01-18,9.9,16.2,6.8,95,0.0,10.2,986.4,Patiala
2024-01-19,9.3,15.0,5.8,94,0.0,10.0,987.8,Patiala
2024-01-20,8.5,14.5,5.4,92,0.0,8.7,988.6,Patiala
2024-01-21,8.4,15.0,4.7,91,0.0,12.2,987.5,Patiala
2024-01-22,7.1,13.4,3.4,93,0.0,10.2,988.5,Patiala
2024-01-23,7.8,14.9,3.2,92,0.0,8.4,988.1,Patiala
2024-01-24,7.7,15.2,3.6,93,0.0,9.0,988.1,Patiala
2024-01-25,8.4,14.7,3.1,92,0.0,10.2,990.0,Patiala
2024-01-26,10.0,17.1,5.0,90,0.0,9.3,990.5,Patiala
2024-01-27,12.5,19.1,8.3,83,0.0,16.6,988.6,Patiala
2024-01-28,11.9,18.5,6.3,88,0.0,11.5,987.4,Patiala
2024-01-29,13.4,19.4,8.8,88,0.0,11.4,987.8,Patiala
2024-01-30,12.9,19.5,7.3,88,0.0,8.8,986.3,Patiala
2024-01-31,12.8,16.1,9.6,93,12.5,15.9,985.4,Patiala
2024-02-01,13.4,16.7,11.0,90,2.4,29.0,985.3,Patiala
2024-02-02,11.7,17.1,6.8,82,0.0,16.3,989.2,Patiala
2024-02-03,12.7,18.4,8.7,74,1.5,12.2,987.2,Patiala
2024-02-04,13.2,16.6,10.8,91,14.0,14.7,985.7,Patiala
2024-02-05,13.1,17.7,7.9,85,0.2,8.7,987.7,Patiala
2024-02-06,10.8,17.0,6.7,77,0.0,14.6,988.9,Patiala
2024-02-07,10.5,16.6,5.2,72,0.0,21.1,989.7,Patiala
2024-02-08,10.8,16.7,7.0,73,0.0,20.0,988.0,Patiala
2024-02-09,12.0,19.3,6.2,77,0.0,10.3,988.0,Patiala
2024-02-10,11.8,19.1,5.7,85,0.0,11.1,990.9,Patiala
2024-02-11,12.8,20.4,7.2,82,0.0,8.7,990.2,Patiala
2024-02-12,13.2,20.7,6.6,85,0.0,11.0,989.2,Patiala
2024-02-13,14.5,21.2,10.0,81,0.0,9.0,988.6,Patiala
2024-02-14,14.1,21.7,8.4,79,0.0,12.7,988.3,Patiala
2024-02-15,13.8,21.9,8.1,79,0.0,11.1,988.9,Patiala
2024-02-16,14.2,22.5,8.2,73,0.0,12.1,989.3,Patiala
2024-02-17,15.1,22.7,9.0,72,0.0,15.8,984.6,Patiala
2024-02-18,16.6,23.8,9.5,75,0.0,16.6,981.8,Patiala
2024-02-19,19.5,24.9,15.7,62,13.1,33.5,979.6,Patiala
2024-02-20,17.1,23.4,11.6,74,6.4,24.2,980.4,Patiala
2024-02-21,15.2,21.9,9.4,73,0.0,16.2,981.0,Patiala
2024-02-22,13.6,20.6,7.2,64,0.0,11.7,983.3,Patiala
2024-02-23,13.7,20.3,8.9,55,0.0,11.6,985.5,Patiala
2024-02-24,13.1,20.5,6.9,59,0.0,11.3,985.9,Patiala
2024-02-25,13.8,20.9,7.4,58,0.0,10.4,988.5,Patiala
2024-02-26,15.1,22.1,9.5,56,0.0,9.8,988.0,Patiala
2024-02-27,15.6,19.9,12.9,61,0.5,13.9,987.9,Patiala
2024-02-28,15.7,22.2,10.8,63,0.0,18.7,986.0,Patiala
2024-02-29,16.5,24.0,10.8,66,0.0,11.8,984.5,Patiala
2024-03-01,18.0,22.8,12.4,70,0.8,33.1,983.8,Patiala
2024-03-02,17.6,22.0,15.6,80,31.5,33.4,980.4,Patiala
2024-03-03,14.9,20.0,9.3,77,0.9,21.4,982.0,Patiala
2024-03-04,12.6,18.6,8.1,68,0.0,12.2,986.3,Patiala
2024-03-05,12.5,19.0,7.0,63,0.0,13.4,986.9,Patiala
2024-03-06,12.6,20.2,6.1,63,0.0,12.0,984.8,Patiala
2024-03-07,14.8,22.4,7.0,62,0.0,14.0,984.8,Patiala
2024-03-08,15.7,22.4,10.8,61,0.0,14.0,985.7,Patiala
2024-03-09,15.9,23.8,10.2,62,0.0,16.2,985.1,Patiala
2024-03-10,17.8,24.9,10.7,60,0.0,10.9,984.7,Patiala
2024-03-11,19.1,25.8,11.6,61,0.6,14.2,986.5,Patiala
2024-03-12,19.2,26.2,12.6,62,0.0,13.3,984.6,Patiala
2024-03-13,17.1,25.1,12.0,73,1.7,23.4,982.2,Patiala
2024-03-14,18.9,26.2,11.3,57,0.0,15.1,985.2,Patiala
2024-03-15,18.0,26.2,12.3,54,0.0,15.1,983.7,Patiala
2024-03-16,17.8,26.9,9.6,58,0.0,11.5,985.5,Patiala
2024-03-17,19.1,27.8,12.9,51,0.0,10.8,985.1,Patiala
2024-03-18,19.2,28.1,11.1,56,0.0,11.2,983.3,Patiala
2024-03-19,19.8,29.1,11.0,54,0.0,11.8,983.0,Patiala
2024-03-20,21.0,30.0,12.9,56,0.0,11.6,983.6,Patiala
2024-03-21,20.8,26.6,15.9,66,0.0,23.4,983.5,Patiala
2024-03-22,22.5,28.6,17.7,63,0.2,15.3,980.7,Patiala
2024-03-23,23.1,30.4,17.1,60,0.0,16.1,979.0,Patiala
2024-03-24,22.5,28.0,18.5,53,0.3,25.9,981.3,Patiala
2024-03-25,22.6,30.7,15.7,60,0.0,16.6,982.8,Patiala
2024-03-26,23.3,30.6,16.7,59,0.0,12.1,981.6,Patiala
2024-03-27,25.8,32.5,19.3,55,0.0,16.1,983.7,Patiala
2024-03-28,27.2,35.2,21.2,50,0.0,17.4,980.8,Patiala
2024-03-29,25.4,33.5,17.9,58,0.0,11.3,979.9,Patiala
2024-03-30,24.0,30.6,19.2,61,2.5,24.0,981.2,Patiala
2024-03-31,23.6,31.2,15.9,52,0.0,14.5,982.2,Patiala
2024-04-01,21.7,28.7,16.5,52,0.0,15.9,979.6,Patiala
2024-04-02,21.4,29.7,13.4,50,0.0,16.8,978.3,Patiala
2024-04-03,24.2,32.2,17.8,40,0.0,11.9,979.1,Patiala
2024-04-04,24.8,33.2,17.2,41,0.0,13.4,979.5,Patiala
2024-04-05,24.8,32.5,18.6,37,0.0,18.5,979.1,Patiala
2024-04-06,24.4,32.7,16.6,31,0.0,17.8,978.8,Patiala
2024-04-07,24.1,32.9,14.4,35,0.0,20.1,978.6,Patiala
2024-04-08,24.7,34.1,16.5,33,0.0,18.1,979.8,Patiala
2024-04-09,24.9,34.3,15.9,31,0.0,13.7,980.5,Patiala
2024-04-10,26.8,36.2,18.2,28,0.0,15.8,980.6,Patiala
2024-04-11,27.5,35.1,20.1,28,0.0,19.7,982.0,Patiala
2024-04-12,28.0,36.5,20.4,28,0.0,12.3,980.8,Patiala
2024-04-13,27.4,35.6,20.3,36,0.2,24.1,980.9,Patiala
2024-04-14,25.8,31.7,21.1,54,0.2,20.2,983.0,Patiala
2024-04-15,26.9,32.4,21.7,53,0.1,26.8,981.9,Patiala
2024-04-16,26.6,33.5,19.3,49,0.0,19.6,981.0,Patiala
2024-04-17,26.8,33.6,19.0,37,0.0,22.9,979.4,Patiala
2024-04-18,28.1,35.2,20.5,33,0.0,16.6,977.9,Patiala
2024-04-19,28.3,34.7,22.8,37,0.1,21.3,975.8,Patiala
2024-04-20,28.1,34.6,20.1,35,0.0,16.5,975.6,Patiala
2024-04-21,28.4,35.7,21.2,31,0.0,17.8,976.8,Patiala
2024-04-22,28.5,35.8,20.2,27,0.0,13.2,977.4,Patiala
2024-04-23,27.2,35.3,19.7,32,0.0,16.2,977.5,Patiala
2024-04-24,27.8,35.8,19.7,33,0.0,16.6,976.9,Patiala
2024-04-25,29.0,37.5,19.9,29,0.0,25.0,977.1,Patiala
2024-04-26,31.0,38.8,21.8,24,0.0,21.1,975.4,Patiala
2024-04-27,29.5,36.7,24.1,31,1.8,20.3,977.1,Patiala
2024-04-28,28.6,35.5,21.5,34,0.0,13.4,978.2,Patiala
2024-04-29,26.5,30.4,23.2,37,0.3,23.7,978.2,Patiala
2024-04-30,26.2,34.1,18.8,35,0.0,24.1,976.4,Patiala
2024-05-01,23.6,29.6,17.3,34,0.0,20.6,974.7,Patiala
2024-05-02,26.0,33.7,18.0,32,0.0,20.9,975.7,Patiala
2024-05-03,28.2,37.2,18.8,28,0.0,20.2,976.2,Patiala
2024-05-04,32.0,39.5,24.6,23,0.0,17.6,976.3,Patiala
2024-05-05,31.8,38.9,24.2,24,0.0,21.5,973.2,Patiala
2024-05-06,31.8,39.3,23.6,26,0.0,18.9,974.4,Patiala
2024-05-07,32.2,40.5,22.4,24,0.0,19.6,976.1,Patiala
2024-05-08,31.2,38.8,23.7,37,0.0,21.6,976.6,Patiala
2024-05-09,31.3,38.6,25.3,42,0.0,23.2,976.1,Patiala
2024-05-10,31.1,37.1,25.7,44,0.0,23.8,977.0,Patiala
2024-05-11,30.9,37.1,24.6,44,0.0,18.1,978.7,Patiala
2024-05-12,30.2,35.4,23.1,39,0.5,13.7,979.0,Patiala
2024-05-13,31.4,38.8,22.8,28,0.0,18.5,979.2,Patiala
2024-05-14,31.3,39.1,21.9,24,0.0,18.4,978.9,Patiala
2024-05-15,31.7,41.2,21.2,23,0.0,17.2,978.7,Patiala
2024-05-16,33.1,41.7,23.8,23,0.0,17.7,978.3,Patiala
2024-05-17,34.1,42.8,25.0,24,0.0,19.5,975.5,Patiala
2024-05-18,35.4,43.4,25.3,23,0.0,23.8,972.9,Patiala
2024-05-19,36.4,43.7,27.0,18,0.0,23.1,971.4,Patiala
2024-05-20,34.6,42.3,26.5,22,0.0,22.2,972.2,Patiala
2024-05-21,33.4,42.2,25.2,31,0.0,19.5,972.9,Patiala
2024-05-22,34.2,40.3,27.9,37,0.0,23.8,973.4,Patiala
2024-05-23,33.7,39.6,28.9,43,0.0,31.0,973.3,Patiala
2024-05-24,34.7,40.6,28.9,39,0.0,20.9,973.0,Patiala
2024-05-25,35.9,43.6,27.4,26,0.0,26.0,970.7,Patiala
2024-05-26,36.1,44.7,26.3,22,0.0,23.1,969.2,Patiala
2024-05-27,36.2,44.3,27.9,20,0.0,19.2,966.6,Patiala
2024-05-28,35.6,44.3,26.0,15,0.0,16.0,964.7,Patiala
2024-05-29,36.1,45.6,28.0,17,0.0,18.3,965.5,Patiala
2024-05-30,37.5,45.3,28.3,13,0.0,17.3,968.6,Patiala
2024-05-31,36.1,44.3,28.6,14,0.0,13.8,970.8,Patiala
2024-06-01,36.3,44.2,27.6,17,0.0,30.1,971.7,Patiala
2024-06-02,35.2,42.5,27.3,27,0.0,16.3,973.2,Patiala
2024-06-03,36.0,43.9,26.8,19,0.0,16.7,972.0,Patiala
2024-06-04,35.5,42.4,27.9,21,0.0,24.6,971.7,Patiala
2024-06-05,35.0,41.4,28.1,24,0.1,21.5,973.1,Patiala
2022-04-01,25.0,33.9,17.5,49,0.0,15.7,976.2,Rupnagar
2022-04-02,25.3,35.4,14.0,42,0.0,11.2,977.6,Rupnagar
2022-04-03,26.4,36.6,16.9,29,0.0,14.5,977.2,Rupnagar
2022-04-04,25.8,35.7,15.4,33,0.0,17.7,977.0,Rupnagar
2022-04-05,25.9,36.1,15.0,36,0.0,18.4,979.9,Rupnagar
2022-04-06,26.5,36.2,17.0,37,0.0,19.6,979.7,Rupnagar
2022-04-07,27.4,37.6,18.7,36,0.0,20.0,978.9,Rupnagar
2022-04-08,28.2,38.1,18.3,33,0.0,17.1,976.6,Rupnagar
2022-04-09,28.7,38.2,17.7,31,0.0,13.5,975.1,Rupnagar
2022-04-10,28.6,38.5,17.8,35,0.0,20.0,974.4,Rupnagar
2022-04-11,30.1,39.6,20.0,30,0.0,16.1,973.4,Rupnagar
2022-04-12,30.9,39.4,20.2,28,0.0,14.9,973.3,Rupnagar
2022-04-13,30.2,38.0,22.2,33,0.0,22.8,973.4,Rupnagar
2022-04-14,29.9,36.2,22.5,25,0.0,17.1,973.3,Rupnagar
2022-04-15,27.7,35.8,20.6,29,0.0,21.6,973.3,Rupnagar
2022-04-16,27.7,35.8,18.5,33,0.0,12.6,973.0,Rupnagar
2022-04-17,28.0,37.3,18.1,33,0.0,13.8,973.8,Rupnagar
2022-04-18,29.2,39.3,18.5,33,0.0,17.2,975.3,Rupnagar
2022-04-19,30.9,39.5,21.2,28,0.0,22.6,976.9,Rupnagar
2022-04-20,30.1,38.6,19.7,30,0.0,20.4,975.5,Rupnagar
2022-04-21,27.4,33.2,21.6,34,0.0,19.1,976.7,Rupnagar
2022-04-22,27.2,35.8,18.8,36,0.0,18.2,978.0,Rupnagar
2022-04-23,28.0,36.9,18.3,36,0.0,20.4,977.8,Rupnagar
2022-04-24,28.3,36.6,19.1,31,0.0,21.9,975.7,Rupnagar
2022-04-25,28.6,38.7,19.1,32,0.0,29.3,974.3,Rupnagar
2022-04-26,29.2,38.7,19.0,30,0.0,18.5,975.2,Rupnagar
2022-04-27,30.3,39.7,20.5,29,0.0,20.7,974.4,Rupnagar
2022-04-28,31.6,41.0,21.9,28,0.0,20.6,974.3,Rupnagar
2022-04-29,32.1,41.4,21.4,26,0.0,23.8,974.0,Rupnagar
2022-04-30,32.4,41.0,22.2,25,0.0,18.9,971.0,Rupnagar
2022-05-01,31.0,37.5,23.1,32,0.0,25.4,971.2,Rupnagar
2022-05-02,31.6,37.3,26.3,35,0.0,30.9,971.5,Rupnagar
2022-05-03,30.8,36.0,26.9,46,0.7,23.3,973.8,Rupnagar
2022-05-04,28.6,34.2,23.5,48,0.1,19.5,976.2,Rupnagar
2022-05-05,28.5,36.5,21.1,45,0.0,17.7,975.8,Rupnagar
2022-05-06,29.3,37.1,20.9,39,0.0,18.1,975.4,Rupnagar
2022-05-07,29.2,37.4,20.4,42,0.0,15.1,975.1,Rupnagar
2022-05-08,30.6,38.4,21.2,40,0.0,22.6,973.4,Rupnagar
2022-05-09,31.6,37.8,25.6,45,0.2,23.7,973.7,Rupnagar
2022-05-10,31.4,37.2,25.9,47,0.2,19.7,973.9,Rupnagar
2022-05-11,32.4,39.2,25.5,44,0.0,17.3,971.8,Rupnagar
2022-05-12,33.5,40.3,26.4,40,0.0,17.7,970.4,Rupnagar
2022-05-13,33.6,42.0,27.0,38,0.0,23.6,967.9,Rupnagar
2022-05-14,32.8,41.8,22.4,29,0.0,17.3,967.6,Rupnagar
2022-05-15,33.3,42.2,22.6,29,0.0,22.4,968.7,Rupnagar
2022-05-16,32.0,38.1,24.5,37,0.0,25.4,969.5,Rupnagar
2022-05-17,30.9,37.4,24.9,38,0.7,13.0,970.6,Rupnagar
2022-05-18,31.9,39.1,23.4,36,0.0,13.2,972.1,Rupnagar
2022-05-19,32.5,40.1,23.8,34,0.0,21.6,971.4,Rupnagar
2022-05-20,32.9,41.4,23.1,29,0.1,18.0,968.2,Rupnagar
2022-05-21,31.6,39.6,24.1,28,0.0,22.2,966.3,Rupnagar
2022-05-22,29.9,36.5,22.0,40,0.4,19.8,965.5,Rupnagar
2022-05-23,27.6,32.7,21.1,47,0.3,36.3,967.8,Rupnagar
2022-05-24,23.4,28.3,19.7,70,17.3,23.2,975.2,Rupnagar
2022-05-25,25.9,32.7,19.3,63,0.0,8.8,975.3,Rupnagar
2022-05-26,27.8,34.0,20.1,58,0.2,8.7,973.0,Rupnagar
2022-05-27,29.3,35.7,22.3,56,0.0,15.8,969.9,Rupnagar
2022-05-28,30.8,37.3,23.9,53,0.2,20.1,968.4,Rupnagar
2022-05-29,29.7,36.3,24.4,58,3.3,26.3,968.8,Rupnagar
2022-05-30,31.3,37.8,26.8,55,0.0,29.2,969.6,Rupnagar
2022-05-31,31.1,38.7,24.5,50,0.0,15.7,970.2,Rupnagar
2022-06-01,31.1,39.5,21.5,38,0.0,16.8,970.3,Rupnagar
2022-06-02,31.1,39.9,21.6,31,0.0,21.3,970.0,Rupnagar
2022-06-03,31.7,40.0,20.3,29,0.0,18.5,969.1,Rupnagar
2022-06-04,32.5,41.6,22.1,27,0.0,20.7,969.3,Rupnagar
2022-06-05,32.3,41.6,23.3,29,0.0,9.3,969.3,Rupnagar
2022-06-06,33.4,41.7,23.2,27,0.0,11.5,968.7,Rupnagar
2022-06-07,34.0,42.0,23.9,27,0.0,13.6,968.2,Rupnagar
2022-06-08,34.0,42.0,24.7,26,0.0,18.9,967.7,Rupnagar
2022-06-09,34.2,42.4,23.8,26,0.0,14.8,966.8,Rupnagar
2022-06-10,33.9,41.4,25.2,27,0.0,32.7,967.6,Rupnagar
2022-06-11,34.5,41.5,25.4,29,0.0,26.3,967.9,Rupnagar
2022-06-12,34.7,41.5,26.0,28,0.0,13.4,969.4,Rupnagar
2022-06-13,35.0,42.3,27.3,29,0.0,22.9,970.8,Rupnagar
2022-06-14,35.1,42.5,27.8,28,0.0,20.2,969.9,Rupnagar
2022-06-15,35.5,41.9,28.0,30,0.0,17.7,968.4,Rupnagar
2022-06-16,32.1,37.2,27.2,45,1.2,24.9,969.7,Rupnagar
2022-06-17,29.7,35.0,24.1,60,0.2,17.3,970.5,Rupnagar
2022-06-18,25.7,31.1,23.2,77,7.8,14.7,971.9,Rupnagar
2022-06-19,27.2,32.9,21.5,70,0.0,10.6,970.8,Rupnagar
2022-06-20,27.3,32.8,22.3,69,0.1,9.1,969.3,Rupnagar
2022-06-21,26.0,30.6,22.2,72,2.8,16.2,969.1,Rupnagar
2022-06-22,26.9,32.9,21.3,70,21.0,24.2,974.1,Rupnagar
2022-06-23,28.3,34.1,23.1,64,0.0,18.6,974.1,Rupnagar
2022-06-24,28.4,35.1,21.6,59,0.0,16.3,971.5,Rupnagar
2022-06-25,30.2,36.3,22.2,56,0.0,9.1,969.4,Rupnagar
2022-06-26,31.5,36.3,25.9,59,0.0,19.2,970.8,Rupnagar
2022-06-27,32.0,36.0,26.0,63,5.2,13.2,971.8,Rupnagar
2022-06-28,32.3,37.2,26.9,65,1.1,14.2,968.9,Rupnagar
2022-06-29,30.2,34.2,26.6,73,30.0,25.1,966.4,Rupnagar
2022-06-30,25.9,27.6,24.8,89,75.2,28.1,968.9,Rupnagar
2022-07-01,27.1,30.4,24.6,84,27.1,15.0,970.2,Rupnagar
2022-07-02,29.1,32.4,26.0,79,5.6,14.8,968.4,Rupnagar
2022-07-03,29.2,33.4,26.1,77,0.7,17.1,969.7,Rupnagar
2022-07-04,29.9,34.1,26.2,78,1.1,10.2,969.0,Rupnagar
2022-07-05,30.7,34.9,27.4,74,0.0,17.4,968.9,Rupnagar
2022-07-06,29.9,34.4,26.6,78,1.7,16.9,972.1,Rupnagar
2022-07-07,30.0,33.8,26.6,79,6.1,13.8,973.9,Rupnagar
2022-07-08,29.9,33.9,26.6,78,22.3,9.2,971.1,Rupnagar
2022-07-09,28.5,32.1,25.7,81,27.3,20.5,969.1,Rupnagar
2022-07-10,26.7,29.8,24.8,88,31.1,7.9,971.2,Rupnagar
2022-07-11,29.6,33.3,25.6,79,0.3,5.5,971.0,Rupnagar
2022-07-12,28.6,32.8,24.1,83,9.2,13.0,970.4,Rupnagar
2022-07-13,28.8,33.3,24.8,83,6.6,11.9,968.9,Rupnagar
2022-07-14,28.8,33.2,25.2,81,1.1,11.0,969.1,Rupnagar
2022-07-15,29.0,33.6,25.2,80,0.5,11.4,971.2,Rupnagar
2022-07-16,30.0,34.6,24.5,74,0.0,7.8,971.4,Rupnagar
2022-07-17,29.1,33.2,25.7,79,24.0,10.7,973.6,Rupnagar
2022-07-18,30.4,35.1,25.5,74,0.0,8.3,971.7,Rupnagar
2022-07-19,30.6,33.8,26.8,78,0.2,7.6,970.0,Rupnagar
2022-07-20,28.2,32.0,25.3,86,27.2,17.7,969.6,Rupnagar
2022-07-21,26.5,29.1,24.5,87,12.2,19.2,972.3,Rupnagar
2022-07-22,27.8,32.1,24.9,86,1.8,11.8,973.8,Rupnagar
2022-07-23,27.8,30.8,25.4,85,9.3,9.4,973.3,Rupnagar
2022-07-24,29.0,33.2,25.0,80,1.1,10.4,972.9,Rupnagar
2022-07-25,29.0,32.8,26.5,76,0.0,18.2,974.9,Rupnagar
2022-07-26,28.4,31.8,26.1,79,0.2,12.2,975.9,Rupnagar
2022-07-27,28.3,31.5,25.4,80,0.2,14.8,975.3,Rupnagar
2022-07-28,27.8,30.5,25.9,83,1.7,17.1,975.8,Rupnagar
2022-07-29,26.6,30.3,24.7,89,13.6,14.3,974.8,Rupnagar
2022-07-30,26.1,29.8,24.2,91,32.2,11.6,973.0,Rupnagar
2022-07-31,25.5,27.8,24.0,91,22.8,13.8,970.7,Rupnagar
2022-08-01,26.3,29.9,23.7,89,23.5,9.4,971.0,Rupnagar
2022-08-02,28.4,32.8,24.5,83,0.0,11.2,970.3,Rupnagar
2022-08-03,28.7,32.2,24.0,83,1.6,14.8,971.8,Rupnagar
2022-08-04,27.6,30.8,24.8,85,3.1,15.9,973.3,Rupnagar
2022-08-05,27.6,31.8,25.4,88,11.9,9.8,972.1,Rupnagar
2022-08-06,28.6,32.4,24.9,82,0.1,5.5,969.7,Rupnagar
2022-08-07,27.7,30.7,25.0,86,15.0,14.2,969.8,Rupnagar
2022-08-08,29.6,34.0,25.0,78,0.0,7.4,969.8,Rupnagar
2022-08-09,30.0,33.6,26.8,79,0.2,9.3,969.8,Rupnagar
2022-08-10,30.2,34.6,25.9,80,0.1,13.4,967.8,Rupnagar
2022-08-11,27.2,28.4,25.7,80,4.9,20.0,971.3,Rupnagar
2022-08-12,29.1,33.9,24.0,73,0.0,11.5,970.4,Rupnagar
2022-08-13,29.3,34.0,25.2,78,0.0,7.6,970.0,Rupnagar
2022-08-14,28.5,32.8,25.9,85,13.7,15.0,972.1,Rupnagar
2022-08-15,27.8,29.9,25.5,79,0.4,12.6,974.3,Rupnagar
2022-08-16,28.6,32.8,25.0,75,0.3,14.5,973.0,Rupnagar
2022-08-17,28.5,32.3,25.8,76,0.5,19.2,973.3,Rupnagar
2022-08-18,28.5,32.3,24.7,82,1.2,6.2,971.9,Rupnagar
2022-08-19,28.0,31.5,25.9,86,4.6,16.0,971.5,Rupnagar
2022-08-20,27.1,29.6,24.5,85,5.6,6.9,973.1,Rupnagar
2022-08-21,28.3,32.7,25.0,80,0.1,11.7,971.3,Rupnagar
2022-08-22,28.6,33.0,24.9,80,0.5,9.8,969.9,Rupnagar
2022-08-23,29.3,34.1,24.6,77,0.6,12.5,972.1,Rupnagar
2022-08-24,28.8,31.4,26.0,77,1.4,21.3,975.4,Rupnagar
2022-08-25,28.0,31.9,24.9,84,3.8,6.8,974.7,Rupnagar
2022-08-26,28.6,32.6,25.2,82,3.5,10.6,973.7,Rupnagar
2022-08-27,28.3,32.5,24.8,84,1.6,17.1,972.6,Rupnagar
2022-08-28,28.3,32.1,25.2,85,4.1,12.0,972.9,Rupnagar
2022-08-29,26.6,31.0,23.7,87,17.7,13.8,977.0,Rupnagar
2022-08-30,28.1,32.3,24.6,83,0.4,12.1,977.8,Rupnagar
2022-08-31,28.7,33.2,24.3,81,0.8,12.3,974.9,Rupnagar
2022-09-01,28.8,33.4,24.9,78,0.1,13.5,974.8,Rupnagar
2022-09-02,27.8,32.3,24.0,80,1.7,11.2,976.3,Rupnagar
2022-09-03,27.7,31.9,24.1,81,0.9,12.4,973.7,Rupnagar
2022-09-04,28.9,33.0,23.9,69,0.0,11.8,972.4,Rupnagar
2022-09-05,28.1,33.4,23.5,75,0.2,7.2,974.2,Rupnagar
2022-09-06,27.9,33.0,23.0,78,0.0,10.5,975.7,Rupnagar
2022-09-07,28.4,33.4,23.0,75,0.0,8.4,977.3,Rupnagar
2022-09-08,28.4,33.8,22.6,75,0.0,6.6,978.1,Rupnagar
2022-09-09,28.9,33.7,25.5,74,0.7,14.2,978.0,Rupnagar
2022-09-10,28.5,32.6,25.3,75,5.8,11.2,977.0,Rupnagar
2022-09-11,27.9,32.9,24.0,76,1.8,11.6,975.5,Rupnagar
2022-09-12,27.5,32.6,23.4,76,3.2,14.1,973.9,Rupnagar
2022-09-13,28.1,33.0,23.4,75,0.0,15.7,974.0,Rupnagar
2022-09-14,27.7,31.7,23.7,77,0.4,12.4,974.8,Rupnagar
2022-09-15,26.6,30.6,23.0,83,33.3,16.3,973.5,Rupnagar
2022-09-16,26.3,31.0,22.8,83,0.3,13.4,970.4,Rupnagar
2022-09-17,27.0,31.5,22.8,83,0.1,7.4,971.8,Rupnagar
2022-09-18,27.0,33.1,22.4,79,0.0,11.6,975.0,Rupnagar
2022-09-19,27.1,32.6,20.9,76,0.3,8.3,975.5,Rupnagar
2022-09-20,27.3,31.7,24.0,81,2.7,13.5,975.7,Rupnagar
2022-09-21,27.1,30.6,25.2,86,6.0,12.6,975.7,Rupnagar
2022-09-22,25.5,26.9,25.0,88,9.9,13.8,975.6,Rupnagar
2022-09-23,25.5,28.1,23.7,83,5.5,13.7,974.9,Rupnagar
2022-09-24,24.2,27.0,23.1,90,73.9,12.9,973.7,Rupnagar
2022-09-25,23.4,25.9,21.4,90,97.9,29.0,974.3,Rupnagar
2022-09-26,24.2,29.8,19.7,85,0.0,11.0,978.5,Rupnagar
2022-09-27,25.0,30.3,19.7,83,0.0,10.8,976.9,Rupnagar
2022-09-28,25.4,30.3,20.2,82,0.0,9.0,975.9,Rupnagar
2022-09-29,25.8,30.8,21.6,82,0.0,12.5,975.8,Rupnagar
2022-09-30,25.5,31.3,20.1,82,0.0,13.0,976.2,Rupnagar
2022-10-01,25.5,31.2,19.9,80,0.0,11.2,975.2,Rupnagar
2022-10-02,25.3,31.8,19.6,79,0.0,11.5,975.8,Rupnagar
2022-10-03,25.7,32.3,20.1,75,0.0,13.6,976.5,Rupnagar
2022-10-04,26.3,32.2,20.8,74,0.0,10.0,978.1,Rupnagar
2022-10-05,25.6,31.7,21.1,77,0.0,9.8,977.6,Rupnagar
2022-10-06,25.6,30.0,21.4,73,0.0,15.2,978.5,Rupnagar
2022-10-07,24.3,28.7,21.3,80,1.1,11.2,980.0,Rupnagar
2022-10-08,23.7,26.8,21.0,83,0.1,7.4,980.9,Rupnagar
2022-10-09,23.9,28.6,20.9,84,0.2,10.0,980.1,Rupnagar
2022-10-10,22.3,27.1,20.1,89,14.8,10.1,981.4,Rupnagar
2022-10-11,21.7,26.0,19.4,86,33.6,15.3,980.3,Rupnagar
2022-10-12,21.5,27.2,17.5,83,7.7,15.0,980.9,Rupnagar
2022-10-13,22.1,28.7,16.9,80,0.0,12.3,981.5,Rupnagar
2022-10-14,21.8,28.9,16.4,79,0.0,14.0,981.2,Rupnagar
2022-10-15,22.1,29.0,16.9,79,0.0,11.8,980.4,Rupnagar
2022-10-16,22.1,29.4,15.6,79,0.0,10.9,982.7,Rupnagar
2022-10-17,22.5,29.6,16.7,78,0.0,10.4,982.7,Rupnagar
2022-10-18,21.6,28.8,16.2,76,0.0,10.5,981.2,Rupnagar
2022-10-19,21.6,29.6,15.5,63,0.0,10.1,981.1,Rupnagar
2022-10-20,20.9,28.2,15.0,63,0.1,21.2,982.9,Rupnagar
2022-10-21,21.8,30.0,13.5,58,0.0,11.7,984.9,Rupnagar
2022-10-22,20.7,28.2,15.2,66,0.0,9.9,986.0,Rupnagar
2022-10-23,20.6,28.6,14.4,73,0.0,9.7,984.9,Rupnagar
2022-10-24,20.7,29.2,15.0,72,0.0,14.9,980.5,Rupnagar
2022-10-25,20.2,28.3,14.1,72,0.0,14.4,978.3,Rupnagar
2022-10-26,20.7,29.7,12.3,72,0.0,10.7,981.9,Rupnagar
2022-10-27,20.6,29.2,14.6,70,0.0,11.0,982.1,Rupnagar
2022-10-28,20.6,28.9,13.8,70,0.0,10.1,982.3,Rupnagar
2022-10-29,20.0,28.7,12.7,75,0.0,9.4,983.0,Rupnagar
2022-10-30,20.6,29.2,13.9,72,0.0,12.7,983.5,Rupnagar
2022-10-31,20.4,29.0,14.3,73,0.0,9.8,983.2,Rupnagar
2022-11-01,20.4,29.3,13.2,73,0.0,14.2,983.5,Rupnagar
2022-11-02,20.9,29.4,14.8,67,0.0,15.5,982.3,Rupnagar
2022-11-03,20.2,28.0,13.2,70,0.0,10.8,981.1,Rupnagar
2022-11-04,20.0,28.2,13.2,72,0.0,6.0,982.6,Rupnagar
2022-11-05,20.9,28.7,13.7,74,0.0,12.7,984.7,Rupnagar
2022-11-06,21.3,28.8,14.2,75,0.0,17.7,985.0,Rupnagar
2022-11-07,20.5,28.4,14.8,71,3.8,14.7,984.3,Rupnagar
2022-11-08,19.0,27.1,12.1,74,0.0,18.7,984.7,Rupnagar
2022-11-09,19.5,26.1,15.0,74,13.4,19.7,985.1,Rupnagar
2022-11-10,18.4,25.9,13.4,71,1.2,15.1,986.3,Rupnagar
2022-11-11,16.9,24.8,11.7,78,0.0,13.3,986.0,Rupnagar
2022-11-12,16.3,24.6,10.5,73,0.0,14.0,985.3,Rupnagar
2022-11-13,16.4,24.7,8.5,70,0.0,12.8,983.7,Rupnagar
2022-11-14,17.9,23.9,14.1,61,7.9,15.9,985.2,Rupnagar
2022-11-15,17.9,25.3,12.5,70,0.0,10.5,984.9,Rupnagar
2022-11-16,16.5,22.9,11.3,78,0.0,11.3,983.6,Rupnagar
2022-11-17,15.5,22.8,10.0,78,0.0,15.8,983.0,Rupnagar
2022-11-18,16.1,23.7,10.9,74,0.0,10.0,984.2,Rupnagar
2022-11-19,15.5,23.5,8.5,74,0.0,10.9,985.4,Rupnagar
2022-11-20,16.1,24.8,10.1,76,0.0,12.2,983.7,Rupnagar
2022-11-21,15.5,24.0,10.6,77,0.0,13.2,982.6,Rupnagar
2022-11-22,16.0,24.0,10.6,72,0.0,12.6,982.5,Rupnagar
2022-11-23,16.0,24.0,11.0,73,0.0,13.9,982.7,Rupnagar
2022-11-24,16.0,24.2,10.9,74,0.0,10.7,982.5,Rupnagar
2022-11-25,14.5,24.1,6.9,73,0.0,11.6,985.3,Rupnagar
2022-11-26,15.6,24.6,10.2,74,0.0,14.5,981.9,Rupnagar
2022-11-27,15.6,23.7,8.1,76,0.0,10.0,980.2,Rupnagar
2022-11-28,14.8,23.6,6.7,72,0.0,9.7,981.9,Rupnagar
2022-11-29,15.6,23.5,10.3,74,0.0,10.5,983.9,Rupnagar
2022-11-30,15.3,23.6,8.4,78,0.0,11.5,985.0,Rupnagar
2022-12-01,15.6,23.8,9.9,77,0.0,13.9,983.6,Rupnagar
2022-12-02,15.6,22.6,8.9,74,0.0,8.9,982.8,Rupnagar
2022-12-03,15.3,23.3,8.1,73,0.0,10.7,983.7,Rupnagar
2022-12-04,15.3,23.3,9.2,74,0.0,12.1,984.1,Rupnagar
2022-12-05,14.0,22.1,7.0,76,0.0,10.8,985.8,Rupnagar
2022-12-06,14.2,22.6,8.1,71,0.0,16.5,984.6,Rupnagar
2022-12-07,13.8,22.2,7.0,69,0.0,16.6,983.5,Rupnagar
2022-12-08,13.7,22.1,7.7,74,0.0,11.6,984.2,Rupnagar
2022-12-09,14.6,22.6,10.1,74,0.0,10.3,983.3,Rupnagar
2022-12-10,15.0,25.0,8.2,71,0.0,11.0,983.9,Rupnagar
2022-12-11,14.6,25.5,8.1,75,0.0,12.6,984.1,Rupnagar
2022-12-12,14.7,24.4,8.1,67,0.0,14.6,983.3,Rupnagar
2022-12-13,14.7,24.0,8.1,67,0.0,18.4,984.8,Rupnagar
2022-12-14,12.8,20.2,5.8,72,0.0,13.5,984.2,Rupnagar
2022-12-15,12.3,20.6,6.1,75,0.0,11.3,982.9,Rupnagar
2022-12-16,13.0,20.9,7.2,77,0.0,10.6,981.8,Rupnagar
2022-12-17,13.5,21.3,8.6,78,0.0,11.3,983.7,Rupnagar
2022-12-18,12.6,20.1,4.9,81,0.0,8.9,984.7,Rupnagar
2022-12-19,13.0,20.3,8.5,81,0.0,10.0,983.3,Rupnagar
2022-12-20,12.0,19.2,8.0,89,0.0,9.4,982.5,Rupnagar
2022-12-21,11.7,19.9,7.5,86,0.0,11.0,984.1,Rupnagar
2022-12-22,10.8,18.3,6.7,88,0.0,10.0,983.8,Rupnagar
2022-12-23,9.2,15.7,6.0,92,0.0,9.4,983.5,Rupnagar
2022-12-24,9.3,16.8,5.0,87,0.0,11.4,985.0,Rupnagar
2022-12-25,10.0,16.7,5.5,89,0.0,9.7,985.0,Rupnagar
2022-12-26,10.7,18.7,5.5,87,0.0,11.4,986.9,Rupnagar
2022-12-27,10.3,18.0,5.4,87,0.0,15.9,986.3,Rupnagar
2022-12-28,11.0,18.9,6.7,81,0.0,15.3,985.6,Rupnagar
2022-12-29,10.0,13.7,5.9,84,0.3,9.9,986.6,Rupnagar
2022-12-30,13.1,19.0,7.0,79,0.6,8.7,988.2,Rupnagar
2022-12-31,10.9,18.6,5.9,86,0.0,13.7,987.5,Rupnagar
2023-01-01,10.4,16.0,6.1,91,0.0,7.0,988.6,Rupnagar
2023-01-02,9.5,16.3,5.1,88,0.0,10.7,989.7,Rupnagar
2023-01-03,9.0,15.7,5.1,90,0.0,8.7,990.7,Rupnagar
2023-01-04,9.0,16.9,5.7,92,0.0,9.7,990.8,Rupnagar
2023-01-05,8.8,14.2,5.7,90,0.0,5.1,992.0,Rupnagar
2023-01-06,7.8,12.7,5.5,92,0.0,8.9,992.5,Rupnagar
2023-01-07,9.2,16.2,3.6,88,0.0,9.6,990.0,Rupnagar
2023-01-08,10.2,17.3,5.3,91,0.0,9.2,987.2,Rupnagar
2023-01-09,10.9,16.3,6.9,93,0.0,7.0,988.7,Rupnagar
2023-01-10,9.9,16.5,6.8,91,0.0,12.0,987.6,Rupnagar
2023-01-11,10.3,13.3,7.1,93,2.3,11.4,983.5,Rupnagar
2023-01-12,12.9,18.8,9.0,81,3.4,9.8,981.7,Rupnagar
2023-01-13,12.5,19.3,8.8,87,29.4,20.4,982.5,Rupnagar
2023-01-14,11.2,15.8,8.2,88,0.7,10.6,985.2,Rupnagar
2023-01-15,9.5,15.4,5.4,83,0.0,13.8,983.6,Rupnagar
2023-01-16,8.8,15.4,4.2,79,0.0,11.9,984.9,Rupnagar
2023-01-17,7.7,15.4,2.8,78,0.0,12.6,985.2,Rupnagar
2023-01-18,9.3,16.3,4.9,81,0.0,11.5,987.3,Rupnagar
2023-01-19,12.3,18.0,7.9,75,0.0,15.6,987.6,Rupnagar
2023-01-20,10.9,13.5,7.2,86,2.7,9.7,986.9,Rupnagar
2023-01-21,11.1,18.9,4.8,81,0.1,11.2,985.9,Rupnagar
2023-01-22,11.2,19.7,5.8,80,0.0,12.0,985.1,Rupnagar
2023-01-23,11.8,21.4,3.7,75,0.0,10.7,984.6,Rupnagar
2023-01-24,12.0,16.2,5.8,85,46.2,13.8,983.4,Rupnagar
2023-01-25,14.2,18.5,11.2,88,48.5,17.1,985.2,Rupnagar
2023-01-26,12.6,17.9,8.8,89,0.0,13.4,987.2,Rupnagar
2023-01-27,12.3,18.8,7.3,85,0.0,14.6,986.6,Rupnagar
2023-01-28,12.0,19.4,6.3,87,0.0,11.7,983.2,Rupnagar
2023-01-29,11.8,17.9,6.3,87,0.5,19.1,982.6,Rupnagar
2023-01-30,13.7,18.2,9.6,84,8.6,16.3,986.8,Rupnagar
2023-01-31,13.1,19.5,8.1,84,0.0,18.0,987.4,Rupnagar
2023-02-01,13.2,19.7,8.5,83,0.0,16.6,986.0,Rupnagar
2023-02-02,13.2,20.6,7.9,81,0.0,15.6,984.7,Rupnagar
2023-02-03,13.3,21.0,8.2,82,0.0,11.4,984.5,Rupnagar
2023-02-04,13.9,21.4,7.6,83,0.0,13.4,982.3,Rupnagar
2023-02-05,14.6,22.0,9.0,81,0.0,11.8,981.0,Rupnagar
2023-02-06,14.6,23.6,7.1,69,0.2,17.8,981.0,Rupnagar
2023-02-07,14.0,22.3,7.9,74,0.0,15.8,980.5,Rupnagar
2023-02-08,13.2,21.3,7.4,76,0.0,16.5,982.4,Rupnagar
2023-02-09,13.9,22.0,6.9,78,0.0,11.0,980.5,Rupnagar
2023-02-10,17.8,23.8,13.0,61,8.3,20.9,980.7,Rupnagar
2023-02-11,15.3,22.7,8.8,74,0.6,16.1,983.1,Rupnagar
2023-02-12,11.8,19.3,5.6,64,0.0,19.4,986.7,Rupnagar
2023-02-13,11.6,18.5,6.3,60,0.0,21.7,984.5,Rupnagar
2023-02-14,14.0,21.8,8.9,67,0.0,13.6,984.4,Rupnagar
2023-02-15,16.0,24.2,10.4,73,0.0,20.3,981.7,Rupnagar
2023-02-16,16.8,24.7,8.6,79,0.0,9.1,983.8,Rupnagar
2023-02-17,16.9,25.1,9.8,82,0.0,9.1,985.3,Rupnagar
2023-02-18,17.4,24.9,10.8,85,0.0,9.7,984.1,Rupnagar
2023-02-19,18.1,25.2,10.7,80,0.0,7.1,983.2,Rupnagar
2023-02-20,19.3,27.7,11.0,75,0.0,13.3,980.3,Rupnagar
2023-02-21,19.2,27.1,13.3,58,0.0,29.4,980.9,Rupnagar
2023-02-22,17.2,25.5,10.4,67,0.0,12.5,982.1,Rupnagar
2023-02-23,16.1,25.2,9.0,71,0.0,17.4,981.6,Rupnagar
2023-02-24,16.5,26.2,8.6,67,0.0,16.4,983.4,Rupnagar
2023-02-25,17.4,26.2,10.2,69,0.0,12.9,985.1,Rupnagar
2023-02-26,17.4,25.7,9.3,71,0.4,17.1,987.2,Rupnagar
2023-02-27,17.5,26.3,10.5,67,0.0,12.0,986.6,Rupnagar
2023-02-28,15.5,20.2,10.8,72,9.6,31.0,987.3,Rupnagar
2023-03-01,18.7,26.7,13.1,64,0.5,17.6,989.1,Rupnagar
2023-03-02,18.9,27.8,11.8,65,0.0,12.4,988.1,Rupnagar
2023-03-03,19.5,26.8,12.4,65,0.0,15.9,988.4,Rupnagar
2023-03-04,19.3,26.6,12.8,69,0.0,12.9,988.5,Rupnagar
2023-03-05,18.5,27.3,11.9,70,0.0,18.1,987.4,Rupnagar
2023-03-06,18.6,26.8,11.8,64,0.0,14.8,984.8,Rupnagar
2023-03-07,18.7,27.0,11.5,63,0.0,14.9,984.6,Rupnagar
2023-03-08,18.3,26.1,11.1,69,0.1,9.7,985.8,Rupnagar
2023-03-09,19.8,26.7,12.5,65,0.0,10.4,986.1,Rupnagar
2023-03-10,20.1,27.5,12.0,66,0.0,15.3,984.8,Rupnagar
2023-03-11,20.2,28.1,12.9,69,0.0,10.7,984.6,Rupnagar
2023-03-12,20.9,28.3,13.9,66,0.0,12.4,984.2,Rupnagar
2023-03-13,20.6,28.1,14.5,69,0.1,17.4,983.0,Rupnagar
2023-03-14,21.1,28.8,15.1,61,0.0,17.2,979.9,Rupnagar
2023-03-15,20.9,29.0,13.1,61,0.0,10.8,979.1,Rupnagar
2023-03-16,20.8,29.1,14.6,61,0.0,10.7,979.9,Rupnagar
2023-03-17,19.7,26.8,12.9,69,1.8,15.9,982.0,Rupnagar
2023-03-18,17.8,24.1,13.4,83,3.2,13.5,981.2,Rupnagar
2023-03-19,18.0,24.4,12.4,80,3.1,7.9,978.8,Rupnagar
2023-03-20,17.6,22.4,14.0,84,19.6,13.8,977.9,Rupnagar
2023-03-21,18.1,23.2,13.3,78,4.6,7.8,978.9,Rupnagar
2023-03-22,17.9,24.9,12.5,76,0.0,13.1,979.9,Rupnagar
2023-03-23,18.6,26.2,12.2,73,0.0,17.7,978.6,Rupnagar
2023-03-24,18.7,25.1,11.6,76,5.7,19.0,978.6,Rupnagar
2023-03-25,18.5,25.0,14.5,78,11.5,22.9,981.5,Rupnagar
2023-03-26,18.2,25.1,11.7,71,0.1,10.0,981.2,Rupnagar
2023-03-27,18.5,25.0,13.1,74,0.0,11.1,979.9,Rupnagar
2023-03-28,19.3,26.2,12.4,72,0.0,10.4,979.6,Rupnagar
2023-03-29,20.1,28.2,12.0,70,0.0,9.3,980.2,Rupnagar
2023-03-30,21.5,29.3,14.5,63,0.5,21.8,978.5,Rupnagar
2023-03-31,17.7,20.3,14.4,86,11.9,13.0,978.6,Rupnagar
2023-04-01,17.8,23.5,13.8,83,10.8,15.4,979.4,Rupnagar
2023-04-02,19.0,25.4,13.1,76,0.0,10.5,978.2,Rupnagar
2023-04-03,18.9,27.1,12.1,75,0.5,31.9,977.0,Rupnagar
2023-04-04,19.0,25.9,13.5,70,5.6,34.6,979.5,Rupnagar
2023-04-05,19.1,27.3,10.4,67,0.0,14.0,979.7,Rupnagar
2023-04-06,20.9,28.2,14.4,59,0.0,15.5,982.0,Rupnagar
2023-04-07,20.1,28.7,11.8,63,0.0,16.8,983.2,Rupnagar
2023-04-08,21.4,29.7,13.0,59,0.0,14.5,983.6,Rupnagar
2023-04-09,22.3,30.6,12.8,56,0.0,13.4,983.9,Rupnagar
2023-04-10,22.9,31.5,14.6,49,0.0,16.9,981.9,Rupnagar
2023-04-11,23.9,32.9,15.6,45,0.0,20.6,981.4,Rupnagar
2023-04-12,24.7,33.4,17.0,48,0.0,15.0,980.7,Rupnagar
2023-04-13,25.2,34.2,17.0,48,0.0,16.7,979.3,Rupnagar
2023-04-14,26.0,35.1,16.7,44,0.0,16.1,978.2,Rupnagar
2023-04-15,26.9,36.2,17.2,45,0.0,13.0,977.8,Rupnagar
2023-04-16,27.6,36.2,19.1,38,0.0,11.8,977.2,Rupnagar
2023-04-17,27.3,36.9,18.4,41,0.0,14.6,976.7,Rupnagar
2023-04-18,28.2,35.9,20.1,36,0.0,27.2,978.2,Rupnagar
2023-04-19,24.7,31.7,20.7,53,7.8,24.2,976.6,Rupnagar
2023-04-20,23.6,29.7,18.7,55,4.9,21.9,974.1,Rupnagar
2023-04-21,23.8,29.3,17.7,42,0.0,22.0,974.9,Rupnagar
2023-04-22,22.3,30.4,15.0,48,0.0,15.0,976.0,Rupnagar
2023-04-23,22.0,30.4,14.7,52,0.0,11.6,976.7,Rupnagar
2023-04-24,23.4,30.9,15.3,49,0.0,18.3,979.8,Rupnagar
2023-04-25,25.1,31.3,18.1,45,0.0,20.3,981.5,Rupnagar
2023-04-26,25.2,32.2,16.8,47,0.2,13.8,978.4,Rupnagar
2023-04-27,25.0,31.7,19.2,47,0.5,19.2,978.2,Rupnagar
2023-04-28,24.5,32.9,16.6,52,0.3,13.8,978.6,Rupnagar
2023-04-29,24.6,33.0,17.0,53,0.0,19.9,977.4,Rupnagar
2023-04-30,23.7,29.8,19.0,63,0.2,19.0,976.9,Rupnagar
2023-05-01,20.7,23.2,18.7,79,3.5,17.1,977.9,Rupnagar
2023-05-02,21.1,25.9,17.9,76,7.9,21.3,979.5,Rupnagar
2023-05-03,21.8,28.2,17.6,75,9.2,20.4,980.3,Rupnagar
2023-05-04,22.9,28.7,16.5,66,0.0,8.4,979.8,Rupnagar
2023-05-05,24.1,30.0,19.0,62,0.0,10.5,977.8,Rupnagar
2023-05-06,24.4,31.5,17.5,57,0.0,16.1,975.7,Rupnagar
2023-05-07,25.1,34.2,15.8,49,0.2,22.2,975.1,Rupnagar
2023-05-08,25.6,33.0,16.3,40,1.4,28.9,974.9,Rupnagar
2023-05-09,26.3,33.1,18.1,35,0.0,20.3,977.8,Rupnagar
2023-05-10,25.0,33.0,16.3,42,0.0,15.0,976.1,Rupnagar
2023-05-11,26.6,35.5,17.0,40,0.0,11.2,976.6,Rupnagar
2023-05-12,28.1,36.7,17.9,39,0.0,13.7,976.0,Rupnagar
2023-05-13,29.1,38.3,19.0,36,0.0,14.1,975.3,Rupnagar
2023-05-14,30.3,39.0,20.4,29,0.0,19.3,972.6,Rupnagar
2023-05-15,29.2,38.3,20.6,35,0.0,14.6,971.8,Rupnagar
2023-05-16,29.6,38.0,21.9,33,0.0,20.3,973.6,Rupnagar
2023-05-17,30.8,38.0,23.8,31,0.0,17.2,974.9,Rupnagar
2023-05-18,26.8,32.3,20.6,47,0.8,27.7,978.7,Rupnagar
2023-05-19,28.1,35.4,19.9,45,0.0,18.7,976.1,Rupnagar
2023-05-20,29.4,37.4,20.8,41,0.0,18.5,973.8,Rupnagar
2023-05-21,30.2,39.5,20.3,37,0.0,14.8,974.3,Rupnagar
2023-05-22,31.8,40.6,23.8,32,0.0,19.5,974.4,Rupnagar
2023-05-23,30.9,39.0,24.6,41,8.0,14.8,974.8,Rupnagar
2023-05-24,26.8,32.7,22.2,61,16.7,19.2,975.1,Rupnagar
2023-05-25,26.1,32.1,20.2,65,0.2,10.5,975.2,Rupnagar
2023-05-26,25.7,31.5,19.5,62,0.1,8.0,976.1,Rupnagar
2023-05-27,26.3,33.1,20.2,61,0.0,12.6,975.6,Rupnagar
2023-05-28,26.9,34.7,17.8,56,0.0,9.4,976.1,Rupnagar
2023-05-29,26.7,33.9,21.3,60,7.3,15.7,978.6,Rupnagar
2023-05-30,26.5,31.1,21.4,64,1.0,13.3,978.5,Rupnagar
2023-05-31,23.0,27.0,20.7,82,32.5,19.1,977.0,Rupnagar
2023-06-01,24.2,30.1,19.5,75,3.6,12.7,976.8,Rupnagar
2023-06-02,24.6,29.1,20.6,67,0.6,12.5,976.1,Rupnagar
2023-06-03,26.0,32.9,18.7,66,0.0,9.8,975.8,Rupnagar
2023-06-04,27.5,34.5,20.4,62,0.0,10.1,975.3,Rupnagar
2023-06-05,28.3,35.0,21.7,59,0.0,12.4,973.8,Rupnagar
2023-06-06,27.5,34.3,20.5,56,0.1,15.3,974.3,Rupnagar
2023-06-07,28.0,34.3,21.8,56,0.0,23.2,974.1,Rupnagar
2023-06-08,28.9,36.0,21.5,55,0.0,19.8,973.3,Rupnagar
2023-06-09,29.8,38.5,20.8,52,0.0,24.5,970.2,Rupnagar
2023-06-10,31.1,39.1,23.2,50,10.7,22.9,969.0,Rupnagar
2023-06-11,29.3,36.6,23.7,64,2.7,15.8,969.3,Rupnagar
2023-06-12,31.1,37.8,23.2,57,0.0,16.2,968.8,Rupnagar
2023-06-13,31.3,39.1,24.7,57,0.9,37.4,968.7,Rupnagar
2023-06-14,30.0,36.0,23.5,63,5.8,16.8,969.7,Rupnagar
2023-06-15,28.6,34.6,23.3,66,0.9,15.6,971.2,Rupnagar
2023-06-16,29.8,36.3,22.5,64,0.0,15.7,970.4,Rupnagar
2023-06-17,31.6,37.3,24.5,57,0.0,9.8,970.6,Rupnagar
2023-06-18,30.5,35.0,26.6,63,0.0,13.8,971.3,Rupnagar
2023-06-19,31.6,37.2,26.1,58,0.0,11.5,970.2,Rupnagar
2023-06-20,32.2,37.7,26.5,60,0.0,17.9,969.3,Rupnagar
2023-06-21,30.7,36.4,26.0,70,6.1,16.1,970.3,Rupnagar
2023-06-22,31.0,35.6,28.2,73,1.8,14.2,970.3,Rupnagar
2023-06-23,30.2,35.0,26.4,76,12.9,13.0,970.6,Rupnagar
2023-06-24,29.6,34.6,26.0,78,12.9,17.8,970.1,Rupnagar
2023-06-25,28.1,32.7,25.3,82,25.9,25.3,971.1,Rupnagar
2023-06-26,27.8,31.0,24.5,81,0.0,13.9,972.3,Rupnagar
2023-06-27,28.5,33.7,25.0,79,0.4,13.2,971.3,Rupnagar
2023-06-28,29.0,33.2,24.5,77,0.4,19.3,972.5,Rupnagar
2023-06-29,28.2,32.2,25.1,82,7.1,12.9,971.6,Rupnagar
2023-06-30,28.8,33.8,24.8,78,3.8,14.8,969.9,Rupnagar
2023-07-01,28.5,33.1,23.6,77,2.5,14.2,970.8,Rupnagar
2023-07-02,29.6,34.2,24.7,73,0.0,11.3,971.2,Rupnagar
2023-07-03,30.1,35.2,25.2,75,1.3,10.8,970.6,Rupnagar
2023-07-04,29.8,34.7,26.1,76,3.4,19.2,969.2,Rupnagar
2023-07-05,28.0,32.1,24.9,79,14.5,20.8,969.7,Rupnagar
2023-07-06,27.8,33.2,24.0,82,0.6,9.5,972.0,Rupnagar
2023-07-07,28.0,32.2,24.2,82,6.6,10.7,972.6,Rupnagar
2023-07-08,26.2,28.1,24.2,90,38.3,13.4,973.3,Rupnagar
2023-07-09,25.6,26.8,24.4,92,63.3,24.3,971.8,Rupnagar
2023-07-10,25.6,29.5,24.1,91,30.2,8.5,972.3,Rupnagar
2023-07-11,27.8,32.0,24.2,80,0.2,9.8,971.7,Rupnagar
2023-07-12,28.3,33.2,23.9,80,6.7,15.2,971.5,Rupnagar
2023-07-13,28.7,32.8,24.6,78,2.2,16.3,971.6,Rupnagar
2023-07-14,28.8,33.3,23.6,79,4.2,12.6,972.1,Rupnagar
2023-07-15,29.2,33.5,25.6,82,3.5,14.9,971.1,Rupnagar
2023-07-16,28.3,31.9,25.6,85,13.8,17.9,971.7,Rupnagar
2023-07-17,28.8,32.7,26.3,85,2.8,11.3,970.7,Rupnagar
2023-07-18,28.6,31.6,25.8,83,0.9,17.4,970.8,Rupnagar
2023-07-19,28.8,32.5,25.8,80,6.7,12.6,971.0,Rupnagar
2023-07-20,30.5,34.8,25.2,75,0.0,5.9,970.8,Rupnagar
2023-07-21,30.8,34.6,27.0,76,1.7,10.7,972.0,Rupnagar
2023-07-22,28.7,33.1,25.9,84,44.1,19.6,975.3,Rupnagar
2023-07-23,29.5,33.5,24.6,77,0.2,12.4,975.2,Rupnagar
2023-07-24,29.0,33.4,25.7,81,5.6,10.8,973.0,Rupnagar
2023-07-25,29.3,32.8,25.5,81,12.5,12.2,972.6,Rupnagar
2023-07-26,27.4,31.2,24.6,85,3.1,14.7,974.2,Rupnagar
2023-07-27,28.8,32.3,25.0,80,0.2,6.3,973.1,Rupnagar
2023-07-28,27.1,30.6,25.4,89,22.7,8.0,971.0,Rupnagar
2023-07-29,28.1,32.4,24.9,84,3.9,12.5,970.0,Rupnagar
2023-07-30,28.6,32.6,24.4,84,0.5,7.7,969.4,Rupnagar
2023-07-31,28.8,33.4,25.0,84,0.2,13.0,968.9,Rupnagar
2023-08-01,29.8,33.7,26.0,81,1.2,13.0,967.8,Rupnagar
2023-08-02,29.8,34.2,26.2,81,0.9,10.5,968.3,Rupnagar
2023-08-03,29.2,33.2,25.4,83,0.5,9.6,968.7,Rupnagar
2023-08-04,28.7,32.5,25.3,86,2.7,14.0,971.1,Rupnagar
2023-08-05,28.5,33.0,25.4,86,2.9,13.3,972.4,Rupnagar
2023-08-06,28.6,33.0,25.6,85,20.0,18.0,969.3,Rupnagar
2023-08-07,27.8,32.5,23.5,84,7.8,11.8,967.2,Rupnagar
2023-08-08,28.9,33.0,25.0,79,1.0,11.2,968.2,Rupnagar
2023-08-09,29.2,33.2,25.8,82,0.9,10.0,971.8,Rupnagar
2023-08-10,28.3,32.0,25.7,86,4.3,10.2,973.6,Rupnagar
2023-08-11,28.2,32.5,25.3,87,16.3,10.0,973.7,Rupnagar
2023-08-12,28.8,32.6,26.5,84,4.0,8.5,971.2,Rupnagar
2023-08-13,28.6,32.8,25.4,84,22.6,11.5,969.1,Rupnagar
2023-08-14,27.3,30.4,25.0,85,40.8,22.4,973.5,Rupnagar
2023-08-15,27.9,32.2,24.5,83,6.8,10.0,974.3,Rupnagar
2023-08-16,28.9,33.1,24.5,81,0.0,13.2,973.4,Rupnagar
2023-08-17,28.7,32.6,25.1,83,3.9,14.0,972.9,Rupnagar
2023-08-18,29.1,33.5,24.3,83,0.3,8.9,973.2,Rupnagar
2023-08-19,29.2,33.6,26.4,83,0.2,9.0,974.1,Rupnagar
2023-08-20,29.1,33.5,25.5,86,2.1,9.0,974.7,Rupnagar
2023-08-21,29.7,33.6,26.1,85,0.7,9.4,972.9,Rupnagar
2023-08-22,29.5,33.4,26.2,84,8.9,14.4,970.7,Rupnagar
2023-08-23,27.1,29.4,25.5,87,24.2,26.9,970.0,Rupnagar
2023-08-24,27.3,32.3,24.1,85,13.6,10.6,969.2,Rupnagar
2023-08-25,27.8,32.5,23.1,82,21.6,10.6,969.3,Rupnagar
2023-08-26,27.3,30.9,23.8,84,3.6,20.5,971.4,Rupnagar
2023-08-27,27.9,32.1,24.1,81,0.1,11.9,970.9,Rupnagar
2023-08-28,27.0,31.4,22.7,81,0.0,12.1,970.9,Rupnagar
2023-08-29,27.3,32.7,21.5,80,0.0,13.0,973.4,Rupnagar
2023-08-30,27.9,32.8,23.5,79,0.0,15.1,975.0,Rupnagar
2023-08-31,28.3,33.5,23.4,80,0.0,12.8,975.6,Rupnagar
2023-09-01,29.3,33.8,24.9,78,0.0,15.2,975.5,Rupnagar
2023-09-02,29.2,34.2,24.5,77,0.0,13.2,974.1,Rupnagar
2023-09-03,28.9,33.8,25.1,80,2.3,13.6,973.1,Rupnagar
2023-09-04,28.9,34.1,24.1,79,0.0,9.4,972.9,Rupnagar
2023-09-05,28.4,33.7,24.0,75,0.0,11.0,974.4,Rupnagar
2023-09-06,28.2,34.7,22.5,75,0.0,7.6,975.0,Rupnagar
2023-09-07,28.6,34.6,22.3,73,0.0,8.4,974.3,Rupnagar
2023-09-08,28.8,33.7,23.6,76,0.0,10.9,974.8,Rupnagar
2023-09-09,27.4,31.7,23.1,82,16.6,12.3,974.3,Rupnagar
2023-09-10,27.5,32.0,24.1,80,0.9,11.4,972.6,Rupnagar
2023-09-11,28.4,33.2,23.9,77,0.0,11.2,972.6,Rupnagar
2023-09-12,28.6,33.3,24.1,81,0.3,10.2,972.5,Rupnagar
2023-09-13,28.5,32.1,24.8,84,3.0,8.7,972.9,Rupnagar
2023-09-14,28.8,32.8,25.1,82,2.4,11.5,974.2,Rupnagar
2023-09-15,27.2,31.6,24.6,85,22.3,12.9,975.7,Rupnagar
2023-09-16,28.0,33.7,23.6,81,0.1,12.8,975.2,Rupnagar
2023-09-17,26.3,29.9,24.6,91,6.1,9.3,974.1,Rupnagar
2023-09-18,27.2,31.6,24.2,82,1.3,7.4,974.6,Rupnagar
2023-09-19,28.0,32.8,23.6,77,0.0,8.4,976.7,Rupnagar
2023-09-20,28.2,32.3,25.5,80,0.3,8.2,976.5,Rupnagar
2023-09-21,28.2,33.1,23.6,78,0.0,12.0,975.5,Rupnagar
2023-09-22,28.0,33.1,23.4,75,0.0,9.3,975.9,Rupnagar
2023-09-23,26.7,32.3,22.6,79,0.1,9.7,976.6,Rupnagar
2023-09-24,26.1,31.5,21.1,81,0.0,8.1,976.0,Rupnagar
2023-09-25,26.0,31.5,21.2,79,0.0,15.3,976.6,Rupnagar
2023-09-26,26.3,32.5,19.8,74,0.0,9.3,977.8,Rupnagar
2023-09-27,26.2,32.7,20.9,73,0.0,15.9,977.2,Rupnagar
2023-09-28,26.1,32.8,20.6,73,0.0,11.8,976.6,Rupnagar
2023-09-29,26.5,33.3,20.2,69,0.0,9.3,976.5,Rupnagar
2023-09-30,27.3,33.9,20.7,63,0.0,13.6,976.8,Rupnagar
2023-10-01,26.7,33.2,21.3,66,0.0,11.6,976.3,Rupnagar
2023-10-02,25.9,32.3,20.0,64,0.0,14.3,977.0,Rupnagar
2023-10-03,25.4,33.1,18.5,66,0.0,19.2,977.4,Rupnagar
2023-10-04,25.4,33.0,18.5,65,0.0,16.9,977.6,Rupnagar
2023-10-05,25.2,33.3,17.4,65,0.0,15.1,976.8,Rupnagar
2023-10-06,25.2,33.7,17.3,64,0.0,11.9,975.6,Rupnagar
2023-10-07,25.5,33.8,16.9,63,0.0,9.7,976.9,Rupnagar
2023-10-08,25.7,33.9,18.7,71,0.0,9.2,977.5,Rupnagar
2023-10-09,25.9,33.3,19.0,69,0.0,8.7,978.2,Rupnagar
2023-10-10,26.4,33.5,19.6,57,0.5,16.2,979.6,Rupnagar
2023-10-11,23.3,31.7,17.0,71,0.0,11.8,980.1,Rupnagar
2023-10-12,23.1,31.3,15.7,72,0.0,10.2,981.4,Rupnagar
2023-10-13,23.5,31.5,16.3,72,0.0,9.6,982.1,Rupnagar
2023-10-14,23.3,32.1,16.7,72,0.1,14.0,981.5,Rupnagar
2023-10-15,23.4,31.6,17.2,67,0.6,21.0,979.8,Rupnagar
2023-10-16,19.9,26.5,15.8,78,9.0,22.2,981.1,Rupnagar
2023-10-17,19.7,25.7,14.9,68,0.2,12.6,985.0,Rupnagar
2023-10-18,19.4,27.2,13.3,77,0.0,11.1,984.6,Rupnagar
2023-10-19,20.3,27.9,14.8,75,0.0,9.9,984.1,Rupnagar
2023-10-20,21.0,28.9,14.9,73,0.0,9.4,984.6,Rupnagar
2023-10-21,21.2,29.5,14.6,71,0.0,9.4,985.0,Rupnagar
2023-10-22,20.2,27.5,13.0,71,0.0,8.7,985.7,Rupnagar
2023-10-23,21.5,29.1,15.3,69,0.0,10.4,984.1,Rupnagar
2023-10-24,20.8,29.2,13.9,65,0.0,11.5,983.4,Rupnagar
2023-10-25,21.0,29.8,13.6,69,0.0,11.0,984.0,Rupnagar
2023-10-26,20.5,29.8,13.5,71,0.0,14.5,983.5,Rupnagar
2023-10-27,20.2,29.6,11.7,70,0.0,11.5,982.6,Rupnagar
2023-10-28,20.7,28.6,12.5,68,0.0,8.4,983.0,Rupnagar
2023-10-29,21.0,28.9,12.4,70,0.0,6.1,983.4,Rupnagar
2023-10-30,21.3,29.1,12.6,65,0.0,8.2,984.2,Rupnagar
2023-10-31,20.8,29.4,13.3,67,0.0,8.5,985.3,Rupnagar
2023-11-01,21.1,29.5,13.5,64,0.0,8.6,986.2,Rupnagar
2023-11-02,20.7,29.1,12.9,66,0.0,7.6,984.1,Rupnagar
2023-11-03,20.1,27.7,13.9,73,1.1,10.9,981.7,Rupnagar
2023-11-04,20.4,29.0,13.1,68,0.0,9.8,982.1,Rupnagar
2023-11-05,19.7,29.0,12.1,66,0.0,12.5,983.4,Rupnagar
2023-11-06,19.4,27.7,10.5,66,0.0,8.3,985.1,Rupnagar
2023-11-07,19.2,28.1,11.3,70,0.0,9.8,984.3,Rupnagar
2023-11-08,19.6,28.8,12.0,70,0.0,14.6,983.2,Rupnagar
2023-11-09,19.6,28.3,13.3,70,0.0,6.8,983.1,Rupnagar
2023-11-10,17.1,22.3,13.9,81,15.4,15.6,985.7,Rupnagar
2023-11-11,17.4,24.5,13.3,83,0.0,9.2,987.2,Rupnagar
2023-11-12,17.3,25.0,11.5,79,0.0,12.0,986.9,Rupnagar
2023-11-13,17.6,24.6,11.9,79,0.0,9.2,987.1,Rupnagar
2023-11-14,17.8,25.3,12.8,82,0.0,10.1,986.6,Rupnagar
2023-11-15,18.1,25.5,11.9,81,0.0,8.9,986.2,Rupnagar
2023-11-16,17.9,25.4,11.0,78,0.0,8.9,987.3,Rupnagar
2023-11-17,18.1,26.7,10.4,75,0.0,10.5,987.1,Rupnagar
2023-11-18,17.5,26.3,9.8,76,0.0,9.3,985.2,Rupnagar
2023-11-19,17.8,26.2,10.3,73,0.0,9.5,986.3,Rupnagar
2023-11-20,17.5,25.3,11.6,76,0.0,10.1,986.5,Rupnagar
2023-11-21,17.4,25.1,11.3,74,0.0,14.5,985.3,Rupnagar
2023-11-22,17.1,25.0,10.5,74,0.0,11.6,982.8,Rupnagar
2023-11-23,15.8,24.2,7.3,78,0.0,8.9,983.0,Rupnagar
2023-11-24,16.2,25.2,9.1,77,0.0,9.9,985.2,Rupnagar
2023-11-25,15.8,23.4,10.0,81,0.0,7.5,985.9,Rupnagar
2023-11-26,16.9,25.1,10.3,74,0.0,7.2,987.1,Rupnagar
2023-11-27,16.3,22.6,12.5,79,4.4,14.4,985.2,Rupnagar
2023-11-28,16.6,25.1,10.8,76,0.0,10.2,984.8,Rupnagar
2023-11-29,16.6,24.2,10.1,75,0.0,7.9,984.9,Rupnagar
2023-11-30,16.3,22.5,12.3,82,1.6,10.3,986.2,Rupnagar
2023-12-01,15.7,23.5,9.9,81,0.0,10.0,986.2,Rupnagar
2023-12-02,15.8,22.5,9.7,79,0.0,6.2,986.3,Rupnagar
2023-12-03,15.3,22.8,8.9,81,0.0,8.8,986.6,Rupnagar
2023-12-04,14.1,21.1,9.6,82,0.0,10.2,985.5,Rupnagar
2023-12-05,14.1,22.7,8.2,80,0.0,11.0,985.0,Rupnagar
2023-12-06,14.4,22.2,8.6,80,0.0,7.4,985.4,Rupnagar
2023-12-07,14.4,23.3,7.2,77,0.0,9.9,984.6,Rupnagar
2023-12-08,13.1,22.5,5.6,80,0.0,10.5,984.0,Rupnagar
2023-12-09,13.1,21.9,6.9,80,0.0,11.5,984.8,Rupnagar
2023-12-10,12.9,21.4,6.6,76,0.0,13.9,982.8,Rupnagar
2023-12-11,12.1,20.5,4.7,75,0.0,6.4,983.7,Rupnagar
2023-12-12,11.8,20.2,4.1,75,0.0,7.1,983.5,Rupnagar
2023-12-13,12.0,21.6,4.9,73,0.0,11.2,985.0,Rupnagar
2023-12-14,12.3,21.6,6.0,74,0.0,12.0,985.4,Rupnagar
2023-12-15,12.5,19.3,6.3,78,0.0,9.4,987.0,Rupnagar
2023-12-16,11.2,19.3,3.7,82,0.0,10.5,985.7,Rupnagar
2023-12-17,11.3,20.6,3.6,78,0.0,10.7,986.7,Rupnagar
2023-12-18,12.3,20.9,6.0,79,0.0,15.0,988.0,Rupnagar
2023-12-19,11.8,20.2,5.9,81,0.0,12.7,987.7,Rupnagar
2023-12-20,11.4,19.5,5.6,82,0.0,7.9,987.7,Rupnagar
2023-12-21,12.0,19.5,4.8,74,0.0,9.2,986.4,Rupnagar
2023-12-22,11.5,20.1,5.4,79,0.0,8.8,986.0,Rupnagar
2023-12-23,14.6,22.4,6.8,72,0.0,10.3,988.8,Rupnagar
2023-12-24,13.3,21.5,5.2,79,0.0,12.0,989.7,Rupnagar
2023-12-25,13.4,20.6,7.3,82,0.0,7.3,987.6,Rupnagar
2023-12-26,12.6,20.5,8.1,80,0.0,8.6,987.4,Rupnagar
2023-12-27,12.5,21.1,4.8,78,0.0,10.1,988.8,Rupnagar
2023-12-28,12.5,19.8,8.4,87,0.0,6.3,987.5,Rupnagar
2023-12-29,11.8,20.1,5.5,86,0.0,9.3,988.3,Rupnagar
2023-12-30,11.5,18.8,6.8,88,0.0,9.1,987.0,Rupnagar
2023-12-31,10.8,16.8,7.4,92,0.0,7.3,987.1,Rupnagar
2024-01-01,10.0,16.1,6.4,91,0.0,9.0,987.1,Rupnagar
2024-01-02,9.5,15.1,6.4,92,0.0,8.3,986.5,Rupnagar
2024-01-03,9.5,15.9,5.5,91,0.0,8.7,986.5,Rupnagar
2024-01-04,9.4,16.9,5.4,91,0.0,10.1,986.4,Rupnagar
2024-01-05,8.9,15.7,5.3,90,0.0,9.6,986.6,Rupnagar
2024-01-06,9.1,17.0,4.8,87,0.0,8.2,988.1,Rupnagar
2024-01-07,8.9,16.3,4.9,91,0.0,7.9,988.7,Rupnagar
2024-01-08,8.4,16.0,4.7,90,0.0,8.0,988.6,Rupnagar
2024-01-09,8.5,15.3,4.6,89,0.0,10.8,988.7,Rupnagar
2024-01-10,9.2,17.7,4.7,86,0.0,15.3,986.7,Rupnagar
2024-01-11,8.3,15.5,3.6,89,0.0,9.9,987.2,Rupnagar
2024-01-12,8.9,16.0,3.9,87,0.0,8.7,986.0,Rupnagar
2024-01-13,8.9,15.6,5.0,88,0.0,10.0,985.6,Rupnagar
2024-01-14,7.9,15.5,3.2,88,0.0,10.5,985.9,Rupnagar
2024-01-15,7.9,14.9,3.8,91,0.0,7.6,985.4,Rupnagar
2024-01-16,8.4,16.8,2.8,91,0.0,7.1,983.2,Rupnagar
2024-01-17,10.2,17.9,3.4,87,0.0,8.2,983.6,Rupnagar
2024-01-18,10.2,17.6,4.2,91,0.0,10.3,985.3,Rupnagar
2024-01-19,10.0,16.4,5.9,91,0.0,9.0,986.8,Rupnagar
2024-01-20,9.8,15.6,5.8,87,0.0,9.7,987.6,Rupnagar
2024-01-21,8.6,15.7,4.7,89,0.0,12.6,986.4,Rupnagar
2024-01-22,7.2,13.3,3.7,91,0.0,7.5,987.6,Rupnagar
2024-01-23,7.6,15.7,2.0,87,0.0,10.2,987.1,Rupnagar
2024-01-24,8.6,16.2,4.9,91,0.0,10.8,987.1,Rupnagar
2024-01-25,9.0,15.1,4.3,88,0.0,7.5,989.0,Rupnagar
2024-01-26,11.6,18.5,7.6,83,0.0,11.8,989.4,Rupnagar
2024-01-27,11.6,20.6,4.5,80,0.0,17.4,987.3,Rupnagar
2024-01-28,11.5,19.3,4.5,82,0.0,10.9,986.4,Rupnagar
2024-01-29,11.7,20.0,4.8,77,0.0,11.6,986.8,Rupnagar
2024-01-30,11.9,20.7,5.5,85,0.0,8.7,985.1,Rupnagar
2024-01-31,12.5,18.0,8.0,84,2.0,16.8,984.5,Rupnagar
2024-02-01,12.5,17.8,9.1,81,25.7,31.1,984.1,Rupnagar
2024-02-02,11.0,18.1,6.4,79,0.3,16.1,988.2,Rupnagar
2024-02-03,11.4,17.3,4.7,75,0.6,14.3,986.1,Rupnagar
2024-02-04,10.9,13.8,7.6,91,35.3,13.9,985.0,Rupnagar
2024-02-05,11.9,17.2,8.0,89,3.8,9.5,986.7,Rupnagar
2024-02-06,10.4,17.5,4.4,79,0.0,13.8,987.8,Rupnagar
2024-02-07,9.9,16.8,4.1,73,0.0,18.1,988.5,Rupnagar
2024-02-08,10.3,17.9,5.0,76,0.0,17.1,986.6,Rupnagar
2024-02-09,10.9,19.2,5.1,81,0.0,8.0,986.9,Rupnagar
2024-02-10,11.2,20.1,4.2,79,0.0,11.0,989.9,Rupnagar
2024-02-11,12.9,21.8,5.8,80,0.0,12.0,989.1,Rupnagar
2024-02-12,13.2,21.5,5.4,83,0.0,8.3,988.1,Rupnagar
2024-02-13,15.3,22.1,9.8,75,0.0,10.7,987.7,Rupnagar
2024-02-14,14.3,23.1,7.8,76,0.0,13.4,987.2,Rupnagar
2024-02-15,14.2,23.2,7.1,72,0.0,12.4,987.9,Rupnagar
2024-02-16,14.7,23.4,7.1,71,0.0,12.3,988.2,Rupnagar
2024-02-17,15.8,24.1,8.6,70,0.0,19.3,983.4,Rupnagar
2024-02-18,16.4,23.1,8.1,75,0.0,12.1,980.9,Rupnagar
2024-02-19,19.7,24.5,14.5,53,11.9,36.4,978.3,Rupnagar
2024-02-20,17.0,23.2,12.1,73,8.2,32.6,979.4,Rupnagar
2024-02-21,14.3,21.8,7.5,67,0.0,16.3,980.1,Rupnagar
2024-02-22,12.5,21.3,6.1,64,0.0,11.4,982.3,Rupnagar
2024-02-23,12.4,21.0,4.8,65,0.0,11.4,984.2,Rupnagar
2024-02-24,12.3,20.5,4.4,61,0.0,11.8,984.9,Rupnagar
2024-02-25,12.7,21.3,5.0,59,0.0,10.5,987.5,Rupnagar
2024-02-26,14.3,23.0,5.8,60,0.0,11.0,986.9,Rupnagar
2024-02-27,15.8,22.0,12.1,61,0.3,10.1,986.6,Rupnagar
2024-02-28,15.4,23.2,7.3,65,0.0,19.2,984.7,Rupnagar
2024-02-29,17.0,25.4,9.8,65,0.0,14.3,983.2,Rupnagar
2024-03-01,17.0,20.8,12.6,70,1.7,19.3,982.9,Rupnagar
2024-03-02,18.1,23.0,15.5,70,32.4,34.0,979.1,Rupnagar
2024-03-03,15.1,19.4,10.8,84,7.1,29.4,981.1,Rupnagar
2024-03-04,12.6,19.4,6.9,71,0.0,10.9,985.4,Rupnagar
2024-03-05,12.9,20.6,6.1,67,0.0,14.4,985.7,Rupnagar
2024-03-06,13.5,21.4,7.2,67,0.0,12.8,983.6,Rupnagar
2024-03-07,15.4,23.4,8.1,62,0.0,14.6,983.7,Rupnagar
2024-03-08,14.9,23.3,6.8,66,0.0,13.2,984.5,Rupnagar
2024-03-09,16.6,25.0,9.8,65,0.0,16.1,983.9,Rupnagar
2024-03-10,17.4,26.5,9.3,66,0.0,11.8,983.4,Rupnagar
2024-03-11,19.0,26.0,11.4,61,0.2,12.5,985.7,Rupnagar
2024-03-12,19.4,27.2,10.9,61,0.0,11.5,983.6,Rupnagar
2024-03-13,17.5,25.8,10.9,67,4.3,18.6,981.1,Rupnagar
2024-03-14,18.2,27.2,9.3,57,0.0,14.5,984.2,Rupnagar
2024-03-15,18.1,27.5,8.8,57,0.0,14.5,982.4,Rupnagar
2024-03-16,19.1,28.3,11.7,55,0.0,11.6,984.5,Rupnagar
2024-03-17,19.9,29.4,11.4,50,0.0,11.7,984.0,Rupnagar
2024-03-18,20.7,29.2,13.3,49,0.0,10.4,982.2,Rupnagar
2024-03-19,20.4,30.3,10.4,51,0.0,9.3,982.0,Rupnagar
2024-03-20,21.3,31.2,12.1,48,0.0,15.5,982.5,Rupnagar
2024-03-21,21.5,27.1,14.6,59,0.0,27.9,982.5,Rupnagar
2024-03-22,22.5,29.2,16.2,61,0.1,11.5,979.8,Rupnagar
2024-03-23,21.9,31.0,13.9,54,0.0,20.3,977.9,Rupnagar
2024-03-24,21.1,29.7,12.5,61,0.2,21.1,980.3,Rupnagar
2024-03-25,22.1,31.4,13.2,56,0.0,19.4,981.7,Rupnagar
2024-03-26,22.3,30.8,14.3,59,0.0,13.0,980.5,Rupnagar
2024-03-27,24.7,32.6,17.6,57,0.0,15.2,982.6,Rupnagar
2024-03-28,25.6,35.1,17.7,52,0.0,17.4,979.8,Rupnagar
2024-03-29,24.0,33.5,15.8,57,0.0,17.4,978.9,Rupnagar
2024-03-30,22.8,30.0,18.3,59,9.3,22.9,980.8,Rupnagar
2024-03-31,22.8,31.0,14.4,49,0.0,18.2,981.3,Rupnagar
2024-04-01,21.1,28.9,15.0,58,0.0,15.5,978.4,Rupnagar
2024-04-02,21.6,30.0,13.0,54,0.0,16.1,977.2,Rupnagar
2024-04-03,22.5,32.9,12.4,52,0.0,10.6,978.1,Rupnagar
2024-04-04,23.2,33.1,14.7,44,0.0,12.4,978.4,Rupnagar
2024-04-05,23.0,32.4,13.5,44,0.0,14.2,978.0,Rupnagar
2024-04-06,23.0,32.7,12.7,40,0.0,19.2,977.6,Rupnagar
2024-04-07,23.1,32.4,13.5,38,0.0,16.4,977.5,Rupnagar
2024-04-08,23.7,33.3,13.1,37,0.0,18.1,978.8,Rupnagar
2024-04-09,24.6,34.3,14.0,35,0.0,13.1,979.6,Rupnagar
2024-04-10,24.4,34.6,13.7,38,0.0,14.8,979.7,Rupnagar
2024-04-11,24.9,33.6,15.8,37,0.0,20.7,981.2,Rupnagar
2024-04-12,25.1,35.4,15.1,42,0.0,13.5,979.9,Rupnagar
2024-04-13,26.2,35.4,17.1,40,0.2,21.5,979.9,Rupnagar
2024-04-14,25.3,32.1,20.6,55,0.9,19.8,982.3,Rupnagar
2024-04-15,24.1,32.0,18.6,65,16.9,22.4,981.1,Rupnagar
2024-04-16,24.7,31.2,19.1,60,1.9,17.5,980.0,Rupnagar
2024-04-17,24.4,31.2,17.4,53,0.0,17.7,978.2,Rupnagar
2024-04-18,24.8,32.0,17.8,54,0.0,11.9,976.8,Rupnagar
2024-04-19,26.6,34.2,19.8,46,0.8,26.0,974.9,Rupnagar
2024-04-20,26.0,32.1,19.0,43,0.0,13.6,974.7,Rupnagar
2024-04-21,25.5,33.5,17.1,46,0.0,11.4,975.7,Rupnagar
2024-04-22,24.8,33.3,16.6,47,0.0,10.4,976.4,Rupnagar
2024-04-23,24.5,32.6,17.0,48,0.2,17.6,976.6,Rupnagar
2024-04-24,25.1,33.1,16.9,45,0.0,11.4,976.1,Rupnagar
2024-04-25,26.5,36.2,16.9,42,0.0,21.9,976.1,Rupnagar
2024-04-26,27.9,38.0,17.5,36,0.0,20.0,974.4,Rupnagar
2024-04-27,26.2,33.8,20.0,42,2.0,15.7,976.3,Rupnagar
2024-04-28,25.8,34.4,17.3,46,0.0,13.6,977.3,Rupnagar
2024-04-29,23.8,29.8,18.7,48,0.2,24.7,977.4,Rupnagar
2024-04-30,24.4,32.9,16.1,42,0.0,22.4,975.4,Rupnagar
2024-05-01,21.9,28.5,14.4,45,0.0,16.6,973.5,Rupnagar
2024-05-02,23.6,32.7,13.2,48,0.0,19.5,974.5,Rupnagar
2024-05-03,26.5,35.9,15.5,41,0.0,15.9,975.0,Rupnagar
2024-05-04,30.4,38.2,23.3,30,0.0,25.6,975.3,Rupnagar
2024-05-05,28.6,38.0,19.0,36,0.0,23.1,972.0,Rupnagar
2024-05-06,29.9,38.7,21.0,33,0.0,12.8,973.3,Rupnagar
2024-05-07,30.4,38.7,20.3,32,0.0,16.2,975.2,Rupnagar
2024-05-08,29.4,35.6,20.2,42,0.0,25.1,975.6,Rupnagar
2024-05-09,31.1,37.0,25.4,41,0.0,23.5,975.1,Rupnagar
2024-05-10,30.7,35.9,24.9,45,0.0,24.1,976.0,Rupnagar
2024-05-11,28.8,35.2,22.7,54,2.2,12.3,977.6,Rupnagar
2024-05-12,28.1,34.8,19.9,51,1.9,15.9,978.3,Rupnagar
2024-05-13,29.1,37.9,20.6,37,0.0,19.2,978.1,Rupnagar
2024-05-14,29.0,38.1,20.3,33,0.0,14.9,977.7,Rupnagar
2024-05-15,30.4,39.8,18.8,31,0.0,15.0,977.7,Rupnagar
2024-05-16,31.0,40.6,19.9,31,0.0,15.1,977.3,Rupnagar
2024-05-17,32.7,41.9,23.4,30,0.0,19.3,974.4,Rupnagar
2024-05-18,34.1,42.8,24.3,26,0.0,26.8,971.9,Rupnagar
2024-05-19,34.9,42.6,24.8,23,0.0,23.7,970.3,Rupnagar
2024-05-20,33.2,40.5,24.5,27,0.0,13.3,971.3,Rupnagar
2024-05-21,32.5,40.9,22.3,34,0.0,23.5,971.9,Rupnagar
2024-05-22,33.5,40.4,25.3,37,0.0,24.6,972.4,Rupnagar
2024-05-23,33.0,38.6,26.7,44,1.7,26.3,972.5,Rupnagar
2024-05-24,33.9,39.9,27.7,41,0.0,19.5,972.0,Rupnagar
2024-05-25,33.5,43.2,24.3,35,0.0,27.9,969.6,Rupnagar
2024-05-26,34.2,44.1,21.7,28,0.0,22.7,968.0,Rupnagar
2024-05-27,34.2,43.1,22.4,26,0.0,16.1,965.7,Rupnagar
2024-05-28,33.1,43.0,24.0,24,0.0,15.1,963.8,Rupnagar
2024-05-29,34.3,44.0,22.0,20,0.0,12.9,964.7,Rupnagar
2024-05-30,35.4,44.8,26.4,16,0.0,13.5,967.7,Rupnagar
2024-05-31,34.4,44.0,23.0,19,0.0,18.4,969.7,Rupnagar
2024-06-01,34.0,43.5,22.5,20,0.0,19.7,970.5,Rupnagar
2024-06-02,33.9,41.7,26.3,29,0.0,16.1,972.2,Rupnagar
2024-06-03,34.2,43.1,22.7,26,0.0,17.8,970.9,Rupnagar
2024-06-04,34.3,42.4,23.9,24,0.0,22.6,970.6,Rupnagar
2024-06-05,33.4,40.5,26.2,28,0.0,19.4,972.3,Rupnagar
