date,state,area,number_of_monitoring_stations,prominent_pollutants,aqi_value,air_quality_status,unit,note,fireCount,temperature_2m_mean,temperature_2m_max,temperature_2m_min,relative_humidity_2m_mean,precipitation_sum,wind_speed_10m_max,surface_pressure_mean
2022-04-01,Punjab,Amritsar,1.0,PM10,101.0,Moderate,"number_of_monitoring_stations in Absolute Number, aqi_value in Indices",,0.0,25.2,33.2,17.5,40,0.0,11.5,980.0
2022-04-01,Punjab,Bathinda,1.0,PM10,60.0,Satisfactory,"number_of_monitoring_stations in Absolute Number, aqi_value in Indices",,0.0,27.8,36.0,18.8,25,0.0,16.6,983.4
2022-04-01,Punjab,Jalandhar,1.0,PM10,117.0,Moderate,"number_of_monitoring_stations in Absolute Number, aqi_value in Indices",,0.0,23.4,32.1,14.6,51,0.0,12.5,979.0
2022-04-01,Punjab,Ludhiana,1.0,PM10,126.0,Moderate,"number_of_monitoring_stations in Absolute Number, aqi_value in Indices",,0.0,25.8,34.8,17.5,35,0.0,15.1,978.1
2022-04-01,Punjab,Patiala,1.0,PM10,130.0,Moderate,"number_of_monitoring_stations in Absolute Number, aqi_value in Indices",,0.0,27.4,36.4,19.3,30,0.0,17.9,977.4
2022-04-01,Punjab,Rupnagar,1.0,PM10,103.0,Moderate,"number_of_monitoring_stations in Absolute Number, aqi_value in Indices",,0.0,25.0,33.9,17.5,49,0.0,15.7,976.2
2022-04-02,Punjab,Amritsar,1.0,PM10,116.0,Moderate,"number_of_monitoring_stations in Absolute Number, aqi_value in Indices",,0.0,24.5,33.7,16.2,51,0.0,13.0,980.5
2022-04-02,Punjab,Bathinda,1.0,PM10,74.0,Satisfactory,"number_of_monitoring_stations in Absolute Number, aqi_value in Indices",,0.0,27.9,37.3,17.8,30,0.0,15.9,983.3
2022-04-02,Punjab,Jalandhar,1.0,PM10,125.0,Moderate,"number_of_monitoring_stations in Absolute Number, aqi_value in Indices",,0.0,24.6,34.5,16.0,53,0.0,10.4,979.7
2022-04-02,Punjab,Ludhiana,1.0,PM10,165.0,Moderate,"number_of_monitoring_stations in Absolute Number, aqi_value in Indices",,0.0,27.1,37.1,16.8,42,0.0,14.0,978.8
2022-04-02,Punjab,Patiala,1.0,PM10,125.0,Moderate,"number_of_monitoring_stations in Absolute Number, aqi_value in Indices",,1.0,27.9,37.4,18.2,36,0.0,14.1,978.5
2022-04-02,Punjab,Rupnagar,1.0,PM10,151.0,Moderate,"number_of_monitoring_stations in Absolute Number, aqi_value in Indices",,0.0,25.3,35.4,14.0,42,0.0,11.2,977.6
2022-04-03,Punjab,Amritsar,1.0,PM10,97.0,Satisfactory,"number_of_monitoring_stations in Absolute Number, aqi_value in Indices",,1.0,24.7,33.5,18.3,51,0.0,12.8,980.7
2022-04-03,Punjab,Bathinda,1.0,PM10,87.0,Satisfactory,"number_of_monitoring_stations in Absolute Number, aqi_value in Indices",,0.0,27.8,37.5,19.5,25,0.0,12.9,983.0
2022-04-03,Punjab,Jalandhar,1.0,PM10,76.0,Satisfactory,"number_of_monitoring_stations in Absolute Number, aqi_value in Indices",,1.0,25.1,35.4,17.2,38,0.0,14.6,979.6
2022-04-03,Punjab,Ludhiana,1.0,PM10,152.0,Moderate,"number_of_monitoring_stations in Absolute Number, aqi_value in Indices",,0.0,27.7,38.5,18.3,24,0.0,15.0,978.5
2022-04-03,Punjab,Patiala,1.0,O3,177.0,Moderate,"number_of_monitoring_stations in Absolute Number, aqi_value in Indices",,0.0,28.7,38.0,20.7,22,0.0,13.4,978.1
2022-04-03,Punjab,Rupnagar,1.0,PM10,153.0,Moderate,"number_of_monitoring_stations in Absolute Number, aqi_value in Indices",,0.0,26.4,36.6,16.9,29,0.0,14.5,977.2
2022-04-04,Punjab,Amritsar,1.0,PM10,121.0,Moderate,"number_of_monitoring_stations in Absolute Number, aqi_value in Indices",,0.0,25.8,35.1,16.9,44,0.0,10.4,980.9
2022-04-04,Punjab,Bathinda,1.0,PM10,84.0,Satisfactory,"number_of_monitoring_stations in Absolute Number, aqi_value in Indices",,0.0,27.9,37.2,19.3,32,0.0,13.1,984.0
2022-04-04,Punjab,Jalandhar,1.0,PM10,107.0,Moderate,"number_of_monitoring_stations in Absolute Number, aqi_value in Indices",,0.0,25.9,34.7,16.6,40,0.0,13.3,979.8
2022-04-04,Punjab,Ludhiana,1.0,PM10,140.0,Moderate,"number_of_monitoring_stations in Absolute Number, aqi_value in Indices",,0.0,27.4,36.9,18.1,29,0.0,16.6,978.8
2022-04-04,Punjab,Patiala,1.0,PM10,160.0,Moderate,"number_of_monitoring_stations in Absolute Number, aqi_value in Indices",,0.0,27.8,37.9,18.1,27,0.0,17.6,977.9
2022-04-04,Punjab,Rupnagar,1.0,PM10,134.0,Moderate,"number_of_monitoring_stations in Absolute Number, aqi_value in Indices",,0.0,25.8,35.7,15.4,33,0.0,17.7,977.0
2022-04-05,Punjab,Amritsar,1.0,PM10,111.0,Moderate,"number_of_monitoring_stations in Absolute Number, aqi_value in Indices",,0.0,27.9,35.3,18.9,36,0.0,8.6,983.6
2022-04-05,Punjab,Bathinda,1.0,PM10,87.0,Satisfactory,"number_of_monitoring_stations in Absolute Number, aqi_value in Indices",,0.0,29.8,37.7,21.5,25,0.0,11.2,986.6
2022-04-05,Punjab,Jalandhar,1.0,PM10,120.0,Moderate,"number_of_monitoring_stations in Absolute Number, aqi_value in Indices",,0.0,26.1,34.9,18.2,40,0.0,11.8,982.5
2022-04-05,Punjab,Ludhiana,1.0,PM10,116.0,Moderate,"number_of_monitoring_stations in Absolute Number, aqi_value in Indices",,0.0,27.9,37.0,17.7,31,0.0,14.7,981.6
2022-04-05,Punjab,Patiala,1.0,O3,157.0,Moderate,"number_of_monitoring_stations in Absolute Number, aqi_value in Indices",,0.0,28.0,38.0,18.4,29,0.0,15.5,980.8
2022-04-05,Punjab,Rupnagar,1.0,PM10,127.0,Moderate,"number_of_monitoring_stations in Absolute Number, aqi_value in Indices",,1.0,25.9,36.1,15.0,36,0.0,18.4,979.9
2022-04-06,Punjab,Amritsar,1.0,PM10,112.0,Moderate,"number_of_monitoring_stations in Absolute Number, aqi_value in Indices",,0.0,27.5,36.0,17.6,38,0.0,10.8,983.3
2022-04-06,Punjab,Bathinda,1.0,PM10,92.0,Satisfactory,"number_of_monitoring_stations in Absolute Number, aqi_value in Indices",,0.0,29.7,38.5,19.3,24,0.0,12.3,986.4
2022-04-06,Punjab,Jalandhar,1.0,PM10,147.0,Moderate,"number_of_monitoring_stations in Absolute Number, aqi_value in Indices",,0.0,26.5,35.3,16.3,43,0.0,12.9,982.3
2022-04-06,Punjab,Ludhiana,1.0,PM10,131.0,Moderate,"number_of_monitoring_stations in Absolute Number, aqi_value in Indices",,0.0,28.7,37.8,17.7,32,0.0,17.4,981.4
2022-04-06,Punjab,Patiala,1.0,O3,150.0,Moderate,"number_of_monitoring_stations in Absolute Number, aqi_value in Indices",,0.0,28.7,38.3,19.6,28,0.0,18.8,980.6
2022-04-06,Punjab,Rupnagar,1.0,PM10,117.0,Moderate,"number_of_monitoring_stations in Absolute Number, aqi_value in Indices",,0.0,26.5,36.2,17.0,37,0.0,19.6,979.7
2022-04-07,Punjab,Amritsar,1.0,PM10,138.0,Moderate,"number_of_monitoring_stations in Absolute Number, aqi_value in Indices",,0.0,27.8,37.4,19.4,36,0.0,13.0,982.4
2022-04-07,Punjab,Jalandhar,1.0,PM10,147.0,Moderate,"number_of_monitoring_stations in Absolute Number, aqi_value in Indices",,0.0,27.3,36.5,19.0,45,0.0,12.1,981.5
2022-04-07,Punjab,Ludhiana,1.0,PM10,163.0,Moderate,"number_of_monitoring_stations in Absolute Number, aqi_value in Indices",,0.0,29.2,39.3,19.5,33,0.0,18.1,980.5
2022-04-07,Punjab,Patiala,1.0,PM10,144.0,Moderate,"number_of_monitoring_stations in Absolute Number, aqi_value in Indices",,0.0,29.5,39.5,19.8,29,0.0,18.6,979.8
2022-04-07,Punjab,Rupnagar,1.0,PM10,114.0,Moderate,"number_of_monitoring_stations in Absolute Number, aqi_value in Indices",,0.0,27.4,37.6,18.7,36,0.0,20.0,978.9
2022-04-08,Punjab,Amritsar,1.0,PM10,143.0,Moderate,"number_of_monitoring_stations in Absolute Number, aqi_value in Indices",,0.0,28.0,37.2,18.2,42,0.0,12.1,980.0
2022-04-08,Punjab,Bathinda,1.0,PM10,121.0,Moderate,"number_of_monitoring_stations in Absolute Number, aqi_value in Indices",,0.0,30.8,40.0,19.6,24,0.0,10.7,982.9
2022-04-08,Punjab,Jalandhar,1.0,PM10,149.0,Moderate,"number_of_monitoring_stations in Absolute Number, aqi_value in Indices",,1.0,27.5,37.1,18.0,49,0.0,8.8,979.0
2022-04-08,Punjab,Ludhiana,1.0,PM10,132.0,Moderate,"number_of_monitoring_stations in Absolute Number, aqi_value in Indices",,0.0,29.5,40.0,19.2,35,0.0,16.3,978.0
2022-04-08,Punjab,Patiala,1.0,PM10,140.0,Moderate,"number_of_monitoring_stations in Absolute Number, aqi_value in Indices",,0.0,30.1,40.4,19.9,29,0.0,16.1,977.5
2022-04-08,Punjab,Rupnagar,1.0,PM10,122.0,Moderate,"number_of_monitoring_stations in Absolute Number, aqi_value in Indices",,0.0,28.2,38.1,18.3,33,0.0,17.1,976.6
2022-04-09,Punjab,Amritsar,1.0,PM10,143.0,Moderate,"number_of_monitoring_stations in Absolute Number, aqi_value in Indices",,0.0,27.2,37.1,18.6,52,0.0,9.8,978.6
2022-04-09,Punjab,Bathinda,1.0,PM10,121.0,Moderate,"number_of_monitoring_stations in Absolute Number, aqi_value in Indices",,0.0,30.8,41.1,21.8,24,0.0,12.6,981.2
2022-04-09,Punjab,Jalandhar,1.0,PM10,135.0,Moderate,"number_of_monitoring_stations in Absolute Number, aqi_value in Indices",,0.0,28.4,37.8,19.0,42,0.0,11.5,977.6
2022-04-09,Punjab,Ludhiana,1.0,PM10,153.0,Moderate,"number_of_monitoring_stations in Absolute Number, aqi_value in Indices",,0.0,30.3,40.5,20.2,31,0.0,18.0,976.5
2022-04-09,Punjab,Patiala,1.0,O3,154.0,Moderate,"number_of_monitoring_stations in Absolute Number, aqi_value in Indices",,0.0,31.7,41.0,21.4,23,0.0,17.2,975.9
2022-04-09,Punjab,Rupnagar,1.0,PM10,178.0,Moderate,"number_of_monitoring_stations in Absolute Number, aqi_value in Indices",,0.0,28.7,38.2,17.7,31,0.0,13.5,975.1
2022-04-10,Punjab,Amritsar,1.0,PM10,112.0,Moderate,"number_of_monitoring_stations in Absolute Number, aqi_value in Indices",,0.0,28.9,38.2,19.9,41,0.0,10.7,977.9
2022-04-10,Punjab,Bathinda,1.0,PM10,77.0,Satisfactory,"number_of_monitoring_stations in Absolute Number, aqi_value in Indices",,0.0,31.7,41.1,21.3,27,0.0,14.0,980.9
2022-04-10,Punjab,Jalandhar,1.0,PM10,137.0,Moderate,"number_of_monitoring_stations in Absolute Number, aqi_value in Indices",,0.0,28.6,38.0,20.2,43,0.0,14.0,976.9
2022-04-10,Punjab,Ludhiana,1.0,PM2.5,138.0,Moderate,"number_of_monitoring_stations in Absolute Number, aqi_value in Indices",,0.0,29.9,40.0,20.2,35,0.0,17.3,975.9
2022-04-10,Punjab,Patiala,1.0,PM2.5,160.0,Moderate,"number_of_monitoring_stations in Absolute Number, aqi_value in Indices",,1.0,31.4,40.6,21.6,26,0.0,20.9,975.3
2022-04-10,Punjab,Rupnagar,1.0,PM10,142.0,Moderate,"number_of_monitoring_stations in Absolute Number, aqi_value in Indices",,0.0,28.6,38.5,17.8,35,0.0,20.0,974.4
2022-04-11,Punjab,Amritsar,1.0,PM10,115.0,Moderate,"number_of_monitoring_stations in Absolute Number, aqi_value in Indices",,0.0,28.7,38.5,20.1,46,0.0,11.8,976.6
2022-04-11,Punjab,Jalandhar,1.0,PM10,124.0,Moderate,"number_of_monitoring_stations in Absolute Number, aqi_value in Indices",,0.0,28.7,38.5,19.0,44,0.0,12.2,975.7
2022-04-11,Punjab,Patiala,1.0,PM10,129.0,Moderate,"number_of_monitoring_stations in Absolute Number, aqi_value in Indices",,0.0,31.7,41.4,21.7,26,0.0,15.5,974.4
2022-04-11,Punjab,Rupnagar,1.0,PM10,128.0,Moderate,"number_of_monitoring_stations in Absolute Number, aqi_value in Indices",,0.0,30.1,39.6,20.0,30,0.0,16.1,973.4
2022-04-12,Punjab,Amritsar,1.0,PM10,128.0,Moderate,"number_of_monitoring_stations in Absolute Number, aqi_value in Indices",,0.0,29.3,37.4,22.8,38,0.0,11.9,975.7
2022-04-12,Punjab,Bathinda,1.0,PM10,108.0,Moderate,"number_of_monitoring_stations in Absolute Number, aqi_value in Indices",,0.0,31.9,39.1,24.8,18,0.0,16.9,979.1
2022-04-12,Punjab,Jalandhar,1.0,PM10,174.0,Moderate,"number_of_monitoring_stations in Absolute Number, aqi_value in Indices",,0.0,29.9,38.5,22.0,33,0.0,12.9,975.1
2022-04-12,Punjab,Ludhiana,1.0,PM2.5,201.0,Poor,"number_of_monitoring_stations in Absolute Number, aqi_value in Indices",,0.0,31.5,40.2,23.1,24,0.0,15.1,974.3
2022-04-12,Punjab,Patiala,1.0,PM10,153.0,Moderate,"number_of_monitoring_stations in Absolute Number, aqi_value in Indices",,0.0,31.9,40.1,23.9,23,0.0,12.1,974.2
2022-04-12,Punjab,Rupnagar,1.0,PM10,132.0,Moderate,"number_of_monitoring_stations in Absolute Number, aqi_value in Indices",,0.0,30.9,39.4,20.2,28,0.0,14.9,973.3
2022-04-13,Punjab,Amritsar,1.0,PM10,137.0,Moderate,"number_of_monitoring_stations in Absolute Number, aqi_value in Indices",,0.0,28.9,37.4,21.0,35,0.0,16.3,976.3
2022-04-13,Punjab,Bathinda,1.0,PM2.5,185.0,Moderate,"number_of_monitoring_stations in Absolute Number, aqi_value in Indices",,0.0,30.6,38.9,22.1,18,0.0,14.7,978.9
2022-04-13,Punjab,Jalandhar,1.0,PM10,147.0,Moderate,"number_of_monitoring_stations in Absolute Number, aqi_value in Indices",,0.0,29.4,37.7,22.5,38,0.1,19.2,975.4
2022-04-13,Punjab,Ludhiana,1.0,PM10,166.0,Moderate,"number_of_monitoring_stations in Absolute Number, aqi_value in Indices",,0.0,30.4,38.3,22.4,34,0.0,17.3,974.4
2022-04-13,Punjab,Patiala,1.0,PM10,181.0,Moderate,"number_of_monitoring_stations in Absolute Number, aqi_value in Indices",,2.0,31.6,38.8,23.4,36,0.0,12.8,974.0
2022-04-14,Punjab,Amritsar,1.0,PM10,102.0,Moderate,"number_of_monitoring_stations in Absolute Number, aqi_value in Indices",,0.0,27.0,35.3,20.3,37,0.1,16.9,976.6
2022-04-14,Punjab,Bathinda,1.0,PM10,102.0,Moderate,"number_of_monitoring_stations in Absolute Number, aqi_value in Indices",,1.0,30.9,38.7,22.7,19,0.0,20.9,979.1
2022-04-14,Punjab,Jalandhar,1.0,PM10,93.0,Satisfactory,"number_of_monitoring_stations in Absolute Number, aqi_value in Indices",,0.0,28.4,36.9,20.0,31,0.0,19.1,975.5
2022-04-14,Punjab,Ludhiana,1.0,PM10,130.0,Moderate,"number_of_monitoring_stations in Absolute Number, aqi_value in Indices",,0.0,29.5,39.0,21.1,26,0.0,24.6,974.4
2022-04-14,Punjab,Patiala,1.0,PM10,142.0,Moderate,"number_of_monitoring_stations in Absolute Number, aqi_value in Indices",,0.0,30.9,38.9,24.2,23,0.0,23.8,973.9
2022-04-14,Punjab,Rupnagar,1.0,PM10,93.0,Satisfactory,"number_of_monitoring_stations in Absolute Number, aqi_value in Indices",,0.0,29.9,36.2,22.5,25,0.0,17.1,973.3
2022-04-15,Punjab,Amritsar,1.0,PM10,90.0,Satisfactory,"number_of_monitoring_stations in Absolute Number, aqi_value in Indices",,0.0,26.8,34.5,19.0,38,0.0,15.9,977.0
2022-04-15,Punjab,Bathinda,1.0,PM10,128.0,Moderate,"number_of_monitoring_stations in Absolute Number, aqi_value in Indices",,0.0,29.6,36.4,22.3,23,0.0,17.0,979.3
2022-04-15,Punjab,Jalandhar,1.0,PM10,115.0,Moderate,"number_of_monitoring_stations in Absolute Number, aqi_value in Indices",,0.0,27.0,34.4,20.7,35,0.6,12.9,975.9
2022-04-15,Punjab,Ludhiana,1.0,PM10,118.0,Moderate,"number_of_monitoring_stations in Absolute Number, aqi_value in Indices",,0.0,28.5,35.3,20.6,28,0.0,21.8,974.8
2022-04-15,Punjab,Patiala,1.0,O3,155.0,Moderate,"number_of_monitoring_stations in Absolute Number, aqi_value in Indices",,0.0,29.3,37.0,21.7,25,0.3,23.7,974.1
2022-04-15,Punjab,Rupnagar,1.0,PM10,83.0,Satisfactory,"number_of_monitoring_stations in Absolute Number, aqi_value in Indices",,0.0,27.7,35.8,20.6,29,0.0,21.6,973.3
2022-04-16,Punjab,Amritsar,1.0,PM10,90.0,Satisfactory,"number_of_monitoring_stations in Absolute Number, aqi_value in Indices",,2.0,27.5,36.4,18.7,38,0.0,14.0,976.4
2022-04-16,Punjab,Bathinda,1.0,PM10,80.0,Satisfactory,"number_of_monitoring_stations in Absolute Number, aqi_value in Indices",,0.0,30.5,38.1,22.0,24,0.0,14.0,979.2
2022-04-16,Punjab,Jalandhar,1.0,PM10,123.0,Moderate,"number_of_monitoring_stations in Absolute Number, aqi_value in Indices",,0.0,27.4,36.1,18.8,35,0.0,14.8,975.4
2022-04-16,Punjab,Ludhiana,1.0,PM10,103.0,Moderate,"number_of_monitoring_stations in Absolute Number, aqi_value in Indices",,2.0,29.6,37.3,20.1,27,0.0,15.9,974.5
2022-04-16,Punjab,Patiala,1.0,O3,111.0,Moderate,"number_of_monitoring_stations in Absolute Number, aqi_value in Indices",,0.0,29.7,37.5,20.8,25,0.0,16.6,973.9
2022-04-16,Punjab,Rupnagar,1.0,PM10,115.0,Moderate,"number_of_monitoring_stations in Absolute Number, aqi_value in Indices",,0.0,27.7,35.8,18.5,33,0.0,12.6,973.0
2022-04-17,Punjab,Amritsar,1.0,PM10,73.0,Satisfactory,"number_of_monitoring_stations in Absolute Number, aqi_value in Indices",,0.0,27.9,37.1,18.9,40,0.0,12.3,977.2
2022-04-17,Punjab,Bathinda,1.0,PM10,87.0,Satisfactory,"number_of_monitoring_stations in Absolute Number, aqi_value in Indices",,3.0,31.8,39.7,23.1,21,0.0,12.9,979.8
2022-04-17,Punjab,Jalandhar,1.0,PM10,106.0,Moderate,"number_of_monitoring_stations in Absolute Number, aqi_value in Indices",,0.0,28.2,37.2,18.9,35,0.0,13.0,976.2
2022-04-17,Punjab,Ludhiana,1.0,PM10,74.0,Satisfactory,"number_of_monitoring_stations in Absolute Number, aqi_value in Indices",,1.0,29.9,38.9,19.6,27,0.0,14.7,975.2
2022-04-17,Punjab,Patiala,1.0,O3,159.0,Moderate,"number_of_monitoring_stations in Absolute Number, aqi_value in Indices",,0.0,30.7,39.2,20.7,24,0.0,15.6,974.6
2022-04-17,Punjab,Rupnagar,1.0,PM10,127.0,Moderate,"number_of_monitoring_stations in Absolute Number, aqi_value in Indices",,0.0,28.0,37.3,18.1,33,0.0,13.8,973.8
2022-04-18,Punjab,Amritsar,1.0,PM10,109.0,Moderate,"number_of_monitoring_stations in Absolute Number, aqi_value in Indices",,0.0,29.0,38.4,20.4,41,0.0,9.7,978.9
2022-04-18,Punjab,Bathinda,1.0,PM10,88.0,Satisfactory,"number_of_monitoring_stations in Absolute Number, aqi_value in Indices",,0.0,32.5,40.5,22.8,23,0.0,13.5,981.8
2022-04-18,Punjab,Jalandhar,1.0,PM10,145.0,Moderate,"number_of_monitoring_stations in Absolute Number, aqi_value in Indices",,1.0,29.5,39.0,19.7,35,0.0,13.6,978.0
2022-04-18,Punjab,Ludhiana,1.0,O3,98.0,Satisfactory,"number_of_monitoring_stations in Absolute Number, aqi_value in Indices",,4.0,31.6,40.6,22.2,26,0.0,20.1,976.9
2022-04-18,Punjab,Patiala,1.0,O3,150.0,Moderate,"number_of_monitoring_stations in Absolute Number, aqi_value in Indices",,2.0,32.0,40.9,22.0,23,0.0,14.0,976.3
2022-04-18,Punjab,Rupnagar,1.0,PM10,122.0,Moderate,"number_of_monitoring_stations in Absolute Number, aqi_value in Indices",,0.0,29.2,39.3,18.5,33,0.0,17.2,975.3
2022-04-19,Punjab,Amritsar,1.0,PM10,197.0,Moderate,"number_of_monitoring_stations in Absolute Number, aqi_value in Indices",,1.0,29.9,38.3,21.8,35,0.0,16.2,980.7
2022-04-19,Punjab,Bathinda,1.0,PM10,184.0,Moderate,"number_of_monitoring_stations in Absolute Number, aqi_value in Indices",,0.0,33.2,41.1,24.9,21,0.0,17.7,983.6
2022-04-19,Punjab,Jalandhar,1.0,PM10,221.0,Poor,"number_of_monitoring_stations in Absolute Number, aqi_value in Indices",,2.0,30.1,38.7,21.6,34,0.0,17.9,979.5
2022-04-19,Punjab,Ludhiana,1.0,PM10,154.0,Moderate,"number_of_monitoring_stations in Absolute Number, aqi_value in Indices",,1.0,31.8,41.5,23.9,26,0.0,23.0,978.4
2022-04-19,Punjab,Patiala,1.0,PM10,147.0,Moderate,"number_of_monitoring_stations in Absolute Number, aqi_value in Indices",,3.0,33.1,41.6,23.7,21,0.0,22.0,977.8
2022-04-19,Punjab,Rupnagar,1.0,PM10,142.0,Moderate,"number_of_monitoring_stations in Absolute Number, aqi_value in Indices",,0.0,30.9,39.5,21.2,28,0.0,22.6,976.9
2022-04-20,Punjab,Amritsar,1.0,PM10,114.0,Moderate,"number_of_monitoring_stations in Absolute Number, aqi_value in Indices",,2.0,30.0,38.2,22.0,31,0.0,24.3,979.3
2022-04-20,Punjab,Bathinda,1.0,PM10,199.0,Moderate,"number_of_monitoring_stations in Absolute Number, aqi_value in Indices",,0.0,32.9,40.1,25.8,22,0.0,18.3,982.2
2022-04-20,Punjab,Jalandhar,1.0,PM10,147.0,Moderate,"number_of_monitoring_stations in Absolute Number, aqi_value in Indices",,3.0,29.9,37.9,22.7,33,0.0,16.7,978.2
2022-04-20,Punjab,Ludhiana,1.0,PM10,125.0,Moderate,"number_of_monitoring_stations in Absolute Number, aqi_value in Indices",,1.0,31.4,39.6,23.2,27,0.0,20.9,977.1
2022-04-20,Punjab,Patiala,1.0,PM10,163.0,Moderate,"number_of_monitoring_stations in Absolute Number, aqi_value in Indices",,11.0,32.3,40.2,24.6,24,0.0,18.5,976.4
2022-04-20,Punjab,Rupnagar,1.0,PM10,122.0,Moderate,"number_of_monitoring_stations in Absolute Number, aqi_value in Indices",,0.0,30.1,38.6,19.7,30,0.0,20.4,975.5
2022-04-21,Punjab,Amritsar,1.0,PM10,122.0,Moderate,"number_of_monitoring_stations in Absolute Number, aqi_value in Indices",,0.0,28.2,36.0,21.4,34,1.8,20.9,979.8
2022-04-21,Punjab,Bathinda,1.0,PM10,267.0,Poor,"number_of_monitoring_stations in Absolute Number, aqi_value in Indices",,0.0,31.3,38.3,24.5,23,0.0,23.1,982.4
2022-04-21,Punjab,Jalandhar,1.0,PM10,146.0,Moderate,"number_of_monitoring_stations in Absolute Number, aqi_value in Indices",,0.0,28.6,36.8,22.4,30,0.2,20.0,978.8
2022-04-21,Punjab,Ludhiana,1.0,PM10,128.0,Moderate,"number_of_monitoring_stations in Absolute Number, aqi_value in Indices",,0.0,29.7,36.8,23.6,28,0.0,24.2,977.9
2022-04-21,Punjab,Patiala,1.0,PM10,157.0,Moderate,"number_of_monitoring_stations in Absolute Number, aqi_value in Indices",,0.0,29.1,35.6,23.7,29,0.0,25.8,977.6
2022-04-22,Punjab,Amritsar,1.0,PM10,72.0,Satisfactory,"number_of_monitoring_stations in Absolute Number, aqi_value in Indices",,0.0,27.5,35.0,19.6,36,0.0,12.7,982.1
2022-04-22,Punjab,Bathinda,1.0,PM10,67.0,Satisfactory,"number_of_monitoring_stations in Absolute Number, aqi_value in Indices",,6.0,29.7,36.9,21.7,28,0.0,13.8,984.5
2022-04-22,Punjab,Jalandhar,1.0,PM10,80.0,Satisfactory,"number_of_monitoring_stations in Absolute Number, aqi_value in Indices",,4.0,27.3,35.0,19.0,38,0.0,15.1,980.8
2022-04-22,Punjab,Ludhiana,1.0,PM10,94.0,Satisfactory,"number_of_monitoring_stations in Absolute Number, aqi_value in Indices",,1.0,28.3,36.2,19.7,34,0.0,15.5,979.7
2022-04-22,Punjab,Patiala,1.0,PM10,119.0,Moderate,"number_of_monitoring_stations in Absolute Number, aqi_value in Indices",,0.0,28.7,37.1,19.5,32,0.0,15.5,978.8
2022-04-22,Punjab,Rupnagar,1.0,PM10,98.0,Satisfactory,"number_of_monitoring_stations in Absolute Number, aqi_value in Indices",,0.0,27.2,35.8,18.8,36,0.0,18.2,978.0
2022-04-23,Punjab,Amritsar,1.0,NO2,96.0,Satisfactory,"number_of_monitoring_stations in Absolute Number, aqi_value in Indices",,1.0,27.5,35.6,20.3,36,0.0,13.0,981.9
2022-04-23,Punjab,Bathinda,1.0,PM10,69.0,Satisfactory,"number_of_monitoring_stations in Absolute Number, aqi_value in Indices",,0.0,30.1,37.5,23.1,25,0.0,16.7,984.7
2022-04-23,Punjab,Jalandhar,1.0,PM10,130.0,Moderate,"number_of_monitoring_stations in Absolute Number, aqi_value in Indices",,0.0,27.9,35.7,19.4,35,0.0,16.8,980.6
2022-04-23,Punjab,Ludhiana,1.0,PM10,114.0,Moderate,"number_of_monitoring_stations in Absolute Number, aqi_value in Indices",,2.0,28.8,37.2,21.1,30,0.0,17.7,979.5
2022-04-23,Punjab,Patiala,1.0,PM10,147.0,Moderate,"number_of_monitoring_stations in Absolute Number, aqi_value in Indices",,3.0,30.0,38.3,21.4,24,0.0,17.7,978.7
2022-04-23,Punjab,Rupnagar,1.0,PM10,95.0,Satisfactory,"number_of_monitoring_stations in Absolute Number, aqi_value in Indices",,0.0,28.0,36.9,18.3,36,0.0,20.4,977.8
2022-04-24,Punjab,Amritsar,1.0,NO2,140.0,Moderate,"number_of_monitoring_stations in Absolute Number, aqi_value in Indices",,15.0,28.0,36.5,19.6,34,0.0,14.5,979.7
2022-04-24,Punjab,Jalandhar,1.0,PM10,103.0,Moderate,"number_of_monitoring_stations in Absolute Number, aqi_value in Indices",,31.0,27.9,36.1,18.9,34,0.0,18.1,978.4
2022-04-24,Punjab,Ludhiana,1.0,PM10,114.0,Moderate,"number_of_monitoring_stations in Absolute Number, aqi_value in Indices",,8.0,29.4,37.6,21.1,28,0.0,19.9,977.4
2022-04-24,Punjab,Patiala,1.0,PM10,130.0,Moderate,"number_of_monitoring_stations in Absolute Number, aqi_value in Indices",,15.0,30.7,38.4,22.6,22,0.0,24.5,976.7
2022-04-24,Punjab,Rupnagar,1.0,PM10,95.0,Satisfactory,"number_of_monitoring_stations in Absolute Number, aqi_value in Indices",,0.0,28.3,36.6,19.1,31,0.0,21.9,975.7
2022-04-25,Punjab,Amritsar,1.0,NO2,115.0,Moderate,"number_of_monitoring_stations in Absolute Number, aqi_value in Indices",,1.0,28.8,37.4,21.3,33,0.0,20.5,977.9
2022-04-25,Punjab,Bathinda,1.0,PM2.5,194.0,Moderate,"number_of_monitoring_stations in Absolute Number, aqi_value in Indices",,4.0,30.2,39.1,23.9,28,0.6,32.2,981.0
2022-04-25,Punjab,Jalandhar,1.0,PM10,136.0,Moderate,"number_of_monitoring_stations in Absolute Number, aqi_value in Indices",,12.0,28.9,36.7,20.7,33,0.0,18.4,977.0
2022-04-25,Punjab,Ludhiana,1.0,PM10,132.0,Moderate,"number_of_monitoring_stations in Absolute Number, aqi_value in Indices",,3.0,30.2,38.6,21.3,27,0.0,22.6,976.0
2022-04-25,Punjab,Patiala,1.0,PM10,140.0,Moderate,"number_of_monitoring_stations in Absolute Number, aqi_value in Indices",,4.0,30.8,39.6,22.6,24,0.0,29.7,975.5
2022-04-25,Punjab,Rupnagar,1.0,PM10,112.0,Moderate,"number_of_monitoring_stations in Absolute Number, aqi_value in Indices",,0.0,28.6,38.7,19.1,32,0.0,29.3,974.3
2022-04-26,Punjab,Amritsar,1.0,NO2,104.0,Moderate,"number_of_monitoring_stations in Absolute Number, aqi_value in Indices",,4.0,29.3,37.8,20.9,32,0.0,13.0,978.9
2022-04-26,Punjab,Bathinda,1.0,PM10,139.0,Moderate,"number_of_monitoring_stations in Absolute Number, aqi_value in Indices",,53.0,31.7,40.3,22.5,24,0.0,15.0,981.5
2022-04-26,Punjab,Jalandhar,1.0,PM10,152.0,Moderate,"number_of_monitoring_stations in Absolute Number, aqi_value in Indices",,6.0,29.4,38.0,20.7,30,0.0,13.2,977.8
2022-04-26,Punjab,Ludhiana,1.0,PM10,131.0,Moderate,"number_of_monitoring_stations in Absolute Number, aqi_value in Indices",,9.0,31.3,39.4,23.0,24,0.0,17.1,976.8
2022-04-26,Punjab,Patiala,1.0,PM10,132.0,Moderate,"number_of_monitoring_stations in Absolute Number, aqi_value in Indices",,14.0,31.9,40.2,22.2,21,0.0,15.3,976.0
2022-04-26,Punjab,Rupnagar,1.0,PM10,115.0,Moderate,"number_of_monitoring_stations in Absolute Number, aqi_value in Indices",,0.0,29.2,38.7,19.0,30,0.0,18.5,975.2
2022-04-27,Punjab,Amritsar,1.0,PM10,100.0,Satisfactory,"number_of_monitoring_stations in Absolute Number, aqi_value in Indices",,41.0,30.3,39.3,21.2,30,0.0,12.4,977.8
2022-04-27,Punjab,Bathinda,1.0,PM10,152.0,Moderate,"number_of_monitoring_stations in Absolute Number, aqi_value in Indices",,93.0,32.6,41.5,23.0,22,0.0,15.0,981.0
2022-04-27,Punjab,Jalandhar,1.0,PM10,182.0,Moderate,"number_of_monitoring_stations in Absolute Number, aqi_value in Indices",,28.0,30.8,39.3,21.1,30,0.0,16.6,977.0
2022-04-27,Punjab,Ludhiana,1.0,O3,154.0,Moderate,"number_of_monitoring_stations in Absolute Number, aqi_value in Indices",,37.0,31.6,40.4,21.7,24,0.0,19.2,976.0
2022-04-27,Punjab,Patiala,1.0,PM10,131.0,Moderate,"number_of_monitoring_stations in Absolute Number, aqi_value in Indices",,58.0,32.4,41.1,23.4,21,0.0,21.6,975.4
2022-04-27,Punjab,Rupnagar,1.0,PM10,98.0,Satisfactory,"number_of_monitoring_stations in Absolute Number, aqi_value in Indices",,4.0,30.3,39.7,20.5,29,0.0,20.7,974.4
2022-04-28,Punjab,Amritsar,1.0,PM2.5,156.0,Moderate,"number_of_monitoring_stations in Absolute Number, aqi_value in Indices",,37.0,32.1,41.4,25.0,30,0.0,11.3,977.5
2022-04-28,Punjab,Bathinda,1.0,PM10,160.0,Moderate,"number_of_monitoring_stations in Absolute Number, aqi_value in Indices",,65.0,34.5,43.3,24.2,19,0.0,15.1,980.6
2022-04-28,Punjab,Jalandhar,1.0,PM10,162.0,Moderate,"number_of_monitoring_stations in Absolute Number, aqi_value in Indices",,25.0,31.5,40.8,22.7,32,0.0,14.9,976.6
2022-04-28,Punjab,Ludhiana,1.0,PM2.5,178.0,Moderate,"number_of_monitoring_stations in Absolute Number, aqi_value in Indices",,38.0,33.7,42.8,23.7,23,0.0,16.5,975.6
2022-04-28,Punjab,Patiala,1.0,PM10,163.0,Moderate,"number_of_monitoring_stations in Absolute Number, aqi_value in Indices",,32.0,34.1,42.8,24.0,21,0.0,15.9,975.1
2022-04-28,Punjab,Rupnagar,1.0,PM10,108.0,Moderate,"number_of_monitoring_stations in Absolute Number, aqi_value in Indices",,5.0,31.6,41.0,21.9,28,0.0,20.6,974.3
2022-04-29,Punjab,Amritsar,1.0,PM10,111.0,Moderate,"number_of_monitoring_stations in Absolute Number, aqi_value in Indices",,86.0,32.3,41.5,24.7,26,0.0,17.2,977.7
2022-04-29,Punjab,Bathinda,1.0,PM10,194.0,Moderate,"number_of_monitoring_stations in Absolute Number, aqi_value in Indices",,41.0,35.3,43.4,25.6,16,0.0,14.0,980.7
2022-04-29,Punjab,Jalandhar,1.0,PM10,119.0,Moderate,"number_of_monitoring_stations in Absolute Number, aqi_value in Indices",,8.0,32.1,41.2,23.6,26,0.0,18.3,976.6
2022-04-29,Punjab,Ludhiana,1.0,PM2.5,152.0,Moderate,"number_of_monitoring_stations in Absolute Number, aqi_value in Indices",,64.0,33.8,42.9,25.5,20,0.0,26.7,975.6
2022-04-29,Punjab,Patiala,1.0,PM2.5,178.0,Moderate,"number_of_monitoring_stations in Absolute Number, aqi_value in Indices",,52.0,34.2,43.4,24.4,18,0.0,21.8,974.9
2022-04-29,Punjab,Rupnagar,1.0,PM10,100.0,Satisfactory,"number_of_monitoring_stations in Absolute Number, aqi_value in Indices",,0.0,32.1,41.4,21.4,26,0.0,23.8,974.0
2022-04-30,Punjab,Amritsar,1.0,PM2.5,136.0,Moderate,"number_of_monitoring_stations in Absolute Number, aqi_value in Indices",,87.0,31.4,41.1,23.7,30,0.0,13.9,974.3
2022-04-30,Punjab,Bathinda,1.0,PM10,165.0,Moderate,"number_of_monitoring_stations in Absolute Number, aqi_value in Indices",,42.0,34.8,42.7,24.9,19,0.0,14.4,977.3
2022-04-30,Punjab,Jalandhar,1.0,PM10,148.0,Moderate,"number_of_monitoring_stations in Absolute Number, aqi_value in Indices",,9.0,31.5,40.4,22.6,29,0.0,17.1,973.4
2022-04-30,Punjab,Ludhiana,1.0,PM2.5,140.0,Moderate,"number_of_monitoring_stations in Absolute Number, aqi_value in Indices",,23.0,33.4,42.6,23.8,22,0.0,16.5,972.4
2022-04-30,Punjab,Patiala,1.0,PM10,162.0,Moderate,"number_of_monitoring_stations in Absolute Number, aqi_value in Indices",,32.0,34.3,43.0,24.6,19,0.0,14.2,971.9
2022-04-30,Punjab,Rupnagar,1.0,PM10,102.0,Moderate,"number_of_monitoring_stations in Absolute Number, aqi_value in Indices",,2.0,32.4,41.0,22.2,25,0.0,18.9,971.0
2022-05-01,Punjab,Amritsar,1.0,PM10,127.0,Moderate,"number_of_monitoring_stations in Absolute Number, aqi_value in Indices",,61.0,30.9,39.7,23.0,35,0.0,25.4,973.7
2022-05-01,Punjab,Bathinda,1.0,PM10,298.0,Poor,"number_of_monitoring_stations in Absolute Number, aqi_value in Indices",,53.0,34.5,42.1,25.5,21,0.0,23.6,976.1
2022-05-01,Punjab,Jalandhar,1.0,PM10,136.0,Moderate,"number_of_monitoring_stations in Absolute Number, aqi_value in Indices",,11.0,31.2,38.7,24.2,33,0.2,22.1,973.0
2022-05-01,Punjab,Ludhiana,1.0,PM10,203.0,Poor,"number_of_monitoring_stations in Absolute Number, aqi_value in Indices",,26.0,32.5,39.8,25.7,30,0.2,27.4,972.1
2022-05-01,Punjab,Patiala,1.0,PM10,195.0,Moderate,"number_of_monitoring_stations in Absolute Number, aqi_value in Indices",,11.0,32.1,39.6,27.6,35,0.0,23.1,972.0
2022-05-01,Punjab,Rupnagar,1.0,PM10,100.0,Satisfactory,"number_of_monitoring_stations in Absolute Number, aqi_value in Indices",,0.0,31.0,37.5,23.1,32,0.0,25.4,971.2
2022-05-02,Punjab,Amritsar,1.0,PM10,131.0,Moderate,"number_of_monitoring_stations in Absolute Number, aqi_value in Indices",,263.0,32.2,39.9,25.2,36,0.1,17.4,973.9
2022-05-02,Punjab,Bathinda,1.0,PM10,274.0,Poor,"number_of_monitoring_stations in Absolute Number, aqi_value in Indices",,155.0,34.3,42.5,27.3,29,0.0,21.7,976.2
2022-05-02,Punjab,Jalandhar,1.0,PM10,144.0,Moderate,"number_of_monitoring_stations in Absolute Number, aqi_value in Indices",,26.0,31.8,38.8,25.4,38,0.0,21.9,973.3
2022-05-02,Punjab,Ludhiana,1.0,PM2.5,153.0,Moderate,"number_of_monitoring_stations in Absolute Number, aqi_value in Indices",,114.0,32.7,40.0,26.7,36,0.2,23.9,972.4
2022-05-02,Punjab,Patiala,1.0,PM10,154.0,Moderate,"number_of_monitoring_stations in Absolute Number, aqi_value in Indices",,12.0,32.2,38.8,26.3,39,0.3,24.8,972.4
2022-05-02,Punjab,Rupnagar,1.0,PM10,94.0,Satisfactory,"number_of_monitoring_stations in Absolute Number, aqi_value in Indices",,1.0,31.6,37.3,26.3,35,0.0,30.9,971.5
2022-05-03,Punjab,Amritsar,1.0,PM10,124.0,Moderate,"number_of_monitoring_stations in Absolute Number, aqi_value in Indices",,57.0,31.4,36.5,25.7,42,0.0,21.1,976.2
2022-05-03,Punjab,Bathinda,1.0,PM10,125.0,Moderate,"number_of_monitoring_stations in Absolute Number, aqi_value in Indices",,84.0,33.5,40.3,27.0,28,0.0,16.6,979.0
2022-05-03,Punjab,Jalandhar,1.0,PM10,136.0,Moderate,"number_of_monitoring_stations in Absolute Number, aqi_value in Indices",,4.0,30.7,35.6,27.0,45,1.6,22.6,975.6
2022-05-03,Punjab,Ludhiana,1.0,PM2.5,175.0,Moderate,"number_of_monitoring_stations in Absolute Number, aqi_value in Indices",,17.0,32.0,37.5,28.0,40,0.2,27.2,974.7
2022-05-03,Punjab,Patiala,1.0,PM10,149.0,Moderate,"number_of_monitoring_stations in Absolute Number, aqi_value in Indices",,8.0,31.4,38.6,27.5,45,3.4,19.2,974.7
2022-05-03,Punjab,Rupnagar,1.0,PM10,81.0,Satisfactory,"number_of_monitoring_stations in Absolute Number, aqi_value in Indices",,1.0,30.8,36.0,26.9,46,0.7,23.3,973.8
2022-05-04,Punjab,Amritsar,1.0,PM10,121.0,Moderate,"number_of_monitoring_stations in Absolute Number, aqi_value in Indices",,134.0,29.2,34.7,24.8,45,0.3,22.9,979.1
2022-05-04,Punjab,Bathinda,1.0,PM10,95.0,Satisfactory,"number_of_monitoring_stations in Absolute Number, aqi_value in Indices",,54.0,30.5,38.4,26.2,38,0.0,29.2,981.7
2022-05-04,Punjab,Jalandhar,1.0,PM10,126.0,Moderate,"number_of_monitoring_stations in Absolute Number, aqi_value in Indices",,27.0,29.6,34.8,24.3,46,0.6,22.0,978.3
2022-05-04,Punjab,Ludhiana,1.0,PM2.5,182.0,Moderate,"number_of_monitoring_stations in Absolute Number, aqi_value in Indices",,26.0,29.7,37.7,25.3,45,0.9,18.9,977.4
2022-05-04,Punjab,Patiala,1.0,PM10,156.0,Moderate,"number_of_monitoring_stations in Absolute Number, aqi_value in Indices",,18.0,29.5,35.8,25.4,49,0.1,16.1,977.2
2022-05-04,Punjab,Rupnagar,1.0,PM10,103.0,Moderate,"number_of_monitoring_stations in Absolute Number, aqi_value in Indices",,0.0,28.6,34.2,23.5,48,0.1,19.5,976.2
2022-05-05,Punjab,Amritsar,1.0,PM10,108.0,Moderate,"number_of_monitoring_stations in Absolute Number, aqi_value in Indices",,146.0,29.3,36.9,21.7,43,0.0,13.2,979.5
2022-05-05,Punjab,Bathinda,1.0,CO,46.0,Good,"number_of_monitoring_stations in Absolute Number, aqi_value in Indices",,37.0,30.7,37.9,23.0,42,0.0,13.2,982.5
2022-05-05,Punjab,Jalandhar,1.0,PM10,91.0,Satisfactory,"number_of_monitoring_stations in Absolute Number, aqi_value in Indices",,59.0,29.1,36.2,22.3,44,0.0,13.8,978.5
2022-05-05,Punjab,Ludhiana,1.0,PM10,135.0,Moderate,"number_of_monitoring_stations in Absolute Number, aqi_value in Indices",,50.0,30.0,37.4,22.6,41,0.0,16.1,977.5
2022-05-05,Punjab,Patiala,1.0,PM10,63.0,Satisfactory,"number_of_monitoring_stations in Absolute Number, aqi_value in Indices",,5.0,29.2,37.5,21.3,48,0.0,16.3,976.8
2022-05-05,Punjab,Rupnagar,1.0,PM10,65.0,Satisfactory,"number_of_monitoring_stations in Absolute Number, aqi_value in Indices",,2.0,28.5,36.5,21.1,45,0.0,17.7,975.8
2022-05-06,Punjab,Amritsar,1.0,PM10,133.0,Moderate,"number_of_monitoring_stations in Absolute Number, aqi_value in Indices",,31.0,29.6,38.1,22.7,37,0.0,14.1,979.0
2022-05-06,Punjab,Bathinda,1.0,PM10,103.0,Moderate,"number_of_monitoring_stations in Absolute Number, aqi_value in Indices",,8.0,32.6,39.2,24.5,26,0.0,13.0,981.8
2022-05-06,Punjab,Jalandhar,1.0,PM10,133.0,Moderate,"number_of_monitoring_stations in Absolute Number, aqi_value in Indices",,5.0,30.1,36.7,22.4,35,0.0,16.3,978.0
2022-05-06,Punjab,Ludhiana,1.0,PM2.5,199.0,Moderate,"number_of_monitoring_stations in Absolute Number, aqi_value in Indices",,6.0,31.4,38.4,24.3,30,0.0,17.8,977.0
2022-05-06,Punjab,Patiala,1.0,O3,170.0,Moderate,"number_of_monitoring_stations in Absolute Number, aqi_value in Indices",,0.0,30.9,38.2,23.0,32,0.0,17.1,976.4
2022-05-06,Punjab,Rupnagar,1.0,PM10,137.0,Moderate,"number_of_monitoring_stations in Absolute Number, aqi_value in Indices",,0.0,29.3,37.1,20.9,39,0.0,18.1,975.4
2022-05-07,Punjab,Amritsar,1.0,PM10,90.0,Satisfactory,"number_of_monitoring_stations in Absolute Number, aqi_value in Indices",,93.0,30.2,38.2,22.1,38,0.0,13.5,978.6
2022-05-07,Punjab,Bathinda,1.0,PM10,82.0,Satisfactory,"number_of_monitoring_stations in Absolute Number, aqi_value in Indices",,28.0,32.5,40.6,24.4,28,0.0,15.5,981.4
2022-05-07,Punjab,Jalandhar,1.0,PM10,96.0,Satisfactory,"number_of_monitoring_stations in Absolute Number, aqi_value in Indices",,94.0,29.8,37.7,21.6,38,0.0,16.6,977.6
2022-05-07,Punjab,Ludhiana,1.0,PM2.5,129.0,Moderate,"number_of_monitoring_stations in Absolute Number, aqi_value in Indices",,110.0,31.0,38.6,22.1,33,0.0,16.1,976.6
2022-05-07,Punjab,Patiala,1.0,PM10,119.0,Moderate,"number_of_monitoring_stations in Absolute Number, aqi_value in Indices",,24.0,30.6,38.8,22.2,34,0.0,17.6,976.1
2022-05-07,Punjab,Rupnagar,1.0,PM10,73.0,Satisfactory,"number_of_monitoring_stations in Absolute Number, aqi_value in Indices",,9.0,29.2,37.4,20.4,42,0.0,15.1,975.1
2022-05-08,Punjab,Amritsar,1.0,PM10,108.0,Moderate,"number_of_monitoring_stations in Absolute Number, aqi_value in Indices",,72.0,31.1,39.4,22.8,37,0.0,12.5,976.2
2022-05-08,Punjab,Bathinda,1.0,PM10,81.0,Satisfactory,"number_of_monitoring_stations in Absolute Number, aqi_value in Indices",,36.0,33.6,41.4,25.6,24,0.0,14.8,979.0
2022-05-08,Punjab,Jalandhar,1.0,PM10,183.0,Moderate,"number_of_monitoring_stations in Absolute Number, aqi_value in Indices",,108.0,30.7,38.9,22.8,38,0.0,13.4,975.4
2022-05-08,Punjab,Ludhiana,1.0,PM10,194.0,Moderate,"number_of_monitoring_stations in Absolute Number, aqi_value in Indices",,138.0,32.0,40.0,23.2,32,0.0,14.9,974.5
2022-05-08,Punjab,Patiala,1.0,O3,175.0,Moderate,"number_of_monitoring_stations in Absolute Number, aqi_value in Indices",,60.0,31.9,39.7,23.1,33,0.0,18.0,974.3
2022-05-08,Punjab,Rupnagar,1.0,PM10,77.0,Satisfactory,"number_of_monitoring_stations in Absolute Number, aqi_value in Indices",,12.0,30.6,38.4,21.2,40,0.0,22.6,973.4
2022-05-09,Punjab,Amritsar,1.0,PM2.5,107.0,Moderate,"number_of_monitoring_stations in Absolute Number, aqi_value in Indices",,30.0,31.4,37.9,25.5,39,0.0,24.7,976.2
2022-05-09,Punjab,Bathinda,1.0,PM10,113.0,Moderate,"number_of_monitoring_stations in Absolute Number, aqi_value in Indices",,6.0,34.0,41.3,27.3,33,0.0,18.6,978.5
2022-05-09,Punjab,Jalandhar,1.0,PM10,170.0,Moderate,"number_of_monitoring_stations in Absolute Number, aqi_value in Indices",,37.0,31.6,38.2,25.5,43,0.0,18.2,975.6
2022-05-09,Punjab,Ludhiana,1.0,PM2.5,178.0,Moderate,"number_of_monitoring_stations in Absolute Number, aqi_value in Indices",,41.0,32.5,39.1,26.2,42,0.0,19.5,974.6
2022-05-09,Punjab,Patiala,1.0,PM10,117.0,Moderate,"number_of_monitoring_stations in Absolute Number, aqi_value in Indices",,10.0,32.2,39.3,25.7,46,0.0,20.4,974.5
2022-05-09,Punjab,Rupnagar,1.0,PM10,97.0,Satisfactory,"number_of_monitoring_stations in Absolute Number, aqi_value in Indices",,4.0,31.6,37.8,25.6,45,0.2,23.7,973.7
2022-05-10,Punjab,Amritsar,1.0,PM10,152.0,Moderate,"number_of_monitoring_stations in Absolute Number, aqi_value in Indices",,14.0,31.5,37.7,26.2,47,0.1,12.4,976.5
2022-05-10,Punjab,Bathinda,1.0,PM10,115.0,Moderate,"number_of_monitoring_stations in Absolute Number, aqi_value in Indices",,22.0,34.1,40.5,29.2,39,0.0,20.4,979.1
2022-05-10,Punjab,Jalandhar,1.0,PM10,137.0,Moderate,"number_of_monitoring_stations in Absolute Number, aqi_value in Indices",,66.0,31.4,36.9,26.8,48,0.0,14.3,975.8
2022-05-10,Punjab,Ludhiana,1.0,PM2.5,147.0,Moderate,"number_of_monitoring_stations in Absolute Number, aqi_value in Indices",,53.0,32.3,38.5,27.4,44,0.3,17.6,974.9
2022-05-10,Punjab,Patiala,1.0,PM10,102.0,Moderate,"number_of_monitoring_stations in Absolute Number, aqi_value in Indices",,22.0,32.2,38.6,27.2,47,0.8,17.3,974.7
2022-05-10,Punjab,Rupnagar,1.0,PM10,68.0,Satisfactory,"number_of_monitoring_stations in Absolute Number, aqi_value in Indices",,9.0,31.4,37.2,25.9,47,0.2,19.7,973.9
2022-05-11,Punjab,Amritsar,1.0,PM10,97.0,Satisfactory,"number_of_monitoring_stations in Absolute Number, aqi_value in Indices",,4.0,32.3,41.8,25.4,45,0.0,16.7,974.6
2022-05-11,Punjab,Bathinda,1.0,PM10,81.0,Satisfactory,"number_of_monitoring_stations in Absolute Number, aqi_value in Indices",,3.0,34.6,42.6,27.6,35,0.0,16.6,977.4
2022-05-11,Punjab,Jalandhar,1.0,PM2.5,204.0,Poor,"number_of_monitoring_stations in Absolute Number, aqi_value in Indices",,11.0,32.2,39.9,25.4,45,0.0,14.8,973.9
2022-05-11,Punjab,Ludhiana,1.0,PM2.5,114.0,Moderate,"number_of_monitoring_stations in Absolute Number, aqi_value in Indices",,4.0,33.4,41.2,27.0,40,0.0,17.5,972.9
2022-05-11,Punjab,Patiala,1.0,PM10,94.0,Satisfactory,"number_of_monitoring_stations in Absolute Number, aqi_value in Indices",,0.0,33.2,40.6,26.7,44,0.0,16.6,972.8
2022-05-11,Punjab,Rupnagar,1.0,PM10,71.0,Satisfactory,"number_of_monitoring_stations in Absolute Number, aqi_value in Indices",,1.0,32.4,39.2,25.5,44,0.0,17.3,971.8
2022-05-12,Punjab,Amritsar,1.0,PM10,108.0,Moderate,"number_of_monitoring_stations in Absolute Number, aqi_value in Indices",,12.0,32.8,41.1,25.9,43,0.0,25.2,973.0
2022-05-12,Punjab,Bathinda,1.0,PM10,82.0,Satisfactory,"number_of_monitoring_stations in Absolute Number, aqi_value in Indices",,8.0,35.2,43.8,27.5,31,0.0,13.9,975.7
2022-05-12,Punjab,Jalandhar,1.0,PM10,111.0,Moderate,"number_of_monitoring_stations in Absolute Number, aqi_value in Indices",,46.0,33.1,40.9,26.4,42,0.0,17.1,972.3
2022-05-12,Punjab,Ludhiana,1.0,PM2.5,185.0,Moderate,"number_of_monitoring_stations in Absolute Number, aqi_value in Indices",,37.0,34.3,42.6,27.4,37,0.0,20.9,971.3
2022-05-12,Punjab,Patiala,1.0,PM10,123.0,Moderate,"number_of_monitoring_stations in Absolute Number, aqi_value in Indices",,19.0,34.2,41.7,27.1,40,0.0,15.8,971.2
2022-05-12,Punjab,Rupnagar,1.0,PM10,90.0,Satisfactory,"number_of_monitoring_stations in Absolute Number, aqi_value in Indices",,2.0,33.5,40.3,26.4,40,0.0,17.7,970.4
2022-05-13,Punjab,Amritsar,1.0,PM10,83.0,Satisfactory,"number_of_monitoring_stations in Absolute Number, aqi_value in Indices",,22.0,33.6,42.2,26.4,32,0.0,15.6,971.1
2022-05-13,Punjab,Bathinda,1.0,PM10,78.0,Satisfactory,"number_of_monitoring_stations in Absolute Number, aqi_value in Indices",,3.0,34.7,43.2,25.3,24,0.0,12.2,973.8
2022-05-13,Punjab,Jalandhar,1.0,O3,89.0,Satisfactory,"number_of_monitoring_stations in Absolute Number, aqi_value in Indices",,51.0,32.9,41.8,25.4,36,0.0,17.1,970.1
2022-05-13,Punjab,Ludhiana,1.0,PM10,100.0,Satisfactory,"number_of_monitoring_stations in Absolute Number, aqi_value in Indices",,48.0,34.6,42.8,27.0,33,0.0,20.2,969.2
2022-05-13,Punjab,Patiala,1.0,PM10,124.0,Moderate,"number_of_monitoring_stations in Absolute Number, aqi_value in Indices",,5.0,34.2,42.7,27.3,38,0.0,21.4,968.9
2022-05-13,Punjab,Rupnagar,1.0,PM10,97.0,Satisfactory,"number_of_monitoring_stations in Absolute Number, aqi_value in Indices",,6.0,33.6,42.0,27.0,38,0.0,23.6,967.9
2022-05-14,Punjab,Amritsar,1.0,PM10,96.0,Satisfactory,"number_of_monitoring_stations in Absolute Number, aqi_value in Indices",,8.0,33.6,43.3,24.7,21,0.0,12.6,970.5
2022-05-14,Punjab,Bathinda,1.0,PM10,81.0,Satisfactory,"number_of_monitoring_stations in Absolute Number, aqi_value in Indices",,2.0,35.4,44.4,26.6,20,0.0,16.0,973.8
2022-05-14,Punjab,Jalandhar,1.0,O3,63.0,Satisfactory,"number_of_monitoring_stations in Absolute Number, aqi_value in Indices",,86.0,33.3,42.5,24.5,25,0.0,15.0,969.8
2022-05-14,Punjab,Ludhiana,1.0,PM2.5,105.0,Moderate,"number_of_monitoring_stations in Absolute Number, aqi_value in Indices",,43.0,34.3,43.6,25.0,22,0.0,17.6,968.9
2022-05-14,Punjab,Patiala,1.0,PM10,140.0,Moderate,"number_of_monitoring_stations in Absolute Number, aqi_value in Indices",,7.0,34.2,43.7,25.6,24,0.0,19.4,968.6
2022-05-14,Punjab,Rupnagar,1.0,PM10,99.0,Satisfactory,"number_of_monitoring_stations in Absolute Number, aqi_value in Indices",,4.0,32.8,41.8,22.4,29,0.0,17.3,967.6
2022-05-15,Punjab,Amritsar,1.0,PM10,114.0,Moderate,"number_of_monitoring_stations in Absolute Number, aqi_value in Indices",,3.0,34.5,44.7,23.8,23,0.0,19.6,971.2
2022-05-15,Punjab,Bathinda,1.0,PM10,81.0,Satisfactory,"number_of_monitoring_stations in Absolute Number, aqi_value in Indices",,1.0,36.2,44.7,27.3,16,0.0,15.0,974.6
2022-05-15,Punjab,Jalandhar,1.0,PM2.5,119.0,Moderate,"number_of_monitoring_stations in Absolute Number, aqi_value in Indices",,9.0,33.4,43.3,24.1,26,0.0,14.2,970.6
2022-05-15,Punjab,Ludhiana,1.0,PM10,148.0,Moderate,"number_of_monitoring_stations in Absolute Number, aqi_value in Indices",,6.0,35.0,45.2,24.7,20,0.0,13.8,969.7
2022-05-15,Punjab,Patiala,1.0,O3,154.0,Moderate,"number_of_monitoring_stations in Absolute Number, aqi_value in Indices",,3.0,35.4,44.4,26.5,22,0.0,14.8,969.7
2022-05-15,Punjab,Rupnagar,1.0,PM10,124.0,Moderate,"number_of_monitoring_stations in Absolute Number, aqi_value in Indices",,1.0,33.3,42.2,22.6,29,0.0,22.4,968.7
2022-05-16,Punjab,Amritsar,1.0,PM10,120.0,Moderate,"number_of_monitoring_stations in Absolute Number, aqi_value in Indices",,1.0,34.4,41.6,27.7,20,0.0,25.1,972.1
2022-05-16,Punjab,Bathinda,1.0,PM10,114.0,Moderate,"number_of_monitoring_stations in Absolute Number, aqi_value in Indices",,0.0,34.7,41.4,29.1,18,0.0,21.0,975.4
2022-05-16,Punjab,Jalandhar,1.0,PM2.5,115.0,Moderate,"number_of_monitoring_stations in Absolute Number, aqi_value in Indices",,0.0,33.1,39.9,27.9,30,0.0,18.9,971.4
2022-05-16,Punjab,Ludhiana,1.0,PM10,144.0,Moderate,"number_of_monitoring_stations in Absolute Number, aqi_value in Indices",,3.0,34.3,42.8,27.9,27,0.0,18.9,970.6
2022-05-16,Punjab,Patiala,1.0,PM10,150.0,Moderate,"number_of_monitoring_stations in Absolute Number, aqi_value in Indices",,1.0,33.6,40.9,26.6,35,0.0,19.5,970.4
2022-05-16,Punjab,Rupnagar,1.0,PM10,112.0,Moderate,"number_of_monitoring_stations in Absolute Number, aqi_value in Indices",,2.0,32.0,38.1,24.5,37,0.0,25.4,969.5
2022-05-17,Punjab,Amritsar,1.0,PM10,123.0,Moderate,"number_of_monitoring_stations in Absolute Number, aqi_value in Indices",,1.0,32.8,39.1,26.2,31,0.0,18.0,973.4
2022-05-17,Punjab,Bathinda,1.0,PM10,108.0,Moderate,"number_of_monitoring_stations in Absolute Number, aqi_value in Indices",,1.0,34.3,41.6,28.3,25,0.0,18.4,975.8
2022-05-17,Punjab,Jalandhar,1.0,PM2.5,76.0,Satisfactory,"number_of_monitoring_stations in Absolute Number, aqi_value in Indices",,13.0,31.3,38.4,25.0,36,0.9,14.9,972.6
2022-05-17,Punjab,Ludhiana,1.0,PM10,150.0,Moderate,"number_of_monitoring_stations in Absolute Number, aqi_value in Indices",,9.0,32.3,39.4,26.8,34,0.1,20.0,971.7
2022-05-17,Punjab,Patiala,1.0,PM10,117.0,Moderate,"number_of_monitoring_stations in Absolute Number, aqi_value in Indices",,3.0,32.5,39.0,27.1,38,0.1,22.5,971.5
2022-05-17,Punjab,Rupnagar,1.0,PM2.5,81.0,Satisfactory,"number_of_monitoring_stations in Absolute Number, aqi_value in Indices",,0.0,30.9,37.4,24.9,38,0.7,13.0,970.6
2022-05-18,Punjab,Amritsar,1.0,PM10,110.0,Moderate,"number_of_monitoring_stations in Absolute Number, aqi_value in Indices",,2.0,33.4,41.4,25.2,28,0.0,17.6,975.1
2022-05-18,Punjab,Bathinda,1.0,PM10,125.0,Moderate,"number_of_monitoring_stations in Absolute Number, aqi_value in Indices",,2.0,34.6,42.0,27.0,26,0.0,14.8,977.9
2022-05-18,Punjab,Jalandhar,1.0,PM10,104.0,Moderate,"number_of_monitoring_stations in Absolute Number, aqi_value in Indices",,23.0,32.1,40.0,24.2,33,0.0,16.0,974.2
2022-05-18,Punjab,Ludhiana,1.0,PM10,185.0,Moderate,"number_of_monitoring_stations in Absolute Number, aqi_value in Indices",,8.0,33.8,41.3,26.5,29,0.0,17.2,973.3
2022-05-18,Punjab,Patiala,1.0,PM10,151.0,Moderate,"number_of_monitoring_stations in Absolute Number, aqi_value in Indices",,7.0,33.5,41.6,25.7,32,0.0,15.5,972.9
2022-05-18,Punjab,Rupnagar,1.0,PM10,82.0,Satisfactory,"number_of_monitoring_stations in Absolute Number, aqi_value in Indices",,5.0,31.9,39.1,23.4,36,0.0,13.2,972.1
2022-05-19,Punjab,Amritsar,1.0,PM10,112.0,Moderate,"number_of_monitoring_stations in Absolute Number, aqi_value in Indices",,1.0,33.9,42.5,27.4,27,0.0,24.3,974.4
2022-05-19,Punjab,Bathinda,1.0,PM10,113.0,Moderate,"number_of_monitoring_stations in Absolute Number, aqi_value in Indices",,1.0,35.6,43.8,27.3,22,0.0,15.8,977.1
2022-05-19,Punjab,Jalandhar,1.0,PM10,144.0,Moderate,"number_of_monitoring_stations in Absolute Number, aqi_value in Indices",,7.0,32.4,40.9,24.6,32,0.0,20.8,973.5
2022-05-19,Punjab,Ludhiana,1.0,PM10,152.0,Moderate,"number_of_monitoring_stations in Absolute Number, aqi_value in Indices",,7.0,34.6,43.3,25.6,27,0.0,19.6,972.5
2022-05-19,Punjab,Patiala,1.0,O3,97.0,Satisfactory,"number_of_monitoring_stations in Absolute Number, aqi_value in Indices",,3.0,34.1,42.2,25.8,29,0.0,13.0,972.3
2022-05-19,Punjab,Rupnagar,1.0,PM10,91.0,Satisfactory,"number_of_monitoring_stations in Absolute Number, aqi_value in Indices",,0.0,32.5,40.1,23.8,34,0.0,21.6,971.4
2022-05-20,Punjab,Amritsar,1.0,PM10,126.0,Moderate,"number_of_monitoring_stations in Absolute Number, aqi_value in Indices",,0.0,34.7,43.8,26.5,23,0.0,18.1,970.9
2022-05-20,Punjab,Jalandhar,1.0,PM10,167.0,Moderate,"number_of_monitoring_stations in Absolute Number, aqi_value in Indices",,4.0,33.7,43.1,24.9,24,0.0,23.4,970.1
2022-05-20,Punjab,Ludhiana,1.0,PM2.5,187.0,Moderate,"number_of_monitoring_stations in Absolute Number, aqi_value in Indices",,1.0,35.8,44.2,26.4,20,0.0,23.8,969.3
2022-05-20,Punjab,Patiala,1.0,PM10,161.0,Moderate,"number_of_monitoring_stations in Absolute Number, aqi_value in Indices",,1.0,35.4,43.5,26.7,22,0.0,16.2,969.2
2022-05-20,Punjab,Rupnagar,1.0,PM10,110.0,Moderate,"number_of_monitoring_stations in Absolute Number, aqi_value in Indices",,3.0,32.9,41.4,23.1,29,0.1,18.0,968.2
2022-05-21,Punjab,Amritsar,1.0,PM10,121.0,Moderate,"number_of_monitoring_stations in Absolute Number, aqi_value in Indices",,1.0,32.9,40.2,24.6,25,0.0,17.6,969.4
2022-05-21,Punjab,Bathinda,1.0,PM10,121.0,Moderate,"number_of_monitoring_stations in Absolute Number, aqi_value in Indices",,0.0,34.4,41.2,27.4,22,0.0,21.6,972.0
2022-05-21,Punjab,Jalandhar,1.0,PM10,131.0,Moderate,"number_of_monitoring_stations in Absolute Number, aqi_value in Indices",,4.0,32.4,39.3,23.9,26,0.0,17.8,968.4
2022-05-21,Punjab,Ludhiana,1.0,PM10,143.0,Moderate,"number_of_monitoring_stations in Absolute Number, aqi_value in Indices",,3.0,33.7,40.6,26.5,23,0.0,19.6,967.4
2022-05-21,Punjab,Patiala,1.0,PM10,164.0,Moderate,"number_of_monitoring_stations in Absolute Number, aqi_value in Indices",,4.0,32.8,38.9,26.3,31,0.0,23.7,967.4
2022-05-21,Punjab,Rupnagar,1.0,PM10,112.0,Moderate,"number_of_monitoring_stations in Absolute Number, aqi_value in Indices",,0.0,31.6,39.6,24.1,28,0.0,22.2,966.3
2022-05-22,Punjab,Amritsar,1.0,O3,150.0,Moderate,"number_of_monitoring_stations in Absolute Number, aqi_value in Indices",,1.0,32.6,40.6,23.8,25,0.0,16.2,967.7
2022-05-22,Punjab,Bathinda,1.0,PM10,112.0,Moderate,"number_of_monitoring_stations in Absolute Number, aqi_value in Indices",,0.0,33.5,41.6,25.6,26,0.0,14.8,970.6
2022-05-22,Punjab,Jalandhar,1.0,PM10,137.0,Moderate,"number_of_monitoring_stations in Absolute Number, aqi_value in Indices",,2.0,31.3,38.7,22.7,32,0.0,14.1,967.1
2022-05-22,Punjab,Ludhiana,1.0,PM2.5,227.0,Poor,"number_of_monitoring_stations in Absolute Number, aqi_value in Indices",,0.0,32.6,40.5,24.6,31,0.0,24.1,966.3
2022-05-22,Punjab,Patiala,1.0,PM10,114.0,Moderate,"number_of_monitoring_stations in Absolute Number, aqi_value in Indices",,0.0,31.5,38.8,24.5,37,0.0,24.1,966.4
2022-05-22,Punjab,Rupnagar,1.0,PM10,95.0,Satisfactory,"number_of_monitoring_stations in Absolute Number, aqi_value in Indices",,0.0,29.9,36.5,22.0,40,0.4,19.8,965.5
2022-05-23,Punjab,Amritsar,1.0,O3,193.0,Moderate,"number_of_monitoring_stations in Absolute Number, aqi_value in Indices",,1.0,28.0,33.3,20.5,45,6.6,26.9,970.8
2022-05-23,Punjab,Bathinda,1.0,PM10,287.0,Poor,"number_of_monitoring_stations in Absolute Number, aqi_value in Indices",,0.0,28.8,36.1,23.2,49,6.7,34.7,973.0
2022-05-23,Punjab,Jalandhar,1.0,PM10,90.0,Satisfactory,"number_of_monitoring_stations in Absolute Number, aqi_value in Indices",,1.0,27.5,34.6,22.4,51,9.2,28.8,969.8
2022-05-23,Punjab,Ludhiana,1.0,PM10,132.0,Moderate,"number_of_monitoring_stations in Absolute Number, aqi_value in Indices",,2.0,28.5,34.9,23.7,49,9.6,37.1,968.7
2022-05-23,Punjab,Patiala,1.0,PM10,92.0,Satisfactory,"number_of_monitoring_stations in Absolute Number, aqi_value in Indices",,0.0,27.8,33.5,21.6,52,7.4,29.5,969.1
2022-05-23,Punjab,Rupnagar,1.0,PM10,74.0,Satisfactory,"number_of_monitoring_stations in Absolute Number, aqi_value in Indices",,0.0,27.6,32.7,21.1,47,0.3,36.3,967.8
2022-05-24,Punjab,Amritsar,1.0,O3,117.0,Moderate,"number_of_monitoring_stations in Absolute Number, aqi_value in Indices",,1.0,24.4,30.3,19.2,63,5.5,21.7,978.7
2022-05-24,Punjab,Jalandhar,1.0,CO,60.0,Satisfactory,"number_of_monitoring_stations in Absolute Number, aqi_value in Indices",,0.0,23.6,29.1,20.0,70,6.5,19.1,977.8
2022-05-24,Punjab,Ludhiana,1.0,PM10,48.0,Good,"number_of_monitoring_stations in Absolute Number, aqi_value in Indices",,0.0,23.8,29.3,19.5,70,23.3,17.9,976.5
2022-05-24,Punjab,Patiala,1.0,PM10,49.0,Good,"number_of_monitoring_stations in Absolute Number, aqi_value in Indices",,0.0,23.9,28.7,20.5,69,25.4,22.2,975.6
2022-05-24,Punjab,Rupnagar,1.0,CO,35.0,Good,"number_of_monitoring_stations in Absolute Number, aqi_value in Indices",,0.0,23.4,28.3,19.7,70,17.3,23.2,975.2
2022-05-25,Punjab,Amritsar,1.0,O3,97.0,Satisfactory,"number_of_monitoring_stations in Absolute Number, aqi_value in Indices",,4.0,27.5,35.0,20.2,49,0.0,12.2,979.0
2022-05-25,Punjab,Bathinda,1.0,CO,36.0,Good,"number_of_monitoring_stations in Absolute Number, aqi_value in Indices",,0.0,28.4,34.9,21.7,51,0.0,9.0,981.8
2022-05-25,Punjab,Jalandhar,1.0,PM10,77.0,Satisfactory,"number_of_monitoring_stations in Absolute Number, aqi_value in Indices",,0.0,26.9,33.1,19.6,55,0.0,7.1,977.9
2022-05-25,Punjab,Ludhiana,1.0,O3,80.0,Satisfactory,"number_of_monitoring_stations in Absolute Number, aqi_value in Indices",,0.0,26.8,33.4,20.0,57,0.0,10.8,976.8
2022-05-25,Punjab,Patiala,1.0,PM10,73.0,Satisfactory,"number_of_monitoring_stations in Absolute Number, aqi_value in Indices",,0.0,26.5,32.4,20.0,58,0.0,7.3,976.3
2022-05-25,Punjab,Rupnagar,1.0,PM10,37.0,Good,"number_of_monitoring_stations in Absolute Number, aqi_value in Indices",,0.0,25.9,32.7,19.3,63,0.0,8.8,975.3
2022-05-26,Punjab,Amritsar,1.0,O3,94.0,Satisfactory,"number_of_monitoring_stations in Absolute Number, aqi_value in Indices",,2.0,30.8,38.3,23.4,43,0.0,14.4,975.7
2022-05-26,Punjab,Bathinda,1.0,CO,38.0,Good,"number_of_monitoring_stations in Absolute Number, aqi_value in Indices",,0.0,31.2,37.6,24.6,41,0.0,13.1,978.8
2022-05-26,Punjab,Jalandhar,1.0,PM10,112.0,Moderate,"number_of_monitoring_stations in Absolute Number, aqi_value in Indices",,5.0,29.3,35.6,22.7,51,0.0,10.3,975.1
2022-05-26,Punjab,Ludhiana,1.0,O3,154.0,Moderate,"number_of_monitoring_stations in Absolute Number, aqi_value in Indices",,0.0,29.5,35.9,22.4,49,0.0,10.7,974.2
2022-05-26,Punjab,Patiala,1.0,O3,78.0,Satisfactory,"number_of_monitoring_stations in Absolute Number, aqi_value in Indices",,1.0,28.7,34.7,22.2,53,0.0,8.3,973.9
2022-05-26,Punjab,Rupnagar,1.0,PM10,64.0,Satisfactory,"number_of_monitoring_stations in Absolute Number, aqi_value in Indices",,0.0,27.8,34.0,20.1,58,0.2,8.7,973.0
2022-05-27,Punjab,Amritsar,1.0,PM10,80.0,Satisfactory,"number_of_monitoring_stations in Absolute Number, aqi_value in Indices",,0.0,32.3,40.2,25.3,43,0.0,10.2,972.6
2022-05-27,Punjab,Bathinda,1.0,PM10,47.0,Good,"number_of_monitoring_stations in Absolute Number, aqi_value in Indices",,0.0,33.6,40.5,26.9,38,0.0,17.6,975.6
2022-05-27,Punjab,Jalandhar,1.0,PM10,134.0,Moderate,"number_of_monitoring_stations in Absolute Number, aqi_value in Indices",,0.0,30.8,37.5,24.2,50,0.0,11.0,972.0
2022-05-27,Punjab,Ludhiana,1.0,PM2.5,84.0,Satisfactory,"number_of_monitoring_stations in Absolute Number, aqi_value in Indices",,0.0,31.3,38.2,23.7,49,0.0,11.1,971.0
2022-05-27,Punjab,Patiala,1.0,PM10,93.0,Satisfactory,"number_of_monitoring_stations in Absolute Number, aqi_value in Indices",,0.0,30.4,37.3,23.6,53,0.0,11.9,970.7
2022-05-27,Punjab,Rupnagar,1.0,PM10,110.0,Moderate,"number_of_monitoring_stations in Absolute Number, aqi_value in Indices",,0.0,29.3,35.7,22.3,56,0.0,15.8,969.9
2022-05-28,Punjab,Amritsar,1.0,PM10,107.0,Moderate,"number_of_monitoring_stations in Absolute Number, aqi_value in Indices",,2.0,32.6,39.5,26.4,46,0.1,14.6,971.2
2022-05-28,Punjab,Bathinda,1.0,PM10,101.0,Moderate,"number_of_monitoring_stations in Absolute Number, aqi_value in Indices",,1.0,34.5,41.4,28.3,39,0.0,14.8,973.4
2022-05-28,Punjab,Jalandhar,1.0,PM2.5,212.0,Poor,"number_of_monitoring_stations in Absolute Number, aqi_value in Indices",,4.0,31.6,37.9,25.6,52,0.7,18.9,970.4
2022-05-28,Punjab,Ludhiana,1.0,PM2.5,127.0,Moderate,"number_of_monitoring_stations in Absolute Number, aqi_value in Indices",,3.0,32.0,38.3,26.2,50,0.4,18.9,969.3
2022-05-28,Punjab,Patiala,1.0,PM10,121.0,Moderate,"number_of_monitoring_stations in Absolute Number, aqi_value in Indices",,1.0,31.7,38.8,25.9,53,0.0,16.4,969.0
2022-05-28,Punjab,Rupnagar,1.0,PM10,262.0,Poor,"number_of_monitoring_stations in Absolute Number, aqi_value in Indices",,1.0,30.8,37.3,23.9,53,0.2,20.1,968.4
2022-05-29,Punjab,Bathinda,1.0,PM10,84.0,Satisfactory,"number_of_monitoring_stations in Absolute Number, aqi_value in Indices",,0.0,34.2,41.4,27.9,39,0.0,19.3,974.0
2022-05-29,Punjab,Jalandhar,1.0,PM2.5,126.0,Moderate,"number_of_monitoring_stations in Absolute Number, aqi_value in Indices",,1.0,31.3,37.9,25.3,51,0.5,13.7,970.9
2022-05-29,Punjab,Ludhiana,1.0,PM10,132.0,Moderate,"number_of_monitoring_stations in Absolute Number, aqi_value in Indices",,1.0,31.6,38.1,25.5,51,0.9,14.9,969.9
2022-05-29,Punjab,Patiala,1.0,PM10,102.0,Moderate,"number_of_monitoring_stations in Absolute Number, aqi_value in Indices",,0.0,31.9,36.8,26.2,54,0.0,13.0,969.6
2022-05-29,Punjab,Rupnagar,1.0,PM10,85.0,Satisfactory,"number_of_monitoring_stations in Absolute Number, aqi_value in Indices",,0.0,29.7,36.3,24.4,58,3.3,26.3,968.8
2022-05-30,Punjab,Amritsar,1.0,PM10,78.0,Satisfactory,"number_of_monitoring_stations in Absolute Number, aqi_value in Indices",,0.0,30.7,35.2,26.7,48,0.9,17.8,973.0
2022-05-30,Punjab,Bathinda,1.0,PM10,92.0,Satisfactory,"number_of_monitoring_stations in Absolute Number, aqi_value in Indices",,0.0,33.6,41.2,27.2,41,0.0,17.0,974.6
2022-05-30,Punjab,Jalandhar,1.0,PM10,167.0,Moderate,"number_of_monitoring_stations in Absolute Number, aqi_value in Indices",,0.0,30.6,35.3,26.2,55,1.2,20.5,971.9
2022-05-30,Punjab,Ludhiana,1.0,PM10,152.0,Moderate,"number_of_monitoring_stations in Absolute Number, aqi_value in Indices",,0.0,31.2,37.9,26.8,55,0.0,26.6,970.6
2022-05-30,Punjab,Patiala,1.0,PM10,146.0,Moderate,"number_of_monitoring_stations in Absolute Number, aqi_value in Indices",,0.0,32.2,39.6,26.9,54,0.0,21.0,970.2
2022-05-30,Punjab,Rupnagar,1.0,PM10,88.0,Satisfactory,"number_of_monitoring_stations in Absolute Number, aqi_value in Indices",,0.0,31.3,37.8,26.8,55,0.0,29.2,969.6
2022-05-31,Punjab,Amritsar,1.0,PM2.5,81.0,Satisfactory,"number_of_monitoring_stations in Absolute Number, aqi_value in Indices",,0.0,31.8,39.4,24.3,39,0.0,12.1,973.4
2022-05-31,Punjab,Bathinda,1.0,CO,135.0,Moderate,"number_of_monitoring_stations in Absolute Number, aqi_value in Indices",,0.0,32.7,40.0,26.1,41,0.0,14.3,976.3
2022-05-31,Punjab,Jalandhar,1.0,PM10,167.0,Moderate,"number_of_monitoring_stations in Absolute Number, aqi_value in Indices",,0.0,31.7,38.2,24.8,43,0.1,10.9,972.5
2022-05-31,Punjab,Ludhiana,1.0,O3,131.0,Moderate,"number_of_monitoring_stations in Absolute Number, aqi_value in Indices",,0.0,31.8,38.5,25.5,48,0.0,16.2,971.6
2022-05-31,Punjab,Patiala,1.0,PM10,148.0,Moderate,"number_of_monitoring_stations in Absolute Number, aqi_value in Indices",,0.0,31.2,37.6,25.4,52,0.0,14.8,971.1
2022-05-31,Punjab,Rupnagar,1.0,PM10,105.0,Moderate,"number_of_monitoring_stations in Absolute Number, aqi_value in Indices",,0.0,31.1,38.7,24.5,50,0.0,15.7,970.2
2022-06-01,Punjab,Amritsar,1.0,PM2.5,69.0,Satisfactory,"number_of_monitoring_stations in Absolute Number, aqi_value in Indices",,0.0,32.2,40.3,23.6,33,0.0,10.9,973.7
2022-06-01,Punjab,Bathinda,1.0,PM10,135.0,Moderate,"number_of_monitoring_stations in Absolute Number, aqi_value in Indices",,0.0,33.9,40.8,25.8,27,0.0,14.6,976.6
2022-06-01,Punjab,Jalandhar,1.0,PM10,153.0,Moderate,"number_of_monitoring_stations in Absolute Number, aqi_value in Indices",,0.0,31.8,39.7,23.1,35,0.0,12.9,972.8
2022-06-01,Punjab,Ludhiana,1.0,PM10,117.0,Moderate,"number_of_monitoring_stations in Absolute Number, aqi_value in Indices",,0.0,32.4,40.0,23.3,35,0.0,12.7,971.8
2022-06-01,Punjab,Patiala,1.0,PM10,126.0,Moderate,"number_of_monitoring_stations in Absolute Number, aqi_value in Indices",,0.0,31.4,39.3,24.0,38,0.0,14.4,971.3
2022-06-01,Punjab,Rupnagar,1.0,PM10,122.0,Moderate,"number_of_monitoring_stations in Absolute Number, aqi_value in Indices",,0.0,31.1,39.5,21.5,38,0.0,16.8,970.3
2022-06-02,Punjab,Amritsar,1.0,PM2.5,75.0,Satisfactory,"number_of_monitoring_stations in Absolute Number, aqi_value in Indices",,0.0,32.6,40.9,23.6,31,0.0,14.7,973.5
2022-06-02,Punjab,Bathinda,1.0,PM10,112.0,Moderate,"number_of_monitoring_stations in Absolute Number, aqi_value in Indices",,0.0,34.5,42.2,26.2,25,0.0,13.6,976.4
2022-06-02,Punjab,Jalandhar,1.0,PM10,167.0,Moderate,"number_of_monitoring_stations in Absolute Number, aqi_value in Indices",,0.0,31.9,40.0,23.8,32,0.0,20.0,972.5
2022-06-02,Punjab,Ludhiana,1.0,PM10,101.0,Moderate,"number_of_monitoring_stations in Absolute Number, aqi_value in Indices",,0.0,32.8,41.2,23.8,30,0.0,15.5,971.5
2022-06-02,Punjab,Patiala,1.0,PM10,134.0,Moderate,"number_of_monitoring_stations in Absolute Number, aqi_value in Indices",,0.0,32.2,40.4,23.6,32,0.0,18.8,970.9
2022-06-02,Punjab,Rupnagar,1.0,PM10,99.0,Satisfactory,"number_of_monitoring_stations in Absolute Number, aqi_value in Indices",,0.0,31.1,39.9,21.6,31,0.0,21.3,970.0
2022-06-03,Punjab,Bathinda,1.0,PM10,82.0,Satisfactory,"number_of_monitoring_stations in Absolute Number, aqi_value in Indices",,0.0,34.2,41.7,25.2,23,0.0,13.7,975.7
2022-06-03,Punjab,Jalandhar,1.0,PM10,107.0,Moderate,"number_of_monitoring_stations in Absolute Number, aqi_value in Indices",,0.0,32.6,40.4,24.2,27,0.0,18.4,971.6
2022-06-03,Punjab,Ludhiana,1.0,O3,72.0,Satisfactory,"number_of_monitoring_stations in Absolute Number, aqi_value in Indices",,0.0,32.6,40.9,23.9,29,0.0,14.8,970.7
2022-06-03,Punjab,Patiala,1.0,PM10,114.0,Moderate,"number_of_monitoring_stations in Absolute Number, aqi_value in Indices",,0.0,31.6,40.4,23.0,31,0.0,13.5,970.1
2022-06-03,Punjab,Rupnagar,1.0,PM10,92.0,Satisfactory,"number_of_monitoring_stations in Absolute Number, aqi_value in Indices",,0.0,31.7,40.0,20.3,29,0.0,18.5,969.1
2022-06-04,Punjab,Bathinda,1.0,PM10,100.0,Satisfactory,"number_of_monitoring_stations in Absolute Number, aqi_value in Indices",,0.0,34.3,43.3,25.2,22,0.0,11.9,975.5
2022-06-04,Punjab,Jalandhar,1.0,PM10,113.0,Moderate,"number_of_monitoring_stations in Absolute Number, aqi_value in Indices",,0.0,32.9,41.4,23.7,30,0.0,12.6,971.7
2022-06-04,Punjab,Ludhiana,1.0,O3,79.0,Satisfactory,"number_of_monitoring_stations in Absolute Number, aqi_value in Indices",,0.0,33.4,42.0,24.2,25,0.0,14.5,970.8
2022-06-04,Punjab,Patiala,1.0,PM10,108.0,Moderate,"number_of_monitoring_stations in Absolute Number, aqi_value in Indices",,0.0,32.8,41.7,24.1,29,0.0,14.1,970.3
2022-06-04,Punjab,Rupnagar,1.0,PM10,90.0,Satisfactory,"number_of_monitoring_stations in Absolute Number, aqi_value in Indices",,0.0,32.5,41.6,22.1,27,0.0,20.7,969.3
2022-06-05,Punjab,Amritsar,1.0,PM2.5,69.0,Satisfactory,"number_of_monitoring_stations in Absolute Number, aqi_value in Indices",,0.0,33.5,42.4,24.6,26,0.0,12.5,972.4
2022-06-05,Punjab,Bathinda,1.0,PM10,64.0,Satisfactory,"number_of_monitoring_stations in Absolute Number, aqi_value in Indices",,0.0,35.1,42.6,27.0,23,0.0,10.9,975.7
2022-06-05,Punjab,Jalandhar,1.0,PM10,113.0,Moderate,"number_of_monitoring_stations in Absolute Number, aqi_value in Indices",,0.0,32.7,41.4,23.7,29,0.0,11.2,971.6
2022-06-05,Punjab,Ludhiana,1.0,O3,99.0,Satisfactory,"number_of_monitoring_stations in Absolute Number, aqi_value in Indices",,0.0,34.2,42.8,25.0,23,0.0,17.9,970.6
2022-06-05,Punjab,Patiala,1.0,PM10,112.0,Moderate,"number_of_monitoring_stations in Absolute Number, aqi_value in Indices",,0.0,33.5,41.9,25.1,27,0.0,13.0,970.3
2022-06-05,Punjab,Rupnagar,1.0,PM10,96.0,Satisfactory,"number_of_monitoring_stations in Absolute Number, aqi_value in Indices",,0.0,32.3,41.6,23.3,29,0.0,9.3,969.3
2022-06-06,Punjab,Amritsar,1.0,PM2.5,146.0,Moderate,"number_of_monitoring_stations in Absolute Number, aqi_value in Indices",,0.0,34.3,43.4,25.2,24,0.0,14.2,971.7
2022-06-06,Punjab,Bathinda,1.0,PM10,116.0,Moderate,"number_of_monitoring_stations in Absolute Number, aqi_value in Indices",,0.0,35.2,43.0,27.2,24,0.0,11.9,975.0
2022-06-06,Punjab,Jalandhar,1.0,PM10,115.0,Moderate,"number_of_monitoring_stations in Absolute Number, aqi_value in Indices",,0.0,33.4,41.3,24.8,29,0.0,10.2,970.9
2022-06-06,Punjab,Ludhiana,1.0,PM10,159.0,Moderate,"number_of_monitoring_stations in Absolute Number, aqi_value in Indices",,0.0,34.1,42.2,24.7,26,0.0,11.9,970.0
2022-06-06,Punjab,Patiala,1.0,PM10,117.0,Moderate,"number_of_monitoring_stations in Absolute Number, aqi_value in Indices",,0.0,34.0,42.1,25.4,26,0.0,11.2,969.6
2022-06-06,Punjab,Rupnagar,1.0,PM10,112.0,Moderate,"number_of_monitoring_stations in Absolute Number, aqi_value in Indices",,0.0,33.4,41.7,23.2,27,0.0,11.5,968.7
2022-06-07,Punjab,Amritsar,1.0,PM2.5,191.0,Moderate,"number_of_monitoring_stations in Absolute Number, aqi_value in Indices",,0.0,35.3,43.8,27.4,23,0.0,11.9,971.1
2022-06-07,Punjab,Bathinda,1.0,PM10,93.0,Satisfactory,"number_of_monitoring_stations in Absolute Number, aqi_value in Indices",,0.0,35.6,42.7,29.7,22,0.0,13.1,974.6
2022-06-07,Punjab,Jalandhar,1.0,PM10,129.0,Moderate,"number_of_monitoring_stations in Absolute Number, aqi_value in Indices",,0.0,34.1,42.3,26.1,29,0.0,16.7,970.3
2022-06-07,Punjab,Ludhiana,1.0,PM10,190.0,Moderate,"number_of_monitoring_stations in Absolute Number, aqi_value in Indices",,0.0,34.9,42.9,25.8,25,0.0,13.7,969.5
2022-06-07,Punjab,Patiala,1.0,PM10,142.0,Moderate,"number_of_monitoring_stations in Absolute Number, aqi_value in Indices",,0.0,34.0,42.8,25.3,30,0.0,13.7,969.1
2022-06-07,Punjab,Rupnagar,1.0,PM10,113.0,Moderate,"number_of_monitoring_stations in Absolute Number, aqi_value in Indices",,0.0,34.0,42.0,23.9,27,0.0,13.6,968.2
2022-06-08,Punjab,Amritsar,1.0,PM2.5,210.0,Poor,"number_of_monitoring_stations in Absolute Number, aqi_value in Indices",,0.0,35.5,43.4,27.7,21,0.0,16.4,970.6
2022-06-08,Punjab,Bathinda,1.0,PM10,137.0,Moderate,"number_of_monitoring_stations in Absolute Number, aqi_value in Indices",,0.0,35.8,42.6,30.2,23,0.0,17.4,974.4
2022-06-08,Punjab,Jalandhar,1.0,PM10,124.0,Moderate,"number_of_monitoring_stations in Absolute Number, aqi_value in Indices",,0.0,34.8,42.4,27.6,25,0.0,13.4,969.8
2022-06-08,Punjab,Ludhiana,1.0,PM10,173.0,Moderate,"number_of_monitoring_stations in Absolute Number, aqi_value in Indices",,0.0,35.1,42.5,27.2,22,0.0,17.7,969.0
2022-06-08,Punjab,Patiala,1.0,PM10,145.0,Moderate,"number_of_monitoring_stations in Absolute Number, aqi_value in Indices",,0.0,34.7,42.0,27.3,24,0.0,17.5,968.8
2022-06-08,Punjab,Rupnagar,1.0,PM10,137.0,Moderate,"number_of_monitoring_stations in Absolute Number, aqi_value in Indices",,0.0,34.0,42.0,24.7,26,0.0,18.9,967.7
2022-06-09,Punjab,Amritsar,1.0,PM2.5,168.0,Moderate,"number_of_monitoring_stations in Absolute Number, aqi_value in Indices",,0.0,35.6,43.8,27.6,22,0.0,12.5,969.8
2022-06-09,Punjab,Bathinda,1.0,PM10,113.0,Moderate,"number_of_monitoring_stations in Absolute Number, aqi_value in Indices",,0.0,35.6,43.3,28.1,23,0.0,18.7,973.2
2022-06-09,Punjab,Jalandhar,1.0,PM10,125.0,Moderate,"number_of_monitoring_stations in Absolute Number, aqi_value in Indices",,0.0,34.6,42.3,26.3,26,0.0,12.8,969.0
2022-06-09,Punjab,Ludhiana,1.0,PM10,180.0,Moderate,"number_of_monitoring_stations in Absolute Number, aqi_value in Indices",,0.0,35.3,43.0,26.7,23,0.0,19.1,968.1
2022-06-09,Punjab,Patiala,1.0,PM10,159.0,Moderate,"number_of_monitoring_stations in Absolute Number, aqi_value in Indices",,0.0,34.6,42.8,26.6,25,0.0,16.6,967.8
2022-06-09,Punjab,Rupnagar,1.0,PM10,128.0,Moderate,"number_of_monitoring_stations in Absolute Number, aqi_value in Indices",,0.0,34.2,42.4,23.8,26,0.0,14.8,966.8
2022-06-10,Punjab,Amritsar,1.0,PM2.5,136.0,Moderate,"number_of_monitoring_stations in Absolute Number, aqi_value in Indices",,0.0,34.6,43.2,27.0,25,0.0,23.6,970.6
2022-06-10,Punjab,Bathinda,1.0,PM10,119.0,Moderate,"number_of_monitoring_stations in Absolute Number, aqi_value in Indices",,0.0,36.3,42.9,30.9,26,0.0,20.8,974.1
2022-06-10,Punjab,Jalandhar,1.0,PM10,104.0,Moderate,"number_of_monitoring_stations in Absolute Number, aqi_value in Indices",,0.0,34.0,42.2,25.2,28,0.0,24.2,969.7
2022-06-10,Punjab,Ludhiana,1.0,PM2.5,208.0,Poor,"number_of_monitoring_stations in Absolute Number, aqi_value in Indices",,0.0,34.8,42.3,28.7,23,0.0,15.8,969.0
2022-06-10,Punjab,Patiala,1.0,PM10,161.0,Moderate,"number_of_monitoring_stations in Absolute Number, aqi_value in Indices",,0.0,34.8,42.1,27.2,24,0.0,23.1,968.7
2022-06-10,Punjab,Rupnagar,1.0,PM10,108.0,Moderate,"number_of_monitoring_stations in Absolute Number, aqi_value in Indices",,0.0,33.9,41.4,25.2,27,0.0,32.7,967.6
2022-06-11,Punjab,Amritsar,1.0,PM2.5,235.0,Poor,"number_of_monitoring_stations in Absolute Number, aqi_value in Indices",,0.0,35.2,41.7,28.1,24,0.0,19.6,971.2
2022-06-11,Punjab,Bathinda,1.0,PM10,140.0,Moderate,"number_of_monitoring_stations in Absolute Number, aqi_value in Indices",,0.0,36.1,42.4,31.6,29,0.0,25.0,974.9
2022-06-11,Punjab,Jalandhar,1.0,PM10,135.0,Moderate,"number_of_monitoring_stations in Absolute Number, aqi_value in Indices",,0.0,34.2,41.4,26.9,29,0.0,21.6,970.2
2022-06-11,Punjab,Ludhiana,1.0,PM2.5,212.0,Poor,"number_of_monitoring_stations in Absolute Number, aqi_value in Indices",,0.0,35.1,41.6,28.0,28,0.5,26.4,969.5
2022-06-11,Punjab,Patiala,1.0,PM10,202.0,Poor,"number_of_monitoring_stations in Absolute Number, aqi_value in Indices",,0.0,35.0,41.7,27.4,28,0.0,28.9,969.1
2022-06-11,Punjab,Rupnagar,1.0,PM10,98.0,Satisfactory,"number_of_monitoring_stations in Absolute Number, aqi_value in Indices",,0.0,34.5,41.5,25.4,29,0.0,26.3,967.9
2022-06-12,Punjab,Amritsar,1.0,PM2.5,210.0,Poor,"number_of_monitoring_stations in Absolute Number, aqi_value in Indices",,0.0,35.2,41.8,29.7,28,0.0,16.8,972.6
2022-06-12,Punjab,Jalandhar,1.0,PM10,228.0,Poor,"number_of_monitoring_stations in Absolute Number, aqi_value in Indices",,0.0,34.4,41.2,26.7,29,0.0,11.3,971.7
2022-06-12,Punjab,Ludhiana,1.0,PM10,268.0,Poor,"number_of_monitoring_stations in Absolute Number, aqi_value in Indices",,0.0,35.4,42.2,27.3,28,0.0,13.4,970.8
2022-06-12,Punjab,Patiala,1.0,PM10,187.0,Moderate,"number_of_monitoring_stations in Absolute Number, aqi_value in Indices",,0.0,35.3,41.7,28.2,27,0.0,15.5,970.5
2022-06-12,Punjab,Rupnagar,1.0,PM10,115.0,Moderate,"number_of_monitoring_stations in Absolute Number, aqi_value in Indices",,0.0,34.7,41.5,26.0,28,0.0,13.4,969.4
2022-06-13,Punjab,Jalandhar,1.0,PM10,154.0,Moderate,"number_of_monitoring_stations in Absolute Number, aqi_value in Indices",,0.0,35.2,41.9,27.8,28,0.0,19.3,973.3
2022-06-13,Punjab,Ludhiana,1.0,PM10,198.0,Moderate,"number_of_monitoring_stations in Absolute Number, aqi_value in Indices",,0.0,36.1,43.0,28.9,28,0.0,16.9,972.3
2022-06-13,Punjab,Patiala,1.0,PM10,182.0,Moderate,"number_of_monitoring_stations in Absolute Number, aqi_value in Indices",,0.0,35.6,42.3,28.5,29,0.0,20.5,971.8
2022-06-14,Punjab,Amritsar,1.0,PM2.5,240.0,Poor,"number_of_monitoring_stations in Absolute Number, aqi_value in Indices",,0.0,36.7,43.6,28.0,23,0.0,13.8,973.2
2022-06-14,Punjab,Bathinda,1.0,PM10,192.0,Moderate,"number_of_monitoring_stations in Absolute Number, aqi_value in Indices",,0.0,36.5,42.2,30.4,34,0.0,21.8,977.1
2022-06-14,Punjab,Jalandhar,1.0,PM10,219.0,Poor,"number_of_monitoring_stations in Absolute Number, aqi_value in Indices",,0.0,35.2,42.7,27.5,28,0.0,15.6,972.2
2022-06-14,Punjab,Ludhiana,1.0,PM10,229.0,Poor,"number_of_monitoring_stations in Absolute Number, aqi_value in Indices",,0.0,35.7,43.1,28.2,29,0.0,16.0,971.4
2022-06-14,Punjab,Patiala,1.0,PM10,188.0,Moderate,"number_of_monitoring_stations in Absolute Number, aqi_value in Indices",,0.0,35.8,42.4,29.3,30,0.0,19.4,971.1
2022-06-14,Punjab,Rupnagar,1.0,PM2.5,167.0,Moderate,"number_of_monitoring_stations in Absolute Number, aqi_value in Indices",,0.0,35.1,42.5,27.8,28,0.0,20.2,969.9
2022-06-15,Punjab,Amritsar,1.0,PM2.5,235.0,Poor,"number_of_monitoring_stations in Absolute Number, aqi_value in Indices",,0.0,36.7,43.7,28.9,27,0.0,14.1,971.3
2022-06-15,Punjab,Bathinda,1.0,PM10,104.0,Moderate,"number_of_monitoring_stations in Absolute Number, aqi_value in Indices",,0.0,37.1,43.3,31.8,31,0.0,21.1,974.9
2022-06-15,Punjab,Jalandhar,1.0,PM10,124.0,Moderate,"number_of_monitoring_stations in Absolute Number, aqi_value in Indices",,0.0,35.8,42.6,28.8,30,0.0,14.7,970.5
2022-06-15,Punjab,Ludhiana,1.0,PM10,170.0,Moderate,"number_of_monitoring_stations in Absolute Number, aqi_value in Indices",,0.0,36.7,43.0,29.9,29,0.0,15.8,969.7
2022-06-15,Punjab,Patiala,1.0,PM10,154.0,Moderate,"number_of_monitoring_stations in Absolute Number, aqi_value in Indices",,0.0,36.4,42.0,30.4,31,0.0,19.1,969.6
2022-06-15,Punjab,Rupnagar,1.0,PM10,104.0,Moderate,"number_of_monitoring_stations in Absolute Number, aqi_value in Indices",,0.0,35.5,41.9,28.0,30,0.0,17.7,968.4
2022-06-16,Punjab,Amritsar,1.0,PM2.5,103.0,Moderate,"number_of_monitoring_stations in Absolute Number, aqi_value in Indices",,0.0,33.2,39.4,29.8,39,0.4,18.9,972.3
2022-06-16,Punjab,Bathinda,1.0,PM10,202.0,Poor,"number_of_monitoring_stations in Absolute Number, aqi_value in Indices",,0.0,34.7,42.0,28.1,41,15.9,21.1,975.3
2022-06-16,Punjab,Jalandhar,1.0,PM10,69.0,Satisfactory,"number_of_monitoring_stations in Absolute Number, aqi_value in Indices",,0.0,32.7,37.8,28.2,44,3.1,18.7,971.6
2022-06-16,Punjab,Ludhiana,1.0,PM10,108.0,Moderate,"number_of_monitoring_stations in Absolute Number, aqi_value in Indices",,0.0,33.3,37.9,28.6,41,1.5,17.1,970.8
2022-06-16,Punjab,Patiala,1.0,PM10,107.0,Moderate,"number_of_monitoring_stations in Absolute Number, aqi_value in Indices",,0.0,32.0,35.9,27.3,46,4.3,19.4,970.7
2022-06-17,Punjab,Amritsar,1.0,PM2.5,131.0,Moderate,"number_of_monitoring_stations in Absolute Number, aqi_value in Indices",,0.0,30.0,34.8,26.7,61,0.0,14.3,973.3
2022-06-17,Punjab,Bathinda,1.0,PM10,103.0,Moderate,"number_of_monitoring_stations in Absolute Number, aqi_value in Indices",,0.0,31.2,33.5,27.7,57,4.9,18.0,976.2
2022-06-17,Punjab,Jalandhar,1.0,PM10,44.0,Good,"number_of_monitoring_stations in Absolute Number, aqi_value in Indices",,0.0,29.6,34.9,25.8,63,0.1,18.0,972.5
2022-06-17,Punjab,Ludhiana,1.0,PM10,79.0,Satisfactory,"number_of_monitoring_stations in Absolute Number, aqi_value in Indices",,0.0,30.3,35.5,25.1,60,0.0,23.8,971.6
2022-06-17,Punjab,Patiala,1.0,PM10,52.0,Satisfactory,"number_of_monitoring_stations in Absolute Number, aqi_value in Indices",,0.0,30.1,35.5,25.1,62,0.7,18.1,971.4
2022-06-17,Punjab,Rupnagar,1.0,PM10,62.0,Satisfactory,"number_of_monitoring_stations in Absolute Number, aqi_value in Indices",,0.0,29.7,35.0,24.1,60,0.2,17.3,970.5
2022-06-18,Punjab,Amritsar,1.0,PM2.5,70.0,Satisfactory,"number_of_monitoring_stations in Absolute Number, aqi_value in Indices",,0.0,26.1,31.9,22.2,79,19.2,16.1,975.1
2022-06-18,Punjab,Bathinda,1.0,PM10,65.0,Satisfactory,"number_of_monitoring_stations in Absolute Number, aqi_value in Indices",,0.0,28.0,32.4,23.8,73,4.2,15.3,977.7
2022-06-18,Punjab,Jalandhar,1.0,PM10,57.0,Satisfactory,"number_of_monitoring_stations in Absolute Number, aqi_value in Indices",,0.0,26.2,32.1,22.1,79,13.6,21.7,974.2
2022-06-18,Punjab,Ludhiana,1.0,PM10,80.0,Satisfactory,"number_of_monitoring_stations in Absolute Number, aqi_value in Indices",,0.0,26.3,31.6,23.3,79,13.8,15.7,973.2
2022-06-18,Punjab,Patiala,1.0,PM10,47.0,Good,"number_of_monitoring_stations in Absolute Number, aqi_value in Indices",,0.0,25.7,30.2,23.8,81,28.9,15.1,972.9
2022-06-18,Punjab,Rupnagar,1.0,PM10,60.0,Satisfactory,"number_of_monitoring_stations in Absolute Number, aqi_value in Indices",,0.0,25.7,31.1,23.2,77,7.8,14.7,971.9
2022-06-19,Punjab,Amritsar,1.0,NO2,69.0,Satisfactory,"number_of_monitoring_stations in Absolute Number, aqi_value in Indices",,0.0,26.8,32.5,21.0,73,0.4,7.1,974.4
2022-06-19,Punjab,Jalandhar,1.0,PM10,38.0,Good,"number_of_monitoring_stations in Absolute Number, aqi_value in Indices",,0.0,26.8,32.4,21.3,73,0.8,8.8,973.3
2022-06-19,Punjab,Ludhiana,1.0,PM2.5,61.0,Satisfactory,"number_of_monitoring_stations in Absolute Number, aqi_value in Indices",,0.0,27.3,33.2,21.9,73,0.0,9.8,972.3
2022-06-19,Punjab,Patiala,1.0,PM10,46.0,Good,"number_of_monitoring_stations in Absolute Number, aqi_value in Indices",,0.0,27.0,33.1,22.3,74,0.0,8.1,971.9
2022-06-19,Punjab,Rupnagar,1.0,PM10,54.0,Satisfactory,"number_of_monitoring_stations in Absolute Number, aqi_value in Indices",,0.0,27.2,32.9,21.5,70,0.0,10.6,970.8
2022-06-20,Punjab,Amritsar,1.0,NO2,66.0,Satisfactory,"number_of_monitoring_stations in Absolute Number, aqi_value in Indices",,0.0,27.8,32.9,23.3,65,2.0,13.1,972.5
2022-06-20,Punjab,Bathinda,1.0,PM10,67.0,Satisfactory,"number_of_monitoring_stations in Absolute Number, aqi_value in Indices",,0.0,28.0,32.3,24.2,67,3.6,18.7,975.6
2022-06-20,Punjab,Jalandhar,1.0,PM10,69.0,Satisfactory,"number_of_monitoring_stations in Absolute Number, aqi_value in Indices",,0.0,27.1,31.4,22.7,70,1.0,16.9,971.6
2022-06-20,Punjab,Ludhiana,1.0,PM10,130.0,Moderate,"number_of_monitoring_stations in Absolute Number, aqi_value in Indices",,0.0,27.4,32.0,23.6,70,2.9,9.5,970.7
2022-06-20,Punjab,Patiala,1.0,PM10,70.0,Satisfactory,"number_of_monitoring_stations in Absolute Number, aqi_value in Indices",,0.0,27.1,32.6,22.5,75,0.8,8.7,970.3
2022-06-20,Punjab,Rupnagar,1.0,PM10,63.0,Satisfactory,"number_of_monitoring_stations in Absolute Number, aqi_value in Indices",,0.0,27.3,32.8,22.3,69,0.1,9.1,969.3
2022-06-21,Punjab,Amritsar,1.0,NO2,73.0,Satisfactory,"number_of_monitoring_stations in Absolute Number, aqi_value in Indices",,0.0,24.5,27.1,22.4,82,9.2,16.2,972.0
2022-06-21,Punjab,Bathinda,1.0,PM10,41.0,Good,"number_of_monitoring_stations in Absolute Number, aqi_value in Indices",,0.0,27.3,31.0,23.5,68,5.5,24.0,974.4
2022-06-21,Punjab,Jalandhar,1.0,PM10,34.0,Good,"number_of_monitoring_stations in Absolute Number, aqi_value in Indices",,0.0,25.1,28.4,21.8,81,5.4,24.1,971.2
2022-06-21,Punjab,Ludhiana,1.0,PM2.5,134.0,Moderate,"number_of_monitoring_stations in Absolute Number, aqi_value in Indices",,0.0,25.6,28.9,20.4,78,4.3,16.3,970.2
2022-06-21,Punjab,Patiala,1.0,PM10,55.0,Satisfactory,"number_of_monitoring_stations in Absolute Number, aqi_value in Indices",,0.0,26.3,29.7,23.4,77,7.3,15.9,969.9
2022-06-21,Punjab,Rupnagar,1.0,PM10,83.0,Satisfactory,"number_of_monitoring_stations in Absolute Number, aqi_value in Indices",,0.0,26.0,30.6,22.2,72,2.8,16.2,969.1
2022-06-22,Punjab,Amritsar,1.0,O3,184.0,Moderate,"number_of_monitoring_stations in Absolute Number, aqi_value in Indices",,0.0,26.0,30.6,20.0,74,7.9,13.3,977.7
2022-06-22,Punjab,Bathinda,1.0,PM10,58.0,Satisfactory,"number_of_monitoring_stations in Absolute Number, aqi_value in Indices",,0.0,27.7,33.6,21.1,70,4.8,12.7,980.1
2022-06-22,Punjab,Jalandhar,1.0,PM10,67.0,Satisfactory,"number_of_monitoring_stations in Absolute Number, aqi_value in Indices",,0.0,26.4,31.3,22.3,76,22.8,19.7,976.6
2022-06-22,Punjab,Ludhiana,1.0,PM10,130.0,Moderate,"number_of_monitoring_stations in Absolute Number, aqi_value in Indices",,0.0,26.8,32.0,22.2,75,14.5,14.1,975.5
2022-06-22,Punjab,Patiala,1.0,PM10,72.0,Satisfactory,"number_of_monitoring_stations in Absolute Number, aqi_value in Indices",,0.0,27.3,32.3,23.2,72,17.2,21.3,974.9
2022-06-22,Punjab,Rupnagar,1.0,PM10,88.0,Satisfactory,"number_of_monitoring_stations in Absolute Number, aqi_value in Indices",,0.0,26.9,32.9,21.3,70,21.0,24.2,974.1
2022-06-23,Punjab,Amritsar,1.0,O3,152.0,Moderate,"number_of_monitoring_stations in Absolute Number, aqi_value in Indices",,0.0,27.9,34.6,22.2,60,0.0,14.5,978.1
2022-06-23,Punjab,Bathinda,1.0,PM10,68.0,Satisfactory,"number_of_monitoring_stations in Absolute Number, aqi_value in Indices",,0.0,29.6,35.6,24.3,59,0.0,17.7,981.2
2022-06-23,Punjab,Jalandhar,1.0,PM10,97.0,Satisfactory,"number_of_monitoring_stations in Absolute Number, aqi_value in Indices",,0.0,27.5,33.8,22.6,67,0.0,14.2,976.9
2022-06-23,Punjab,Ludhiana,1.0,PM10,117.0,Moderate,"number_of_monitoring_stations in Absolute Number, aqi_value in Indices",,0.0,27.9,33.7,23.0,65,0.0,14.8,975.9
2022-06-23,Punjab,Patiala,1.0,PM10,83.0,Satisfactory,"number_of_monitoring_stations in Absolute Number, aqi_value in Indices",,0.0,28.7,34.4,24.0,60,0.0,18.9,975.2
2022-06-23,Punjab,Rupnagar,1.0,PM10,82.0,Satisfactory,"number_of_monitoring_stations in Absolute Number, aqi_value in Indices",,0.0,28.3,34.1,23.1,64,0.0,18.6,974.1
2022-06-24,Punjab,Amritsar,1.0,O3,167.0,Moderate,"number_of_monitoring_stations in Absolute Number, aqi_value in Indices",,0.0,28.8,36.0,22.2,57,0.0,10.4,974.9
2022-06-24,Punjab,Bathinda,1.0,PM10,100.0,Satisfactory,"number_of_monitoring_stations in Absolute Number, aqi_value in Indices",,0.0,30.8,36.7,24.9,50,0.0,10.0,978.2
2022-06-24,Punjab,Jalandhar,1.0,PM10,120.0,Moderate,"number_of_monitoring_stations in Absolute Number, aqi_value in Indices",,0.0,28.2,34.7,21.3,62,0.0,11.3,974.0
2022-06-24,Punjab,Ludhiana,1.0,O3,180.0,Moderate,"number_of_monitoring_stations in Absolute Number, aqi_value in Indices",,0.0,27.9,34.7,21.4,64,0.0,11.5,973.1
2022-06-24,Punjab,Patiala,1.0,PM10,95.0,Satisfactory,"number_of_monitoring_stations in Absolute Number, aqi_value in Indices",,0.0,28.8,35.4,22.4,56,0.0,14.8,972.6
2022-06-24,Punjab,Rupnagar,1.0,PM10,79.0,Satisfactory,"number_of_monitoring_stations in Absolute Number, aqi_value in Indices",,0.0,28.4,35.1,21.6,59,0.0,16.3,971.5
2022-06-25,Punjab,Amritsar,1.0,O3,217.0,Poor,"number_of_monitoring_stations in Absolute Number, aqi_value in Indices",,0.0,30.6,37.4,23.2,51,0.0,8.4,972.5
2022-06-25,Punjab,Bathinda,1.0,PM10,101.0,Moderate,"number_of_monitoring_stations in Absolute Number, aqi_value in Indices",,0.0,31.5,38.3,24.4,43,0.0,10.1,975.4
2022-06-25,Punjab,Jalandhar,1.0,PM10,104.0,Moderate,"number_of_monitoring_stations in Absolute Number, aqi_value in Indices",,0.0,29.8,36.3,22.7,61,0.0,9.8,971.6
2022-06-25,Punjab,Ludhiana,1.0,PM10,146.0,Moderate,"number_of_monitoring_stations in Absolute Number, aqi_value in Indices",,0.0,30.1,36.4,22.4,57,0.0,8.8,970.7
2022-06-25,Punjab,Patiala,1.0,PM10,104.0,Moderate,"number_of_monitoring_stations in Absolute Number, aqi_value in Indices",,0.0,30.3,36.9,22.3,53,0.0,9.7,970.3
2022-06-25,Punjab,Rupnagar,1.0,PM10,120.0,Moderate,"number_of_monitoring_stations in Absolute Number, aqi_value in Indices",,0.0,30.2,36.3,22.2,56,0.0,9.1,969.4
2022-06-26,Punjab,Amritsar,1.0,O3,177.0,Moderate,"number_of_monitoring_stations in Absolute Number, aqi_value in Indices",,0.0,32.0,38.2,25.6,53,0.0,9.1,973.8
2022-06-26,Punjab,Bathinda,1.0,PM10,208.0,Poor,"number_of_monitoring_stations in Absolute Number, aqi_value in Indices",,0.0,32.6,39.1,25.7,42,0.0,16.5,976.2
2022-06-26,Punjab,Jalandhar,1.0,PM10,118.0,Moderate,"number_of_monitoring_stations in Absolute Number, aqi_value in Indices",,0.0,31.2,36.9,24.9,60,0.1,10.3,973.0
2022-06-26,Punjab,Ludhiana,1.0,PM2.5,240.0,Poor,"number_of_monitoring_stations in Absolute Number, aqi_value in Indices",,0.0,31.7,37.2,26.0,58,0.0,14.1,971.9
2022-06-26,Punjab,Patiala,1.0,PM10,106.0,Moderate,"number_of_monitoring_stations in Absolute Number, aqi_value in Indices",,0.0,32.1,37.7,26.3,52,0.0,15.9,971.6
2022-06-26,Punjab,Rupnagar,1.0,PM10,94.0,Satisfactory,"number_of_monitoring_stations in Absolute Number, aqi_value in Indices",,0.0,31.5,36.3,25.9,59,0.0,19.2,970.8
2022-06-27,Punjab,Amritsar,1.0,O3,181.0,Moderate,"number_of_monitoring_stations in Absolute Number, aqi_value in Indices",,0.0,33.2,38.1,28.1,58,0.0,9.4,974.7
2022-06-27,Punjab,Bathinda,1.0,PM10,157.0,Moderate,"number_of_monitoring_stations in Absolute Number, aqi_value in Indices",,0.0,34.1,38.8,29.3,54,0.0,15.8,977.3
2022-06-27,Punjab,Jalandhar,1.0,O3,119.0,Moderate,"number_of_monitoring_stations in Absolute Number, aqi_value in Indices",,0.0,32.1,36.6,28.2,65,0.1,12.7,974.0
2022-06-27,Punjab,Ludhiana,1.0,PM10,137.0,Moderate,"number_of_monitoring_stations in Absolute Number, aqi_value in Indices",,0.0,32.6,37.0,28.6,62,0.0,16.7,972.9
2022-06-27,Punjab,Patiala,1.0,PM10,86.0,Satisfactory,"number_of_monitoring_stations in Absolute Number, aqi_value in Indices",,0.0,32.7,37.0,29.0,61,0.1,16.6,972.6
2022-06-27,Punjab,Rupnagar,1.0,PM10,96.0,Satisfactory,"number_of_monitoring_stations in Absolute Number, aqi_value in Indices",,0.0,32.0,36.0,26.0,63,5.2,13.2,971.8
2022-06-28,Punjab,Amritsar,1.0,O3,216.0,Poor,"number_of_monitoring_stations in Absolute Number, aqi_value in Indices",,0.0,34.0,40.2,29.2,57,0.0,10.2,971.4
2022-06-28,Punjab,Bathinda,1.0,PM10,70.0,Satisfactory,"number_of_monitoring_stations in Absolute Number, aqi_value in Indices",,0.0,35.3,40.5,30.8,48,0.0,9.3,974.2
2022-06-28,Punjab,Jalandhar,1.0,PM10,147.0,Moderate,"number_of_monitoring_stations in Absolute Number, aqi_value in Indices",,0.0,32.7,37.7,27.7,65,1.0,14.5,970.8
2022-06-28,Punjab,Ludhiana,1.0,PM10,159.0,Moderate,"number_of_monitoring_stations in Absolute Number, aqi_value in Indices",,0.0,32.4,37.7,27.1,67,6.3,16.5,969.9
2022-06-28,Punjab,Patiala,1.0,PM10,90.0,Satisfactory,"number_of_monitoring_stations in Absolute Number, aqi_value in Indices",,0.0,33.0,38.4,28.3,63,0.1,17.8,969.6
2022-06-28,Punjab,Rupnagar,1.0,PM10,100.0,Satisfactory,"number_of_monitoring_stations in Absolute Number, aqi_value in Indices",,0.0,32.3,37.2,26.9,65,1.1,14.2,968.9
2022-06-29,Punjab,Amritsar,1.0,PM2.5,244.0,Poor,"number_of_monitoring_stations in Absolute Number, aqi_value in Indices",,0.0,34.1,39.5,29.7,62,0.0,17.7,968.4
2022-06-29,Punjab,Bathinda,1.0,PM10,85.0,Satisfactory,"number_of_monitoring_stations in Absolute Number, aqi_value in Indices",,0.0,36.1,42.0,31.0,48,0.0,21.7,971.1
2022-06-29,Punjab,Jalandhar,1.0,PM10,139.0,Moderate,"number_of_monitoring_stations in Absolute Number, aqi_value in Indices",,0.0,32.5,36.8,28.8,66,0.1,23.0,968.0
2022-06-29,Punjab,Ludhiana,1.0,PM10,175.0,Moderate,"number_of_monitoring_stations in Absolute Number, aqi_value in Indices",,0.0,32.4,37.4,29.4,66,0.0,25.2,967.1
2022-06-29,Punjab,Patiala,1.0,PM10,100.0,Satisfactory,"number_of_monitoring_stations in Absolute Number, aqi_value in Indices",,0.0,31.8,37.0,27.9,67,0.0,20.6,967.1
2022-06-29,Punjab,Rupnagar,1.0,PM10,68.0,Satisfactory,"number_of_monitoring_stations in Absolute Number, aqi_value in Indices",,0.0,30.2,34.2,26.6,73,30.0,25.1,966.4
2022-06-30,Punjab,Amritsar,1.0,O3,224.0,Poor,"number_of_monitoring_stations in Absolute Number, aqi_value in Indices",,0.0,28.4,32.9,25.6,80,4.0,25.0,971.0
2022-06-30,Punjab,Bathinda,1.0,PM10,110.0,Moderate,"number_of_monitoring_stations in Absolute Number, aqi_value in Indices",,0.0,30.6,34.7,26.4,70,4.5,29.8,973.3
2022-06-30,Punjab,Jalandhar,1.0,PM10,78.0,Satisfactory,"number_of_monitoring_stations in Absolute Number, aqi_value in Indices",,0.0,27.1,29.7,24.8,85,11.3,28.4,970.6
2022-06-30,Punjab,Ludhiana,1.0,PM10,131.0,Moderate,"number_of_monitoring_stations in Absolute Number, aqi_value in Indices",,0.0,26.9,28.8,25.0,86,21.3,28.5,969.6
2022-06-30,Punjab,Patiala,1.0,PM10,63.0,Satisfactory,"number_of_monitoring_stations in Absolute Number, aqi_value in Indices",,0.0,26.1,28.4,24.7,91,18.7,23.0,969.6
2022-06-30,Punjab,Rupnagar,1.0,CO,50.0,Good,"number_of_monitoring_stations in Absolute Number, aqi_value in Indices",,0.0,25.9,27.6,24.8,89,75.2,28.1,968.9
2022-07-01,Punjab,Amritsar,1.0,O3,180.0,Moderate,"number_of_monitoring_stations in Absolute Number, aqi_value in Indices",,0.0,27.7,31.9,24.5,79,33.4,15.3,973.4
2022-07-01,Punjab,Bathinda,1.0,PM10,45.0,Good,"number_of_monitoring_stations in Absolute Number, aqi_value in Indices",,0.0,27.3,30.1,25.4,85,24.3,17.6,975.9
2022-07-01,Punjab,Jalandhar,1.0,CO,29.0,Good,"number_of_monitoring_stations in Absolute Number, aqi_value in Indices",,0.0,27.7,31.8,24.6,82,14.2,14.3,972.5
2022-07-01,Punjab,Ludhiana,1.0,CO,50.0,Good,"number_of_monitoring_stations in Absolute Number, aqi_value in Indices",,0.0,27.0,30.7,24.8,87,32.0,11.2,971.4
2022-07-01,Punjab,Patiala,1.0,CO,44.0,Good,"number_of_monitoring_stations in Absolute Number, aqi_value in Indices",,0.0,27.8,32.2,24.7,81,9.0,12.3,970.9
2022-07-01,Punjab,Rupnagar,1.0,PM10,52.0,Satisfactory,"number_of_monitoring_stations in Absolute Number, aqi_value in Indices",,0.0,27.1,30.4,24.6,84,27.1,15.0,970.2
2022-07-02,Punjab,Amritsar,1.0,O3,183.0,Moderate,"number_of_monitoring_stations in Absolute Number, aqi_value in Indices",,0.0,30.2,34.1,26.2,74,0.1,8.0,971.5
2022-07-02,Punjab,Bathinda,1.0,PM10,43.0,Good,"number_of_monitoring_stations in Absolute Number, aqi_value in Indices",,0.0,30.8,35.2,26.6,69,0.3,10.7,973.9
2022-07-02,Punjab,Jalandhar,1.0,PM10,56.0,Satisfactory,"number_of_monitoring_stations in Absolute Number, aqi_value in Indices",,0.0,29.5,33.4,25.7,78,1.3,9.9,970.6
2022-07-02,Punjab,Ludhiana,1.0,PM10,119.0,Moderate,"number_of_monitoring_stations in Absolute Number, aqi_value in Indices",,0.0,29.8,33.7,26.1,76,0.2,9.9,969.5
2022-07-02,Punjab,Patiala,1.0,CO,50.0,Good,"number_of_monitoring_stations in Absolute Number, aqi_value in Indices",,0.0,29.5,33.3,25.8,76,0.8,12.3,969.1
2022-07-02,Punjab,Rupnagar,1.0,PM10,107.0,Moderate,"number_of_monitoring_stations in Absolute Number, aqi_value in Indices",,0.0,29.1,32.4,26.0,79,5.6,14.8,968.4
2022-07-03,Punjab,Amritsar,1.0,O3,182.0,Moderate,"number_of_monitoring_stations in Absolute Number, aqi_value in Indices",,0.0,29.5,33.3,25.9,79,13.3,16.5,972.7
2022-07-03,Punjab,Bathinda,1.0,PM10,78.0,Satisfactory,"number_of_monitoring_stations in Absolute Number, aqi_value in Indices",,0.0,30.4,34.2,26.8,74,1.7,16.8,975.1
2022-07-03,Punjab,Jalandhar,1.0,PM10,42.0,Good,"number_of_monitoring_stations in Absolute Number, aqi_value in Indices",,0.0,29.1,33.0,25.7,82,7.8,15.5,971.9
2022-07-03,Punjab,Ludhiana,1.0,PM10,89.0,Satisfactory,"number_of_monitoring_stations in Absolute Number, aqi_value in Indices",,0.0,29.3,33.0,25.8,80,13.0,15.7,970.8
2022-07-03,Punjab,Patiala,1.0,PM10,44.0,Good,"number_of_monitoring_stations in Absolute Number, aqi_value in Indices",,0.0,29.2,33.0,25.4,80,2.2,17.6,970.4
2022-07-03,Punjab,Rupnagar,1.0,PM10,60.0,Satisfactory,"number_of_monitoring_stations in Absolute Number, aqi_value in Indices",,0.0,29.2,33.4,26.1,77,0.7,17.1,969.7
2022-07-04,Punjab,Amritsar,1.0,O3,113.0,Moderate,"number_of_monitoring_stations in Absolute Number, aqi_value in Indices",,0.0,31.2,35.5,27.2,73,0.4,8.0,972.1
2022-07-04,Punjab,Bathinda,1.0,PM10,55.0,Satisfactory,"number_of_monitoring_stations in Absolute Number, aqi_value in Indices",,0.0,31.7,35.9,27.5,71,0.4,8.9,974.8
2022-07-04,Punjab,Jalandhar,1.0,O3,43.0,Good,"number_of_monitoring_stations in Absolute Number, aqi_value in Indices",,0.0,30.6,34.7,26.8,78,0.2,11.9,971.2
2022-07-04,Punjab,Ludhiana,1.0,PM10,114.0,Moderate,"number_of_monitoring_stations in Absolute Number, aqi_value in Indices",,0.0,30.6,34.6,27.1,78,0.3,9.1,970.2
2022-07-04,Punjab,Patiala,1.0,CO,58.0,Satisfactory,"number_of_monitoring_stations in Absolute Number, aqi_value in Indices",,0.0,30.0,34.4,26.5,80,0.9,12.4,969.8
2022-07-04,Punjab,Rupnagar,1.0,PM10,106.0,Moderate,"number_of_monitoring_stations in Absolute Number, aqi_value in Indices",,0.0,29.9,34.1,26.2,78,1.1,10.2,969.0
2022-07-05,Punjab,Amritsar,1.0,PM2.5,121.0,Moderate,"number_of_monitoring_stations in Absolute Number, aqi_value in Indices",,0.0,31.9,36.4,26.6,72,13.0,9.4,971.9
2022-07-05,Punjab,Bathinda,1.0,PM10,74.0,Satisfactory,"number_of_monitoring_stations in Absolute Number, aqi_value in Indices",,0.0,32.9,37.2,28.2,67,0.1,11.5,974.5
2022-07-05,Punjab,Jalandhar,1.0,PM10,77.0,Satisfactory,"number_of_monitoring_stations in Absolute Number, aqi_value in Indices",,0.0,31.7,35.6,28.2,73,2.9,11.1,971.0
2022-07-05,Punjab,Ludhiana,1.0,PM10,125.0,Moderate,"number_of_monitoring_stations in Absolute Number, aqi_value in Indices",,0.0,31.6,35.8,27.9,74,0.2,13.2,970.1
2022-07-05,Punjab,Patiala,1.0,PM10,74.0,Satisfactory,"number_of_monitoring_stations in Absolute Number, aqi_value in Indices",,0.0,30.8,34.9,27.1,76,0.2,13.1,969.8
2022-07-05,Punjab,Rupnagar,1.0,PM10,133.0,Moderate,"number_of_monitoring_stations in Absolute Number, aqi_value in Indices",,0.0,30.7,34.9,27.4,74,0.0,17.4,968.9
2022-07-06,Punjab,Amritsar,1.0,PM2.5,151.0,Moderate,"number_of_monitoring_stations in Absolute Number, aqi_value in Indices",,0.0,30.3,34.9,26.9,79,10.3,20.2,975.2
2022-07-06,Punjab,Bathinda,1.0,PM10,109.0,Moderate,"number_of_monitoring_stations in Absolute Number, aqi_value in Indices",,0.0,32.2,36.7,28.1,70,13.8,17.1,977.4
2022-07-06,Punjab,Jalandhar,1.0,PM10,98.0,Satisfactory,"number_of_monitoring_stations in Absolute Number, aqi_value in Indices",,0.0,29.7,35.1,26.3,81,3.0,19.4,974.4
2022-07-06,Punjab,Ludhiana,1.0,PM10,108.0,Moderate,"number_of_monitoring_stations in Absolute Number, aqi_value in Indices",,0.0,30.1,34.8,26.2,79,8.0,15.6,973.3
2022-07-06,Punjab,Patiala,1.0,PM10,66.0,Satisfactory,"number_of_monitoring_stations in Absolute Number, aqi_value in Indices",,0.0,30.0,35.0,26.4,79,16.2,15.4,972.9
2022-07-06,Punjab,Rupnagar,1.0,PM10,79.0,Satisfactory,"number_of_monitoring_stations in Absolute Number, aqi_value in Indices",,0.0,29.9,34.4,26.6,78,1.7,16.9,972.1
2022-07-07,Punjab,Amritsar,1.0,PM2.5,117.0,Moderate,"number_of_monitoring_stations in Absolute Number, aqi_value in Indices",,0.0,31.3,35.4,27.3,75,0.6,11.9,977.0
2022-07-07,Punjab,Bathinda,1.0,PM10,67.0,Satisfactory,"number_of_monitoring_stations in Absolute Number, aqi_value in Indices",,0.0,32.2,36.4,28.0,70,8.1,16.2,979.5
2022-07-07,Punjab,Jalandhar,1.0,PM10,79.0,Satisfactory,"number_of_monitoring_stations in Absolute Number, aqi_value in Indices",,0.0,30.4,34.6,26.6,78,0.8,14.5,976.0
2022-07-07,Punjab,Ludhiana,1.0,PM10,79.0,Satisfactory,"number_of_monitoring_stations in Absolute Number, aqi_value in Indices",,0.0,30.7,34.5,27.5,78,1.2,13.5,975.0
2022-07-07,Punjab,Patiala,1.0,PM10,60.0,Satisfactory,"number_of_monitoring_stations in Absolute Number, aqi_value in Indices",,0.0,30.3,33.9,26.3,78,18.0,15.9,974.7
2022-07-07,Punjab,Rupnagar,1.0,PM10,150.0,Moderate,"number_of_monitoring_stations in Absolute Number, aqi_value in Indices",,0.0,30.0,33.8,26.6,79,6.1,13.8,973.9
2022-07-08,Punjab,Amritsar,1.0,PM2.5,151.0,Moderate,"number_of_monitoring_stations in Absolute Number, aqi_value in Indices",,0.0,30.1,35.1,25.9,81,25.5,14.4,974.3
2022-07-08,Punjab,Bathinda,1.0,PM10,81.0,Satisfactory,"number_of_monitoring_stations in Absolute Number, aqi_value in Indices",,0.0,31.7,36.9,26.8,74,10.7,13.2,976.7
2022-07-08,Punjab,Jalandhar,1.0,PM10,83.0,Satisfactory,"number_of_monitoring_stations in Absolute Number, aqi_value in Indices",,0.0,29.8,34.7,25.1,82,22.7,10.0,973.4
2022-07-08,Punjab,Ludhiana,1.0,PM10,95.0,Satisfactory,"number_of_monitoring_stations in Absolute Number, aqi_value in Indices",,0.0,30.5,35.1,25.3,80,22.7,15.2,972.3
2022-07-08,Punjab,Patiala,1.0,PM10,61.0,Satisfactory,"number_of_monitoring_stations in Absolute Number, aqi_value in Indices",,0.0,30.8,35.0,28.3,77,0.8,12.0,971.9
2022-07-08,Punjab,Rupnagar,1.0,PM10,81.0,Satisfactory,"number_of_monitoring_stations in Absolute Number, aqi_value in Indices",,0.0,29.9,33.9,26.6,78,22.3,9.2,971.1
2022-07-09,Punjab,Bathinda,1.0,PM10,82.0,Satisfactory,"number_of_monitoring_stations in Absolute Number, aqi_value in Indices",,0.0,30.9,37.0,27.8,75,6.4,16.0,974.4
2022-07-09,Punjab,Jalandhar,1.0,PM10,84.0,Satisfactory,"number_of_monitoring_stations in Absolute Number, aqi_value in Indices",,0.0,29.0,35.0,26.3,85,12.0,16.6,971.0
2022-07-09,Punjab,Ludhiana,1.0,PM10,89.0,Satisfactory,"number_of_monitoring_stations in Absolute Number, aqi_value in Indices",,0.0,29.3,34.8,26.4,83,35.5,18.6,970.1
2022-07-09,Punjab,Patiala,1.0,PM10,63.0,Satisfactory,"number_of_monitoring_stations in Absolute Number, aqi_value in Indices",,0.0,28.9,32.6,26.1,81,7.9,17.0,970.0
2022-07-09,Punjab,Rupnagar,1.0,PM10,53.0,Satisfactory,"number_of_monitoring_stations in Absolute Number, aqi_value in Indices",,0.0,28.5,32.1,25.7,81,27.3,20.5,969.1
2022-07-10,Punjab,Amritsar,1.0,PM2.5,67.0,Satisfactory,"number_of_monitoring_stations in Absolute Number, aqi_value in Indices",,0.0,28.1,31.7,25.1,81,1.4,14.1,974.1
2022-07-10,Punjab,Bathinda,1.0,PM10,55.0,Satisfactory,"number_of_monitoring_stations in Absolute Number, aqi_value in Indices",,0.0,29.1,32.7,26.8,79,4.7,19.2,976.8
2022-07-10,Punjab,Jalandhar,1.0,PM10,35.0,Good,"number_of_monitoring_stations in Absolute Number, aqi_value in Indices",,0.0,26.8,30.7,24.4,87,24.4,13.9,973.4
2022-07-10,Punjab,Ludhiana,1.0,PM10,49.0,Good,"number_of_monitoring_stations in Absolute Number, aqi_value in Indices",,0.0,27.3,30.7,24.2,86,17.4,14.2,972.3
2022-07-10,Punjab,Patiala,1.0,PM10,26.0,Good,"number_of_monitoring_stations in Absolute Number, aqi_value in Indices",,0.0,26.8,30.3,25.0,88,39.1,11.2,971.9
2022-07-11,Punjab,Amritsar,1.0,PM2.5,73.0,Satisfactory,"number_of_monitoring_stations in Absolute Number, aqi_value in Indices",,0.0,29.5,33.2,25.9,80,0.4,7.4,974.4
2022-07-11,Punjab,Bathinda,1.0,PM10,58.0,Satisfactory,"number_of_monitoring_stations in Absolute Number, aqi_value in Indices",,0.0,30.7,34.7,27.5,74,0.2,8.9,977.2
2022-07-11,Punjab,Jalandhar,1.0,PM10,71.0,Satisfactory,"number_of_monitoring_stations in Absolute Number, aqi_value in Indices",,0.0,29.3,32.8,25.5,84,3.8,6.6,973.4
2022-07-11,Punjab,Ludhiana,1.0,PM10,74.0,Satisfactory,"number_of_monitoring_stations in Absolute Number, aqi_value in Indices",,0.0,29.6,33.0,26.3,82,4.1,7.4,972.4
2022-07-11,Punjab,Patiala,1.0,PM10,41.0,Good,"number_of_monitoring_stations in Absolute Number, aqi_value in Indices",,0.0,29.3,33.3,25.7,82,2.3,7.9,971.9
2022-07-12,Punjab,Amritsar,1.0,NO2,67.0,Satisfactory,"number_of_monitoring_stations in Absolute Number, aqi_value in Indices",,0.0,30.7,34.9,26.5,78,0.2,10.5,973.3
2022-07-12,Punjab,Bathinda,1.0,PM10,117.0,Moderate,"number_of_monitoring_stations in Absolute Number, aqi_value in Indices",,0.0,31.3,36.1,26.8,74,9.4,10.1,976.2
2022-07-12,Punjab,Jalandhar,1.0,PM10,55.0,Satisfactory,"number_of_monitoring_stations in Absolute Number, aqi_value in Indices",,0.0,29.6,34.1,25.4,81,6.4,10.5,972.6
2022-07-12,Punjab,Ludhiana,1.0,PM10,112.0,Moderate,"number_of_monitoring_stations in Absolute Number, aqi_value in Indices",,0.0,29.2,33.9,25.2,82,7.7,11.0,971.6
2022-07-12,Punjab,Patiala,1.0,PM10,32.0,Good,"number_of_monitoring_stations in Absolute Number, aqi_value in Indices",,0.0,29.2,33.1,25.3,84,7.5,12.1,971.3
2022-07-12,Punjab,Rupnagar,1.0,PM10,49.0,Good,"number_of_monitoring_stations in Absolute Number, aqi_value in Indices",,0.0,28.6,32.8,24.1,83,9.2,13.0,970.4
2022-07-13,Punjab,Amritsar,1.0,NO2,77.0,Satisfactory,"number_of_monitoring_stations in Absolute Number, aqi_value in Indices",,0.0,29.2,34.1,24.0,83,18.8,14.6,971.8
2022-07-13,Punjab,Bathinda,1.0,PM10,78.0,Satisfactory,"number_of_monitoring_stations in Absolute Number, aqi_value in Indices",,0.0,31.3,36.0,27.6,73,0.1,17.7,974.4
2022-07-13,Punjab,Jalandhar,1.0,PM10,83.0,Satisfactory,"number_of_monitoring_stations in Absolute Number, aqi_value in Indices",,0.0,28.9,33.5,25.3,84,3.1,11.3,971.1
2022-07-13,Punjab,Ludhiana,1.0,PM2.5,71.0,Satisfactory,"number_of_monitoring_stations in Absolute Number, aqi_value in Indices",,0.0,29.1,33.6,24.9,84,6.4,14.0,970.0
2022-07-13,Punjab,Patiala,1.0,PM10,53.0,Satisfactory,"number_of_monitoring_stations in Absolute Number, aqi_value in Indices",,0.0,28.9,33.6,25.6,84,7.2,13.3,969.7
2022-07-13,Punjab,Rupnagar,1.0,PM10,34.0,Good,"number_of_monitoring_stations in Absolute Number, aqi_value in Indices",,0.0,28.8,33.3,24.8,83,6.6,11.9,968.9
2022-07-14,Punjab,Amritsar,1.0,NO2,67.0,Satisfactory,"number_of_monitoring_stations in Absolute Number, aqi_value in Indices",,0.0,28.7,31.6,26.6,85,1.2,13.9,972.5
2022-07-14,Punjab,Bathinda,1.0,PM10,117.0,Moderate,"number_of_monitoring_stations in Absolute Number, aqi_value in Indices",,0.0,29.0,33.7,26.7,81,21.4,16.2,975.0
2022-07-14,Punjab,Jalandhar,1.0,PM10,55.0,Satisfactory,"number_of_monitoring_stations in Absolute Number, aqi_value in Indices",,0.0,28.3,32.7,25.7,86,4.9,13.5,971.5
2022-07-14,Punjab,Ludhiana,1.0,PM10,112.0,Moderate,"number_of_monitoring_stations in Absolute Number, aqi_value in Indices",,0.0,28.5,32.8,26.0,86,7.7,10.7,970.4
2022-07-14,Punjab,Patiala,1.0,PM10,32.0,Good,"number_of_monitoring_stations in Absolute Number, aqi_value in Indices",,0.0,28.3,32.9,26.3,86,3.5,16.5,969.9
2022-07-14,Punjab,Rupnagar,1.0,PM10,49.0,Good,"number_of_monitoring_stations in Absolute Number, aqi_value in Indices",,0.0,28.8,33.2,25.2,81,1.1,11.0,969.1
2022-07-15,Punjab,Amritsar,1.0,NO2,65.0,Satisfactory,"number_of_monitoring_stations in Absolute Number, aqi_value in Indices",,0.0,27.0,30.1,25.1,84,5.2,16.4,975.3
2022-07-15,Punjab,Bathinda,1.0,PM10,34.0,Good,"number_of_monitoring_stations in Absolute Number, aqi_value in Indices",,0.0,27.8,32.4,25.6,86,12.9,18.4,977.2
2022-07-15,Punjab,Jalandhar,1.0,PM10,30.0,Good,"number_of_monitoring_stations in Absolute Number, aqi_value in Indices",,0.0,28.9,33.2,25.8,79,4.0,13.0,973.9
2022-07-15,Punjab,Ludhiana,1.0,PM10,44.0,Good,"number_of_monitoring_stations in Absolute Number, aqi_value in Indices",,0.0,28.5,33.8,25.7,83,11.8,16.4,972.7
2022-07-15,Punjab,Patiala,1.0,PM10,32.0,Good,"number_of_monitoring_stations in Absolute Number, aqi_value in Indices",,0.0,29.3,34.4,25.9,79,0.5,16.3,971.8
2022-07-15,Punjab,Rupnagar,1.0,PM10,34.0,Good,"number_of_monitoring_stations in Absolute Number, aqi_value in Indices",,0.0,29.0,33.6,25.2,80,0.5,11.4,971.2
2022-07-16,Punjab,Amritsar,1.0,NO2,65.0,Satisfactory,"number_of_monitoring_stations in Absolute Number, aqi_value in Indices",,0.0,30.0,35.4,25.2,71,0.0,9.0,974.8
2022-07-16,Punjab,Bathinda,1.0,PM10,54.0,Satisfactory,"number_of_monitoring_stations in Absolute Number, aqi_value in Indices",,0.0,29.8,34.0,26.6,79,1.4,12.0,977.4
2022-07-16,Punjab,Jalandhar,1.0,PM10,64.0,Satisfactory,"number_of_monitoring_stations in Absolute Number, aqi_value in Indices",,0.0,30.0,34.9,24.8,75,0.0,6.9,973.8
2022-07-16,Punjab,Ludhiana,1.0,PM10,68.0,Satisfactory,"number_of_monitoring_stations in Absolute Number, aqi_value in Indices",,0.0,30.0,34.4,25.1,79,0.3,7.7,972.8
2022-07-16,Punjab,Patiala,1.0,PM2.5,44.0,Good,"number_of_monitoring_stations in Absolute Number, aqi_value in Indices",,0.0,29.9,34.0,25.8,78,0.9,9.4,972.3
2022-07-16,Punjab,Rupnagar,1.0,PM10,52.0,Satisfactory,"number_of_monitoring_stations in Absolute Number, aqi_value in Indices",,0.0,30.0,34.6,24.5,74,0.0,7.8,971.4
2022-07-17,Punjab,Amritsar,1.0,NO2,59.0,Satisfactory,"number_of_monitoring_stations in Absolute Number, aqi_value in Indices",,0.0,27.7,31.7,24.8,86,16.9,12.3,977.2
2022-07-17,Punjab,Bathinda,1.0,PM10,47.0,Good,"number_of_monitoring_stations in Absolute Number, aqi_value in Indices",,0.0,28.9,33.1,25.9,82,8.1,21.0,979.4
2022-07-17,Punjab,Jalandhar,1.0,PM10,37.0,Good,"number_of_monitoring_stations in Absolute Number, aqi_value in Indices",,0.0,27.7,31.2,24.5,87,25.3,14.4,976.3
2022-07-17,Punjab,Ludhiana,1.0,PM10,50.0,Good,"number_of_monitoring_stations in Absolute Number, aqi_value in Indices",,0.0,28.4,32.4,24.6,83,19.8,11.0,975.1
2022-07-17,Punjab,Rupnagar,1.0,CO,25.0,Good,"number_of_monitoring_stations in Absolute Number, aqi_value in Indices",,0.0,29.1,33.2,25.7,79,24.0,10.7,973.6
2022-07-18,Punjab,Amritsar,1.0,NO2,65.0,Satisfactory,"number_of_monitoring_stations in Absolute Number, aqi_value in Indices",,0.0,30.3,34.9,25.2,74,0.0,6.6,975.3
2022-07-18,Punjab,Bathinda,1.0,PM10,50.0,Good,"number_of_monitoring_stations in Absolute Number, aqi_value in Indices",,0.0,31.0,35.0,26.9,76,0.0,6.8,978.0
2022-07-18,Punjab,Jalandhar,1.0,PM10,59.0,Satisfactory,"number_of_monitoring_stations in Absolute Number, aqi_value in Indices",,0.0,30.1,34.6,25.3,78,0.0,6.6,974.2
2022-07-18,Punjab,Ludhiana,1.0,O3,48.0,Good,"number_of_monitoring_stations in Absolute Number, aqi_value in Indices",,0.0,30.4,34.7,25.8,77,0.0,6.4,973.1
2022-07-18,Punjab,Patiala,1.0,PM2.5,42.0,Good,"number_of_monitoring_stations in Absolute Number, aqi_value in Indices",,0.0,30.6,34.8,26.4,76,0.0,6.4,972.6
2022-07-18,Punjab,Rupnagar,1.0,PM10,65.0,Satisfactory,"number_of_monitoring_stations in Absolute Number, aqi_value in Indices",,0.0,30.4,35.1,25.5,74,0.0,8.3,971.7
2022-07-19,Punjab,Amritsar,1.0,PM10,92.0,Satisfactory,"number_of_monitoring_stations in Absolute Number, aqi_value in Indices",,0.0,31.5,35.3,27.4,72,0.0,6.6,973.2
2022-07-19,Punjab,Jalandhar,1.0,PM10,85.0,Satisfactory,"number_of_monitoring_stations in Absolute Number, aqi_value in Indices",,0.0,30.9,34.5,26.8,77,0.1,6.5,972.4
2022-07-19,Punjab,Ludhiana,1.0,O3,82.0,Satisfactory,"number_of_monitoring_stations in Absolute Number, aqi_value in Indices",,0.0,30.6,33.9,27.3,80,0.2,8.6,971.4
2022-07-19,Punjab,Patiala,1.0,PM2.5,61.0,Satisfactory,"number_of_monitoring_stations in Absolute Number, aqi_value in Indices",,0.0,30.7,34.4,26.9,79,0.8,8.9,971.0
2022-07-20,Punjab,Amritsar,1.0,PM10,92.0,Satisfactory,"number_of_monitoring_stations in Absolute Number, aqi_value in Indices",,0.0,29.6,32.1,25.9,81,20.1,15.6,972.3
2022-07-20,Punjab,Jalandhar,1.0,PM10,69.0,Satisfactory,"number_of_monitoring_stations in Absolute Number, aqi_value in Indices",,0.0,28.8,32.0,25.6,87,26.6,15.1,971.6
2022-07-20,Punjab,Ludhiana,1.0,PM10,93.0,Satisfactory,"number_of_monitoring_stations in Absolute Number, aqi_value in Indices",,0.0,28.8,32.0,25.9,88,27.4,13.2,970.6
2022-07-20,Punjab,Patiala,1.0,PM2.5,53.0,Satisfactory,"number_of_monitoring_stations in Absolute Number, aqi_value in Indices",,0.0,28.6,32.4,25.4,87,10.6,12.3,970.4
2022-07-20,Punjab,Rupnagar,1.0,PM10,32.0,Good,"number_of_monitoring_stations in Absolute Number, aqi_value in Indices",,0.0,28.2,32.0,25.3,86,27.2,17.7,969.6
2022-07-21,Punjab,Amritsar,1.0,NO2,68.0,Satisfactory,"number_of_monitoring_stations in Absolute Number, aqi_value in Indices",,0.0,26.1,29.0,24.6,91,59.4,17.8,975.0
2022-07-21,Punjab,Bathinda,1.0,PM10,62.0,Satisfactory,"number_of_monitoring_stations in Absolute Number, aqi_value in Indices",,0.0,27.6,31.5,24.8,86,28.2,19.4,977.7
2022-07-21,Punjab,Ludhiana,1.0,PM10,103.0,Moderate,"number_of_monitoring_stations in Absolute Number, aqi_value in Indices",,0.0,26.2,29.7,24.4,90,27.3,14.5,973.5
2022-07-21,Punjab,Patiala,1.0,PM2.5,38.0,Good,"number_of_monitoring_stations in Absolute Number, aqi_value in Indices",,0.0,26.1,29.9,23.8,90,14.2,14.3,973.2
2022-07-21,Punjab,Rupnagar,1.0,CO,31.0,Good,"number_of_monitoring_stations in Absolute Number, aqi_value in Indices",,0.0,26.5,29.1,24.5,87,12.2,19.2,972.3
2022-07-22,Punjab,Amritsar,1.0,NO2,79.0,Satisfactory,"number_of_monitoring_stations in Absolute Number, aqi_value in Indices",,0.0,28.4,32.2,24.8,85,3.0,14.2,976.8
2022-07-22,Punjab,Bathinda,1.0,PM10,59.0,Satisfactory,"number_of_monitoring_stations in Absolute Number, aqi_value in Indices",,0.0,28.2,32.7,25.6,84,4.5,16.3,979.4
2022-07-22,Punjab,Jalandhar,1.0,PM10,75.0,Satisfactory,"number_of_monitoring_stations in Absolute Number, aqi_value in Indices",,0.0,28.0,32.3,25.2,87,5.3,12.9,976.0
2022-07-22,Punjab,Ludhiana,1.0,PM10,100.0,Satisfactory,"number_of_monitoring_stations in Absolute Number, aqi_value in Indices",,0.0,27.9,32.0,25.2,86,7.1,13.8,975.0
2022-07-22,Punjab,Patiala,1.0,PM10,50.0,Good,"number_of_monitoring_stations in Absolute Number, aqi_value in Indices",,0.0,27.3,31.9,24.4,88,1.6,14.5,974.7
2022-07-22,Punjab,Rupnagar,1.0,PM10,32.0,Good,"number_of_monitoring_stations in Absolute Number, aqi_value in Indices",,0.0,27.8,32.1,24.9,86,1.8,11.8,973.8
2022-07-23,Punjab,Amritsar,1.0,PM10,101.0,Moderate,"number_of_monitoring_stations in Absolute Number, aqi_value in Indices",,0.0,28.3,31.4,25.9,86,1.5,16.8,976.7
2022-07-23,Punjab,Bathinda,1.0,PM10,66.0,Satisfactory,"number_of_monitoring_stations in Absolute Number, aqi_value in Indices",,0.0,28.6,32.7,26.0,84,6.9,18.1,978.8
2022-07-23,Punjab,Jalandhar,1.0,PM10,68.0,Satisfactory,"number_of_monitoring_stations in Absolute Number, aqi_value in Indices",,0.0,28.1,30.5,25.6,85,0.5,15.3,975.7
2022-07-23,Punjab,Ludhiana,1.0,PM10,100.0,Satisfactory,"number_of_monitoring_stations in Absolute Number, aqi_value in Indices",,0.0,28.3,31.4,25.6,84,1.2,16.2,974.5
2022-07-23,Punjab,Patiala,1.0,O3,58.0,Satisfactory,"number_of_monitoring_stations in Absolute Number, aqi_value in Indices",,0.0,28.6,32.5,25.5,81,0.5,19.9,973.9
2022-07-23,Punjab,Rupnagar,1.0,PM10,49.0,Good,"number_of_monitoring_stations in Absolute Number, aqi_value in Indices",,0.0,27.8,30.8,25.4,85,9.3,9.4,973.3
2022-07-24,Punjab,Amritsar,1.0,NO2,59.0,Satisfactory,"number_of_monitoring_stations in Absolute Number, aqi_value in Indices",,0.0,28.9,33.1,26.4,80,12.6,12.1,976.4
2022-07-24,Punjab,Bathinda,1.0,PM10,60.0,Satisfactory,"number_of_monitoring_stations in Absolute Number, aqi_value in Indices",,0.0,29.6,33.9,26.2,81,11.4,15.6,978.3
2022-07-24,Punjab,Jalandhar,1.0,O3,46.0,Good,"number_of_monitoring_stations in Absolute Number, aqi_value in Indices",,0.0,29.0,33.6,26.0,81,5.7,12.8,975.3
2022-07-24,Punjab,Ludhiana,1.0,PM2.5,44.0,Good,"number_of_monitoring_stations in Absolute Number, aqi_value in Indices",,0.0,29.0,33.4,26.3,82,1.4,15.0,974.1
2022-07-24,Punjab,Patiala,1.0,O3,45.0,Good,"number_of_monitoring_stations in Absolute Number, aqi_value in Indices",,0.0,29.5,33.4,26.7,77,0.8,16.6,973.5
2022-07-24,Punjab,Rupnagar,1.0,PM10,75.0,Satisfactory,"number_of_monitoring_stations in Absolute Number, aqi_value in Indices",,0.0,29.0,33.2,25.0,80,1.1,10.4,972.9
2022-07-25,Punjab,Amritsar,1.0,NO2,56.0,Satisfactory,"number_of_monitoring_stations in Absolute Number, aqi_value in Indices",,0.0,28.6,32.4,25.5,82,20.3,15.8,978.3
2022-07-25,Punjab,Bathinda,1.0,PM10,106.0,Moderate,"number_of_monitoring_stations in Absolute Number, aqi_value in Indices",,0.0,29.5,32.9,26.2,78,6.8,19.6,980.3
2022-07-25,Punjab,Jalandhar,1.0,O3,37.0,Good,"number_of_monitoring_stations in Absolute Number, aqi_value in Indices",,0.0,29.1,32.7,26.3,78,1.0,18.6,977.2
2022-07-25,Punjab,Ludhiana,1.0,PM10,72.0,Satisfactory,"number_of_monitoring_stations in Absolute Number, aqi_value in Indices",,0.0,29.2,32.6,26.9,78,0.1,18.2,976.1
2022-07-25,Punjab,Patiala,1.0,PM2.5,39.0,Good,"number_of_monitoring_stations in Absolute Number, aqi_value in Indices",,0.0,29.1,32.5,26.9,76,0.2,20.4,975.6
2022-07-25,Punjab,Rupnagar,1.0,PM10,151.0,Moderate,"number_of_monitoring_stations in Absolute Number, aqi_value in Indices",,0.0,29.0,32.8,26.5,76,0.0,18.2,974.9
2022-07-26,Punjab,Amritsar,1.0,PM10,76.0,Satisfactory,"number_of_monitoring_stations in Absolute Number, aqi_value in Indices",,0.0,28.8,32.5,25.8,79,1.5,11.7,979.1
2022-07-26,Punjab,Bathinda,1.0,PM10,67.0,Satisfactory,"number_of_monitoring_stations in Absolute Number, aqi_value in Indices",,0.0,30.0,33.1,27.4,73,0.1,16.1,981.3
2022-07-26,Punjab,Jalandhar,1.0,PM10,47.0,Good,"number_of_monitoring_stations in Absolute Number, aqi_value in Indices",,0.0,28.5,32.1,25.9,80,1.5,12.2,978.2
2022-07-26,Punjab,Ludhiana,1.0,PM10,104.0,Moderate,"number_of_monitoring_stations in Absolute Number, aqi_value in Indices",,0.0,28.7,32.1,26.1,79,1.3,14.0,977.0
2022-07-26,Punjab,Patiala,1.0,PM2.5,36.0,Good,"number_of_monitoring_stations in Absolute Number, aqi_value in Indices",,0.0,28.4,31.9,26.6,79,3.4,14.0,976.6
2022-07-26,Punjab,Rupnagar,1.0,PM10,85.0,Satisfactory,"number_of_monitoring_stations in Absolute Number, aqi_value in Indices",,0.0,28.4,31.8,26.1,79,0.2,12.2,975.9
2022-07-27,Punjab,Amritsar,1.0,PM10,71.0,Satisfactory,"number_of_monitoring_stations in Absolute Number, aqi_value in Indices",,0.0,27.9,31.5,26.1,85,7.3,12.7,978.5
2022-07-27,Punjab,Bathinda,1.0,PM10,50.0,Good,"number_of_monitoring_stations in Absolute Number, aqi_value in Indices",,0.0,29.7,33.5,27.3,76,1.0,15.8,980.7
2022-07-27,Punjab,Jalandhar,1.0,PM10,53.0,Satisfactory,"number_of_monitoring_stations in Absolute Number, aqi_value in Indices",,0.0,27.8,31.8,25.9,86,7.9,12.0,977.5
2022-07-27,Punjab,Ludhiana,1.0,PM10,103.0,Moderate,"number_of_monitoring_stations in Absolute Number, aqi_value in Indices",,0.0,28.4,32.3,26.2,83,3.0,12.2,976.5
2022-07-27,Punjab,Patiala,1.0,PM2.5,48.0,Good,"number_of_monitoring_stations in Absolute Number, aqi_value in Indices",,0.0,28.5,32.0,26.0,80,2.5,15.1,976.0
2022-07-27,Punjab,Rupnagar,1.0,PM10,125.0,Moderate,"number_of_monitoring_stations in Absolute Number, aqi_value in Indices",,0.0,28.3,31.5,25.4,80,0.2,14.8,975.3
2022-07-28,Punjab,Amritsar,1.0,PM10,91.0,Satisfactory,"number_of_monitoring_stations in Absolute Number, aqi_value in Indices",,0.0,27.2,30.7,25.3,89,35.4,15.2,978.7
2022-07-28,Punjab,Bathinda,1.0,PM10,63.0,Satisfactory,"number_of_monitoring_stations in Absolute Number, aqi_value in Indices",,0.0,28.8,32.0,27.2,81,10.7,15.9,981.2
2022-07-28,Punjab,Jalandhar,1.0,PM10,62.0,Satisfactory,"number_of_monitoring_stations in Absolute Number, aqi_value in Indices",,0.0,27.3,31.1,25.6,89,11.2,15.0,977.9
2022-07-28,Punjab,Ludhiana,1.0,PM10,100.0,Satisfactory,"number_of_monitoring_stations in Absolute Number, aqi_value in Indices",,0.0,27.7,31.2,25.6,86,10.6,17.3,976.9
2022-07-28,Punjab,Patiala,1.0,PM10,55.0,Satisfactory,"number_of_monitoring_stations in Absolute Number, aqi_value in Indices",,0.0,27.5,31.3,25.6,86,7.5,16.2,976.7
2022-07-28,Punjab,Rupnagar,1.0,PM10,63.0,Satisfactory,"number_of_monitoring_stations in Absolute Number, aqi_value in Indices",,0.0,27.8,30.5,25.9,83,1.7,17.1,975.8
2022-07-29,Punjab,Amritsar,1.0,PM10,92.0,Satisfactory,"number_of_monitoring_stations in Absolute Number, aqi_value in Indices",,0.0,26.7,30.6,24.8,90,15.9,11.8,977.5
2022-07-29,Punjab,Bathinda,1.0,NO2,26.0,Good,"number_of_monitoring_stations in Absolute Number, aqi_value in Indices",,0.0,27.3,31.1,25.1,88,16.7,13.8,980.6
2022-07-29,Punjab,Jalandhar,1.0,PM10,51.0,Satisfactory,"number_of_monitoring_stations in Absolute Number, aqi_value in Indices",,0.0,26.9,30.7,24.8,89,6.7,12.3,976.8
2022-07-29,Punjab,Ludhiana,1.0,PM10,54.0,Satisfactory,"number_of_monitoring_stations in Absolute Number, aqi_value in Indices",,0.0,26.5,31.2,24.7,91,19.1,10.4,975.9
2022-07-29,Punjab,Patiala,1.0,PM10,37.0,Good,"number_of_monitoring_stations in Absolute Number, aqi_value in Indices",,0.0,26.0,29.5,24.4,93,15.4,10.8,975.7
2022-07-30,Punjab,Amritsar,1.0,PM10,74.0,Satisfactory,"number_of_monitoring_stations in Absolute Number, aqi_value in Indices",,0.0,27.0,30.9,24.7,88,5.5,13.4,975.7
2022-07-30,Punjab,Bathinda,1.0,NO2,30.0,Good,"number_of_monitoring_stations in Absolute Number, aqi_value in Indices",,0.0,26.7,29.6,24.7,90,13.9,14.3,978.8
2022-07-30,Punjab,Jalandhar,1.0,O3,47.0,Good,"number_of_monitoring_stations in Absolute Number, aqi_value in Indices",,0.0,26.2,30.2,24.2,91,13.9,12.5,975.0
2022-07-30,Punjab,Ludhiana,1.0,PM10,61.0,Satisfactory,"number_of_monitoring_stations in Absolute Number, aqi_value in Indices",,0.0,26.2,30.5,24.1,91,20.1,11.7,974.1
2022-07-30,Punjab,Patiala,1.0,PM10,41.0,Good,"number_of_monitoring_stations in Absolute Number, aqi_value in Indices",,0.0,26.4,30.1,24.1,91,24.2,10.0,973.9
2022-07-31,Punjab,Amritsar,1.0,PM10,90.0,Satisfactory,"number_of_monitoring_stations in Absolute Number, aqi_value in Indices",,0.0,26.9,30.5,24.9,88,14.6,8.2,973.3
2022-07-31,Punjab,Bathinda,1.0,NO2,31.0,Good,"number_of_monitoring_stations in Absolute Number, aqi_value in Indices",,0.0,26.7,30.7,24.6,90,25.2,15.0,976.4
2022-07-31,Punjab,Jalandhar,1.0,PM10,32.0,Good,"number_of_monitoring_stations in Absolute Number, aqi_value in Indices",,0.0,26.5,30.0,24.7,89,15.1,11.2,972.6
2022-07-31,Punjab,Ludhiana,1.0,PM10,56.0,Satisfactory,"number_of_monitoring_stations in Absolute Number, aqi_value in Indices",,0.0,26.0,28.9,24.3,91,18.5,10.9,971.7
2022-07-31,Punjab,Rupnagar,1.0,PM2.5,44.0,Good,"number_of_monitoring_stations in Absolute Number, aqi_value in Indices",,0.0,25.5,27.8,24.0,91,22.8,13.8,970.7
2022-08-01,Punjab,Amritsar,1.0,PM10,69.0,Satisfactory,"number_of_monitoring_stations in Absolute Number, aqi_value in Indices",,0.0,27.1,30.1,24.6,87,6.1,8.9,974.1
2022-08-01,Punjab,Bathinda,1.0,NO2,37.0,Good,"number_of_monitoring_stations in Absolute Number, aqi_value in Indices",,0.0,26.8,31.2,24.4,89,16.8,12.7,977.3
2022-08-01,Punjab,Jalandhar,1.0,O3,36.0,Good,"number_of_monitoring_stations in Absolute Number, aqi_value in Indices",,0.0,26.6,29.7,23.6,88,10.2,8.9,973.3
2022-08-01,Punjab,Ludhiana,1.0,PM10,49.0,Good,"number_of_monitoring_stations in Absolute Number, aqi_value in Indices",,0.0,26.5,30.2,24.2,89,11.0,9.6,972.3
2022-08-01,Punjab,Patiala,1.0,PM10,43.0,Good,"number_of_monitoring_stations in Absolute Number, aqi_value in Indices",,0.0,26.2,30.2,23.8,90,26.8,8.9,971.9
2022-08-01,Punjab,Rupnagar,1.0,PM10,53.0,Satisfactory,"number_of_monitoring_stations in Absolute Number, aqi_value in Indices",,0.0,26.3,29.9,23.7,89,23.5,9.4,971.0
2022-08-02,Punjab,Bathinda,1.0,NO2,32.0,Good,"number_of_monitoring_stations in Absolute Number, aqi_value in Indices",,0.0,29.1,33.5,24.7,81,0.4,9.7,976.9
2022-08-02,Punjab,Jalandhar,1.0,PM10,59.0,Satisfactory,"number_of_monitoring_stations in Absolute Number, aqi_value in Indices",,0.0,28.9,33.1,24.2,82,0.1,7.1,972.8
2022-08-02,Punjab,Ludhiana,1.0,O3,33.0,Good,"number_of_monitoring_stations in Absolute Number, aqi_value in Indices",,0.0,28.8,33.1,24.8,82,0.0,8.2,971.8
2022-08-02,Punjab,Patiala,1.0,PM10,64.0,Satisfactory,"number_of_monitoring_stations in Absolute Number, aqi_value in Indices",,0.0,28.3,32.6,24.5,84,0.1,11.0,971.4
2022-08-02,Punjab,Rupnagar,1.0,PM2.5,62.0,Satisfactory,"number_of_monitoring_stations in Absolute Number, aqi_value in Indices",,0.0,28.4,32.8,24.5,83,0.0,11.2,970.3
2022-08-03,Punjab,Jalandhar,1.0,PM10,61.0,Satisfactory,"number_of_monitoring_stations in Absolute Number, aqi_value in Indices",,0.0,29.3,33.5,25.4,82,0.4,9.0,974.1
2022-08-03,Punjab,Ludhiana,1.0,PM10,120.0,Moderate,"number_of_monitoring_stations in Absolute Number, aqi_value in Indices",,0.0,29.3,33.4,26.1,82,0.3,7.9,973.1
2022-08-03,Punjab,Patiala,1.0,PM10,75.0,Satisfactory,"number_of_monitoring_stations in Absolute Number, aqi_value in Indices",,0.0,28.9,32.4,25.3,84,0.7,11.3,972.9
2022-08-03,Punjab,Rupnagar,1.0,PM10,102.0,Moderate,"number_of_monitoring_stations in Absolute Number, aqi_value in Indices",,0.0,28.7,32.2,24.0,83,1.6,14.8,971.8
2022-08-04,Punjab,Amritsar,1.0,PM10,70.0,Satisfactory,"number_of_monitoring_stations in Absolute Number, aqi_value in Indices",,0.0,28.5,32.5,25.2,85,1.2,15.8,976.0
2022-08-04,Punjab,Bathinda,1.0,PM10,76.0,Satisfactory,"number_of_monitoring_stations in Absolute Number, aqi_value in Indices",,0.0,29.0,32.3,26.8,83,1.7,22.2,978.8
2022-08-04,Punjab,Jalandhar,1.0,PM10,61.0,Satisfactory,"number_of_monitoring_stations in Absolute Number, aqi_value in Indices",,0.0,27.6,31.3,25.6,88,11.2,17.6,975.4
2022-08-04,Punjab,Ludhiana,1.0,PM10,97.0,Satisfactory,"number_of_monitoring_stations in Absolute Number, aqi_value in Indices",,0.0,27.8,31.3,25.5,87,6.8,15.5,974.4
2022-08-04,Punjab,Patiala,1.0,PM10,57.0,Satisfactory,"number_of_monitoring_stations in Absolute Number, aqi_value in Indices",,0.0,27.4,30.6,25.1,88,9.0,16.6,974.1
2022-08-05,Punjab,Amritsar,1.0,PM10,96.0,Satisfactory,"number_of_monitoring_stations in Absolute Number, aqi_value in Indices",,0.0,27.3,30.6,24.8,89,11.6,14.0,975.4
2022-08-05,Punjab,Bathinda,1.0,PM10,64.0,Satisfactory,"number_of_monitoring_stations in Absolute Number, aqi_value in Indices",,0.0,28.2,31.3,26.5,87,2.9,12.3,977.7
2022-08-05,Punjab,Jalandhar,1.0,PM10,56.0,Satisfactory,"number_of_monitoring_stations in Absolute Number, aqi_value in Indices",,0.0,27.6,30.2,25.8,90,13.6,15.1,974.4
2022-08-05,Punjab,Ludhiana,1.0,PM10,107.0,Moderate,"number_of_monitoring_stations in Absolute Number, aqi_value in Indices",,0.0,27.8,31.3,25.7,89,6.4,13.6,973.3
2022-08-05,Punjab,Patiala,1.0,PM10,48.0,Good,"number_of_monitoring_stations in Absolute Number, aqi_value in Indices",,0.0,27.5,31.2,25.5,89,1.4,15.8,972.8
2022-08-05,Punjab,Rupnagar,1.0,PM10,71.0,Satisfactory,"number_of_monitoring_stations in Absolute Number, aqi_value in Indices",,0.0,27.6,31.8,25.4,88,11.9,9.8,972.1
2022-08-06,Punjab,Amritsar,1.0,PM10,102.0,Moderate,"number_of_monitoring_stations in Absolute Number, aqi_value in Indices",,0.0,28.3,32.2,24.9,85,5.8,9.0,973.2
2022-08-06,Punjab,Bathinda,1.0,PM10,46.0,Good,"number_of_monitoring_stations in Absolute Number, aqi_value in Indices",,0.0,28.6,32.2,26.1,86,5.4,9.3,975.8
2022-08-06,Punjab,Jalandhar,1.0,PM2.5,57.0,Satisfactory,"number_of_monitoring_stations in Absolute Number, aqi_value in Indices",,0.0,28.4,32.1,25.3,86,1.7,6.4,972.2
2022-08-06,Punjab,Ludhiana,1.0,PM2.5,72.0,Satisfactory,"number_of_monitoring_stations in Absolute Number, aqi_value in Indices",,0.0,28.5,32.4,25.1,85,0.5,6.1,971.1
2022-08-06,Punjab,Patiala,1.0,PM10,49.0,Good,"number_of_monitoring_stations in Absolute Number, aqi_value in Indices",,0.0,28.2,31.7,24.9,88,1.7,6.6,970.6
2022-08-06,Punjab,Rupnagar,1.0,PM2.5,70.0,Satisfactory,"number_of_monitoring_stations in Absolute Number, aqi_value in Indices",,0.0,28.6,32.4,24.9,82,0.1,5.5,969.7
2022-08-07,Punjab,Amritsar,1.0,PM10,86.0,Satisfactory,"number_of_monitoring_stations in Absolute Number, aqi_value in Indices",,0.0,28.2,32.5,26.1,86,7.8,13.0,972.8
2022-08-07,Punjab,Bathinda,1.0,PM10,97.0,Satisfactory,"number_of_monitoring_stations in Absolute Number, aqi_value in Indices",,0.0,28.7,32.9,26.5,86,7.9,10.6,975.5
2022-08-07,Punjab,Jalandhar,1.0,PM2.5,73.0,Satisfactory,"number_of_monitoring_stations in Absolute Number, aqi_value in Indices",,0.0,27.8,31.9,25.9,90,3.5,14.1,972.0
2022-08-07,Punjab,Patiala,1.0,PM2.5,63.0,Satisfactory,"number_of_monitoring_stations in Absolute Number, aqi_value in Indices",,0.0,27.4,30.5,25.0,89,21.5,13.5,970.7
2022-08-07,Punjab,Rupnagar,1.0,PM2.5,97.0,Satisfactory,"number_of_monitoring_stations in Absolute Number, aqi_value in Indices",,0.0,27.7,30.7,25.0,86,15.0,14.2,969.8
2022-08-08,Punjab,Amritsar,1.0,PM10,97.0,Satisfactory,"number_of_monitoring_stations in Absolute Number, aqi_value in Indices",,0.0,29.5,33.7,25.4,80,0.0,7.2,973.4
2022-08-08,Punjab,Bathinda,1.0,PM10,82.0,Satisfactory,"number_of_monitoring_stations in Absolute Number, aqi_value in Indices",,0.0,29.5,33.7,26.0,80,0.0,9.7,975.8
2022-08-08,Punjab,Jalandhar,1.0,PM10,64.0,Satisfactory,"number_of_monitoring_stations in Absolute Number, aqi_value in Indices",,0.0,29.5,33.4,25.1,81,0.2,6.5,972.4
2022-08-08,Punjab,Ludhiana,1.0,PM10,105.0,Moderate,"number_of_monitoring_stations in Absolute Number, aqi_value in Indices",,0.0,29.2,33.3,24.8,83,0.1,6.0,971.3
2022-08-08,Punjab,Patiala,1.0,PM2.5,47.0,Good,"number_of_monitoring_stations in Absolute Number, aqi_value in Indices",,0.0,29.2,33.3,25.1,81,0.0,8.6,970.7
2022-08-08,Punjab,Rupnagar,1.0,PM2.5,64.0,Satisfactory,"number_of_monitoring_stations in Absolute Number, aqi_value in Indices",,0.0,29.6,34.0,25.0,78,0.0,7.4,969.8
2022-08-09,Punjab,Amritsar,1.0,PM10,98.0,Satisfactory,"number_of_monitoring_stations in Absolute Number, aqi_value in Indices",,0.0,30.5,34.1,27.6,78,0.3,6.2,973.4
2022-08-09,Punjab,Bathinda,1.0,PM10,68.0,Satisfactory,"number_of_monitoring_stations in Absolute Number, aqi_value in Indices",,0.0,30.1,33.4,27.3,79,2.2,10.5,975.9
2022-08-09,Punjab,Jalandhar,1.0,PM10,100.0,Satisfactory,"number_of_monitoring_stations in Absolute Number, aqi_value in Indices",,0.0,30.0,33.6,26.7,82,1.6,11.8,972.4
2022-08-09,Punjab,Ludhiana,1.0,PM10,112.0,Moderate,"number_of_monitoring_stations in Absolute Number, aqi_value in Indices",,0.0,29.9,33.5,26.6,82,0.5,11.7,971.3
2022-08-09,Punjab,Patiala,1.0,PM10,57.0,Satisfactory,"number_of_monitoring_stations in Absolute Number, aqi_value in Indices",,0.0,29.9,33.5,26.5,81,0.1,8.0,970.7
2022-08-09,Punjab,Rupnagar,1.0,PM10,77.0,Satisfactory,"number_of_monitoring_stations in Absolute Number, aqi_value in Indices",,0.0,30.0,33.6,26.8,79,0.2,9.3,969.8
2022-08-10,Punjab,Amritsar,1.0,PM10,65.0,Satisfactory,"number_of_monitoring_stations in Absolute Number, aqi_value in Indices",,0.0,30.7,35.1,26.5,78,0.0,8.8,971.3
2022-08-10,Punjab,Bathinda,1.0,PM10,76.0,Satisfactory,"number_of_monitoring_stations in Absolute Number, aqi_value in Indices",,0.0,31.3,35.4,27.6,74,0.0,8.4,974.0
2022-08-10,Punjab,Jalandhar,1.0,PM10,73.0,Satisfactory,"number_of_monitoring_stations in Absolute Number, aqi_value in Indices",,0.0,30.3,34.5,26.4,81,0.0,10.4,970.3
2022-08-10,Punjab,Ludhiana,1.0,PM10,65.0,Satisfactory,"number_of_monitoring_stations in Absolute Number, aqi_value in Indices",,0.0,30.3,34.5,26.1,81,0.0,11.2,969.2
2022-08-10,Punjab,Patiala,1.0,PM10,68.0,Satisfactory,"number_of_monitoring_stations in Absolute Number, aqi_value in Indices",,0.0,30.1,34.4,26.2,80,0.0,11.3,968.8
2022-08-11,Punjab,Bathinda,1.0,PM10,92.0,Satisfactory,"number_of_monitoring_stations in Absolute Number, aqi_value in Indices",,0.0,29.7,32.4,27.7,75,0.0,24.4,976.5
2022-08-11,Punjab,Jalandhar,1.0,PM10,51.0,Satisfactory,"number_of_monitoring_stations in Absolute Number, aqi_value in Indices",,0.0,26.9,28.7,25.1,87,21.0,17.6,973.8
2022-08-11,Punjab,Ludhiana,1.0,PM10,73.0,Satisfactory,"number_of_monitoring_stations in Absolute Number, aqi_value in Indices",,0.0,27.3,28.8,25.9,84,2.1,19.1,972.6
2022-08-11,Punjab,Patiala,1.0,PM10,52.0,Satisfactory,"number_of_monitoring_stations in Absolute Number, aqi_value in Indices",,0.0,27.1,28.5,26.2,84,6.1,18.1,971.9
2022-08-11,Punjab,Rupnagar,1.0,PM2.5,55.0,Satisfactory,"number_of_monitoring_stations in Absolute Number, aqi_value in Indices",,0.0,27.2,28.4,25.7,80,4.9,20.0,971.3
2022-08-12,Punjab,Bathinda,1.0,PM10,65.0,Satisfactory,"number_of_monitoring_stations in Absolute Number, aqi_value in Indices",,0.0,29.9,34.7,25.8,72,0.0,12.4,976.4
2022-08-12,Punjab,Jalandhar,1.0,O3,36.0,Good,"number_of_monitoring_stations in Absolute Number, aqi_value in Indices",,0.0,29.4,34.2,25.4,73,0.0,8.0,972.9
2022-08-12,Punjab,Ludhiana,1.0,PM10,53.0,Satisfactory,"number_of_monitoring_stations in Absolute Number, aqi_value in Indices",,0.0,29.3,34.0,25.0,72,0.0,9.3,971.8
2022-08-12,Punjab,Patiala,1.0,PM10,38.0,Good,"number_of_monitoring_stations in Absolute Number, aqi_value in Indices",,0.0,29.3,33.1,25.1,74,0.0,11.4,971.3
2022-08-13,Punjab,Bathinda,1.0,PM10,115.0,Moderate,"number_of_monitoring_stations in Absolute Number, aqi_value in Indices",,0.0,30.7,34.3,27.7,71,0.0,17.5,975.7
2022-08-13,Punjab,Jalandhar,1.0,PM10,48.0,Good,"number_of_monitoring_stations in Absolute Number, aqi_value in Indices",,0.0,29.7,34.5,25.6,80,0.0,6.5,972.3
2022-08-13,Punjab,Ludhiana,1.0,PM10,84.0,Satisfactory,"number_of_monitoring_stations in Absolute Number, aqi_value in Indices",,0.0,29.6,34.3,25.8,80,0.0,7.8,971.3
2022-08-13,Punjab,Patiala,1.0,PM2.5,49.0,Good,"number_of_monitoring_stations in Absolute Number, aqi_value in Indices",,0.0,29.5,33.4,26.3,79,0.0,10.3,970.8
2022-08-13,Punjab,Rupnagar,1.0,PM10,86.0,Satisfactory,"number_of_monitoring_stations in Absolute Number, aqi_value in Indices",,0.0,29.3,34.0,25.2,78,0.0,7.6,970.0
2022-08-14,Punjab,Bathinda,1.0,PM10,53.0,Satisfactory,"number_of_monitoring_stations in Absolute Number, aqi_value in Indices",,0.0,29.5,33.6,27.0,77,0.3,17.3,977.8
2022-08-14,Punjab,Jalandhar,1.0,PM10,53.0,Satisfactory,"number_of_monitoring_stations in Absolute Number, aqi_value in Indices",,0.0,29.1,33.2,26.2,83,13.2,13.0,974.2
2022-08-14,Punjab,Ludhiana,1.0,PM10,93.0,Satisfactory,"number_of_monitoring_stations in Absolute Number, aqi_value in Indices",,0.0,28.8,33.2,26.0,85,16.9,12.5,973.2
2022-08-14,Punjab,Patiala,1.0,PM10,53.0,Satisfactory,"number_of_monitoring_stations in Absolute Number, aqi_value in Indices",,0.0,28.2,32.7,25.4,86,13.1,12.5,972.9
2022-08-14,Punjab,Rupnagar,1.0,PM2.5,95.0,Satisfactory,"number_of_monitoring_stations in Absolute Number, aqi_value in Indices",,0.0,28.5,32.8,25.9,85,13.7,15.0,972.1
2022-08-15,Punjab,Amritsar,1.0,O3,79.0,Satisfactory,"number_of_monitoring_stations in Absolute Number, aqi_value in Indices",,0.0,26.8,30.7,25.6,88,12.6,13.4,977.9
2022-08-15,Punjab,Bathinda,1.0,CO,46.0,Good,"number_of_monitoring_stations in Absolute Number, aqi_value in Indices",,0.0,28.5,32.6,26.7,82,7.6,14.8,980.1
2022-08-15,Punjab,Ludhiana,1.0,PM10,45.0,Good,"number_of_monitoring_stations in Absolute Number, aqi_value in Indices",,0.0,27.8,31.6,25.2,83,1.1,11.8,975.7
2022-08-15,Punjab,Patiala,1.0,PM2.5,32.0,Good,"number_of_monitoring_stations in Absolute Number, aqi_value in Indices",,0.0,27.6,30.0,25.3,81,0.0,11.8,975.0
2022-08-15,Punjab,Rupnagar,1.0,PM10,74.0,Satisfactory,"number_of_monitoring_stations in Absolute Number, aqi_value in Indices",,0.0,27.8,29.9,25.5,79,0.4,12.6,974.3
2022-08-16,Punjab,Amritsar,1.0,O3,106.0,Moderate,"number_of_monitoring_stations in Absolute Number, aqi_value in Indices",,0.0,28.3,31.8,25.2,80,0.0,8.3,976.3
2022-08-16,Punjab,Bathinda,1.0,PM10,54.0,Satisfactory,"number_of_monitoring_stations in Absolute Number, aqi_value in Indices",,0.0,29.9,34.3,26.8,69,2.2,29.3,978.8
2022-08-16,Punjab,Jalandhar,1.0,O3,36.0,Good,"number_of_monitoring_stations in Absolute Number, aqi_value in Indices",,0.0,28.5,32.4,25.2,78,0.0,9.7,975.3
2022-08-16,Punjab,Ludhiana,1.0,PM10,40.0,Good,"number_of_monitoring_stations in Absolute Number, aqi_value in Indices",,0.0,28.8,33.0,25.4,75,0.1,15.1,974.3
2022-08-16,Punjab,Patiala,1.0,PM2.5,39.0,Good,"number_of_monitoring_stations in Absolute Number, aqi_value in Indices",,0.0,28.4,31.8,25.7,75,3.5,16.3,973.8
2022-08-16,Punjab,Rupnagar,1.0,PM10,99.0,Satisfactory,"number_of_monitoring_stations in Absolute Number, aqi_value in Indices",,0.0,28.6,32.8,25.0,75,0.3,14.5,973.0
2022-08-17,Punjab,Amritsar,1.0,O3,67.0,Satisfactory,"number_of_monitoring_stations in Absolute Number, aqi_value in Indices",,0.0,29.1,32.2,27.0,76,0.0,16.4,976.4
2022-08-17,Punjab,Bathinda,1.0,PM10,118.0,Moderate,"number_of_monitoring_stations in Absolute Number, aqi_value in Indices",,0.0,28.8,32.3,26.4,72,0.0,28.9,978.2
2022-08-17,Punjab,Jalandhar,1.0,PM10,41.0,Good,"number_of_monitoring_stations in Absolute Number, aqi_value in Indices",,0.0,28.6,31.9,26.3,78,0.1,17.1,975.5
2022-08-17,Punjab,Ludhiana,1.0,PM10,66.0,Satisfactory,"number_of_monitoring_stations in Absolute Number, aqi_value in Indices",,0.0,28.5,31.9,26.2,78,0.0,22.5,974.4
2022-08-17,Punjab,Patiala,1.0,PM10,37.0,Good,"number_of_monitoring_stations in Absolute Number, aqi_value in Indices",,0.0,28.0,31.6,24.5,80,0.3,24.4,973.9
2022-08-17,Punjab,Rupnagar,1.0,PM10,71.0,Satisfactory,"number_of_monitoring_stations in Absolute Number, aqi_value in Indices",,0.0,28.5,32.3,25.8,76,0.5,19.2,973.3
2022-08-18,Punjab,Amritsar,1.0,O3,85.0,Satisfactory,"number_of_monitoring_stations in Absolute Number, aqi_value in Indices",,0.0,29.4,33.1,25.9,77,0.6,8.9,975.2
2022-08-18,Punjab,Jalandhar,1.0,PM10,52.0,Satisfactory,"number_of_monitoring_stations in Absolute Number, aqi_value in Indices",,0.0,29.0,32.9,25.3,79,0.2,7.0,974.3
2022-08-18,Punjab,Ludhiana,1.0,PM10,65.0,Satisfactory,"number_of_monitoring_stations in Absolute Number, aqi_value in Indices",,0.0,29.0,32.9,25.6,79,0.1,7.1,973.2
2022-08-18,Punjab,Patiala,1.0,PM2.5,46.0,Good,"number_of_monitoring_stations in Absolute Number, aqi_value in Indices",,0.0,28.6,32.4,25.3,81,0.7,9.3,972.8
2022-08-18,Punjab,Rupnagar,1.0,PM10,77.0,Satisfactory,"number_of_monitoring_stations in Absolute Number, aqi_value in Indices",,0.0,28.5,32.3,24.7,82,1.2,6.2,971.9
2022-08-19,Punjab,Amritsar,1.0,O3,109.0,Moderate,"number_of_monitoring_stations in Absolute Number, aqi_value in Indices",,0.0,29.5,32.8,26.9,78,0.7,13.2,974.8
2022-08-19,Punjab,Bathinda,1.0,CO,48.0,Good,"number_of_monitoring_stations in Absolute Number, aqi_value in Indices",,0.0,30.0,33.8,26.8,68,1.6,16.0,978.2
2022-08-19,Punjab,Jalandhar,1.0,PM10,42.0,Good,"number_of_monitoring_stations in Absolute Number, aqi_value in Indices",,0.0,28.5,32.3,26.2,85,2.7,11.2,973.9
2022-08-19,Punjab,Ludhiana,1.0,PM10,40.0,Good,"number_of_monitoring_stations in Absolute Number, aqi_value in Indices",,0.0,28.8,31.7,26.7,82,1.2,12.4,973.0
2022-08-19,Punjab,Patiala,1.0,PM2.5,45.0,Good,"number_of_monitoring_stations in Absolute Number, aqi_value in Indices",,0.0,28.4,31.6,26.0,83,0.5,12.6,972.6
2022-08-19,Punjab,Rupnagar,1.0,PM10,60.0,Satisfactory,"number_of_monitoring_stations in Absolute Number, aqi_value in Indices",,0.0,28.0,31.5,25.9,86,4.6,16.0,971.5
2022-08-20,Punjab,Amritsar,1.0,O3,106.0,Moderate,"number_of_monitoring_stations in Absolute Number, aqi_value in Indices",,0.0,28.2,32.4,25.5,82,2.1,10.7,976.2
2022-08-20,Punjab,Bathinda,1.0,CO,50.0,Good,"number_of_monitoring_stations in Absolute Number, aqi_value in Indices",,0.0,29.9,33.6,26.6,68,0.4,12.2,979.2
2022-08-20,Punjab,Jalandhar,1.0,PM10,54.0,Satisfactory,"number_of_monitoring_stations in Absolute Number, aqi_value in Indices",,0.0,27.6,31.4,25.0,85,3.4,11.1,975.4
2022-08-20,Punjab,Ludhiana,1.0,PM10,53.0,Satisfactory,"number_of_monitoring_stations in Absolute Number, aqi_value in Indices",,0.0,27.9,31.5,25.5,85,0.7,8.6,974.4
2022-08-20,Punjab,Rupnagar,1.0,PM10,44.0,Good,"number_of_monitoring_stations in Absolute Number, aqi_value in Indices",,0.0,27.1,29.6,24.5,85,5.6,6.9,973.1
2022-08-21,Punjab,Amritsar,1.0,O3,97.0,Satisfactory,"number_of_monitoring_stations in Absolute Number, aqi_value in Indices",,0.0,28.5,33.0,24.5,81,1.3,6.8,975.3
2022-08-21,Punjab,Bathinda,1.0,PM10,53.0,Satisfactory,"number_of_monitoring_stations in Absolute Number, aqi_value in Indices",,0.0,30.0,34.0,26.2,72,1.2,10.3,978.2
2022-08-21,Punjab,Jalandhar,1.0,PM10,77.0,Satisfactory,"number_of_monitoring_stations in Absolute Number, aqi_value in Indices",,0.0,28.3,32.2,24.1,83,1.2,9.9,974.2
2022-08-21,Punjab,Ludhiana,1.0,PM2.5,77.0,Satisfactory,"number_of_monitoring_stations in Absolute Number, aqi_value in Indices",,0.0,28.5,32.8,24.7,83,0.5,9.9,973.1
2022-08-21,Punjab,Patiala,1.0,PM10,72.0,Satisfactory,"number_of_monitoring_stations in Absolute Number, aqi_value in Indices",,0.0,28.6,32.2,25.5,81,1.3,12.6,972.4
2022-08-21,Punjab,Rupnagar,1.0,PM10,100.0,Satisfactory,"number_of_monitoring_stations in Absolute Number, aqi_value in Indices",,0.0,28.3,32.7,25.0,80,0.1,11.7,971.3
2022-08-22,Punjab,Amritsar,1.0,O3,72.0,Satisfactory,"number_of_monitoring_stations in Absolute Number, aqi_value in Indices",,0.0,29.7,34.2,25.7,75,0.0,6.4,973.3
2022-08-22,Punjab,Bathinda,1.0,PM10,51.0,Satisfactory,"number_of_monitoring_stations in Absolute Number, aqi_value in Indices",,0.0,30.8,34.8,26.9,69,0.0,8.1,976.1
2022-08-22,Punjab,Jalandhar,1.0,PM10,66.0,Satisfactory,"number_of_monitoring_stations in Absolute Number, aqi_value in Indices",,0.0,29.2,33.6,25.1,79,0.0,7.6,972.3
2022-08-22,Punjab,Ludhiana,1.0,PM10,104.0,Moderate,"number_of_monitoring_stations in Absolute Number, aqi_value in Indices",,0.0,29.2,33.6,25.5,79,0.0,6.8,971.3
2022-08-22,Punjab,Patiala,1.0,PM10,92.0,Satisfactory,"number_of_monitoring_stations in Absolute Number, aqi_value in Indices",,0.0,28.9,33.2,25.4,81,0.0,8.9,970.8
2022-08-22,Punjab,Rupnagar,1.0,PM10,91.0,Satisfactory,"number_of_monitoring_stations in Absolute Number, aqi_value in Indices",,0.0,28.6,33.0,24.9,80,0.5,9.8,969.9
2022-08-23,Punjab,Amritsar,1.0,O3,90.0,Satisfactory,"number_of_monitoring_stations in Absolute Number, aqi_value in Indices",,0.0,30.5,34.3,26.1,75,0.2,9.3,975.1
2022-08-23,Punjab,Jalandhar,1.0,PM10,64.0,Satisfactory,"number_of_monitoring_stations in Absolute Number, aqi_value in Indices",,0.0,30.1,34.1,25.7,78,0.7,13.5,974.3
2022-08-23,Punjab,Ludhiana,1.0,PM10,112.0,Moderate,"number_of_monitoring_stations in Absolute Number, aqi_value in Indices",,0.0,29.9,34.2,25.5,78,0.0,14.0,973.2
2022-08-23,Punjab,Patiala,1.0,PM10,62.0,Satisfactory,"number_of_monitoring_stations in Absolute Number, aqi_value in Indices",,0.0,29.7,33.4,26.2,78,0.0,17.9,972.8
2022-08-23,Punjab,Rupnagar,1.0,PM10,84.0,Satisfactory,"number_of_monitoring_stations in Absolute Number, aqi_value in Indices",,0.0,29.3,34.1,24.6,77,0.6,12.5,972.1
2022-08-24,Punjab,Amritsar,1.0,O3,72.0,Satisfactory,"number_of_monitoring_stations in Absolute Number, aqi_value in Indices",,0.0,28.8,32.9,25.9,80,10.5,18.3,978.6
2022-08-24,Punjab,Jalandhar,1.0,PM10,39.0,Good,"number_of_monitoring_stations in Absolute Number, aqi_value in Indices",,0.0,28.4,32.1,26.7,82,13.6,17.8,977.7
2022-08-24,Punjab,Ludhiana,1.0,PM10,88.0,Satisfactory,"number_of_monitoring_stations in Absolute Number, aqi_value in Indices",,0.0,28.2,32.0,26.2,82,17.5,19.9,976.6
2022-08-24,Punjab,Patiala,1.0,PM10,37.0,Good,"number_of_monitoring_stations in Absolute Number, aqi_value in Indices",,0.0,28.0,31.5,25.9,82,1.4,21.1,976.2
2022-08-24,Punjab,Rupnagar,1.0,PM10,76.0,Satisfactory,"number_of_monitoring_stations in Absolute Number, aqi_value in Indices",,0.0,28.8,31.4,26.0,77,1.4,21.3,975.4
2022-08-25,Punjab,Amritsar,1.0,O3,73.0,Satisfactory,"number_of_monitoring_stations in Absolute Number, aqi_value in Indices",,0.0,29.1,33.0,26.3,78,1.4,13.0,978.0
2022-08-25,Punjab,Bathinda,1.0,PM10,61.0,Satisfactory,"number_of_monitoring_stations in Absolute Number, aqi_value in Indices",,0.0,29.9,34.0,26.4,66,0.3,14.5,980.5
2022-08-25,Punjab,Jalandhar,1.0,PM10,47.0,Good,"number_of_monitoring_stations in Absolute Number, aqi_value in Indices",,0.0,28.4,31.8,25.5,84,2.8,9.5,977.1
2022-08-25,Punjab,Ludhiana,1.0,PM10,82.0,Satisfactory,"number_of_monitoring_stations in Absolute Number, aqi_value in Indices",,0.0,28.4,32.1,25.4,82,0.6,7.5,976.0
2022-08-25,Punjab,Patiala,1.0,PM10,33.0,Good,"number_of_monitoring_stations in Absolute Number, aqi_value in Indices",,0.0,28.4,31.7,25.0,80,0.2,8.5,975.6
2022-08-25,Punjab,Rupnagar,1.0,PM10,104.0,Moderate,"number_of_monitoring_stations in Absolute Number, aqi_value in Indices",,0.0,28.0,31.9,24.9,84,3.8,6.8,974.7
2022-08-26,Punjab,Amritsar,1.0,O3,99.0,Satisfactory,"number_of_monitoring_stations in Absolute Number, aqi_value in Indices",,0.0,28.9,32.9,25.6,78,0.5,10.8,977.4
2022-08-26,Punjab,Bathinda,1.0,PM10,59.0,Satisfactory,"number_of_monitoring_stations in Absolute Number, aqi_value in Indices",,0.0,30.0,34.1,26.8,66,0.2,12.6,980.5
2022-08-26,Punjab,Jalandhar,1.0,PM10,69.0,Satisfactory,"number_of_monitoring_stations in Absolute Number, aqi_value in Indices",,0.0,28.9,32.5,25.7,79,2.4,9.4,976.3
2022-08-26,Punjab,Ludhiana,1.0,PM10,79.0,Satisfactory,"number_of_monitoring_stations in Absolute Number, aqi_value in Indices",,0.0,29.0,32.8,25.4,77,0.6,11.4,975.2
2022-08-26,Punjab,Patiala,1.0,PM10,58.0,Satisfactory,"number_of_monitoring_stations in Absolute Number, aqi_value in Indices",,0.0,28.9,32.6,25.5,78,1.3,11.9,974.7
2022-08-26,Punjab,Rupnagar,1.0,PM10,63.0,Satisfactory,"number_of_monitoring_stations in Absolute Number, aqi_value in Indices",,0.0,28.6,32.6,25.2,82,3.5,10.6,973.7
2022-08-27,Punjab,Bathinda,1.0,PM10,58.0,Satisfactory,"number_of_monitoring_stations in Absolute Number, aqi_value in Indices",,0.0,30.3,33.7,27.5,64,0.7,15.9,979.6
2022-08-27,Punjab,Jalandhar,1.0,PM10,74.0,Satisfactory,"number_of_monitoring_stations in Absolute Number, aqi_value in Indices",,0.0,28.5,32.1,25.5,82,3.6,12.4,975.2
2022-08-27,Punjab,Ludhiana,1.0,PM10,61.0,Satisfactory,"number_of_monitoring_stations in Absolute Number, aqi_value in Indices",,0.0,28.8,32.6,25.8,79,1.5,13.7,974.2
2022-08-27,Punjab,Patiala,1.0,PM10,45.0,Good,"number_of_monitoring_stations in Absolute Number, aqi_value in Indices",,0.0,28.8,32.7,25.9,76,0.4,17.6,973.7
2022-08-27,Punjab,Rupnagar,1.0,PM2.5,68.0,Satisfactory,"number_of_monitoring_stations in Absolute Number, aqi_value in Indices",,0.0,28.3,32.5,24.8,84,1.6,17.1,972.6
2022-08-28,Punjab,Bathinda,1.0,PM10,73.0,Satisfactory,"number_of_monitoring_stations in Absolute Number, aqi_value in Indices",,0.0,30.5,34.5,27.6,63,0.5,16.2,979.6
2022-08-28,Punjab,Jalandhar,1.0,PM10,102.0,Moderate,"number_of_monitoring_stations in Absolute Number, aqi_value in Indices",,0.0,28.3,33.0,25.9,82,2.3,13.0,975.4
2022-08-28,Punjab,Ludhiana,1.0,PM10,86.0,Satisfactory,"number_of_monitoring_stations in Absolute Number, aqi_value in Indices",,0.0,28.5,32.1,26.0,79,4.4,10.5,974.4
2022-08-28,Punjab,Patiala,1.0,PM10,69.0,Satisfactory,"number_of_monitoring_stations in Absolute Number, aqi_value in Indices",,0.0,28.8,33.0,25.9,77,0.9,14.7,974.0
2022-08-28,Punjab,Rupnagar,1.0,PM2.5,67.0,Satisfactory,"number_of_monitoring_stations in Absolute Number, aqi_value in Indices",,0.0,28.3,32.1,25.2,85,4.1,12.0,972.9
2022-08-29,Punjab,Amritsar,1.0,O3,151.0,Moderate,"number_of_monitoring_stations in Absolute Number, aqi_value in Indices",,0.0,27.4,32.3,25.4,86,10.8,16.2,980.0
2022-08-29,Punjab,Bathinda,1.0,PM10,97.0,Satisfactory,"number_of_monitoring_stations in Absolute Number, aqi_value in Indices",,0.0,29.1,33.4,27.2,72,2.3,12.9,983.1
2022-08-29,Punjab,Jalandhar,1.0,PM10,88.0,Satisfactory,"number_of_monitoring_stations in Absolute Number, aqi_value in Indices",,0.0,27.7,31.3,24.5,84,5.6,13.3,979.2
2022-08-29,Punjab,Ludhiana,1.0,PM10,101.0,Moderate,"number_of_monitoring_stations in Absolute Number, aqi_value in Indices",,0.0,27.5,31.6,23.9,85,8.7,15.0,978.1
2022-08-29,Punjab,Patiala,1.0,PM10,87.0,Satisfactory,"number_of_monitoring_stations in Absolute Number, aqi_value in Indices",,0.0,27.6,32.3,25.6,84,12.9,13.5,977.9
2022-08-29,Punjab,Rupnagar,1.0,PM10,62.0,Satisfactory,"number_of_monitoring_stations in Absolute Number, aqi_value in Indices",,0.0,26.6,31.0,23.7,87,17.7,13.8,977.0
2022-08-30,Punjab,Amritsar,1.0,O3,101.0,Moderate,"number_of_monitoring_stations in Absolute Number, aqi_value in Indices",,0.0,28.5,32.8,24.4,81,6.5,12.9,981.2
2022-08-30,Punjab,Bathinda,1.0,PM10,61.0,Satisfactory,"number_of_monitoring_stations in Absolute Number, aqi_value in Indices",,0.0,30.5,35.3,26.8,68,0.1,11.3,984.0
2022-08-30,Punjab,Jalandhar,1.0,PM10,51.0,Satisfactory,"number_of_monitoring_stations in Absolute Number, aqi_value in Indices",,0.0,28.2,32.6,23.7,85,3.5,8.7,980.2
2022-08-30,Punjab,Ludhiana,1.0,PM10,131.0,Moderate,"number_of_monitoring_stations in Absolute Number, aqi_value in Indices",,0.0,28.6,33.0,25.0,82,0.3,10.2,979.2
2022-08-30,Punjab,Patiala,1.0,PM10,88.0,Satisfactory,"number_of_monitoring_stations in Absolute Number, aqi_value in Indices",,0.0,28.6,33.5,24.7,80,0.1,12.8,978.7
2022-08-30,Punjab,Rupnagar,1.0,PM10,90.0,Satisfactory,"number_of_monitoring_stations in Absolute Number, aqi_value in Indices",,0.0,28.1,32.3,24.6,83,0.4,12.1,977.8
2022-08-31,Punjab,Amritsar,1.0,PM2.5,75.0,Satisfactory,"number_of_monitoring_stations in Absolute Number, aqi_value in Indices",,0.0,29.8,34.5,25.9,77,0.2,7.7,978.2
2022-08-31,Punjab,Jalandhar,1.0,PM10,63.0,Satisfactory,"number_of_monitoring_stations in Absolute Number, aqi_value in Indices",,0.0,29.0,33.6,25.3,82,1.0,10.9,977.4
2022-08-31,Punjab,Ludhiana,1.0,PM10,107.0,Moderate,"number_of_monitoring_stations in Absolute Number, aqi_value in Indices",,0.0,29.6,33.9,25.7,78,0.3,9.4,976.3
2022-08-31,Punjab,Patiala,1.0,PM10,74.0,Satisfactory,"number_of_monitoring_stations in Absolute Number, aqi_value in Indices",,0.0,29.2,33.9,25.3,78,0.3,13.6,975.9
2022-08-31,Punjab,Rupnagar,1.0,PM10,115.0,Moderate,"number_of_monitoring_stations in Absolute Number, aqi_value in Indices",,0.0,28.7,33.2,24.3,81,0.8,12.3,974.9
2022-09-01,Punjab,Amritsar,1.0,PM2.5,71.0,Satisfactory,"number_of_monitoring_stations in Absolute Number, aqi_value in Indices",,0.0,30.2,36.0,25.8,71,0.0,9.8,977.9
2022-09-01,Punjab,Bathinda,1.0,PM10,77.0,Satisfactory,"number_of_monitoring_stations in Absolute Number, aqi_value in Indices",,0.0,31.7,36.7,27.1,58,0.0,11.3,981.1
2022-09-01,Punjab,Jalandhar,1.0,PM10,63.0,Satisfactory,"number_of_monitoring_stations in Absolute Number, aqi_value in Indices",,0.0,29.5,34.5,25.4,78,0.0,7.9,977.1
2022-09-01,Punjab,Ludhiana,1.0,PM10,97.0,Satisfactory,"number_of_monitoring_stations in Absolute Number, aqi_value in Indices",,0.0,29.8,34.1,25.2,75,0.0,11.2,976.1
2022-09-01,Punjab,Patiala,1.0,PM10,65.0,Satisfactory,"number_of_monitoring_stations in Absolute Number, aqi_value in Indices",,0.0,29.6,34.2,25.4,75,0.0,13.9,975.8
2022-09-01,Punjab,Rupnagar,1.0,PM2.5,108.0,Moderate,"number_of_monitoring_stations in Absolute Number, aqi_value in Indices",,0.0,28.8,33.4,24.9,78,0.1,13.5,974.8
2022-09-02,Punjab,Amritsar,1.0,O3,76.0,Satisfactory,"number_of_monitoring_stations in Absolute Number, aqi_value in Indices",,0.0,29.5,33.8,26.5,77,0.5,8.6,979.5
2022-09-02,Punjab,Bathinda,1.0,PM10,84.0,Satisfactory,"number_of_monitoring_stations in Absolute Number, aqi_value in Indices",,0.0,31.8,36.4,27.4,57,0.0,12.1,982.4
2022-09-02,Punjab,Jalandhar,1.0,O3,63.0,Satisfactory,"number_of_monitoring_stations in Absolute Number, aqi_value in Indices",,0.0,28.4,31.9,25.8,82,0.3,12.8,978.7
2022-09-02,Punjab,Ludhiana,1.0,PM10,73.0,Satisfactory,"number_of_monitoring_stations in Absolute Number, aqi_value in Indices",,0.0,28.8,32.1,25.7,79,0.9,8.3,977.7
2022-09-02,Punjab,Patiala,1.0,PM10,62.0,Satisfactory,"number_of_monitoring_stations in Absolute Number, aqi_value in Indices",,0.0,29.2,33.3,25.3,76,0.9,14.0,977.2
2022-09-02,Punjab,Rupnagar,1.0,PM2.5,83.0,Satisfactory,"number_of_monitoring_stations in Absolute Number, aqi_value in Indices",,0.0,27.8,32.3,24.0,80,1.7,11.2,976.3
2022-09-03,Punjab,Amritsar,1.0,O3,84.0,Satisfactory,"number_of_monitoring_stations in Absolute Number, aqi_value in Indices",,0.0,29.5,34.1,25.7,74,0.3,9.2,976.8
2022-09-03,Punjab,Bathinda,1.0,CO,66.0,Satisfactory,"number_of_monitoring_stations in Absolute Number, aqi_value in Indices",,0.0,31.3,36.4,27.6,56,0.0,14.5,979.8
2022-09-03,Punjab,Jalandhar,1.0,NO2,43.0,Good,"number_of_monitoring_stations in Absolute Number, aqi_value in Indices",,0.0,28.4,32.7,25.2,81,2.1,11.9,976.0
2022-09-03,Punjab,Ludhiana,1.0,PM10,85.0,Satisfactory,"number_of_monitoring_stations in Absolute Number, aqi_value in Indices",,0.0,28.7,32.9,25.2,81,0.2,10.5,975.0
2022-09-03,Punjab,Patiala,1.0,PM10,66.0,Satisfactory,"number_of_monitoring_stations in Absolute Number, aqi_value in Indices",,0.0,29.0,33.2,25.3,76,0.2,13.7,974.6
2022-09-03,Punjab,Rupnagar,1.0,PM10,91.0,Satisfactory,"number_of_monitoring_stations in Absolute Number, aqi_value in Indices",,0.0,27.7,31.9,24.1,81,0.9,12.4,973.7
2022-09-04,Punjab,Bathinda,1.0,PM10,64.0,Satisfactory,"number_of_monitoring_stations in Absolute Number, aqi_value in Indices",,0.0,30.5,35.4,27.1,59,0.0,14.5,978.2
2022-09-04,Punjab,Jalandhar,1.0,NO2,47.0,Good,"number_of_monitoring_stations in Absolute Number, aqi_value in Indices",,0.0,28.6,32.8,24.8,76,0.3,12.6,974.7
2022-09-04,Punjab,Ludhiana,1.0,PM10,97.0,Satisfactory,"number_of_monitoring_stations in Absolute Number, aqi_value in Indices",,0.0,28.9,33.3,25.0,75,0.1,9.4,973.6
2022-09-04,Punjab,Patiala,1.0,PM10,80.0,Satisfactory,"number_of_monitoring_stations in Absolute Number, aqi_value in Indices",,0.0,29.0,33.6,24.4,74,0.0,9.4,973.2
2022-09-05,Punjab,Amritsar,1.0,O3,92.0,Satisfactory,"number_of_monitoring_stations in Absolute Number, aqi_value in Indices",,0.0,27.6,34.0,24.1,78,16.3,18.9,977.7
2022-09-05,Punjab,Bathinda,1.0,PM10,87.0,Satisfactory,"number_of_monitoring_stations in Absolute Number, aqi_value in Indices",,0.0,30.1,35.2,27.0,62,0.2,15.5,980.3
2022-09-05,Punjab,Jalandhar,1.0,NO2,53.0,Satisfactory,"number_of_monitoring_stations in Absolute Number, aqi_value in Indices",,0.0,28.2,33.3,25.3,78,0.3,8.5,976.7
2022-09-05,Punjab,Ludhiana,1.0,PM10,82.0,Satisfactory,"number_of_monitoring_stations in Absolute Number, aqi_value in Indices",,0.0,28.8,34.1,25.0,73,0.2,11.6,975.5
2022-09-05,Punjab,Patiala,1.0,PM10,78.0,Satisfactory,"number_of_monitoring_stations in Absolute Number, aqi_value in Indices",,0.0,29.3,34.2,25.0,70,0.0,10.1,975.2
2022-09-06,Punjab,Amritsar,1.0,NO2,72.0,Satisfactory,"number_of_monitoring_stations in Absolute Number, aqi_value in Indices",,0.0,28.4,33.5,24.5,77,0.2,8.9,979.3
2022-09-06,Punjab,Bathinda,1.0,PM10,51.0,Satisfactory,"number_of_monitoring_stations in Absolute Number, aqi_value in Indices",,0.0,29.2,34.6,25.4,71,0.3,12.3,982.3
2022-09-06,Punjab,Jalandhar,1.0,NO2,59.0,Satisfactory,"number_of_monitoring_stations in Absolute Number, aqi_value in Indices",,0.0,27.8,32.3,24.1,82,0.5,8.4,978.3
2022-09-06,Punjab,Ludhiana,1.0,PM10,50.0,Good,"number_of_monitoring_stations in Absolute Number, aqi_value in Indices",,0.0,28.2,33.0,24.1,79,0.2,10.8,977.3
2022-09-06,Punjab,Patiala,1.0,PM10,88.0,Satisfactory,"number_of_monitoring_stations in Absolute Number, aqi_value in Indices",,0.0,28.5,33.8,24.0,74,0.0,13.1,976.7
2022-09-06,Punjab,Rupnagar,1.0,PM10,90.0,Satisfactory,"number_of_monitoring_stations in Absolute Number, aqi_value in Indices",,0.0,27.9,33.0,23.0,78,0.0,10.5,975.7
2022-09-07,Punjab,Amritsar,1.0,PM10,73.0,Satisfactory,"number_of_monitoring_stations in Absolute Number, aqi_value in Indices",,0.0,29.3,34.4,24.4,70,0.0,6.1,980.8
2022-09-07,Punjab,Bathinda,1.0,CO,49.0,Good,"number_of_monitoring_stations in Absolute Number, aqi_value in Indices",,0.0,30.0,34.6,25.9,65,0.0,9.9,983.8
2022-09-07,Punjab,Jalandhar,1.0,PM10,76.0,Satisfactory,"number_of_monitoring_stations in Absolute Number, aqi_value in Indices",,0.0,29.0,33.2,24.5,71,0.0,6.3,979.8
2022-09-07,Punjab,Ludhiana,1.0,PM10,71.0,Satisfactory,"number_of_monitoring_stations in Absolute Number, aqi_value in Indices",,0.0,28.7,33.4,24.4,75,0.0,7.8,978.8
2022-09-07,Punjab,Patiala,1.0,PM10,64.0,Satisfactory,"number_of_monitoring_stations in Absolute Number, aqi_value in Indices",,0.0,28.8,34.0,24.2,73,0.0,11.0,978.3
2022-09-07,Punjab,Rupnagar,1.0,PM10,73.0,Satisfactory,"number_of_monitoring_stations in Absolute Number, aqi_value in Indices",,0.0,28.4,33.4,23.0,75,0.0,8.4,977.3
2022-09-08,Punjab,Amritsar,1.0,PM10,105.0,Moderate,"number_of_monitoring_stations in Absolute Number, aqi_value in Indices",,0.0,30.0,34.8,25.3,69,0.0,6.2,981.5
2022-09-08,Punjab,Bathinda,1.0,PM10,99.0,Satisfactory,"number_of_monitoring_stations in Absolute Number, aqi_value in Indices",,0.0,30.6,34.8,25.9,63,0.0,5.7,984.4
2022-09-08,Punjab,Jalandhar,1.0,PM10,81.0,Satisfactory,"number_of_monitoring_stations in Absolute Number, aqi_value in Indices",,0.0,29.0,33.7,24.6,74,0.0,6.6,980.5
2022-09-08,Punjab,Ludhiana,1.0,PM10,128.0,Moderate,"number_of_monitoring_stations in Absolute Number, aqi_value in Indices",,0.0,29.4,34.0,24.6,71,0.0,6.4,979.5
2022-09-08,Punjab,Patiala,1.0,PM10,82.0,Satisfactory,"number_of_monitoring_stations in Absolute Number, aqi_value in Indices",,0.0,29.4,33.8,24.7,70,0.2,6.8,979.1
2022-09-08,Punjab,Rupnagar,1.0,PM10,88.0,Satisfactory,"number_of_monitoring_stations in Absolute Number, aqi_value in Indices",,0.0,28.4,33.8,22.6,75,0.0,6.6,978.1
2022-09-09,Punjab,Amritsar,1.0,PM10,92.0,Satisfactory,"number_of_monitoring_stations in Absolute Number, aqi_value in Indices",,0.0,29.5,34.7,26.0,74,0.4,16.7,981.3
2022-09-09,Punjab,Bathinda,1.0,PM10,131.0,Moderate,"number_of_monitoring_stations in Absolute Number, aqi_value in Indices",,0.0,30.7,35.0,26.6,65,0.0,8.2,983.8
2022-09-09,Punjab,Jalandhar,1.0,PM10,74.0,Satisfactory,"number_of_monitoring_stations in Absolute Number, aqi_value in Indices",,0.0,28.7,33.3,25.4,80,0.5,15.5,980.3
2022-09-09,Punjab,Ludhiana,1.0,PM10,108.0,Moderate,"number_of_monitoring_stations in Absolute Number, aqi_value in Indices",,0.0,29.6,34.2,25.7,72,0.0,9.2,979.2
2022-09-09,Punjab,Patiala,1.0,PM10,92.0,Satisfactory,"number_of_monitoring_stations in Absolute Number, aqi_value in Indices",,0.0,29.7,34.3,26.0,70,0.2,10.5,978.8
2022-09-09,Punjab,Rupnagar,1.0,PM10,127.0,Moderate,"number_of_monitoring_stations in Absolute Number, aqi_value in Indices",,0.0,28.9,33.7,25.5,74,0.7,14.2,978.0
2022-09-10,Punjab,Amritsar,1.0,PM10,94.0,Satisfactory,"number_of_monitoring_stations in Absolute Number, aqi_value in Indices",,0.0,29.3,33.8,25.7,75,1.1,18.9,980.2
2022-09-10,Punjab,Bathinda,1.0,PM10,126.0,Moderate,"number_of_monitoring_stations in Absolute Number, aqi_value in Indices",,0.0,30.8,35.1,27.1,66,0.5,16.9,982.6
2022-09-10,Punjab,Jalandhar,1.0,PM10,77.0,Satisfactory,"number_of_monitoring_stations in Absolute Number, aqi_value in Indices",,0.0,28.5,32.9,25.7,78,0.2,17.7,979.3
2022-09-10,Punjab,Ludhiana,1.0,PM10,111.0,Moderate,"number_of_monitoring_stations in Absolute Number, aqi_value in Indices",,0.0,29.1,33.8,26.0,74,0.4,19.2,978.2
2022-09-10,Punjab,Patiala,1.0,PM10,88.0,Satisfactory,"number_of_monitoring_stations in Absolute Number, aqi_value in Indices",,0.0,29.3,33.2,25.4,72,0.4,15.7,977.8
2022-09-10,Punjab,Rupnagar,1.0,PM10,101.0,Moderate,"number_of_monitoring_stations in Absolute Number, aqi_value in Indices",,0.0,28.5,32.6,25.3,75,5.8,11.2,977.0
2022-09-11,Punjab,Amritsar,1.0,PM10,90.0,Satisfactory,"number_of_monitoring_stations in Absolute Number, aqi_value in Indices",,0.0,28.5,33.4,24.4,77,0.4,11.6,978.6
2022-09-11,Punjab,Bathinda,1.0,PM10,116.0,Moderate,"number_of_monitoring_stations in Absolute Number, aqi_value in Indices",,0.0,29.8,33.6,27.6,70,1.0,17.2,981.0
2022-09-11,Punjab,Jalandhar,1.0,PM10,90.0,Satisfactory,"number_of_monitoring_stations in Absolute Number, aqi_value in Indices",,0.0,27.7,32.5,24.8,80,4.1,15.4,977.7
2022-09-11,Punjab,Ludhiana,1.0,PM10,115.0,Moderate,"number_of_monitoring_stations in Absolute Number, aqi_value in Indices",,0.0,27.8,33.2,24.4,76,0.2,16.9,976.7
2022-09-11,Punjab,Patiala,1.0,PM10,45.0,Good,"number_of_monitoring_stations in Absolute Number, aqi_value in Indices",,0.0,28.2,33.3,24.1,74,4.2,17.9,976.2
2022-09-12,Punjab,Amritsar,1.0,PM10,66.0,Satisfactory,"number_of_monitoring_stations in Absolute Number, aqi_value in Indices",,0.0,28.9,34.3,23.9,72,0.0,9.6,977.3
2022-09-12,Punjab,Bathinda,1.0,PM10,88.0,Satisfactory,"number_of_monitoring_stations in Absolute Number, aqi_value in Indices",,0.0,29.6,34.0,25.8,68,0.0,12.7,979.8
2022-09-12,Punjab,Jalandhar,1.0,PM10,71.0,Satisfactory,"number_of_monitoring_stations in Absolute Number, aqi_value in Indices",,0.0,27.7,32.5,23.6,79,0.1,17.2,976.3
2022-09-12,Punjab,Ludhiana,1.0,PM10,92.0,Satisfactory,"number_of_monitoring_stations in Absolute Number, aqi_value in Indices",,0.0,28.0,33.0,24.4,76,0.8,15.5,975.2
2022-09-12,Punjab,Rupnagar,1.0,PM10,97.0,Satisfactory,"number_of_monitoring_stations in Absolute Number, aqi_value in Indices",,0.0,27.5,32.6,23.4,76,3.2,14.1,973.9
2022-09-13,Punjab,Amritsar,1.0,PM10,69.0,Satisfactory,"number_of_monitoring_stations in Absolute Number, aqi_value in Indices",,0.0,29.6,35.1,24.4,69,0.0,10.4,977.4
2022-09-13,Punjab,Bathinda,1.0,PM10,98.0,Satisfactory,"number_of_monitoring_stations in Absolute Number, aqi_value in Indices",,0.0,29.6,33.7,26.0,70,0.1,19.5,980.3
2022-09-13,Punjab,Jalandhar,1.0,PM10,86.0,Satisfactory,"number_of_monitoring_stations in Absolute Number, aqi_value in Indices",,0.0,28.4,33.1,24.0,76,0.0,8.5,976.4
2022-09-13,Punjab,Ludhiana,1.0,PM10,90.0,Satisfactory,"number_of_monitoring_stations in Absolute Number, aqi_value in Indices",,0.0,28.8,33.6,24.3,74,0.0,10.6,975.4
2022-09-13,Punjab,Patiala,1.0,PM10,50.0,Good,"number_of_monitoring_stations in Absolute Number, aqi_value in Indices",,0.0,28.8,33.6,24.5,70,1.7,14.9,975.0
2022-09-13,Punjab,Rupnagar,1.0,PM10,81.0,Satisfactory,"number_of_monitoring_stations in Absolute Number, aqi_value in Indices",,0.0,28.1,33.0,23.4,75,0.0,15.7,974.0
2022-09-14,Punjab,Amritsar,1.0,PM10,72.0,Satisfactory,"number_of_monitoring_stations in Absolute Number, aqi_value in Indices",,0.0,29.6,34.5,25.1,68,0.0,10.3,977.9
2022-09-14,Punjab,Bathinda,1.0,PM10,88.0,Satisfactory,"number_of_monitoring_stations in Absolute Number, aqi_value in Indices",,0.0,30.0,33.9,27.0,67,0.0,9.4,980.8
2022-09-14,Punjab,Jalandhar,1.0,PM10,95.0,Satisfactory,"number_of_monitoring_stations in Absolute Number, aqi_value in Indices",,0.0,28.6,33.5,24.4,75,0.0,6.3,977.0
2022-09-14,Punjab,Ludhiana,1.0,PM10,96.0,Satisfactory,"number_of_monitoring_stations in Absolute Number, aqi_value in Indices",,0.0,28.9,33.4,24.9,75,0.0,7.6,976.0
2022-09-14,Punjab,Patiala,1.0,PM10,38.0,Good,"number_of_monitoring_stations in Absolute Number, aqi_value in Indices",,0.0,28.2,31.6,25.7,78,2.0,8.5,975.7
2022-09-14,Punjab,Rupnagar,1.0,PM10,77.0,Satisfactory,"number_of_monitoring_stations in Absolute Number, aqi_value in Indices",,0.0,27.7,31.7,23.7,77,0.4,12.4,974.8
2022-09-15,Punjab,Amritsar,1.0,PM10,73.0,Satisfactory,"number_of_monitoring_stations in Absolute Number, aqi_value in Indices",,11.0,29.3,34.0,24.9,69,0.6,11.1,976.4
2022-09-15,Punjab,Bathinda,1.0,CO,53.0,Satisfactory,"number_of_monitoring_stations in Absolute Number, aqi_value in Indices",,0.0,29.4,33.3,26.4,71,0.2,11.0,979.3
2022-09-15,Punjab,Jalandhar,1.0,PM10,55.0,Satisfactory,"number_of_monitoring_stations in Absolute Number, aqi_value in Indices",,0.0,27.6,31.8,23.3,78,0.1,16.6,975.7
2022-09-15,Punjab,Ludhiana,1.0,PM10,101.0,Moderate,"number_of_monitoring_stations in Absolute Number, aqi_value in Indices",,0.0,28.0,32.2,23.7,77,1.9,15.5,974.7
2022-09-15,Punjab,Patiala,1.0,PM10,52.0,Satisfactory,"number_of_monitoring_stations in Absolute Number, aqi_value in Indices",,0.0,27.2,31.4,23.5,81,3.9,13.3,974.3
2022-09-15,Punjab,Rupnagar,1.0,PM10,69.0,Satisfactory,"number_of_monitoring_stations in Absolute Number, aqi_value in Indices",,0.0,26.6,30.6,23.0,83,33.3,16.3,973.5
2022-09-16,Punjab,Bathinda,1.0,PM10,57.0,Satisfactory,"number_of_monitoring_stations in Absolute Number, aqi_value in Indices",,0.0,28.8,33.5,24.5,71,0.0,12.9,976.6
2022-09-16,Punjab,Jalandhar,1.0,PM10,64.0,Satisfactory,"number_of_monitoring_stations in Absolute Number, aqi_value in Indices",,0.0,27.1,31.9,21.9,78,1.2,15.0,972.9
2022-09-16,Punjab,Ludhiana,1.0,PM10,47.0,Good,"number_of_monitoring_stations in Absolute Number, aqi_value in Indices",,0.0,27.4,32.6,23.0,77,0.3,12.8,971.9
2022-09-16,Punjab,Patiala,1.0,O3,30.0,Good,"number_of_monitoring_stations in Absolute Number, aqi_value in Indices",,0.0,26.7,31.7,22.8,81,0.3,12.3,971.3
2022-09-16,Punjab,Rupnagar,1.0,PM10,55.0,Satisfactory,"number_of_monitoring_stations in Absolute Number, aqi_value in Indices",,0.0,26.3,31.0,22.8,83,0.3,13.4,970.4
2022-09-17,Punjab,Amritsar,1.0,PM10,69.0,Satisfactory,"number_of_monitoring_stations in Absolute Number, aqi_value in Indices",,0.0,28.8,34.4,24.8,71,0.2,18.3,975.1
2022-09-17,Punjab,Bathinda,1.0,PM10,63.0,Satisfactory,"number_of_monitoring_stations in Absolute Number, aqi_value in Indices",,0.0,29.6,34.9,25.5,67,0.0,10.3,977.9
2022-09-17,Punjab,Jalandhar,1.0,PM10,53.0,Satisfactory,"number_of_monitoring_stations in Absolute Number, aqi_value in Indices",,0.0,28.1,32.8,23.6,76,0.5,8.8,974.2
2022-09-17,Punjab,Ludhiana,1.0,PM10,79.0,Satisfactory,"number_of_monitoring_stations in Absolute Number, aqi_value in Indices",,0.0,28.6,33.8,23.9,75,0.0,6.8,973.1
2022-09-17,Punjab,Patiala,1.0,O3,52.0,Satisfactory,"number_of_monitoring_stations in Absolute Number, aqi_value in Indices",,0.0,28.1,32.9,23.3,76,0.1,6.9,972.8
2022-09-17,Punjab,Rupnagar,1.0,PM10,79.0,Satisfactory,"number_of_monitoring_stations in Absolute Number, aqi_value in Indices",,0.0,27.0,31.5,22.8,83,0.1,7.4,971.8
2022-09-18,Punjab,Bathinda,1.0,PM10,68.0,Satisfactory,"number_of_monitoring_stations in Absolute Number, aqi_value in Indices",,0.0,30.0,35.3,25.3,63,0.0,7.9,981.4
2022-09-18,Punjab,Jalandhar,1.0,PM10,94.0,Satisfactory,"number_of_monitoring_stations in Absolute Number, aqi_value in Indices",,0.0,28.4,34.2,23.3,73,0.0,9.2,977.4
2022-09-18,Punjab,Ludhiana,1.0,PM10,92.0,Satisfactory,"number_of_monitoring_stations in Absolute Number, aqi_value in Indices",,0.0,29.0,34.5,24.2,71,0.0,10.9,976.4
2022-09-18,Punjab,Patiala,1.0,PM10,60.0,Satisfactory,"number_of_monitoring_stations in Absolute Number, aqi_value in Indices",,0.0,28.3,33.7,24.0,76,0.0,11.7,976.0
2022-09-18,Punjab,Rupnagar,1.0,PM10,93.0,Satisfactory,"number_of_monitoring_stations in Absolute Number, aqi_value in Indices",,0.0,27.0,33.1,22.4,79,0.0,11.6,975.0
2022-09-19,Punjab,Amritsar,1.0,PM10,86.0,Satisfactory,"number_of_monitoring_stations in Absolute Number, aqi_value in Indices",,15.0,29.5,36.1,24.1,65,0.0,10.5,978.8
2022-09-19,Punjab,Bathinda,1.0,PM10,97.0,Satisfactory,"number_of_monitoring_stations in Absolute Number, aqi_value in Indices",,0.0,29.8,35.2,24.8,64,0.0,8.8,981.8
2022-09-19,Punjab,Jalandhar,1.0,PM10,95.0,Satisfactory,"number_of_monitoring_stations in Absolute Number, aqi_value in Indices",,0.0,28.4,34.3,22.9,72,0.0,6.9,977.9
2022-09-19,Punjab,Ludhiana,1.0,PM10,89.0,Satisfactory,"number_of_monitoring_stations in Absolute Number, aqi_value in Indices",,0.0,29.1,34.7,23.3,68,0.1,6.9,976.9
2022-09-19,Punjab,Patiala,1.0,PM10,84.0,Satisfactory,"number_of_monitoring_stations in Absolute Number, aqi_value in Indices",,0.0,28.5,33.8,23.1,71,0.0,11.2,976.4
2022-09-19,Punjab,Rupnagar,1.0,PM10,102.0,Moderate,"number_of_monitoring_stations in Absolute Number, aqi_value in Indices",,0.0,27.1,32.6,20.9,76,0.3,8.3,975.5
2022-09-20,Punjab,Amritsar,1.0,PM10,102.0,Moderate,"number_of_monitoring_stations in Absolute Number, aqi_value in Indices",,10.0,29.2,34.3,25.2,68,0.1,10.5,978.9
2022-09-20,Punjab,Bathinda,1.0,PM10,110.0,Moderate,"number_of_monitoring_stations in Absolute Number, aqi_value in Indices",,0.0,28.9,33.1,26.2,68,0.0,12.4,981.8
2022-09-20,Punjab,Jalandhar,1.0,O3,69.0,Satisfactory,"number_of_monitoring_stations in Absolute Number, aqi_value in Indices",,0.0,28.3,32.1,25.3,73,0.0,13.3,978.1
2022-09-20,Punjab,Ludhiana,1.0,PM10,106.0,Moderate,"number_of_monitoring_stations in Absolute Number, aqi_value in Indices",,0.0,28.0,33.1,25.3,76,1.8,10.8,977.1
2022-09-20,Punjab,Patiala,1.0,PM10,83.0,Satisfactory,"number_of_monitoring_stations in Absolute Number, aqi_value in Indices",,0.0,27.2,31.9,23.2,82,3.6,10.0,976.6
2022-09-20,Punjab,Rupnagar,1.0,PM10,129.0,Moderate,"number_of_monitoring_stations in Absolute Number, aqi_value in Indices",,0.0,27.3,31.7,24.0,81,2.7,13.5,975.7
2022-09-21,Punjab,Amritsar,1.0,PM10,55.0,Satisfactory,"number_of_monitoring_stations in Absolute Number, aqi_value in Indices",,49.0,28.1,31.5,25.2,75,8.1,10.7,979.2
2022-09-21,Punjab,Bathinda,1.0,PM10,80.0,Satisfactory,"number_of_monitoring_stations in Absolute Number, aqi_value in Indices",,0.0,27.3,32.1,25.2,82,6.9,13.5,981.9
2022-09-21,Punjab,Jalandhar,1.0,O3,58.0,Satisfactory,"number_of_monitoring_stations in Absolute Number, aqi_value in Indices",,0.0,27.3,30.1,25.2,82,9.5,9.8,978.2
2022-09-21,Punjab,Ludhiana,1.0,PM2.5,105.0,Moderate,"number_of_monitoring_stations in Absolute Number, aqi_value in Indices",,0.0,27.0,30.6,25.1,86,13.4,13.2,977.2
2022-09-21,Punjab,Patiala,1.0,O3,53.0,Satisfactory,"number_of_monitoring_stations in Absolute Number, aqi_value in Indices",,1.0,26.5,31.0,24.8,88,9.5,8.4,976.6
2022-09-21,Punjab,Rupnagar,1.0,PM10,117.0,Moderate,"number_of_monitoring_stations in Absolute Number, aqi_value in Indices",,0.0,27.1,30.6,25.2,86,6.0,12.6,975.7
2022-09-22,Punjab,Amritsar,1.0,PM10,90.0,Satisfactory,"number_of_monitoring_stations in Absolute Number, aqi_value in Indices",,29.0,28.3,33.9,24.5,73,0.4,10.8,978.9
2022-09-22,Punjab,Bathinda,1.0,PM10,57.0,Satisfactory,"number_of_monitoring_stations in Absolute Number, aqi_value in Indices",,0.0,26.9,29.6,24.3,84,1.3,14.8,981.7
2022-09-22,Punjab,Jalandhar,1.0,PM10,45.0,Good,"number_of_monitoring_stations in Absolute Number, aqi_value in Indices",,0.0,26.6,29.9,24.2,84,0.0,12.1,978.1
2022-09-22,Punjab,Ludhiana,1.0,PM10,53.0,Satisfactory,"number_of_monitoring_stations in Absolute Number, aqi_value in Indices",,0.0,26.0,28.2,24.6,91,6.2,7.7,977.1
2022-09-22,Punjab,Patiala,1.0,O3,56.0,Satisfactory,"number_of_monitoring_stations in Absolute Number, aqi_value in Indices",,0.0,25.0,26.3,23.9,92,59.3,12.5,976.4
2022-09-22,Punjab,Rupnagar,1.0,PM10,59.0,Satisfactory,"number_of_monitoring_stations in Absolute Number, aqi_value in Indices",,0.0,25.5,26.9,25.0,88,9.9,13.8,975.6
2022-09-23,Punjab,Amritsar,1.0,PM10,74.0,Satisfactory,"number_of_monitoring_stations in Absolute Number, aqi_value in Indices",,2.0,27.3,33.5,23.9,78,1.5,12.6,978.3
2022-09-23,Punjab,Bathinda,1.0,PM10,78.0,Satisfactory,"number_of_monitoring_stations in Absolute Number, aqi_value in Indices",,0.0,25.1,26.2,24.2,91,19.1,13.9,981.1
2022-09-23,Punjab,Jalandhar,1.0,PM10,51.0,Satisfactory,"number_of_monitoring_stations in Absolute Number, aqi_value in Indices",,0.0,26.4,30.2,23.7,82,1.3,8.1,977.3
2022-09-23,Punjab,Ludhiana,1.0,PM10,56.0,Satisfactory,"number_of_monitoring_stations in Absolute Number, aqi_value in Indices",,0.0,26.1,29.2,23.8,85,0.1,10.4,976.3
2022-09-23,Punjab,Patiala,1.0,O3,53.0,Satisfactory,"number_of_monitoring_stations in Absolute Number, aqi_value in Indices",,0.0,25.1,27.9,23.0,88,10.0,13.1,975.7
2022-09-23,Punjab,Rupnagar,1.0,PM10,72.0,Satisfactory,"number_of_monitoring_stations in Absolute Number, aqi_value in Indices",,0.0,25.5,28.1,23.7,83,5.5,13.7,974.9
2022-09-24,Punjab,Bathinda,1.0,NO2,53.0,Satisfactory,"number_of_monitoring_stations in Absolute Number, aqi_value in Indices",,0.0,24.9,26.8,22.6,87,28.3,20.5,979.5
2022-09-24,Punjab,Jalandhar,1.0,PM10,55.0,Satisfactory,"number_of_monitoring_stations in Absolute Number, aqi_value in Indices",,0.0,25.0,27.8,23.3,87,37.1,7.4,976.3
2022-09-24,Punjab,Ludhiana,1.0,PM10,41.0,Good,"number_of_monitoring_stations in Absolute Number, aqi_value in Indices",,0.0,24.2,25.9,22.4,87,71.8,17.0,975.0
2022-09-24,Punjab,Patiala,1.0,O3,53.0,Satisfactory,"number_of_monitoring_stations in Absolute Number, aqi_value in Indices",,0.0,24.3,25.5,22.9,90,59.1,19.2,974.1
2022-09-24,Punjab,Rupnagar,1.0,PM10,86.0,Satisfactory,"number_of_monitoring_stations in Absolute Number, aqi_value in Indices",,0.0,24.2,27.0,23.1,90,73.9,12.9,973.7
2022-09-25,Punjab,Amritsar,1.0,CO,52.0,Satisfactory,"number_of_monitoring_stations in Absolute Number, aqi_value in Indices",,0.0,24.7,28.8,22.6,85,8.8,10.7,977.5
2022-09-25,Punjab,Bathinda,1.0,NO2,45.0,Good,"number_of_monitoring_stations in Absolute Number, aqi_value in Indices",,0.0,25.9,30.9,22.4,79,2.5,16.1,980.4
2022-09-25,Punjab,Jalandhar,1.0,NO2,31.0,Good,"number_of_monitoring_stations in Absolute Number, aqi_value in Indices",,0.0,24.4,27.9,22.5,85,123.3,17.7,976.3
2022-09-25,Punjab,Ludhiana,1.0,CO,19.0,Good,"number_of_monitoring_stations in Absolute Number, aqi_value in Indices",,0.0,24.5,28.8,22.0,85,39.9,16.9,975.3
2022-09-25,Punjab,Patiala,1.0,O3,53.0,Satisfactory,"number_of_monitoring_stations in Absolute Number, aqi_value in Indices",,0.0,24.9,29.1,22.3,86,17.9,21.8,975.1
2022-09-25,Punjab,Rupnagar,1.0,CO,49.0,Good,"number_of_monitoring_stations in Absolute Number, aqi_value in Indices",,0.0,23.4,25.9,21.4,90,97.9,29.0,974.3
2022-09-26,Punjab,Amritsar,1.0,CO,61.0,Satisfactory,"number_of_monitoring_stations in Absolute Number, aqi_value in Indices",,0.0,25.6,30.4,21.0,81,0.0,6.8,982.1
2022-09-26,Punjab,Bathinda,1.0,CO,41.0,Good,"number_of_monitoring_stations in Absolute Number, aqi_value in Indices",,0.0,26.0,31.2,22.6,84,5.5,12.1,985.0
2022-09-26,Punjab,Jalandhar,1.0,PM10,38.0,Good,"number_of_monitoring_stations in Absolute Number, aqi_value in Indices",,0.0,24.8,29.9,20.5,84,0.0,9.4,981.0
2022-09-26,Punjab,Ludhiana,1.0,PM2.5,59.0,Satisfactory,"number_of_monitoring_stations in Absolute Number, aqi_value in Indices",,0.0,25.0,30.3,20.5,85,0.0,9.7,980.0
2022-09-26,Punjab,Patiala,1.0,O3,52.0,Satisfactory,"number_of_monitoring_stations in Absolute Number, aqi_value in Indices",,0.0,24.9,29.8,20.6,85,0.0,9.9,979.4
2022-09-26,Punjab,Rupnagar,1.0,CO,43.0,Good,"number_of_monitoring_stations in Absolute Number, aqi_value in Indices",,0.0,24.2,29.8,19.7,85,0.0,11.0,978.5
2022-09-27,Punjab,Amritsar,1.0,O3,64.0,Satisfactory,"number_of_monitoring_stations in Absolute Number, aqi_value in Indices",,0.0,26.3,30.8,22.4,79,0.1,6.0,980.4
2022-09-27,Punjab,Bathinda,1.0,PM10,43.0,Good,"number_of_monitoring_stations in Absolute Number, aqi_value in Indices",,0.0,26.8,31.2,22.3,80,0.1,6.9,983.4
2022-09-27,Punjab,Jalandhar,1.0,PM2.5,51.0,Satisfactory,"number_of_monitoring_stations in Absolute Number, aqi_value in Indices",,0.0,25.6,30.4,21.0,83,0.0,6.9,979.4
2022-09-27,Punjab,Ludhiana,1.0,PM10,46.0,Good,"number_of_monitoring_stations in Absolute Number, aqi_value in Indices",,0.0,25.8,30.5,21.6,83,0.0,6.9,978.4
2022-09-27,Punjab,Patiala,1.0,O3,46.0,Good,"number_of_monitoring_stations in Absolute Number, aqi_value in Indices",,0.0,25.4,30.1,21.5,85,0.0,9.0,977.9
2022-09-27,Punjab,Rupnagar,1.0,CO,58.0,Satisfactory,"number_of_monitoring_stations in Absolute Number, aqi_value in Indices",,0.0,25.0,30.3,19.7,83,0.0,10.8,976.9
2022-09-28,Punjab,Amritsar,1.0,O3,49.0,Good,"number_of_monitoring_stations in Absolute Number, aqi_value in Indices",,0.0,26.8,31.1,22.8,77,0.0,6.3,979.4
2022-09-28,Punjab,Bathinda,1.0,PM10,111.0,Moderate,"number_of_monitoring_stations in Absolute Number, aqi_value in Indices",,0.0,27.2,31.9,23.4,77,0.0,8.3,982.4
2022-09-28,Punjab,Jalandhar,1.0,O3,58.0,Satisfactory,"number_of_monitoring_stations in Absolute Number, aqi_value in Indices",,0.0,25.8,30.3,21.7,82,0.0,7.4,978.4
2022-09-28,Punjab,Ludhiana,1.0,PM10,62.0,Satisfactory,"number_of_monitoring_stations in Absolute Number, aqi_value in Indices",,0.0,26.2,30.9,21.6,80,0.0,7.9,977.5
2022-09-28,Punjab,Patiala,1.0,PM10,51.0,Satisfactory,"number_of_monitoring_stations in Absolute Number, aqi_value in Indices",,0.0,25.6,30.4,21.5,82,0.0,8.7,976.9
2022-09-28,Punjab,Rupnagar,1.0,PM10,80.0,Satisfactory,"number_of_monitoring_stations in Absolute Number, aqi_value in Indices",,0.0,25.4,30.3,20.2,82,0.0,9.0,975.9
2022-09-29,Punjab,Amritsar,1.0,O3,56.0,Satisfactory,"number_of_monitoring_stations in Absolute Number, aqi_value in Indices",,0.0,26.8,32.3,22.2,77,0.0,7.8,979.3
2022-09-29,Punjab,Bathinda,1.0,PM10,140.0,Moderate,"number_of_monitoring_stations in Absolute Number, aqi_value in Indices",,0.0,27.3,32.7,22.8,75,0.0,7.9,982.4
2022-09-29,Punjab,Jalandhar,1.0,PM2.5,66.0,Satisfactory,"number_of_monitoring_stations in Absolute Number, aqi_value in Indices",,0.0,26.4,31.3,21.9,80,0.0,8.7,978.4
2022-09-29,Punjab,Ludhiana,1.0,PM10,116.0,Moderate,"number_of_monitoring_stations in Absolute Number, aqi_value in Indices",,0.0,26.5,31.3,22.1,79,0.0,9.2,977.4
2022-09-29,Punjab,Patiala,1.0,PM10,68.0,Satisfactory,"number_of_monitoring_stations in Absolute Number, aqi_value in Indices",,0.0,26.0,30.7,21.9,81,0.0,10.2,976.8
2022-09-29,Punjab,Rupnagar,1.0,PM2.5,89.0,Satisfactory,"number_of_monitoring_stations in Absolute Number, aqi_value in Indices",,0.0,25.8,30.8,21.6,82,0.0,12.5,975.8
2022-09-30,Punjab,Amritsar,1.0,PM10,51.0,Satisfactory,"number_of_monitoring_stations in Absolute Number, aqi_value in Indices",,6.0,27.6,33.1,23.0,73,0.0,7.1,979.6
2022-09-30,Punjab,Bathinda,1.0,PM10,97.0,Satisfactory,"number_of_monitoring_stations in Absolute Number, aqi_value in Indices",,0.0,27.8,33.4,23.5,71,0.0,8.4,982.6
2022-09-30,Punjab,Jalandhar,1.0,PM10,61.0,Satisfactory,"number_of_monitoring_stations in Absolute Number, aqi_value in Indices",,1.0,26.9,32.0,22.3,78,0.1,8.9,978.7
2022-09-30,Punjab,Ludhiana,1.0,PM10,125.0,Moderate,"number_of_monitoring_stations in Absolute Number, aqi_value in Indices",,0.0,27.0,31.8,22.4,78,0.2,9.7,977.7
2022-09-30,Punjab,Patiala,1.0,PM10,96.0,Satisfactory,"number_of_monitoring_stations in Absolute Number, aqi_value in Indices",,0.0,26.2,31.2,22.0,82,0.0,11.8,977.2
2022-09-30,Punjab,Rupnagar,1.0,PM2.5,108.0,Moderate,"number_of_monitoring_stations in Absolute Number, aqi_value in Indices",,0.0,25.5,31.3,20.1,82,0.0,13.0,976.2
2022-10-01,Punjab,Amritsar,1.0,CO,58.0,Satisfactory,"number_of_monitoring_stations in Absolute Number, aqi_value in Indices",,39.0,27.2,33.2,22.5,72,0.0,6.9,978.5
2022-10-01,Punjab,Bathinda,1.0,PM10,156.0,Moderate,"number_of_monitoring_stations in Absolute Number, aqi_value in Indices",,0.0,27.9,33.9,23.3,68,0.0,9.7,981.5
2022-10-01,Punjab,Jalandhar,1.0,PM10,92.0,Satisfactory,"number_of_monitoring_stations in Absolute Number, aqi_value in Indices",,0.0,26.8,32.4,22.3,77,0.1,7.8,977.6
2022-10-01,Punjab,Ludhiana,1.0,PM10,122.0,Moderate,"number_of_monitoring_stations in Absolute Number, aqi_value in Indices",,0.0,26.7,32.3,22.3,79,0.1,8.4,976.6
2022-10-01,Punjab,Patiala,1.0,PM10,106.0,Moderate,"number_of_monitoring_stations in Absolute Number, aqi_value in Indices",,0.0,26.4,31.5,22.2,79,0.0,8.7,976.2
2022-10-01,Punjab,Rupnagar,1.0,PM2.5,168.0,Moderate,"number_of_monitoring_stations in Absolute Number, aqi_value in Indices",,0.0,25.5,31.2,19.9,80,0.0,11.2,975.2
2022-10-02,Punjab,Bathinda,1.0,PM10,141.0,Moderate,"number_of_monitoring_stations in Absolute Number, aqi_value in Indices",,0.0,27.3,33.8,22.3,64,0.0,12.1,982.3
2022-10-02,Punjab,Jalandhar,1.0,PM10,105.0,Moderate,"number_of_monitoring_stations in Absolute Number, aqi_value in Indices",,1.0,26.5,33.0,21.4,77,0.0,8.7,978.3
2022-10-02,Punjab,Ludhiana,1.0,PM10,125.0,Moderate,"number_of_monitoring_stations in Absolute Number, aqi_value in Indices",,0.0,26.5,32.8,21.4,77,0.0,9.8,977.3
2022-10-02,Punjab,Patiala,1.0,PM10,102.0,Moderate,"number_of_monitoring_stations in Absolute Number, aqi_value in Indices",,3.0,26.5,32.5,21.3,77,0.0,10.9,976.8
2022-10-02,Punjab,Rupnagar,1.0,PM2.5,137.0,Moderate,"number_of_monitoring_stations in Absolute Number, aqi_value in Indices",,0.0,25.3,31.8,19.6,79,0.0,11.5,975.8
2022-10-03,Punjab,Bathinda,1.0,PM10,89.0,Satisfactory,"number_of_monitoring_stations in Absolute Number, aqi_value in Indices",,0.0,27.6,34.2,22.9,58,0.0,14.4,983.3
2022-10-03,Punjab,Jalandhar,1.0,PM10,115.0,Moderate,"number_of_monitoring_stations in Absolute Number, aqi_value in Indices",,1.0,26.5,33.1,20.9,74,0.0,10.3,979.2
2022-10-03,Punjab,Ludhiana,1.0,PM10,92.0,Satisfactory,"number_of_monitoring_stations in Absolute Number, aqi_value in Indices",,1.0,27.0,32.7,22.5,68,0.0,11.9,978.3
2022-10-03,Punjab,Patiala,1.0,PM10,79.0,Satisfactory,"number_of_monitoring_stations in Absolute Number, aqi_value in Indices",,2.0,26.5,32.5,22.1,72,0.0,14.6,977.6
2022-10-03,Punjab,Rupnagar,1.0,PM2.5,169.0,Moderate,"number_of_monitoring_stations in Absolute Number, aqi_value in Indices",,0.0,25.7,32.3,20.1,75,0.0,13.6,976.5
2022-10-04,Punjab,Amritsar,1.0,PM2.5,123.0,Moderate,"number_of_monitoring_stations in Absolute Number, aqi_value in Indices",,36.0,27.1,34.0,20.9,69,0.0,8.6,981.7
2022-10-04,Punjab,Bathinda,1.0,PM10,171.0,Moderate,"number_of_monitoring_stations in Absolute Number, aqi_value in Indices",,0.0,27.6,33.9,22.4,59,0.0,11.9,984.9
2022-10-04,Punjab,Jalandhar,1.0,PM10,110.0,Moderate,"number_of_monitoring_stations in Absolute Number, aqi_value in Indices",,4.0,26.5,32.5,22.0,73,0.0,9.2,980.7
2022-10-04,Punjab,Ludhiana,1.0,PM10,110.0,Moderate,"number_of_monitoring_stations in Absolute Number, aqi_value in Indices",,0.0,26.4,32.6,21.1,73,0.0,10.8,979.7
2022-10-04,Punjab,Patiala,1.0,PM10,94.0,Satisfactory,"number_of_monitoring_stations in Absolute Number, aqi_value in Indices",,1.0,26.3,32.5,22.0,72,0.0,11.7,979.1
2022-10-04,Punjab,Rupnagar,1.0,PM2.5,232.0,Poor,"number_of_monitoring_stations in Absolute Number, aqi_value in Indices",,0.0,26.3,32.2,20.8,74,0.0,10.0,978.1
2022-10-05,Punjab,Amritsar,1.0,PM2.5,107.0,Moderate,"number_of_monitoring_stations in Absolute Number, aqi_value in Indices",,70.0,26.3,33.6,20.6,68,0.0,8.3,980.7
2022-10-05,Punjab,Bathinda,1.0,PM10,104.0,Moderate,"number_of_monitoring_stations in Absolute Number, aqi_value in Indices",,0.0,27.7,33.9,21.7,58,0.0,10.0,984.0
2022-10-05,Punjab,Jalandhar,1.0,PM10,113.0,Moderate,"number_of_monitoring_stations in Absolute Number, aqi_value in Indices",,3.0,26.1,32.4,20.7,72,0.0,9.4,979.9
2022-10-05,Punjab,Ludhiana,1.0,PM10,115.0,Moderate,"number_of_monitoring_stations in Absolute Number, aqi_value in Indices",,2.0,26.0,32.4,21.3,74,0.0,9.4,978.9
2022-10-05,Punjab,Patiala,1.0,PM10,91.0,Satisfactory,"number_of_monitoring_stations in Absolute Number, aqi_value in Indices",,5.0,26.0,32.1,21.7,78,0.0,10.9,978.6
2022-10-05,Punjab,Rupnagar,1.0,PM2.5,200.0,Moderate,"number_of_monitoring_stations in Absolute Number, aqi_value in Indices",,0.0,25.6,31.7,21.1,77,0.0,9.8,977.6
2022-10-06,Punjab,Amritsar,1.0,PM10,93.0,Satisfactory,"number_of_monitoring_stations in Absolute Number, aqi_value in Indices",,29.0,26.0,32.4,20.5,71,0.0,11.9,981.4
2022-10-06,Punjab,Bathinda,1.0,PM10,152.0,Moderate,"number_of_monitoring_stations in Absolute Number, aqi_value in Indices",,0.0,26.1,32.2,20.2,68,0.0,12.4,984.3
2022-10-06,Punjab,Jalandhar,1.0,PM10,101.0,Moderate,"number_of_monitoring_stations in Absolute Number, aqi_value in Indices",,2.0,25.3,30.6,20.9,78,0.0,12.2,980.7
2022-10-06,Punjab,Ludhiana,1.0,PM10,120.0,Moderate,"number_of_monitoring_stations in Absolute Number, aqi_value in Indices",,3.0,25.5,31.0,21.6,76,0.0,16.1,979.7
2022-10-06,Punjab,Patiala,1.0,PM10,79.0,Satisfactory,"number_of_monitoring_stations in Absolute Number, aqi_value in Indices",,9.0,25.6,30.5,21.8,76,0.1,16.3,979.5
2022-10-06,Punjab,Rupnagar,1.0,PM10,137.0,Moderate,"number_of_monitoring_stations in Absolute Number, aqi_value in Indices",,0.0,25.6,30.0,21.4,73,0.0,15.2,978.5
2022-10-07,Punjab,Amritsar,1.0,PM10,90.0,Satisfactory,"number_of_monitoring_stations in Absolute Number, aqi_value in Indices",,25.0,26.1,31.6,21.8,72,0.0,9.3,982.9
2022-10-07,Punjab,Bathinda,1.0,PM10,123.0,Moderate,"number_of_monitoring_stations in Absolute Number, aqi_value in Indices",,0.0,25.8,30.6,21.9,75,0.1,11.5,985.9
2022-10-07,Punjab,Jalandhar,1.0,PM10,80.0,Satisfactory,"number_of_monitoring_stations in Absolute Number, aqi_value in Indices",,1.0,25.2,29.8,21.6,79,0.3,10.9,982.2
2022-10-07,Punjab,Ludhiana,1.0,PM10,108.0,Moderate,"number_of_monitoring_stations in Absolute Number, aqi_value in Indices",,3.0,25.0,29.2,21.6,79,0.7,10.7,981.3
2022-10-07,Punjab,Patiala,1.0,PM10,58.0,Satisfactory,"number_of_monitoring_stations in Absolute Number, aqi_value in Indices",,4.0,24.9,28.9,21.9,79,0.4,9.6,980.9
2022-10-07,Punjab,Rupnagar,1.0,PM2.5,85.0,Satisfactory,"number_of_monitoring_stations in Absolute Number, aqi_value in Indices",,0.0,24.3,28.7,21.3,80,1.1,11.2,980.0
2022-10-08,Punjab,Jalandhar,1.0,PM10,65.0,Satisfactory,"number_of_monitoring_stations in Absolute Number, aqi_value in Indices",,0.0,24.4,29.0,21.1,79,0.1,9.2,983.1
2022-10-08,Punjab,Ludhiana,1.0,PM10,132.0,Moderate,"number_of_monitoring_stations in Absolute Number, aqi_value in Indices",,0.0,24.2,27.4,21.9,83,0.3,8.2,982.2
2022-10-08,Punjab,Patiala,1.0,PM10,46.0,Good,"number_of_monitoring_stations in Absolute Number, aqi_value in Indices",,0.0,23.3,25.5,21.0,86,5.8,12.2,981.8
2022-10-08,Punjab,Rupnagar,1.0,PM2.5,75.0,Satisfactory,"number_of_monitoring_stations in Absolute Number, aqi_value in Indices",,0.0,23.7,26.8,21.0,83,0.1,7.4,980.9
2022-10-09,Punjab,Amritsar,1.0,PM10,76.0,Satisfactory,"number_of_monitoring_stations in Absolute Number, aqi_value in Indices",,0.0,25.3,30.5,21.0,77,0.0,10.9,983.5
2022-10-09,Punjab,Bathinda,1.0,PM10,90.0,Satisfactory,"number_of_monitoring_stations in Absolute Number, aqi_value in Indices",,0.0,24.9,30.0,20.9,77,0.6,13.9,986.3
2022-10-09,Punjab,Jalandhar,1.0,PM10,55.0,Satisfactory,"number_of_monitoring_stations in Absolute Number, aqi_value in Indices",,0.0,24.1,28.9,20.6,83,3.6,8.9,982.6
2022-10-09,Punjab,Ludhiana,1.0,PM10,100.0,Satisfactory,"number_of_monitoring_stations in Absolute Number, aqi_value in Indices",,2.0,23.9,29.5,20.1,83,0.8,7.1,981.5
2022-10-09,Punjab,Patiala,1.0,PM10,47.0,Good,"number_of_monitoring_stations in Absolute Number, aqi_value in Indices",,0.0,23.6,28.1,19.8,82,0.8,19.4,981.0
2022-10-09,Punjab,Rupnagar,1.0,PM2.5,74.0,Satisfactory,"number_of_monitoring_stations in Absolute Number, aqi_value in Indices",,0.0,23.9,28.6,20.9,84,0.2,10.0,980.1
2022-10-10,Punjab,Amritsar,1.0,PM10,86.0,Satisfactory,"number_of_monitoring_stations in Absolute Number, aqi_value in Indices",,2.0,23.8,28.2,21.4,82,3.3,11.3,984.8
2022-10-10,Punjab,Bathinda,1.0,PM10,75.0,Satisfactory,"number_of_monitoring_stations in Absolute Number, aqi_value in Indices",,0.0,24.6,28.7,21.5,76,0.5,16.5,987.5
2022-10-10,Punjab,Jalandhar,1.0,PM10,55.0,Satisfactory,"number_of_monitoring_stations in Absolute Number, aqi_value in Indices",,0.0,23.1,27.4,20.1,84,0.9,12.5,983.9
2022-10-10,Punjab,Ludhiana,1.0,PM10,78.0,Satisfactory,"number_of_monitoring_stations in Absolute Number, aqi_value in Indices",,1.0,22.9,27.6,20.0,87,9.0,13.4,982.9
2022-10-10,Punjab,Patiala,1.0,O3,46.0,Good,"number_of_monitoring_stations in Absolute Number, aqi_value in Indices",,0.0,23.1,27.5,21.1,82,0.7,15.8,982.1
2022-10-10,Punjab,Rupnagar,1.0,PM2.5,59.0,Satisfactory,"number_of_monitoring_stations in Absolute Number, aqi_value in Indices",,0.0,22.3,27.1,20.1,89,14.8,10.1,981.4
2022-10-11,Punjab,Amritsar,1.0,PM10,78.0,Satisfactory,"number_of_monitoring_stations in Absolute Number, aqi_value in Indices",,14.0,23.0,28.3,19.6,84,0.9,8.9,983.7
2022-10-11,Punjab,Bathinda,1.0,PM10,91.0,Satisfactory,"number_of_monitoring_stations in Absolute Number, aqi_value in Indices",,0.0,23.6,28.4,19.9,79,0.0,11.8,986.4
2022-10-11,Punjab,Jalandhar,1.0,PM10,57.0,Satisfactory,"number_of_monitoring_stations in Absolute Number, aqi_value in Indices",,0.0,22.2,26.9,19.1,85,15.3,12.0,982.8
2022-10-11,Punjab,Ludhiana,1.0,PM10,61.0,Satisfactory,"number_of_monitoring_stations in Absolute Number, aqi_value in Indices",,0.0,21.9,27.1,18.6,85,15.5,10.4,981.7
2022-10-11,Punjab,Patiala,1.0,O3,49.0,Good,"number_of_monitoring_stations in Absolute Number, aqi_value in Indices",,0.0,21.8,25.6,18.3,87,16.3,17.2,980.9
2022-10-11,Punjab,Rupnagar,1.0,CO,49.0,Good,"number_of_monitoring_stations in Absolute Number, aqi_value in Indices",,0.0,21.7,26.0,19.4,86,33.6,15.3,980.3
2022-10-12,Punjab,Amritsar,1.0,PM10,74.0,Satisfactory,"number_of_monitoring_stations in Absolute Number, aqi_value in Indices",,17.0,23.2,28.8,18.1,75,0.0,7.6,984.7
2022-10-12,Punjab,Jalandhar,1.0,PM10,53.0,Satisfactory,"number_of_monitoring_stations in Absolute Number, aqi_value in Indices",,7.0,22.3,27.8,17.9,81,0.0,12.7,983.6
2022-10-12,Punjab,Ludhiana,1.0,PM10,71.0,Satisfactory,"number_of_monitoring_stations in Absolute Number, aqi_value in Indices",,0.0,22.3,27.7,18.1,80,0.0,12.1,982.5
2022-10-12,Punjab,Patiala,1.0,PM10,55.0,Satisfactory,"number_of_monitoring_stations in Absolute Number, aqi_value in Indices",,0.0,22.2,27.9,17.4,79,0.0,9.8,981.8
2022-10-12,Punjab,Rupnagar,1.0,PM10,59.0,Satisfactory,"number_of_monitoring_stations in Absolute Number, aqi_value in Indices",,0.0,21.5,27.2,17.5,83,7.7,15.0,980.9
2022-10-13,Punjab,Amritsar,1.0,PM10,94.0,Satisfactory,"number_of_monitoring_stations in Absolute Number, aqi_value in Indices",,34.0,23.9,30.6,18.1,67,0.0,10.2,985.4
2022-10-13,Punjab,Bathinda,1.0,PM10,133.0,Moderate,"number_of_monitoring_stations in Absolute Number, aqi_value in Indices",,0.0,24.5,30.8,18.8,64,0.0,10.5,988.5
2022-10-13,Punjab,Jalandhar,1.0,PM10,72.0,Satisfactory,"number_of_monitoring_stations in Absolute Number, aqi_value in Indices",,7.0,23.6,29.8,18.4,71,0.0,10.9,984.3
2022-10-13,Punjab,Ludhiana,1.0,PM10,101.0,Moderate,"number_of_monitoring_stations in Absolute Number, aqi_value in Indices",,1.0,23.1,30.0,17.7,73,0.0,11.4,983.2
2022-10-13,Punjab,Patiala,1.0,PM10,66.0,Satisfactory,"number_of_monitoring_stations in Absolute Number, aqi_value in Indices",,4.0,23.1,29.5,18.5,75,0.0,13.1,982.6
2022-10-13,Punjab,Rupnagar,1.0,PM10,68.0,Satisfactory,"number_of_monitoring_stations in Absolute Number, aqi_value in Indices",,0.0,22.1,28.7,16.9,80,0.0,12.3,981.5
2022-10-14,Punjab,Amritsar,1.0,PM10,108.0,Moderate,"number_of_monitoring_stations in Absolute Number, aqi_value in Indices",,19.0,24.2,31.0,18.4,63,0.0,11.2,985.1
2022-10-14,Punjab,Bathinda,1.0,PM10,102.0,Moderate,"number_of_monitoring_stations in Absolute Number, aqi_value in Indices",,0.0,25.3,31.4,19.0,57,0.0,11.4,988.3
2022-10-14,Punjab,Jalandhar,1.0,PM10,102.0,Moderate,"number_of_monitoring_stations in Absolute Number, aqi_value in Indices",,6.0,23.7,29.8,19.5,66,0.0,12.2,984.0
2022-10-14,Punjab,Ludhiana,1.0,PM2.5,131.0,Moderate,"number_of_monitoring_stations in Absolute Number, aqi_value in Indices",,1.0,23.2,30.0,17.6,70,0.0,12.7,982.9
2022-10-14,Punjab,Patiala,1.0,PM10,88.0,Satisfactory,"number_of_monitoring_stations in Absolute Number, aqi_value in Indices",,6.0,23.0,29.8,18.3,72,0.0,15.3,982.3
2022-10-14,Punjab,Rupnagar,1.0,PM10,72.0,Satisfactory,"number_of_monitoring_stations in Absolute Number, aqi_value in Indices",,0.0,21.8,28.9,16.4,79,0.0,14.0,981.2
2022-10-15,Punjab,Bathinda,1.0,PM10,159.0,Moderate,"number_of_monitoring_stations in Absolute Number, aqi_value in Indices",,1.0,25.0,31.6,19.3,57,0.0,9.8,987.2
2022-10-15,Punjab,Jalandhar,1.0,PM10,115.0,Moderate,"number_of_monitoring_stations in Absolute Number, aqi_value in Indices",,7.0,23.1,30.1,16.9,70,0.0,10.8,983.0
2022-10-15,Punjab,Ludhiana,1.0,PM2.5,153.0,Moderate,"number_of_monitoring_stations in Absolute Number, aqi_value in Indices",,5.0,23.8,30.3,17.6,66,0.0,9.6,982.1
2022-10-15,Punjab,Patiala,1.0,PM10,109.0,Moderate,"number_of_monitoring_stations in Absolute Number, aqi_value in Indices",,5.0,22.9,30.0,17.3,73,0.0,13.2,981.4
2022-10-15,Punjab,Rupnagar,1.0,PM2.5,104.0,Moderate,"number_of_monitoring_stations in Absolute Number, aqi_value in Indices",,0.0,22.1,29.0,16.9,79,0.0,11.8,980.4
2022-10-16,Punjab,Amritsar,1.0,PM2.5,148.0,Moderate,"number_of_monitoring_stations in Absolute Number, aqi_value in Indices",,39.0,24.1,31.6,17.6,63,0.0,10.5,986.2
2022-10-16,Punjab,Bathinda,1.0,PM10,171.0,Moderate,"number_of_monitoring_stations in Absolute Number, aqi_value in Indices",,0.0,25.2,31.7,19.1,56,0.0,10.1,989.4
2022-10-16,Punjab,Jalandhar,1.0,PM2.5,173.0,Moderate,"number_of_monitoring_stations in Absolute Number, aqi_value in Indices",,8.0,23.7,30.7,17.1,71,0.0,7.8,985.3
2022-10-16,Punjab,Ludhiana,1.0,PM2.5,120.0,Moderate,"number_of_monitoring_stations in Absolute Number, aqi_value in Indices",,7.0,24.0,30.8,17.7,67,0.0,8.3,984.3
2022-10-16,Punjab,Patiala,1.0,PM10,111.0,Moderate,"number_of_monitoring_stations in Absolute Number, aqi_value in Indices",,13.0,23.4,30.5,17.5,72,0.0,9.5,983.7
2022-10-16,Punjab,Rupnagar,1.0,PM2.5,104.0,Moderate,"number_of_monitoring_stations in Absolute Number, aqi_value in Indices",,0.0,22.1,29.4,15.6,79,0.0,10.9,982.7
2022-10-17,Punjab,Amritsar,1.0,PM10,145.0,Moderate,"number_of_monitoring_stations in Absolute Number, aqi_value in Indices",,60.0,24.2,31.5,17.7,57,0.0,11.5,986.2
2022-10-17,Punjab,Bathinda,1.0,PM2.5,126.0,Moderate,"number_of_monitoring_stations in Absolute Number, aqi_value in Indices",,2.0,25.4,31.9,18.2,53,0.0,10.0,989.4
2022-10-17,Punjab,Jalandhar,1.0,PM10,139.0,Moderate,"number_of_monitoring_stations in Absolute Number, aqi_value in Indices",,20.0,23.7,30.6,17.4,69,0.0,8.3,985.3
2022-10-17,Punjab,Ludhiana,1.0,PM2.5,120.0,Moderate,"number_of_monitoring_stations in Absolute Number, aqi_value in Indices",,12.0,23.8,30.8,17.8,65,0.0,8.5,984.3
2022-10-17,Punjab,Patiala,1.0,PM10,114.0,Moderate,"number_of_monitoring_stations in Absolute Number, aqi_value in Indices",,14.0,23.6,30.7,18.2,67,0.0,9.0,983.7
2022-10-17,Punjab,Rupnagar,1.0,PM2.5,87.0,Satisfactory,"number_of_monitoring_stations in Absolute Number, aqi_value in Indices",,0.0,22.5,29.6,16.7,78,0.0,10.4,982.7
2022-10-18,Punjab,Amritsar,1.0,PM2.5,163.0,Moderate,"number_of_monitoring_stations in Absolute Number, aqi_value in Indices",,46.0,23.4,31.4,17.1,65,0.0,11.0,984.4
2022-10-18,Punjab,Bathinda,1.0,PM10,219.0,Poor,"number_of_monitoring_stations in Absolute Number, aqi_value in Indices",,2.0,24.0,32.1,17.8,56,0.0,10.5,987.3
2022-10-18,Punjab,Jalandhar,1.0,PM10,104.0,Moderate,"number_of_monitoring_stations in Absolute Number, aqi_value in Indices",,15.0,22.6,30.1,17.2,70,0.0,9.0,983.6
2022-10-18,Punjab,Ludhiana,1.0,PM2.5,154.0,Moderate,"number_of_monitoring_stations in Absolute Number, aqi_value in Indices",,8.0,23.2,30.7,16.6,63,0.0,12.2,982.6
2022-10-18,Punjab,Patiala,1.0,PM10,126.0,Moderate,"number_of_monitoring_stations in Absolute Number, aqi_value in Indices",,21.0,23.2,30.7,17.2,65,0.0,10.0,982.1
2022-10-18,Punjab,Rupnagar,1.0,PM2.5,145.0,Moderate,"number_of_monitoring_stations in Absolute Number, aqi_value in Indices",,4.0,21.6,28.8,16.2,76,0.0,10.5,981.2
2022-10-19,Punjab,Amritsar,1.0,PM10,107.0,Moderate,"number_of_monitoring_stations in Absolute Number, aqi_value in Indices",,82.0,23.2,31.2,17.2,59,0.0,10.5,984.3
2022-10-19,Punjab,Bathinda,1.0,PM2.5,189.0,Moderate,"number_of_monitoring_stations in Absolute Number, aqi_value in Indices",,3.0,24.1,31.4,18.3,55,0.0,11.8,987.1
2022-10-19,Punjab,Jalandhar,1.0,PM10,101.0,Moderate,"number_of_monitoring_stations in Absolute Number, aqi_value in Indices",,20.0,22.1,30.1,16.5,68,0.0,9.6,983.4
2022-10-19,Punjab,Ludhiana,1.0,PM2.5,198.0,Moderate,"number_of_monitoring_stations in Absolute Number, aqi_value in Indices",,11.0,22.6,30.8,16.3,65,0.0,9.9,982.4
2022-10-19,Punjab,Patiala,1.0,PM2.5,143.0,Moderate,"number_of_monitoring_stations in Absolute Number, aqi_value in Indices",,27.0,22.6,30.2,16.5,70,0.0,10.5,982.0
2022-10-19,Punjab,Rupnagar,1.0,PM2.5,99.0,Satisfactory,"number_of_monitoring_stations in Absolute Number, aqi_value in Indices",,2.0,21.6,29.6,15.5,63,0.0,10.1,981.1
2022-10-20,Punjab,Amritsar,1.0,PM2.5,165.0,Moderate,"number_of_monitoring_stations in Absolute Number, aqi_value in Indices",,4.0,21.7,27.2,17.9,57,2.0,30.5,986.2
2022-10-20,Punjab,Jalandhar,1.0,PM2.5,140.0,Moderate,"number_of_monitoring_stations in Absolute Number, aqi_value in Indices",,4.0,21.3,26.8,17.4,63,4.5,29.7,985.1
2022-10-20,Punjab,Ludhiana,1.0,PM2.5,134.0,Moderate,"number_of_monitoring_stations in Absolute Number, aqi_value in Indices",,13.0,22.1,28.1,17.5,65,0.2,19.6,984.1
2022-10-20,Punjab,Patiala,1.0,PM2.5,146.0,Moderate,"number_of_monitoring_stations in Absolute Number, aqi_value in Indices",,12.0,22.4,29.2,18.2,72,1.8,18.9,983.7
2022-10-20,Punjab,Rupnagar,1.0,PM2.5,156.0,Moderate,"number_of_monitoring_stations in Absolute Number, aqi_value in Indices",,2.0,20.9,28.2,15.0,63,0.1,21.2,982.9
2022-10-21,Punjab,Amritsar,1.0,PM10,77.0,Satisfactory,"number_of_monitoring_stations in Absolute Number, aqi_value in Indices",,42.0,22.4,29.6,16.3,54,0.0,12.9,989.0
2022-10-21,Punjab,Bathinda,1.0,PM10,68.0,Satisfactory,"number_of_monitoring_stations in Absolute Number, aqi_value in Indices",,8.0,24.0,30.7,18.1,61,0.0,10.0,991.4
2022-10-21,Punjab,Jalandhar,1.0,PM10,122.0,Moderate,"number_of_monitoring_stations in Absolute Number, aqi_value in Indices",,30.0,22.0,29.5,16.0,60,0.0,10.0,987.6
2022-10-21,Punjab,Ludhiana,1.0,PM2.5,147.0,Moderate,"number_of_monitoring_stations in Absolute Number, aqi_value in Indices",,30.0,22.3,29.9,15.7,67,0.0,10.5,986.4
2022-10-21,Punjab,Patiala,1.0,PM10,110.0,Moderate,"number_of_monitoring_stations in Absolute Number, aqi_value in Indices",,61.0,22.2,29.2,16.6,74,0.0,10.3,985.7
2022-10-21,Punjab,Rupnagar,1.0,PM10,99.0,Satisfactory,"number_of_monitoring_stations in Absolute Number, aqi_value in Indices",,1.0,21.8,30.0,13.5,58,0.0,11.7,984.9
2022-10-22,Punjab,Amritsar,1.0,PM10,90.0,Satisfactory,"number_of_monitoring_stations in Absolute Number, aqi_value in Indices",,61.0,21.8,29.2,15.6,57,0.0,9.6,989.9
2022-10-22,Punjab,Jalandhar,1.0,PM2.5,105.0,Moderate,"number_of_monitoring_stations in Absolute Number, aqi_value in Indices",,32.0,21.3,29.1,15.9,63,0.0,11.5,988.7
2022-10-22,Punjab,Ludhiana,1.0,PM2.5,178.0,Moderate,"number_of_monitoring_stations in Absolute Number, aqi_value in Indices",,31.0,21.5,29.6,15.9,64,0.0,10.4,987.6
2022-10-22,Punjab,Patiala,1.0,PM10,108.0,Moderate,"number_of_monitoring_stations in Absolute Number, aqi_value in Indices",,58.0,21.4,28.9,16.0,69,0.0,9.2,986.9
2022-10-22,Punjab,Rupnagar,1.0,PM2.5,151.0,Moderate,"number_of_monitoring_stations in Absolute Number, aqi_value in Indices",,9.0,20.7,28.2,15.2,66,0.0,9.9,986.0
2022-10-23,Punjab,Amritsar,1.0,PM10,106.0,Moderate,"number_of_monitoring_stations in Absolute Number, aqi_value in Indices",,97.0,21.2,29.3,14.4,63,0.0,9.8,988.8
2022-10-23,Punjab,Jalandhar,1.0,PM2.5,211.0,Poor,"number_of_monitoring_stations in Absolute Number, aqi_value in Indices",,49.0,21.6,29.2,16.7,62,0.0,11.9,987.7
2022-10-23,Punjab,Ludhiana,1.0,PM2.5,188.0,Moderate,"number_of_monitoring_stations in Absolute Number, aqi_value in Indices",,30.0,21.4,29.5,14.9,65,0.0,9.1,986.6
2022-10-23,Punjab,Patiala,1.0,PM10,113.0,Moderate,"number_of_monitoring_stations in Absolute Number, aqi_value in Indices",,103.0,20.9,29.1,14.6,69,0.0,9.7,985.8
2022-10-23,Punjab,Rupnagar,1.0,PM10,165.0,Moderate,"number_of_monitoring_stations in Absolute Number, aqi_value in Indices",,10.0,20.6,28.6,14.4,73,0.0,9.7,984.9
2022-10-24,Punjab,Amritsar,1.0,PM2.5,197.0,Moderate,"number_of_monitoring_stations in Absolute Number, aqi_value in Indices",,81.0,21.3,29.4,13.9,61,0.0,9.7,984.6
2022-10-24,Punjab,Jalandhar,1.0,PM2.5,152.0,Moderate,"number_of_monitoring_stations in Absolute Number, aqi_value in Indices",,51.0,20.9,29.1,14.3,66,0.0,12.8,983.5
2022-10-24,Punjab,Ludhiana,1.0,PM2.5,179.0,Moderate,"number_of_monitoring_stations in Absolute Number, aqi_value in Indices",,77.0,21.1,29.4,15.4,65,0.0,11.5,982.4
2022-10-24,Punjab,Patiala,1.0,PM2.5,150.0,Moderate,"number_of_monitoring_stations in Absolute Number, aqi_value in Indices",,111.0,21.4,29.4,15.9,63,0.0,13.0,981.6
2022-10-24,Punjab,Rupnagar,1.0,PM2.5,136.0,Moderate,"number_of_monitoring_stations in Absolute Number, aqi_value in Indices",,24.0,20.7,29.2,15.0,72,0.0,14.9,980.5
2022-10-25,Punjab,Amritsar,1.0,PM2.5,246.0,Poor,"number_of_monitoring_stations in Absolute Number, aqi_value in Indices",,12.0,21.6,29.3,14.6,62,0.0,10.1,982.1
2022-10-25,Punjab,Jalandhar,1.0,PM2.5,266.0,Poor,"number_of_monitoring_stations in Absolute Number, aqi_value in Indices",,13.0,21.3,29.1,14.6,66,0.0,10.9,981.1
2022-10-25,Punjab,Ludhiana,1.0,PM2.5,300.0,Poor,"number_of_monitoring_stations in Absolute Number, aqi_value in Indices",,19.0,21.3,29.5,14.6,63,0.0,12.3,980.1
2022-10-25,Punjab,Patiala,1.0,PM2.5,211.0,Poor,"number_of_monitoring_stations in Absolute Number, aqi_value in Indices",,8.0,21.3,29.1,15.8,62,0.0,15.6,979.4
2022-10-26,Punjab,Amritsar,1.0,PM2.5,297.0,Poor,"number_of_monitoring_stations in Absolute Number, aqi_value in Indices",,54.0,22.0,30.5,15.9,67,0.0,8.7,985.5
2022-10-26,Punjab,Bathinda,1.0,PM10,146.0,Moderate,"number_of_monitoring_stations in Absolute Number, aqi_value in Indices",,54.0,23.6,31.5,16.9,56,0.0,10.0,988.5
2022-10-26,Punjab,Jalandhar,1.0,PM2.5,205.0,Poor,"number_of_monitoring_stations in Absolute Number, aqi_value in Indices",,58.0,21.7,29.8,14.5,69,0.0,8.8,984.5
2022-10-26,Punjab,Ludhiana,1.0,PM2.5,285.0,Poor,"number_of_monitoring_stations in Absolute Number, aqi_value in Indices",,43.0,23.2,30.2,17.1,62,0.0,6.8,983.6
2022-10-26,Punjab,Patiala,1.0,PM2.5,195.0,Moderate,"number_of_monitoring_stations in Absolute Number, aqi_value in Indices",,183.0,21.4,29.9,15.0,69,0.0,10.6,982.9
2022-10-26,Punjab,Rupnagar,1.0,PM10,171.0,Moderate,"number_of_monitoring_stations in Absolute Number, aqi_value in Indices",,15.0,20.7,29.7,12.3,72,0.0,10.7,981.9
2022-10-27,Punjab,Amritsar,1.0,PM2.5,185.0,Moderate,"number_of_monitoring_stations in Absolute Number, aqi_value in Indices",,49.0,22.4,30.5,15.6,66,0.0,8.2,985.8
2022-10-27,Punjab,Bathinda,1.0,PM2.5,193.0,Moderate,"number_of_monitoring_stations in Absolute Number, aqi_value in Indices",,52.0,23.7,31.5,16.3,55,0.0,9.2,988.7
2022-10-27,Punjab,Jalandhar,1.0,PM2.5,148.0,Moderate,"number_of_monitoring_stations in Absolute Number, aqi_value in Indices",,54.0,21.7,29.6,14.6,69,0.0,9.0,984.8
2022-10-27,Punjab,Ludhiana,1.0,PM2.5,258.0,Poor,"number_of_monitoring_stations in Absolute Number, aqi_value in Indices",,64.0,22.7,30.0,15.6,64,0.0,8.4,983.8
2022-10-27,Punjab,Patiala,1.0,PM2.5,185.0,Moderate,"number_of_monitoring_stations in Absolute Number, aqi_value in Indices",,134.0,21.5,29.7,15.0,68,0.0,10.8,983.1
2022-10-28,Punjab,Amritsar,1.0,PM2.5,236.0,Poor,"number_of_monitoring_stations in Absolute Number, aqi_value in Indices",,57.0,21.9,29.7,15.6,69,0.0,8.6,986.0
2022-10-28,Punjab,Jalandhar,1.0,PM10,196.0,Moderate,"number_of_monitoring_stations in Absolute Number, aqi_value in Indices",,116.0,21.7,29.3,15.0,70,0.0,12.4,985.0
2022-10-28,Punjab,Ludhiana,1.0,PM2.5,209.0,Poor,"number_of_monitoring_stations in Absolute Number, aqi_value in Indices",,89.0,21.8,30.0,14.8,69,0.0,9.3,983.9
2022-10-28,Punjab,Patiala,1.0,PM2.5,176.0,Moderate,"number_of_monitoring_stations in Absolute Number, aqi_value in Indices",,274.0,21.4,29.7,14.5,70,0.0,10.2,983.3
2022-10-28,Punjab,Rupnagar,1.0,PM2.5,155.0,Moderate,"number_of_monitoring_stations in Absolute Number, aqi_value in Indices",,24.0,20.6,28.9,13.8,70,0.0,10.1,982.3
2022-10-29,Punjab,Amritsar,1.0,PM2.5,217.0,Poor,"number_of_monitoring_stations in Absolute Number, aqi_value in Indices",,51.0,21.9,30.0,15.8,69,0.0,8.8,986.5
2022-10-29,Punjab,Bathinda,1.0,PM2.5,134.0,Moderate,"number_of_monitoring_stations in Absolute Number, aqi_value in Indices",,108.0,23.4,30.9,16.9,57,0.0,9.0,989.7
2022-10-29,Punjab,Jalandhar,1.0,PM2.5,219.0,Poor,"number_of_monitoring_stations in Absolute Number, aqi_value in Indices",,99.0,21.7,29.1,15.8,72,0.0,8.4,985.6
2022-10-29,Punjab,Ludhiana,1.0,PM2.5,163.0,Moderate,"number_of_monitoring_stations in Absolute Number, aqi_value in Indices",,105.0,22.3,29.8,17.1,67,0.0,8.4,984.6
2022-10-29,Punjab,Patiala,1.0,PM2.5,205.0,Poor,"number_of_monitoring_stations in Absolute Number, aqi_value in Indices",,268.0,21.8,29.3,14.6,69,0.0,10.7,984.1
2022-10-29,Punjab,Rupnagar,1.0,PM2.5,246.0,Poor,"number_of_monitoring_stations in Absolute Number, aqi_value in Indices",,19.0,20.0,28.7,12.7,75,0.0,9.4,983.0
2022-10-30,Punjab,Amritsar,1.0,PM2.5,202.0,Poor,"number_of_monitoring_stations in Absolute Number, aqi_value in Indices",,22.0,22.3,30.1,16.3,71,0.0,8.4,987.1
2022-10-30,Punjab,Jalandhar,1.0,PM2.5,178.0,Moderate,"number_of_monitoring_stations in Absolute Number, aqi_value in Indices",,67.0,21.8,29.1,15.7,73,0.0,8.7,986.1
2022-10-30,Punjab,Ludhiana,1.0,PM2.5,284.0,Poor,"number_of_monitoring_stations in Absolute Number, aqi_value in Indices",,100.0,21.8,29.8,15.6,70,0.0,8.4,985.1
2022-10-30,Punjab,Patiala,1.0,PM2.5,173.0,Moderate,"number_of_monitoring_stations in Absolute Number, aqi_value in Indices",,249.0,21.7,29.6,15.8,70,0.0,10.6,984.5
2022-10-30,Punjab,Rupnagar,1.0,PM10,124.0,Moderate,"number_of_monitoring_stations in Absolute Number, aqi_value in Indices",,23.0,20.6,29.2,13.9,72,0.0,12.7,983.5
2022-10-31,Punjab,Amritsar,1.0,PM2.5,189.0,Moderate,"number_of_monitoring_stations in Absolute Number, aqi_value in Indices",,24.0,22.4,30.1,16.7,71,0.0,8.7,986.6
2022-10-31,Punjab,Bathinda,1.0,PM2.5,131.0,Moderate,"number_of_monitoring_stations in Absolute Number, aqi_value in Indices",,178.0,23.4,31.2,17.1,58,0.0,9.4,989.5
2022-10-31,Punjab,Jalandhar,1.0,PM2.5,164.0,Moderate,"number_of_monitoring_stations in Absolute Number, aqi_value in Indices",,102.0,21.6,29.4,15.7,73,0.0,8.6,985.7
2022-10-31,Punjab,Ludhiana,1.0,PM2.5,210.0,Poor,"number_of_monitoring_stations in Absolute Number, aqi_value in Indices",,96.0,21.8,29.7,15.6,72,0.0,9.4,984.7
2022-10-31,Punjab,Patiala,1.0,PM2.5,224.0,Poor,"number_of_monitoring_stations in Absolute Number, aqi_value in Indices",,202.0,21.9,29.6,15.4,70,0.0,9.3,984.2
2022-10-31,Punjab,Rupnagar,1.0,PM10,116.0,Moderate,"number_of_monitoring_stations in Absolute Number, aqi_value in Indices",,14.0,20.4,29.0,14.3,73,0.0,9.8,983.2
2022-11-01,Punjab,Amritsar,1.0,PM2.5,193.0,Moderate,"number_of_monitoring_stations in Absolute Number, aqi_value in Indices",,16.0,22.1,27.7,18.5,67,4.9,26.3,987.1
2022-11-01,Punjab,Bathinda,1.0,PM2.5,198.0,Moderate,"number_of_monitoring_stations in Absolute Number, aqi_value in Indices",,160.0,23.5,31.1,18.4,59,0.0,12.6,989.4
2022-11-01,Punjab,Jalandhar,1.0,PM2.5,175.0,Moderate,"number_of_monitoring_stations in Absolute Number, aqi_value in Indices",,58.0,21.2,28.8,16.4,74,7.8,25.6,986.0
2022-11-01,Punjab,Ludhiana,1.0,PM2.5,288.0,Poor,"number_of_monitoring_stations in Absolute Number, aqi_value in Indices",,73.0,22.3,30.3,16.3,72,0.0,15.5,984.8
2022-11-01,Punjab,Patiala,1.0,PM10,238.0,Poor,"number_of_monitoring_stations in Absolute Number, aqi_value in Indices",,196.0,22.8,30.7,16.0,69,0.0,13.6,984.4
2022-11-01,Punjab,Rupnagar,1.0,PM10,154.0,Moderate,"number_of_monitoring_stations in Absolute Number, aqi_value in Indices",,8.0,20.4,29.3,13.2,73,0.0,14.2,983.5
2022-11-02,Punjab,Amritsar,1.0,PM2.5,182.0,Moderate,"number_of_monitoring_stations in Absolute Number, aqi_value in Indices",,48.0,22.3,29.3,17.3,57,0.0,10.4,986.4
2022-11-02,Punjab,Jalandhar,1.0,PM2.5,157.0,Moderate,"number_of_monitoring_stations in Absolute Number, aqi_value in Indices",,119.0,21.8,29.0,17.2,65,0.0,11.3,985.2
2022-11-02,Punjab,Ludhiana,1.0,PM2.5,252.0,Poor,"number_of_monitoring_stations in Absolute Number, aqi_value in Indices",,198.0,22.4,29.4,17.5,72,0.0,13.0,984.1
2022-11-02,Punjab,Patiala,1.0,PM2.5,170.0,Moderate,"number_of_monitoring_stations in Absolute Number, aqi_value in Indices",,395.0,22.8,29.8,17.3,74,0.0,15.6,983.3
2022-11-02,Punjab,Rupnagar,1.0,PM10,133.0,Moderate,"number_of_monitoring_stations in Absolute Number, aqi_value in Indices",,34.0,20.9,29.4,14.8,67,0.0,15.5,982.3
2022-11-03,Punjab,Amritsar,1.0,PM2.5,226.0,Poor,"number_of_monitoring_stations in Absolute Number, aqi_value in Indices",,12.0,21.2,28.4,16.3,65,0.0,8.9,984.8
2022-11-03,Punjab,Bathinda,1.0,PM2.5,248.0,Poor,"number_of_monitoring_stations in Absolute Number, aqi_value in Indices",,336.0,23.6,31.3,17.4,69,0.0,9.4,987.9
2022-11-03,Punjab,Jalandhar,1.0,PM10,216.0,Poor,"number_of_monitoring_stations in Absolute Number, aqi_value in Indices",,59.0,21.4,28.0,15.5,69,0.0,9.2,983.8
2022-11-03,Punjab,Ludhiana,1.0,PM2.5,319.0,Very Poor,"number_of_monitoring_stations in Absolute Number, aqi_value in Indices",,119.0,22.0,29.4,15.4,67,0.0,10.4,982.7
2022-11-03,Punjab,Patiala,1.0,PM2.5,276.0,Poor,"number_of_monitoring_stations in Absolute Number, aqi_value in Indices",,168.0,21.7,29.8,15.2,69,0.0,13.9,982.1
2022-11-03,Punjab,Rupnagar,1.0,PM10,106.0,Moderate,"number_of_monitoring_stations in Absolute Number, aqi_value in Indices",,6.0,20.2,28.0,13.2,70,0.0,10.8,981.1
2022-11-04,Punjab,Amritsar,1.0,PM2.5,236.0,Poor,"number_of_monitoring_stations in Absolute Number, aqi_value in Indices",,19.0,21.4,29.3,15.7,76,0.0,8.1,986.0
2022-11-04,Punjab,Bathinda,1.0,PM2.5,220.0,Poor,"number_of_monitoring_stations in Absolute Number, aqi_value in Indices",,258.0,23.9,31.1,18.1,69,0.0,10.1,988.9
2022-11-04,Punjab,Jalandhar,1.0,PM2.5,223.0,Poor,"number_of_monitoring_stations in Absolute Number, aqi_value in Indices",,23.0,20.7,28.6,15.4,78,0.0,7.6,985.0
2022-11-04,Punjab,Ludhiana,1.0,PM2.5,299.0,Poor,"number_of_monitoring_stations in Absolute Number, aqi_value in Indices",,70.0,21.5,29.4,16.1,76,0.0,8.0,984.0
2022-11-04,Punjab,Patiala,1.0,PM2.5,240.0,Poor,"number_of_monitoring_stations in Absolute Number, aqi_value in Indices",,114.0,21.6,29.2,15.4,74,0.0,8.7,983.6
2022-11-04,Punjab,Rupnagar,1.0,PM10,112.0,Moderate,"number_of_monitoring_stations in Absolute Number, aqi_value in Indices",,6.0,20.0,28.2,13.2,72,0.0,6.0,982.6
2022-11-05,Punjab,Amritsar,1.0,PM2.5,245.0,Poor,"number_of_monitoring_stations in Absolute Number, aqi_value in Indices",,0.0,21.0,28.0,17.3,78,2.3,36.4,988.0
2022-11-05,Punjab,Bathinda,1.0,PM2.5,306.0,Very Poor,"number_of_monitoring_stations in Absolute Number, aqi_value in Indices",,332.0,24.4,31.1,19.5,68,0.0,15.0,990.1
2022-11-05,Punjab,Jalandhar,1.0,PM10,161.0,Moderate,"number_of_monitoring_stations in Absolute Number, aqi_value in Indices",,33.0,21.2,28.4,16.3,79,0.0,19.2,986.9
2022-11-05,Punjab,Ludhiana,1.0,PM2.5,241.0,Poor,"number_of_monitoring_stations in Absolute Number, aqi_value in Indices",,143.0,22.3,29.3,16.6,77,0.0,13.9,985.8
2022-11-05,Punjab,Patiala,1.0,PM2.5,174.0,Moderate,"number_of_monitoring_stations in Absolute Number, aqi_value in Indices",,242.0,22.9,29.4,17.5,76,0.0,13.6,985.6
2022-11-05,Punjab,Rupnagar,1.0,PM2.5,131.0,Moderate,"number_of_monitoring_stations in Absolute Number, aqi_value in Indices",,5.0,20.9,28.7,13.7,74,0.0,12.7,984.7
2022-11-06,Punjab,Amritsar,1.0,PM2.5,207.0,Poor,"number_of_monitoring_stations in Absolute Number, aqi_value in Indices",,0.0,21.1,27.0,17.2,71,14.6,25.2,988.5
2022-11-06,Punjab,Bathinda,1.0,PM10,220.0,Poor,"number_of_monitoring_stations in Absolute Number, aqi_value in Indices",,36.0,23.5,29.9,19.0,73,0.0,19.8,990.8
2022-11-06,Punjab,Jalandhar,1.0,PM10,150.0,Moderate,"number_of_monitoring_stations in Absolute Number, aqi_value in Indices",,5.0,22.1,27.5,17.8,72,5.6,22.9,987.3
2022-11-06,Punjab,Ludhiana,1.0,PM2.5,207.0,Poor,"number_of_monitoring_stations in Absolute Number, aqi_value in Indices",,27.0,23.0,29.5,18.6,74,2.8,25.9,986.3
2022-11-06,Punjab,Patiala,1.0,PM10,130.0,Moderate,"number_of_monitoring_stations in Absolute Number, aqi_value in Indices",,54.0,23.4,29.8,18.4,74,0.0,13.6,985.9
2022-11-06,Punjab,Rupnagar,1.0,PM2.5,128.0,Moderate,"number_of_monitoring_stations in Absolute Number, aqi_value in Indices",,1.0,21.3,28.8,14.2,75,0.0,17.7,985.0
2022-11-07,Punjab,Amritsar,1.0,PM10,73.0,Satisfactory,"number_of_monitoring_stations in Absolute Number, aqi_value in Indices",,15.0,19.9,24.8,15.9,80,0.0,21.6,988.2
2022-11-07,Punjab,Bathinda,1.0,PM2.5,224.0,Poor,"number_of_monitoring_stations in Absolute Number, aqi_value in Indices",,256.0,22.3,28.9,16.8,74,0.0,12.6,990.8
2022-11-07,Punjab,Jalandhar,1.0,PM10,148.0,Moderate,"number_of_monitoring_stations in Absolute Number, aqi_value in Indices",,41.0,20.8,28.4,16.8,81,0.0,13.6,986.9
2022-11-07,Punjab,Ludhiana,1.0,PM2.5,214.0,Poor,"number_of_monitoring_stations in Absolute Number, aqi_value in Indices",,117.0,21.8,29.0,16.7,78,0.0,11.9,985.8
2022-11-07,Punjab,Patiala,1.0,PM2.5,158.0,Moderate,"number_of_monitoring_stations in Absolute Number, aqi_value in Indices",,85.0,22.3,29.8,17.4,77,0.0,8.3,985.3
2022-11-07,Punjab,Rupnagar,1.0,PM2.5,151.0,Moderate,"number_of_monitoring_stations in Absolute Number, aqi_value in Indices",,6.0,20.5,28.4,14.8,71,3.8,14.7,984.3
2022-11-08,Punjab,Amritsar,1.0,PM2.5,140.0,Moderate,"number_of_monitoring_stations in Absolute Number, aqi_value in Indices",,6.0,19.5,26.7,14.9,79,2.4,24.2,988.5
2022-11-08,Punjab,Bathinda,1.0,PM10,102.0,Moderate,"number_of_monitoring_stations in Absolute Number, aqi_value in Indices",,12.0,20.2,27.5,17.0,81,2.0,20.3,991.5
2022-11-08,Punjab,Jalandhar,1.0,PM2.5,177.0,Moderate,"number_of_monitoring_stations in Absolute Number, aqi_value in Indices",,7.0,19.1,26.7,15.2,85,4.9,32.0,987.4
2022-11-08,Punjab,Ludhiana,1.0,PM2.5,351.0,Very Poor,"number_of_monitoring_stations in Absolute Number, aqi_value in Indices",,5.0,19.4,27.4,14.9,81,0.3,31.4,986.3
2022-11-08,Punjab,Patiala,1.0,PM2.5,252.0,Poor,"number_of_monitoring_stations in Absolute Number, aqi_value in Indices",,5.0,20.6,27.9,15.7,72,0.0,15.2,985.7
2022-11-08,Punjab,Rupnagar,1.0,PM2.5,172.0,Moderate,"number_of_monitoring_stations in Absolute Number, aqi_value in Indices",,3.0,19.0,27.1,12.1,74,0.0,18.7,984.7
2022-11-09,Punjab,Amritsar,1.0,PM2.5,320.0,Very Poor,"number_of_monitoring_stations in Absolute Number, aqi_value in Indices",,1.0,17.6,24.4,14.5,84,2.3,20.4,988.9
2022-11-09,Punjab,Bathinda,1.0,PM10,165.0,Moderate,"number_of_monitoring_stations in Absolute Number, aqi_value in Indices",,185.0,20.5,27.5,15.6,72,4.4,25.4,991.6
2022-11-09,Punjab,Jalandhar,1.0,PM2.5,333.0,Very Poor,"number_of_monitoring_stations in Absolute Number, aqi_value in Indices",,11.0,18.0,25.2,14.1,84,5.7,30.1,987.8
2022-11-09,Punjab,Ludhiana,1.0,PM2.5,408.0,Severe,"number_of_monitoring_stations in Absolute Number, aqi_value in Indices",,110.0,18.6,26.6,14.6,79,4.8,20.9,986.6
2022-11-09,Punjab,Patiala,1.0,PM2.5,368.0,Very Poor,"number_of_monitoring_stations in Absolute Number, aqi_value in Indices",,71.0,20.3,27.3,15.1,71,0.0,22.4,985.9
2022-11-09,Punjab,Rupnagar,1.0,PM2.5,281.0,Poor,"number_of_monitoring_stations in Absolute Number, aqi_value in Indices",,0.0,19.5,26.1,15.0,74,13.4,19.7,985.1
2022-11-10,Punjab,Amritsar,1.0,PM2.5,170.0,Moderate,"number_of_monitoring_stations in Absolute Number, aqi_value in Indices",,7.0,18.5,24.9,13.6,66,0.0,12.3,990.5
2022-11-10,Punjab,Bathinda,1.0,PM10,109.0,Moderate,"number_of_monitoring_stations in Absolute Number, aqi_value in Indices",,239.0,20.5,27.1,15.5,68,0.0,12.2,993.1
2022-11-10,Punjab,Jalandhar,1.0,PM2.5,144.0,Moderate,"number_of_monitoring_stations in Absolute Number, aqi_value in Indices",,38.0,18.5,25.0,13.8,74,0.0,10.5,989.1
2022-11-10,Punjab,Ludhiana,1.0,PM2.5,210.0,Poor,"number_of_monitoring_stations in Absolute Number, aqi_value in Indices",,118.0,18.9,26.2,13.9,72,0.0,12.2,987.9
2022-11-10,Punjab,Patiala,1.0,PM2.5,278.0,Poor,"number_of_monitoring_stations in Absolute Number, aqi_value in Indices",,7.0,19.8,26.8,14.8,68,0.0,15.6,987.2
2022-11-10,Punjab,Rupnagar,1.0,PM10,118.0,Moderate,"number_of_monitoring_stations in Absolute Number, aqi_value in Indices",,0.0,18.4,25.9,13.4,71,1.2,15.1,986.3
2022-11-11,Punjab,Amritsar,1.0,PM2.5,203.0,Poor,"number_of_monitoring_stations in Absolute Number, aqi_value in Indices",,29.0,17.6,24.4,13.2,70,0.0,9.5,990.3
2022-11-11,Punjab,Bathinda,1.0,PM10,179.0,Moderate,"number_of_monitoring_stations in Absolute Number, aqi_value in Indices",,523.0,20.0,26.4,14.8,62,0.0,10.7,993.5
2022-11-11,Punjab,Jalandhar,1.0,PM2.5,194.0,Moderate,"number_of_monitoring_stations in Absolute Number, aqi_value in Indices",,67.0,16.9,23.9,11.8,75,0.0,11.7,989.0
2022-11-11,Punjab,Ludhiana,1.0,PM2.5,209.0,Poor,"number_of_monitoring_stations in Absolute Number, aqi_value in Indices",,296.0,17.8,24.8,13.5,71,0.0,10.5,988.0
2022-11-11,Punjab,Patiala,1.0,PM2.5,141.0,Moderate,"number_of_monitoring_stations in Absolute Number, aqi_value in Indices",,114.0,19.2,25.8,14.4,62,0.0,15.5,987.2
2022-11-11,Punjab,Rupnagar,1.0,PM2.5,164.0,Moderate,"number_of_monitoring_stations in Absolute Number, aqi_value in Indices",,17.0,16.9,24.8,11.7,78,0.0,13.3,986.0
2022-11-12,Punjab,Amritsar,1.0,PM2.5,188.0,Moderate,"number_of_monitoring_stations in Absolute Number, aqi_value in Indices",,13.0,17.4,24.1,12.4,70,0.0,9.2,989.4
2022-11-12,Punjab,Bathinda,1.0,PM2.5,175.0,Moderate,"number_of_monitoring_stations in Absolute Number, aqi_value in Indices",,358.0,20.0,27.0,14.1,63,0.0,12.5,992.6
2022-11-12,Punjab,Jalandhar,1.0,PM2.5,185.0,Moderate,"number_of_monitoring_stations in Absolute Number, aqi_value in Indices",,41.0,16.5,23.2,10.9,73,0.0,12.8,988.3
2022-11-12,Punjab,Ludhiana,1.0,PM2.5,165.0,Moderate,"number_of_monitoring_stations in Absolute Number, aqi_value in Indices",,169.0,17.4,24.3,12.7,70,0.0,10.5,987.2
2022-11-12,Punjab,Patiala,1.0,PM2.5,148.0,Moderate,"number_of_monitoring_stations in Absolute Number, aqi_value in Indices",,39.0,18.8,25.4,14.5,60,0.0,15.8,986.5
2022-11-12,Punjab,Rupnagar,1.0,PM10,118.0,Moderate,"number_of_monitoring_stations in Absolute Number, aqi_value in Indices",,1.0,16.3,24.6,10.5,73,0.0,14.0,985.3
2022-11-13,Punjab,Amritsar,1.0,PM2.5,201.0,Poor,"number_of_monitoring_stations in Absolute Number, aqi_value in Indices",,14.0,17.8,24.6,11.6,69,0.0,7.3,987.6
2022-11-13,Punjab,Bathinda,1.0,PM10,195.0,Moderate,"number_of_monitoring_stations in Absolute Number, aqi_value in Indices",,274.0,20.6,27.1,14.6,61,0.0,9.9,990.7
2022-11-13,Punjab,Jalandhar,1.0,PM2.5,229.0,Poor,"number_of_monitoring_stations in Absolute Number, aqi_value in Indices",,43.0,17.5,23.7,10.5,69,0.0,6.8,986.6
2022-11-13,Punjab,Ludhiana,1.0,PM2.5,198.0,Moderate,"number_of_monitoring_stations in Absolute Number, aqi_value in Indices",,214.0,18.4,24.9,12.1,66,0.0,8.3,985.6
2022-11-13,Punjab,Patiala,1.0,PM2.5,148.0,Moderate,"number_of_monitoring_stations in Absolute Number, aqi_value in Indices",,28.0,19.0,25.9,13.6,58,0.0,13.2,984.9
2022-11-13,Punjab,Rupnagar,1.0,PM10,153.0,Moderate,"number_of_monitoring_stations in Absolute Number, aqi_value in Indices",,1.0,16.4,24.7,8.5,70,0.0,12.8,983.7
2022-11-14,Punjab,Amritsar,1.0,PM2.5,130.0,Moderate,"number_of_monitoring_stations in Absolute Number, aqi_value in Indices",,0.0,17.7,22.9,14.5,70,8.8,20.7,988.8
2022-11-14,Punjab,Bathinda,1.0,PM2.5,156.0,Moderate,"number_of_monitoring_stations in Absolute Number, aqi_value in Indices",,0.0,20.2,24.9,17.3,62,1.4,14.6,991.2
2022-11-14,Punjab,Jalandhar,1.0,PM10,119.0,Moderate,"number_of_monitoring_stations in Absolute Number, aqi_value in Indices",,0.0,17.7,21.5,14.5,68,1.2,20.4,987.8
2022-11-14,Punjab,Ludhiana,1.0,PM2.5,206.0,Poor,"number_of_monitoring_stations in Absolute Number, aqi_value in Indices",,0.0,17.8,23.5,13.5,67,9.2,17.3,986.6
2022-11-14,Punjab,Patiala,1.0,PM2.5,161.0,Moderate,"number_of_monitoring_stations in Absolute Number, aqi_value in Indices",,1.0,19.0,26.0,14.9,61,0.1,24.0,986.0
2022-11-14,Punjab,Rupnagar,1.0,PM10,140.0,Moderate,"number_of_monitoring_stations in Absolute Number, aqi_value in Indices",,0.0,17.9,23.9,14.1,61,7.9,15.9,985.2
2022-11-15,Punjab,Amritsar,1.0,PM10,84.0,Satisfactory,"number_of_monitoring_stations in Absolute Number, aqi_value in Indices",,3.0,17.0,23.7,12.4,75,0.0,9.0,989.0
2022-11-15,Punjab,Bathinda,1.0,PM10,167.0,Moderate,"number_of_monitoring_stations in Absolute Number, aqi_value in Indices",,27.0,19.6,25.7,14.9,71,0.0,8.9,992.0
2022-11-15,Punjab,Jalandhar,1.0,PM10,89.0,Satisfactory,"number_of_monitoring_stations in Absolute Number, aqi_value in Indices",,0.0,17.0,23.6,12.6,76,0.0,10.2,987.8
2022-11-15,Punjab,Ludhiana,1.0,PM10,85.0,Satisfactory,"number_of_monitoring_stations in Absolute Number, aqi_value in Indices",,8.0,18.5,24.9,13.6,73,0.0,9.8,986.7
2022-11-15,Punjab,Patiala,1.0,PM10,70.0,Satisfactory,"number_of_monitoring_stations in Absolute Number, aqi_value in Indices",,9.0,19.7,26.0,14.8,63,0.0,11.6,986.0
2022-11-15,Punjab,Rupnagar,1.0,PM10,119.0,Moderate,"number_of_monitoring_stations in Absolute Number, aqi_value in Indices",,0.0,17.9,25.3,12.5,70,0.0,10.5,984.9
2022-11-16,Punjab,Amritsar,1.0,PM2.5,175.0,Moderate,"number_of_monitoring_stations in Absolute Number, aqi_value in Indices",,1.0,16.3,22.9,12.1,77,0.0,9.1,987.5
2022-11-16,Punjab,Jalandhar,1.0,PM10,93.0,Satisfactory,"number_of_monitoring_stations in Absolute Number, aqi_value in Indices",,12.0,16.1,22.3,11.5,78,0.0,9.9,986.4
2022-11-16,Punjab,Ludhiana,1.0,PM2.5,136.0,Moderate,"number_of_monitoring_stations in Absolute Number, aqi_value in Indices",,66.0,16.8,23.2,12.1,75,0.0,10.7,985.4
2022-11-16,Punjab,Patiala,1.0,PM2.5,104.0,Moderate,"number_of_monitoring_stations in Absolute Number, aqi_value in Indices",,10.0,17.7,23.8,12.3,70,0.0,12.6,984.8
2022-11-16,Punjab,Rupnagar,1.0,PM10,184.0,Moderate,"number_of_monitoring_stations in Absolute Number, aqi_value in Indices",,1.0,16.5,22.9,11.3,78,0.0,11.3,983.6
2022-11-17,Punjab,Amritsar,1.0,PM2.5,134.0,Moderate,"number_of_monitoring_stations in Absolute Number, aqi_value in Indices",,1.0,15.9,23.1,11.7,75,0.0,13.7,987.2
2022-11-17,Punjab,Bathinda,1.0,PM10,199.0,Moderate,"number_of_monitoring_stations in Absolute Number, aqi_value in Indices",,102.0,17.7,24.9,13.1,61,0.0,17.9,990.7
2022-11-17,Punjab,Jalandhar,1.0,PM2.5,189.0,Moderate,"number_of_monitoring_stations in Absolute Number, aqi_value in Indices",,14.0,15.8,22.8,10.7,79,0.0,13.2,986.1
2022-11-17,Punjab,Ludhiana,1.0,PM2.5,136.0,Moderate,"number_of_monitoring_stations in Absolute Number, aqi_value in Indices",,41.0,16.3,23.4,11.9,73,0.0,14.1,985.0
2022-11-17,Punjab,Patiala,1.0,PM2.5,116.0,Moderate,"number_of_monitoring_stations in Absolute Number, aqi_value in Indices",,3.0,17.2,23.6,12.7,65,0.0,17.1,984.3
2022-11-17,Punjab,Rupnagar,1.0,PM10,154.0,Moderate,"number_of_monitoring_stations in Absolute Number, aqi_value in Indices",,0.0,15.5,22.8,10.0,78,0.0,15.8,983.0
2022-11-18,Punjab,Amritsar,1.0,PM2.5,213.0,Poor,"number_of_monitoring_stations in Absolute Number, aqi_value in Indices",,6.0,15.3,22.9,9.6,75,0.0,10.5,988.0
2022-11-18,Punjab,Bathinda,1.0,PM10,142.0,Moderate,"number_of_monitoring_stations in Absolute Number, aqi_value in Indices",,108.0,17.2,25.3,11.4,56,0.0,10.4,991.3
2022-11-18,Punjab,Jalandhar,1.0,PM2.5,138.0,Moderate,"number_of_monitoring_stations in Absolute Number, aqi_value in Indices",,20.0,16.4,22.9,11.1,72,0.0,9.4,987.0
2022-11-18,Punjab,Ludhiana,1.0,PM2.5,154.0,Moderate,"number_of_monitoring_stations in Absolute Number, aqi_value in Indices",,60.0,16.3,24.0,10.6,68,0.0,10.1,985.9
2022-11-18,Punjab,Patiala,1.0,PM10,107.0,Moderate,"number_of_monitoring_stations in Absolute Number, aqi_value in Indices",,7.0,16.5,24.6,10.7,67,0.0,10.0,985.3
2022-11-18,Punjab,Rupnagar,1.0,PM10,145.0,Moderate,"number_of_monitoring_stations in Absolute Number, aqi_value in Indices",,2.0,16.1,23.7,10.9,74,0.0,10.0,984.2
2022-11-19,Punjab,Amritsar,1.0,PM2.5,160.0,Moderate,"number_of_monitoring_stations in Absolute Number, aqi_value in Indices",,2.0,15.5,22.7,9.8,80,0.0,9.0,989.4
2022-11-19,Punjab,Jalandhar,1.0,PM10,128.0,Moderate,"number_of_monitoring_stations in Absolute Number, aqi_value in Indices",,5.0,15.3,22.3,9.1,77,0.0,10.8,988.2
2022-11-19,Punjab,Ludhiana,1.0,PM2.5,210.0,Poor,"number_of_monitoring_stations in Absolute Number, aqi_value in Indices",,31.0,16.0,23.4,9.4,71,0.0,10.0,987.1
2022-11-19,Punjab,Patiala,1.0,PM2.5,131.0,Moderate,"number_of_monitoring_stations in Absolute Number, aqi_value in Indices",,4.0,16.4,24.4,10.3,68,0.0,10.1,986.4
2022-11-19,Punjab,Rupnagar,1.0,PM10,182.0,Moderate,"number_of_monitoring_stations in Absolute Number, aqi_value in Indices",,0.0,15.5,23.5,8.5,74,0.0,10.9,985.4
2022-11-20,Punjab,Amritsar,1.0,PM10,104.0,Moderate,"number_of_monitoring_stations in Absolute Number, aqi_value in Indices",,2.0,15.5,23.0,10.6,71,0.0,11.3,988.1
2022-11-20,Punjab,Jalandhar,1.0,PM2.5,142.0,Moderate,"number_of_monitoring_stations in Absolute Number, aqi_value in Indices",,3.0,14.8,23.0,9.7,80,0.0,11.4,986.7
2022-11-20,Punjab,Ludhiana,1.0,PM2.5,175.0,Moderate,"number_of_monitoring_stations in Absolute Number, aqi_value in Indices",,41.0,16.3,24.1,11.4,74,0.0,12.8,985.7
2022-11-20,Punjab,Patiala,1.0,PM2.5,119.0,Moderate,"number_of_monitoring_stations in Absolute Number, aqi_value in Indices",,3.0,17.6,25.7,11.8,65,0.0,15.0,984.8
2022-11-20,Punjab,Rupnagar,1.0,PM10,168.0,Moderate,"number_of_monitoring_stations in Absolute Number, aqi_value in Indices",,0.0,16.1,24.8,10.1,76,0.0,12.2,983.7
2022-11-21,Punjab,Amritsar,1.0,PM10,112.0,Moderate,"number_of_monitoring_stations in Absolute Number, aqi_value in Indices",,1.0,15.1,22.9,9.4,73,0.0,10.4,986.7
2022-11-21,Punjab,Jalandhar,1.0,PM10,116.0,Moderate,"number_of_monitoring_stations in Absolute Number, aqi_value in Indices",,1.0,14.6,22.5,9.1,78,0.0,12.6,985.5
2022-11-21,Punjab,Ludhiana,1.0,PM2.5,152.0,Moderate,"number_of_monitoring_stations in Absolute Number, aqi_value in Indices",,7.0,15.7,23.6,10.8,71,0.0,10.3,984.5
2022-11-21,Punjab,Patiala,1.0,PM10,100.0,Satisfactory,"number_of_monitoring_stations in Absolute Number, aqi_value in Indices",,0.0,17.3,25.1,12.1,61,0.0,13.8,983.8
2022-11-21,Punjab,Rupnagar,1.0,PM10,130.0,Moderate,"number_of_monitoring_stations in Absolute Number, aqi_value in Indices",,0.0,15.5,24.0,10.6,77,0.0,13.2,982.6
2022-11-22,Punjab,Amritsar,1.0,PM10,143.0,Moderate,"number_of_monitoring_stations in Absolute Number, aqi_value in Indices",,1.0,15.3,23.1,8.9,70,0.0,10.7,986.3
2022-11-22,Punjab,Bathinda,1.0,PM10,193.0,Moderate,"number_of_monitoring_stations in Absolute Number, aqi_value in Indices",,11.0,17.9,26.3,11.5,54,0.0,16.8,989.8
2022-11-22,Punjab,Jalandhar,1.0,PM10,110.0,Moderate,"number_of_monitoring_stations in Absolute Number, aqi_value in Indices",,0.0,15.0,23.2,9.2,75,0.0,11.0,985.2
2022-11-22,Punjab,Ludhiana,1.0,PM2.5,138.0,Moderate,"number_of_monitoring_stations in Absolute Number, aqi_value in Indices",,1.0,15.5,24.0,9.5,70,0.0,10.9,984.2
2022-11-22,Punjab,Patiala,1.0,PM10,86.0,Satisfactory,"number_of_monitoring_stations in Absolute Number, aqi_value in Indices",,0.0,16.5,25.1,10.6,62,0.0,14.5,983.5
2022-11-22,Punjab,Rupnagar,1.0,PM10,126.0,Moderate,"number_of_monitoring_stations in Absolute Number, aqi_value in Indices",,0.0,16.0,24.0,10.6,72,0.0,12.6,982.5
2022-11-23,Punjab,Amritsar,1.0,PM10,129.0,Moderate,"number_of_monitoring_stations in Absolute Number, aqi_value in Indices",,1.0,15.5,22.7,9.4,68,0.0,11.0,986.8
2022-11-23,Punjab,Jalandhar,1.0,PM10,133.0,Moderate,"number_of_monitoring_stations in Absolute Number, aqi_value in Indices",,3.0,15.4,23.0,10.0,76,0.0,11.0,985.6
2022-11-23,Punjab,Ludhiana,1.0,PM2.5,173.0,Moderate,"number_of_monitoring_stations in Absolute Number, aqi_value in Indices",,9.0,15.5,24.1,8.9,69,0.0,12.1,984.5
2022-11-23,Punjab,Patiala,1.0,PM2.5,106.0,Moderate,"number_of_monitoring_stations in Absolute Number, aqi_value in Indices",,0.0,16.5,25.0,9.6,61,0.0,15.3,983.8
2022-11-23,Punjab,Rupnagar,1.0,PM10,173.0,Moderate,"number_of_monitoring_stations in Absolute Number, aqi_value in Indices",,0.0,16.0,24.0,11.0,73,0.0,13.9,982.7
2022-11-24,Punjab,Amritsar,1.0,PM2.5,72.0,Satisfactory,"number_of_monitoring_stations in Absolute Number, aqi_value in Indices",,1.0,14.8,23.1,8.3,73,0.0,9.7,986.1
2022-11-24,Punjab,Bathinda,1.0,PM2.5,169.0,Moderate,"number_of_monitoring_stations in Absolute Number, aqi_value in Indices",,8.0,17.8,27.1,10.5,52,0.0,11.5,989.6
2022-11-24,Punjab,Jalandhar,1.0,PM10,146.0,Moderate,"number_of_monitoring_stations in Absolute Number, aqi_value in Indices",,3.0,14.9,22.7,8.4,76,0.0,10.2,985.2
2022-11-24,Punjab,Ludhiana,1.0,PM2.5,188.0,Moderate,"number_of_monitoring_stations in Absolute Number, aqi_value in Indices",,1.0,16.1,24.4,9.0,68,0.0,9.6,984.2
2022-11-24,Punjab,Patiala,1.0,PM10,102.0,Moderate,"number_of_monitoring_stations in Absolute Number, aqi_value in Indices",,2.0,16.1,25.1,9.3,65,0.0,12.4,983.6
2022-11-24,Punjab,Rupnagar,1.0,PM10,166.0,Moderate,"number_of_monitoring_stations in Absolute Number, aqi_value in Indices",,1.0,16.0,24.2,10.9,74,0.0,10.7,982.5
2022-11-25,Punjab,Amritsar,1.0,PM2.5,111.0,Moderate,"number_of_monitoring_stations in Absolute Number, aqi_value in Indices",,0.0,14.8,24.0,9.1,79,0.0,9.7,989.0
2022-11-25,Punjab,Bathinda,1.0,PM10,176.0,Moderate,"number_of_monitoring_stations in Absolute Number, aqi_value in Indices",,3.0,17.8,26.4,10.0,50,0.0,11.0,992.1
2022-11-25,Punjab,Jalandhar,1.0,PM10,142.0,Moderate,"number_of_monitoring_stations in Absolute Number, aqi_value in Indices",,1.0,15.3,23.8,9.5,74,0.0,10.3,988.0
2022-11-25,Punjab,Ludhiana,1.0,PM2.5,243.0,Poor,"number_of_monitoring_stations in Absolute Number, aqi_value in Indices",,2.0,15.9,25.0,9.3,69,0.0,10.7,986.9
2022-11-25,Punjab,Patiala,1.0,PM2.5,156.0,Moderate,"number_of_monitoring_stations in Absolute Number, aqi_value in Indices",,0.0,16.4,25.2,10.1,66,0.0,9.2,986.3
2022-11-25,Punjab,Rupnagar,1.0,PM2.5,155.0,Moderate,"number_of_monitoring_stations in Absolute Number, aqi_value in Indices",,0.0,14.5,24.1,6.9,73,0.0,11.6,985.3
2022-11-26,Punjab,Amritsar,1.0,PM2.5,112.0,Moderate,"number_of_monitoring_stations in Absolute Number, aqi_value in Indices",,0.0,14.8,23.8,8.7,80,0.0,10.2,986.1
2022-11-26,Punjab,Bathinda,1.0,PM10,211.0,Poor,"number_of_monitoring_stations in Absolute Number, aqi_value in Indices",,1.0,17.5,26.2,9.7,56,0.0,10.2,989.3
2022-11-26,Punjab,Jalandhar,1.0,PM10,136.0,Moderate,"number_of_monitoring_stations in Absolute Number, aqi_value in Indices",,0.0,15.3,23.2,8.8,77,0.0,11.6,985.0
2022-11-26,Punjab,Ludhiana,1.0,PM2.5,224.0,Poor,"number_of_monitoring_stations in Absolute Number, aqi_value in Indices",,1.0,16.0,24.2,10.2,73,0.0,10.1,983.9
2022-11-26,Punjab,Patiala,1.0,PM2.5,197.0,Moderate,"number_of_monitoring_stations in Absolute Number, aqi_value in Indices",,0.0,16.7,25.1,10.6,66,0.0,13.7,983.1
2022-11-26,Punjab,Rupnagar,1.0,PM10,128.0,Moderate,"number_of_monitoring_stations in Absolute Number, aqi_value in Indices",,0.0,15.6,24.6,10.2,74,0.0,14.5,981.9
2022-11-27,Punjab,Amritsar,1.0,PM10,118.0,Moderate,"number_of_monitoring_stations in Absolute Number, aqi_value in Indices",,1.0,15.2,23.7,10.1,78,0.0,8.9,984.0
2022-11-27,Punjab,Bathinda,1.0,PM10,331.0,Very Poor,"number_of_monitoring_stations in Absolute Number, aqi_value in Indices",,2.0,18.9,25.7,12.7,53,0.0,7.0,987.3
2022-11-27,Punjab,Jalandhar,1.0,PM10,117.0,Moderate,"number_of_monitoring_stations in Absolute Number, aqi_value in Indices",,0.0,16.4,23.0,11.3,75,0.0,9.2,983.1
2022-11-27,Punjab,Ludhiana,1.0,PM2.5,178.0,Moderate,"number_of_monitoring_stations in Absolute Number, aqi_value in Indices",,0.0,16.1,24.1,9.6,73,0.0,9.5,981.9
2022-11-27,Punjab,Patiala,1.0,PM2.5,178.0,Moderate,"number_of_monitoring_stations in Absolute Number, aqi_value in Indices",,0.0,16.4,25.0,10.3,71,0.0,11.3,981.2
2022-11-27,Punjab,Rupnagar,1.0,PM10,146.0,Moderate,"number_of_monitoring_stations in Absolute Number, aqi_value in Indices",,0.0,15.6,23.7,8.1,76,0.0,10.0,980.2
2022-11-28,Punjab,Amritsar,1.0,PM2.5,117.0,Moderate,"number_of_monitoring_stations in Absolute Number, aqi_value in Indices",,0.0,15.1,23.4,8.2,82,0.0,9.4,985.7
2022-11-28,Punjab,Bathinda,1.0,PM10,271.0,Poor,"number_of_monitoring_stations in Absolute Number, aqi_value in Indices",,1.0,17.9,24.9,10.1,55,0.0,10.3,988.8
2022-11-28,Punjab,Jalandhar,1.0,PM10,124.0,Moderate,"number_of_monitoring_stations in Absolute Number, aqi_value in Indices",,1.0,15.6,22.9,8.5,81,0.0,11.5,984.7
2022-11-28,Punjab,Ludhiana,1.0,PM2.5,159.0,Moderate,"number_of_monitoring_stations in Absolute Number, aqi_value in Indices",,0.0,16.5,24.1,10.8,72,0.0,10.7,983.7
2022-11-28,Punjab,Patiala,1.0,PM2.5,181.0,Moderate,"number_of_monitoring_stations in Absolute Number, aqi_value in Indices",,1.0,15.9,24.6,9.0,71,0.0,10.1,982.9
2022-11-28,Punjab,Rupnagar,1.0,PM10,126.0,Moderate,"number_of_monitoring_stations in Absolute Number, aqi_value in Indices",,0.0,14.8,23.6,6.7,72,0.0,9.7,981.9
2022-11-29,Punjab,Amritsar,1.0,PM2.5,203.0,Poor,"number_of_monitoring_stations in Absolute Number, aqi_value in Indices",,0.0,15.0,22.9,8.5,84,0.0,9.1,987.9
2022-11-29,Punjab,Jalandhar,1.0,PM2.5,179.0,Moderate,"number_of_monitoring_stations in Absolute Number, aqi_value in Indices",,1.0,14.9,22.3,9.5,85,0.0,12.1,986.8
2022-11-29,Punjab,Ludhiana,1.0,PM2.5,203.0,Poor,"number_of_monitoring_stations in Absolute Number, aqi_value in Indices",,0.0,15.8,23.6,10.2,79,0.0,10.3,985.7
2022-11-29,Punjab,Patiala,1.0,PM2.5,195.0,Moderate,"number_of_monitoring_stations in Absolute Number, aqi_value in Indices",,0.0,16.4,24.4,10.1,73,0.0,9.7,985.0
2022-11-29,Punjab,Rupnagar,1.0,PM10,124.0,Moderate,"number_of_monitoring_stations in Absolute Number, aqi_value in Indices",,0.0,15.6,23.5,10.3,74,0.0,10.5,983.9
2022-11-30,Punjab,Amritsar,1.0,PM2.5,182.0,Moderate,"number_of_monitoring_stations in Absolute Number, aqi_value in Indices",,0.0,15.2,23.2,7.7,81,0.0,10.0,988.9
2022-11-30,Punjab,Bathinda,1.0,PM10,110.0,Moderate,"number_of_monitoring_stations in Absolute Number, aqi_value in Indices",,0.0,17.6,25.2,12.3,67,0.0,9.6,992.1
2022-11-30,Punjab,Jalandhar,1.0,PM10,125.0,Moderate,"number_of_monitoring_stations in Absolute Number, aqi_value in Indices",,1.0,15.1,22.1,9.5,84,0.0,12.4,987.9
2022-11-30,Punjab,Ludhiana,1.0,PM2.5,183.0,Moderate,"number_of_monitoring_stations in Absolute Number, aqi_value in Indices",,1.0,15.0,23.1,9.8,82,0.0,10.2,986.7
2022-11-30,Punjab,Patiala,1.0,PM2.5,141.0,Moderate,"number_of_monitoring_stations in Absolute Number, aqi_value in Indices",,0.0,15.7,23.7,9.3,77,0.0,10.9,986.0
2022-12-01,Punjab,Amritsar,1.0,PM2.5,226.0,Poor,"number_of_monitoring_stations in Absolute Number, aqi_value in Indices",,0.0,15.3,22.9,7.4,80,0.0,7.6,987.5
2022-12-01,Punjab,Jalandhar,1.0,PM2.5,181.0,Moderate,"number_of_monitoring_stations in Absolute Number, aqi_value in Indices",,0.0,15.1,22.4,8.8,81,0.0,12.3,986.4
2022-12-01,Punjab,Ludhiana,1.0,PM2.5,188.0,Moderate,"number_of_monitoring_stations in Absolute Number, aqi_value in Indices",,0.0,15.9,23.4,9.7,77,0.0,12.1,985.4
2022-12-01,Punjab,Patiala,1.0,PM2.5,144.0,Moderate,"number_of_monitoring_stations in Absolute Number, aqi_value in Indices",,0.0,16.4,24.2,10.3,73,0.0,12.7,984.7
2022-12-01,Punjab,Rupnagar,1.0,PM10,125.0,Moderate,"number_of_monitoring_stations in Absolute Number, aqi_value in Indices",,0.0,15.6,23.8,9.9,77,0.0,13.9,983.6
2022-12-02,Punjab,Amritsar,1.0,PM2.5,182.0,Moderate,"number_of_monitoring_stations in Absolute Number, aqi_value in Indices",,0.0,15.2,22.0,9.8,82,0.0,8.7,986.4
2022-12-02,Punjab,Bathinda,1.0,PM10,254.0,Poor,"number_of_monitoring_stations in Absolute Number, aqi_value in Indices",,0.0,18.2,24.5,12.2,65,0.0,8.8,989.6
2022-12-02,Punjab,Jalandhar,1.0,PM2.5,163.0,Moderate,"number_of_monitoring_stations in Absolute Number, aqi_value in Indices",,0.0,15.1,21.4,9.5,81,0.0,9.5,985.5
2022-12-02,Punjab,Ludhiana,1.0,PM2.5,261.0,Poor,"number_of_monitoring_stations in Absolute Number, aqi_value in Indices",,0.0,15.9,22.9,9.7,74,0.0,8.8,984.4
2022-12-02,Punjab,Patiala,1.0,PM2.5,196.0,Moderate,"number_of_monitoring_stations in Absolute Number, aqi_value in Indices",,0.0,17.0,24.1,11.9,69,0.0,8.3,983.9
2022-12-02,Punjab,Rupnagar,1.0,PM10,126.0,Moderate,"number_of_monitoring_stations in Absolute Number, aqi_value in Indices",,0.0,15.6,22.6,8.9,74,0.0,8.9,982.8
2022-12-03,Punjab,Amritsar,1.0,PM2.5,188.0,Moderate,"number_of_monitoring_stations in Absolute Number, aqi_value in Indices",,0.0,14.4,22.6,9.0,83,0.0,10.5,987.7
2022-12-03,Punjab,Jalandhar,1.0,PM10,133.0,Moderate,"number_of_monitoring_stations in Absolute Number, aqi_value in Indices",,0.0,15.2,22.3,10.6,81,0.0,11.9,986.6
2022-12-03,Punjab,Ludhiana,1.0,PM2.5,299.0,Poor,"number_of_monitoring_stations in Absolute Number, aqi_value in Indices",,0.0,15.9,23.6,9.3,72,0.0,10.1,985.5
2022-12-03,Punjab,Patiala,1.0,PM2.5,196.0,Moderate,"number_of_monitoring_stations in Absolute Number, aqi_value in Indices",,0.0,16.4,24.1,10.1,68,0.0,8.3,984.7
2022-12-03,Punjab,Rupnagar,1.0,PM2.5,132.0,Moderate,"number_of_monitoring_stations in Absolute Number, aqi_value in Indices",,0.0,15.3,23.3,8.1,73,0.0,10.7,983.7
2022-12-04,Punjab,Amritsar,1.0,PM2.5,143.0,Moderate,"number_of_monitoring_stations in Absolute Number, aqi_value in Indices",,0.0,14.8,22.5,7.8,73,0.0,10.5,988.1
2022-12-04,Punjab,Jalandhar,1.0,PM10,137.0,Moderate,"number_of_monitoring_stations in Absolute Number, aqi_value in Indices",,0.0,14.2,22.2,7.9,76,0.0,11.5,986.9
2022-12-04,Punjab,Ludhiana,1.0,PM2.5,207.0,Poor,"number_of_monitoring_stations in Absolute Number, aqi_value in Indices",,0.0,15.1,23.1,9.4,72,0.0,11.2,985.9
2022-12-04,Punjab,Patiala,1.0,PM2.5,211.0,Poor,"number_of_monitoring_stations in Absolute Number, aqi_value in Indices",,0.0,15.4,23.7,9.6,73,0.0,11.6,985.1
2022-12-04,Punjab,Rupnagar,1.0,PM10,159.0,Moderate,"number_of_monitoring_stations in Absolute Number, aqi_value in Indices",,0.0,15.3,23.3,9.2,74,0.0,12.1,984.1
2022-12-05,Punjab,Amritsar,1.0,PM2.5,190.0,Moderate,"number_of_monitoring_stations in Absolute Number, aqi_value in Indices",,0.0,14.4,22.1,7.7,75,0.0,10.2,989.6
2022-12-05,Punjab,Bathinda,1.0,PM2.5,130.0,Moderate,"number_of_monitoring_stations in Absolute Number, aqi_value in Indices",,0.0,16.0,23.8,10.2,69,0.0,9.8,992.9
2022-12-05,Punjab,Jalandhar,1.0,PM10,136.0,Moderate,"number_of_monitoring_stations in Absolute Number, aqi_value in Indices",,0.0,14.2,21.6,7.9,77,0.0,12.6,988.6
2022-12-05,Punjab,Ludhiana,1.0,PM2.5,159.0,Moderate,"number_of_monitoring_stations in Absolute Number, aqi_value in Indices",,0.0,15.0,22.5,9.4,71,0.0,10.5,987.5
2022-12-05,Punjab,Patiala,1.0,PM2.5,105.0,Moderate,"number_of_monitoring_stations in Absolute Number, aqi_value in Indices",,0.0,14.5,22.7,8.2,72,0.0,10.6,986.8
2022-12-06,Punjab,Amritsar,1.0,PM2.5,156.0,Moderate,"number_of_monitoring_stations in Absolute Number, aqi_value in Indices",,0.0,14.0,22.0,8.4,74,0.0,10.7,988.9
2022-12-06,Punjab,Bathinda,1.0,PM10,90.0,Satisfactory,"number_of_monitoring_stations in Absolute Number, aqi_value in Indices",,0.0,16.1,23.9,9.6,68,0.0,12.9,992.4
2022-12-06,Punjab,Jalandhar,1.0,PM10,166.0,Moderate,"number_of_monitoring_stations in Absolute Number, aqi_value in Indices",,0.0,13.1,21.3,7.3,78,0.0,12.2,987.7
2022-12-06,Punjab,Ludhiana,1.0,PM2.5,216.0,Poor,"number_of_monitoring_stations in Absolute Number, aqi_value in Indices",,0.0,14.1,22.1,9.1,76,0.0,12.2,986.7
2022-12-06,Punjab,Patiala,1.0,PM2.5,116.0,Moderate,"number_of_monitoring_stations in Absolute Number, aqi_value in Indices",,0.0,15.5,22.9,10.6,69,0.0,16.4,985.8
2022-12-07,Punjab,Amritsar,1.0,PM2.5,170.0,Moderate,"number_of_monitoring_stations in Absolute Number, aqi_value in Indices",,0.0,13.6,21.6,8.2,73,0.0,10.7,987.8
2022-12-07,Punjab,Bathinda,1.0,PM10,103.0,Moderate,"number_of_monitoring_stations in Absolute Number, aqi_value in Indices",,0.0,16.4,24.2,10.1,66,0.0,13.0,991.3
2022-12-07,Punjab,Jalandhar,1.0,PM10,152.0,Moderate,"number_of_monitoring_stations in Absolute Number, aqi_value in Indices",,0.0,12.8,21.3,6.2,76,0.0,12.3,986.6
2022-12-07,Punjab,Ludhiana,1.0,PM2.5,211.0,Poor,"number_of_monitoring_stations in Absolute Number, aqi_value in Indices",,0.0,13.7,22.1,8.5,73,0.0,11.8,985.6
2022-12-07,Punjab,Patiala,1.0,PM10,100.0,Satisfactory,"number_of_monitoring_stations in Absolute Number, aqi_value in Indices",,0.0,15.5,22.9,10.2,65,0.0,16.8,984.8
2022-12-07,Punjab,Rupnagar,1.0,PM10,114.0,Moderate,"number_of_monitoring_stations in Absolute Number, aqi_value in Indices",,0.0,13.8,22.2,7.0,69,0.0,16.6,983.5
2022-12-08,Punjab,Amritsar,1.0,PM2.5,179.0,Moderate,"number_of_monitoring_stations in Absolute Number, aqi_value in Indices",,0.0,13.8,22.1,7.3,75,0.0,10.0,988.1
2022-12-08,Punjab,Bathinda,1.0,PM10,77.0,Satisfactory,"number_of_monitoring_stations in Absolute Number, aqi_value in Indices",,0.0,17.0,24.3,10.2,68,0.0,9.4,991.4
2022-12-08,Punjab,Jalandhar,1.0,PM10,189.0,Moderate,"number_of_monitoring_stations in Absolute Number, aqi_value in Indices",,0.0,14.5,22.0,9.3,75,0.0,10.2,987.1
2022-12-08,Punjab,Ludhiana,1.0,PM2.5,253.0,Poor,"number_of_monitoring_stations in Absolute Number, aqi_value in Indices",,0.0,14.0,23.0,7.8,74,0.0,10.6,986.0
2022-12-08,Punjab,Patiala,1.0,PM10,108.0,Moderate,"number_of_monitoring_stations in Absolute Number, aqi_value in Indices",,0.0,15.0,23.0,8.2,70,0.0,11.4,985.4
2022-12-08,Punjab,Rupnagar,1.0,PM10,122.0,Moderate,"number_of_monitoring_stations in Absolute Number, aqi_value in Indices",,0.0,13.7,22.1,7.7,74,0.0,11.6,984.2
2022-12-09,Punjab,Amritsar,1.0,PM2.5,155.0,Moderate,"number_of_monitoring_stations in Absolute Number, aqi_value in Indices",,0.0,14.9,23.4,9.1,72,0.0,10.1,987.3
2022-12-09,Punjab,Bathinda,1.0,PM10,141.0,Moderate,"number_of_monitoring_stations in Absolute Number, aqi_value in Indices",,0.0,17.2,25.3,10.9,70,0.0,10.2,990.5
2022-12-09,Punjab,Jalandhar,1.0,PM10,167.0,Moderate,"number_of_monitoring_stations in Absolute Number, aqi_value in Indices",,0.0,14.4,22.7,8.0,76,0.0,11.0,986.1
2022-12-09,Punjab,Ludhiana,1.0,PM2.5,262.0,Poor,"number_of_monitoring_stations in Absolute Number, aqi_value in Indices",,0.0,15.2,24.0,9.1,73,0.0,10.3,985.0
2022-12-09,Punjab,Patiala,1.0,PM2.5,162.0,Moderate,"number_of_monitoring_stations in Absolute Number, aqi_value in Indices",,0.0,15.9,24.2,9.4,69,0.0,9.2,984.4
2022-12-09,Punjab,Rupnagar,1.0,PM10,109.0,Moderate,"number_of_monitoring_stations in Absolute Number, aqi_value in Indices",,0.0,14.6,22.6,10.1,74,0.0,10.3,983.3
2022-12-10,Punjab,Amritsar,1.0,PM2.5,143.0,Moderate,"number_of_monitoring_stations in Absolute Number, aqi_value in Indices",,0.0,15.9,23.4,10.1,65,0.0,10.5,988.3
2022-12-10,Punjab,Bathinda,1.0,PM10,94.0,Satisfactory,"number_of_monitoring_stations in Absolute Number, aqi_value in Indices",,0.0,17.4,25.6,11.2,65,0.0,10.0,991.1
2022-12-10,Punjab,Jalandhar,1.0,PM2.5,188.0,Moderate,"number_of_monitoring_stations in Absolute Number, aqi_value in Indices",,0.0,14.9,22.7,10.0,75,0.0,12.0,986.8
2022-12-10,Punjab,Ludhiana,1.0,PM2.5,186.0,Moderate,"number_of_monitoring_stations in Absolute Number, aqi_value in Indices",,0.0,15.9,24.4,10.5,72,0.0,9.8,985.7
2022-12-10,Punjab,Patiala,1.0,PM2.5,145.0,Moderate,"number_of_monitoring_stations in Absolute Number, aqi_value in Indices",,0.0,16.8,25.5,9.8,69,0.0,11.2,984.9
2022-12-10,Punjab,Rupnagar,1.0,PM10,119.0,Moderate,"number_of_monitoring_stations in Absolute Number, aqi_value in Indices",,0.0,15.0,25.0,8.2,71,0.0,11.0,983.9
2022-12-11,Punjab,Amritsar,1.0,PM2.5,139.0,Moderate,"number_of_monitoring_stations in Absolute Number, aqi_value in Indices",,0.0,15.9,23.5,10.7,59,0.0,10.1,988.8
2022-12-11,Punjab,Bathinda,1.0,PM10,77.0,Satisfactory,"number_of_monitoring_stations in Absolute Number, aqi_value in Indices",,0.0,17.4,24.9,11.8,60,0.0,12.0,991.9
2022-12-11,Punjab,Jalandhar,1.0,PM10,88.0,Satisfactory,"number_of_monitoring_stations in Absolute Number, aqi_value in Indices",,0.0,14.2,23.2,8.1,70,0.0,11.5,987.4
2022-12-11,Punjab,Ludhiana,1.0,PM10,97.0,Satisfactory,"number_of_monitoring_stations in Absolute Number, aqi_value in Indices",,0.0,15.7,24.4,9.5,65,0.0,11.2,986.3
2022-12-11,Punjab,Patiala,1.0,PM10,93.0,Satisfactory,"number_of_monitoring_stations in Absolute Number, aqi_value in Indices",,0.0,17.4,25.6,11.8,57,0.0,12.7,985.4
2022-12-11,Punjab,Rupnagar,1.0,PM10,92.0,Satisfactory,"number_of_monitoring_stations in Absolute Number, aqi_value in Indices",,0.0,14.6,25.5,8.1,75,0.0,12.6,984.1
2022-12-12,Punjab,Amritsar,1.0,PM2.5,130.0,Moderate,"number_of_monitoring_stations in Absolute Number, aqi_value in Indices",,0.0,14.9,22.3,9.8,59,0.0,9.0,988.0
2022-12-12,Punjab,Bathinda,1.0,CO,68.0,Satisfactory,"number_of_monitoring_stations in Absolute Number, aqi_value in Indices",,0.0,16.7,24.7,10.8,53,0.0,11.3,991.1
2022-12-12,Punjab,Jalandhar,1.0,PM10,96.0,Satisfactory,"number_of_monitoring_stations in Absolute Number, aqi_value in Indices",,0.0,13.6,22.6,7.3,68,0.0,12.3,986.6
2022-12-12,Punjab,Ludhiana,1.0,PM10,91.0,Satisfactory,"number_of_monitoring_stations in Absolute Number, aqi_value in Indices",,0.0,15.1,23.3,9.8,61,0.0,11.2,985.5
2022-12-12,Punjab,Patiala,1.0,PM10,68.0,Satisfactory,"number_of_monitoring_stations in Absolute Number, aqi_value in Indices",,0.0,16.7,24.0,11.7,53,0.0,15.1,984.6
2022-12-12,Punjab,Rupnagar,1.0,PM10,85.0,Satisfactory,"number_of_monitoring_stations in Absolute Number, aqi_value in Indices",,0.0,14.7,24.4,8.1,67,0.0,14.6,983.3
2022-12-13,Punjab,Amritsar,1.0,PM2.5,150.0,Moderate,"number_of_monitoring_stations in Absolute Number, aqi_value in Indices",,0.0,15.9,23.5,10.9,50,0.0,16.5,989.6
2022-12-13,Punjab,Bathinda,1.0,CO,64.0,Satisfactory,"number_of_monitoring_stations in Absolute Number, aqi_value in Indices",,0.0,17.0,24.3,11.8,51,0.0,15.8,992.8
2022-12-13,Punjab,Jalandhar,1.0,PM10,92.0,Satisfactory,"number_of_monitoring_stations in Absolute Number, aqi_value in Indices",,0.0,13.9,22.8,7.6,62,0.0,12.5,988.1
2022-12-13,Punjab,Ludhiana,1.0,PM10,88.0,Satisfactory,"number_of_monitoring_stations in Absolute Number, aqi_value in Indices",,0.0,15.3,23.2,9.4,55,0.0,14.1,987.1
2022-12-13,Punjab,Patiala,1.0,PM10,66.0,Satisfactory,"number_of_monitoring_stations in Absolute Number, aqi_value in Indices",,0.0,16.8,23.9,11.7,50,0.0,19.8,986.0
2022-12-13,Punjab,Rupnagar,1.0,PM10,80.0,Satisfactory,"number_of_monitoring_stations in Absolute Number, aqi_value in Indices",,0.0,14.7,24.0,8.1,67,0.0,18.4,984.8
2022-12-14,Punjab,Amritsar,1.0,PM2.5,172.0,Moderate,"number_of_monitoring_stations in Absolute Number, aqi_value in Indices",,0.0,13.5,20.8,7.8,63,0.0,10.4,988.3
2022-12-14,Punjab,Bathinda,1.0,PM10,210.0,Poor,"number_of_monitoring_stations in Absolute Number, aqi_value in Indices",,0.0,15.3,22.5,9.8,53,0.0,12.1,991.9
2022-12-14,Punjab,Jalandhar,1.0,PM10,91.0,Satisfactory,"number_of_monitoring_stations in Absolute Number, aqi_value in Indices",,0.0,12.6,20.1,5.0,66,0.0,13.3,987.3
2022-12-14,Punjab,Ludhiana,1.0,PM2.5,127.0,Moderate,"number_of_monitoring_stations in Absolute Number, aqi_value in Indices",,0.0,13.0,20.8,7.4,64,0.0,11.2,986.3
2022-12-14,Punjab,Patiala,1.0,PM10,61.0,Satisfactory,"number_of_monitoring_stations in Absolute Number, aqi_value in Indices",,0.0,14.3,21.3,9.8,54,0.0,16.3,985.5
2022-12-15,Punjab,Amritsar,1.0,PM2.5,188.0,Moderate,"number_of_monitoring_stations in Absolute Number, aqi_value in Indices",,0.0,13.6,21.1,6.0,68,0.0,8.7,987.0
2022-12-15,Punjab,Jalandhar,1.0,PM2.5,173.0,Moderate,"number_of_monitoring_stations in Absolute Number, aqi_value in Indices",,0.0,13.4,20.5,7.0,69,0.0,9.0,985.9
2022-12-15,Punjab,Ludhiana,1.0,PM2.5,159.0,Moderate,"number_of_monitoring_stations in Absolute Number, aqi_value in Indices",,0.0,12.9,21.5,6.4,69,0.0,11.1,984.8
2022-12-15,Punjab,Patiala,1.0,PM10,73.0,Satisfactory,"number_of_monitoring_stations in Absolute Number, aqi_value in Indices",,0.0,13.7,21.7,6.8,65,0.0,12.9,984.1
2022-12-15,Punjab,Rupnagar,1.0,PM10,107.0,Moderate,"number_of_monitoring_stations in Absolute Number, aqi_value in Indices",,0.0,12.3,20.6,6.1,75,0.0,11.3,982.9
2022-12-16,Punjab,Amritsar,1.0,PM2.5,222.0,Poor,"number_of_monitoring_stations in Absolute Number, aqi_value in Indices",,0.0,13.1,21.1,6.4,70,0.0,10.7,985.7
2022-12-16,Punjab,Bathinda,1.0,CO,60.0,Satisfactory,"number_of_monitoring_stations in Absolute Number, aqi_value in Indices",,0.0,15.3,23.2,7.8,61,0.0,10.8,989.2
2022-12-16,Punjab,Jalandhar,1.0,PM2.5,255.0,Poor,"number_of_monitoring_stations in Absolute Number, aqi_value in Indices",,0.0,13.4,21.0,7.0,72,0.0,9.4,984.7
2022-12-16,Punjab,Ludhiana,1.0,PM2.5,235.0,Poor,"number_of_monitoring_stations in Absolute Number, aqi_value in Indices",,0.0,13.2,21.7,6.8,69,0.0,10.1,983.6
2022-12-16,Punjab,Patiala,1.0,PM10,93.0,Satisfactory,"number_of_monitoring_stations in Absolute Number, aqi_value in Indices",,0.0,13.5,22.0,6.7,67,0.0,11.4,983.0
2022-12-16,Punjab,Rupnagar,1.0,PM10,118.0,Moderate,"number_of_monitoring_stations in Absolute Number, aqi_value in Indices",,0.0,13.0,20.9,7.2,77,0.0,10.6,981.8
2022-12-17,Punjab,Amritsar,1.0,PM2.5,210.0,Poor,"number_of_monitoring_stations in Absolute Number, aqi_value in Indices",,0.0,13.0,21.3,8.2,79,0.0,8.8,987.7
2022-12-17,Punjab,Bathinda,1.0,PM2.5,131.0,Moderate,"number_of_monitoring_stations in Absolute Number, aqi_value in Indices",,0.0,14.9,23.4,8.4,68,0.0,10.2,990.9
2022-12-17,Punjab,Jalandhar,1.0,PM2.5,252.0,Poor,"number_of_monitoring_stations in Absolute Number, aqi_value in Indices",,0.0,13.3,21.2,6.4,77,0.0,10.8,986.6
2022-12-17,Punjab,Ludhiana,1.0,PM2.5,264.0,Poor,"number_of_monitoring_stations in Absolute Number, aqi_value in Indices",,0.0,13.4,22.0,6.7,74,0.0,10.7,985.5
2022-12-17,Punjab,Patiala,1.0,PM10,118.0,Moderate,"number_of_monitoring_stations in Absolute Number, aqi_value in Indices",,0.0,13.7,22.2,7.8,73,0.0,12.0,984.8
2022-12-17,Punjab,Rupnagar,1.0,PM2.5,234.0,Poor,"number_of_monitoring_stations in Absolute Number, aqi_value in Indices",,0.0,13.5,21.3,8.6,78,0.0,11.3,983.7
2022-12-18,Punjab,Amritsar,1.0,PM2.5,304.0,Very Poor,"number_of_monitoring_stations in Absolute Number, aqi_value in Indices",,0.0,13.4,20.8,8.2,82,0.0,8.9,988.3
2022-12-18,Punjab,Bathinda,1.0,PM2.5,128.0,Moderate,"number_of_monitoring_stations in Absolute Number, aqi_value in Indices",,0.0,16.5,23.2,11.9,68,0.0,8.9,991.5
2022-12-18,Punjab,Jalandhar,1.0,PM2.5,301.0,Very Poor,"number_of_monitoring_stations in Absolute Number, aqi_value in Indices",,0.0,13.3,20.5,7.2,82,0.0,7.9,987.3
2022-12-18,Punjab,Ludhiana,1.0,PM2.5,332.0,Very Poor,"number_of_monitoring_stations in Absolute Number, aqi_value in Indices",,0.0,13.9,21.0,7.8,78,0.0,9.4,986.3
2022-12-18,Punjab,Patiala,1.0,PM2.5,136.0,Moderate,"number_of_monitoring_stations in Absolute Number, aqi_value in Indices",,0.0,13.4,21.7,6.3,79,0.0,10.5,985.6
2022-12-18,Punjab,Rupnagar,1.0,PM2.5,130.0,Moderate,"number_of_monitoring_stations in Absolute Number, aqi_value in Indices",,0.0,12.6,20.1,4.9,81,0.0,8.9,984.7
2022-12-19,Punjab,Amritsar,1.0,PM2.5,297.0,Poor,"number_of_monitoring_stations in Absolute Number, aqi_value in Indices",,0.0,12.1,20.1,5.3,87,0.0,8.8,987.1
2022-12-19,Punjab,Bathinda,1.0,PM2.5,150.0,Moderate,"number_of_monitoring_stations in Absolute Number, aqi_value in Indices",,0.0,15.1,22.1,9.6,71,0.0,9.2,990.3
2022-12-19,Punjab,Jalandhar,1.0,PM2.5,274.0,Poor,"number_of_monitoring_stations in Absolute Number, aqi_value in Indices",,0.0,12.6,19.7,7.8,88,0.0,11.0,986.1
2022-12-19,Punjab,Ludhiana,1.0,PM2.5,251.0,Poor,"number_of_monitoring_stations in Absolute Number, aqi_value in Indices",,0.0,12.5,20.3,6.8,87,0.0,10.2,985.0
2022-12-19,Punjab,Patiala,1.0,PM2.5,182.0,Moderate,"number_of_monitoring_stations in Absolute Number, aqi_value in Indices",,0.0,13.3,21.4,7.1,82,0.0,10.8,984.3
2022-12-19,Punjab,Rupnagar,1.0,PM10,139.0,Moderate,"number_of_monitoring_stations in Absolute Number, aqi_value in Indices",,0.0,13.0,20.3,8.5,81,0.0,10.0,983.3
2022-12-20,Punjab,Amritsar,1.0,PM2.5,252.0,Poor,"number_of_monitoring_stations in Absolute Number, aqi_value in Indices",,0.0,12.8,20.1,5.7,84,0.0,8.2,986.4
2022-12-20,Punjab,Bathinda,1.0,PM2.5,207.0,Poor,"number_of_monitoring_stations in Absolute Number, aqi_value in Indices",,0.0,14.2,21.3,9.6,72,0.0,9.5,989.6
2022-12-20,Punjab,Jalandhar,1.0,PM2.5,286.0,Poor,"number_of_monitoring_stations in Absolute Number, aqi_value in Indices",,0.0,11.7,18.2,8.2,90,0.0,10.8,985.3
2022-12-20,Punjab,Ludhiana,1.0,PM2.5,174.0,Moderate,"number_of_monitoring_stations in Absolute Number, aqi_value in Indices",,0.0,11.6,18.7,7.9,89,0.0,10.3,984.2
2022-12-20,Punjab,Patiala,1.0,PM10,102.0,Moderate,"number_of_monitoring_stations in Absolute Number, aqi_value in Indices",,0.0,12.8,20.2,7.2,84,0.0,11.5,983.5
2022-12-20,Punjab,Rupnagar,1.0,PM10,104.0,Moderate,"number_of_monitoring_stations in Absolute Number, aqi_value in Indices",,0.0,12.0,19.2,8.0,89,0.0,9.4,982.5
2022-12-21,Punjab,Amritsar,1.0,PM2.5,215.0,Poor,"number_of_monitoring_stations in Absolute Number, aqi_value in Indices",,0.0,11.7,19.2,5.3,86,0.0,7.3,987.9
2022-12-21,Punjab,Bathinda,1.0,PM2.5,136.0,Moderate,"number_of_monitoring_stations in Absolute Number, aqi_value in Indices",,0.0,13.7,21.0,9.4,75,0.0,9.7,991.1
2022-12-21,Punjab,Jalandhar,1.0,PM2.5,178.0,Moderate,"number_of_monitoring_stations in Absolute Number, aqi_value in Indices",,0.0,11.2,18.4,6.9,89,0.0,10.7,986.9
2022-12-21,Punjab,Ludhiana,1.0,PM2.5,245.0,Poor,"number_of_monitoring_stations in Absolute Number, aqi_value in Indices",,0.0,11.3,19.0,7.4,88,0.0,9.2,985.8
2022-12-21,Punjab,Patiala,1.0,PM2.5,156.0,Moderate,"number_of_monitoring_stations in Absolute Number, aqi_value in Indices",,0.0,11.9,19.6,7.6,87,0.0,10.5,985.0
2022-12-21,Punjab,Rupnagar,1.0,PM10,95.0,Satisfactory,"number_of_monitoring_stations in Absolute Number, aqi_value in Indices",,0.0,11.7,19.9,7.5,86,0.0,11.0,984.1
2022-12-22,Punjab,Amritsar,1.0,PM2.5,202.0,Poor,"number_of_monitoring_stations in Absolute Number, aqi_value in Indices",,0.0,10.2,17.1,7.0,93,0.0,6.4,987.8
2022-12-22,Punjab,Bathinda,1.0,PM2.5,124.0,Moderate,"number_of_monitoring_stations in Absolute Number, aqi_value in Indices",,0.0,12.2,19.9,6.6,83,0.0,10.0,990.9
2022-12-22,Punjab,Jalandhar,1.0,PM2.5,167.0,Moderate,"number_of_monitoring_stations in Absolute Number, aqi_value in Indices",,0.0,10.4,16.5,7.5,92,0.0,10.7,986.7
2022-12-22,Punjab,Ludhiana,1.0,PM2.5,144.0,Moderate,"number_of_monitoring_stations in Absolute Number, aqi_value in Indices",,0.0,10.5,17.4,6.9,91,0.0,9.5,985.6
2022-12-22,Punjab,Patiala,1.0,PM2.5,154.0,Moderate,"number_of_monitoring_stations in Absolute Number, aqi_value in Indices",,0.0,11.0,18.6,7.0,90,0.0,10.9,984.7
2022-12-22,Punjab,Rupnagar,1.0,PM10,92.0,Satisfactory,"number_of_monitoring_stations in Absolute Number, aqi_value in Indices",,0.0,10.8,18.3,6.7,88,0.0,10.0,983.8
2022-12-23,Punjab,Amritsar,1.0,PM2.5,163.0,Moderate,"number_of_monitoring_stations in Absolute Number, aqi_value in Indices",,0.0,8.9,15.3,6.0,93,0.0,8.9,987.2
2022-12-23,Punjab,Bathinda,1.0,PM2.5,120.0,Moderate,"number_of_monitoring_stations in Absolute Number, aqi_value in Indices",,0.0,10.9,17.8,6.9,87,0.0,9.1,990.2
2022-12-23,Punjab,Jalandhar,1.0,PM10,104.0,Moderate,"number_of_monitoring_stations in Absolute Number, aqi_value in Indices",,0.0,9.6,14.9,6.7,89,0.0,8.0,986.3
2022-12-23,Punjab,Ludhiana,1.0,PM2.5,194.0,Moderate,"number_of_monitoring_stations in Absolute Number, aqi_value in Indices",,0.0,10.1,15.2,8.0,91,0.0,9.1,985.2
2022-12-23,Punjab,Patiala,1.0,PM2.5,120.0,Moderate,"number_of_monitoring_stations in Absolute Number, aqi_value in Indices",,0.0,9.8,16.0,6.7,91,0.0,11.2,984.5
2022-12-23,Punjab,Rupnagar,1.0,PM10,159.0,Moderate,"number_of_monitoring_stations in Absolute Number, aqi_value in Indices",,0.0,9.2,15.7,6.0,92,0.0,9.4,983.5
2022-12-24,Punjab,Amritsar,1.0,PM2.5,162.0,Moderate,"number_of_monitoring_stations in Absolute Number, aqi_value in Indices",,0.0,8.3,14.5,5.0,91,0.0,10.9,989.6
2022-12-24,Punjab,Bathinda,1.0,PM2.5,127.0,Moderate,"number_of_monitoring_stations in Absolute Number, aqi_value in Indices",,0.0,10.2,17.0,6.2,88,0.0,12.6,992.5
2022-12-24,Punjab,Jalandhar,1.0,PM2.5,126.0,Moderate,"number_of_monitoring_stations in Absolute Number, aqi_value in Indices",,0.0,8.8,15.5,5.8,89,0.0,11.9,988.3
2022-12-24,Punjab,Ludhiana,1.0,PM2.5,210.0,Poor,"number_of_monitoring_stations in Absolute Number, aqi_value in Indices",,0.0,9.1,15.9,5.2,88,0.0,12.0,987.1
2022-12-24,Punjab,Patiala,1.0,PM10,98.0,Satisfactory,"number_of_monitoring_stations in Absolute Number, aqi_value in Indices",,0.0,9.4,16.6,5.6,87,0.0,12.0,986.0
2022-12-24,Punjab,Rupnagar,1.0,PM10,121.0,Moderate,"number_of_monitoring_stations in Absolute Number, aqi_value in Indices",,0.0,9.3,16.8,5.0,87,0.0,11.4,985.0
2022-12-25,Punjab,Amritsar,1.0,PM2.5,147.0,Moderate,"number_of_monitoring_stations in Absolute Number, aqi_value in Indices",,0.0,9.7,15.8,4.6,89,0.0,10.5,989.4
2022-12-25,Punjab,Bathinda,1.0,PM2.5,160.0,Moderate,"number_of_monitoring_stations in Absolute Number, aqi_value in Indices",,0.0,10.1,17.6,4.3,84,0.0,10.7,992.6
2022-12-25,Punjab,Jalandhar,1.0,PM2.5,140.0,Moderate,"number_of_monitoring_stations in Absolute Number, aqi_value in Indices",,0.0,9.1,16.0,4.5,89,0.0,10.7,988.2
2022-12-25,Punjab,Ludhiana,1.0,PM2.5,184.0,Moderate,"number_of_monitoring_stations in Absolute Number, aqi_value in Indices",,0.0,10.3,16.8,6.1,88,0.0,10.9,987.0
2022-12-25,Punjab,Patiala,1.0,PM2.5,123.0,Moderate,"number_of_monitoring_stations in Absolute Number, aqi_value in Indices",,0.0,10.8,17.4,6.2,88,0.2,11.3,986.2
2022-12-25,Punjab,Rupnagar,1.0,PM10,144.0,Moderate,"number_of_monitoring_stations in Absolute Number, aqi_value in Indices",,0.0,10.0,16.7,5.5,89,0.0,9.7,985.0
2022-12-26,Punjab,Amritsar,1.0,PM2.5,232.0,Poor,"number_of_monitoring_stations in Absolute Number, aqi_value in Indices",,0.0,9.5,17.2,5.4,90,0.2,10.4,991.1
2022-12-26,Punjab,Jalandhar,1.0,PM2.5,174.0,Moderate,"number_of_monitoring_stations in Absolute Number, aqi_value in Indices",,0.0,9.8,17.6,5.0,88,0.0,11.1,989.9
2022-12-26,Punjab,Ludhiana,1.0,PM2.5,280.0,Poor,"number_of_monitoring_stations in Absolute Number, aqi_value in Indices",,0.0,10.7,17.8,6.4,88,0.0,9.9,988.9
2022-12-26,Punjab,Patiala,1.0,PM2.5,134.0,Moderate,"number_of_monitoring_stations in Absolute Number, aqi_value in Indices",,0.0,10.9,18.3,5.7,87,0.0,9.7,988.0
2022-12-26,Punjab,Rupnagar,1.0,PM2.5,160.0,Moderate,"number_of_monitoring_stations in Absolute Number, aqi_value in Indices",,0.0,10.7,18.7,5.5,87,0.0,11.4,986.9
2022-12-27,Punjab,Amritsar,1.0,PM2.5,150.0,Moderate,"number_of_monitoring_stations in Absolute Number, aqi_value in Indices",,0.0,9.5,16.8,5.6,88,0.0,11.9,990.8
2022-12-27,Punjab,Bathinda,1.0,PM2.5,138.0,Moderate,"number_of_monitoring_stations in Absolute Number, aqi_value in Indices",,0.0,11.4,18.7,6.5,78,0.0,11.3,994.2
2022-12-27,Punjab,Jalandhar,1.0,PM2.5,176.0,Moderate,"number_of_monitoring_stations in Absolute Number, aqi_value in Indices",,0.0,8.9,16.4,4.5,89,0.0,12.0,989.6
2022-12-27,Punjab,Ludhiana,1.0,PM2.5,233.0,Poor,"number_of_monitoring_stations in Absolute Number, aqi_value in Indices",,0.0,10.3,16.7,6.6,88,0.0,11.9,988.5
2022-12-27,Punjab,Patiala,1.0,PM2.5,157.0,Moderate,"number_of_monitoring_stations in Absolute Number, aqi_value in Indices",,0.0,11.4,17.0,7.5,85,0.0,15.9,987.5
2022-12-27,Punjab,Rupnagar,1.0,PM2.5,185.0,Moderate,"number_of_monitoring_stations in Absolute Number, aqi_value in Indices",,0.0,10.3,18.0,5.4,87,0.0,15.9,986.3
2022-12-28,Punjab,Amritsar,1.0,PM2.5,280.0,Poor,"number_of_monitoring_stations in Absolute Number, aqi_value in Indices",,0.0,10.1,17.7,3.6,83,0.0,10.2,990.1
2022-12-28,Punjab,Bathinda,1.0,PM2.5,99.0,Satisfactory,"number_of_monitoring_stations in Absolute Number, aqi_value in Indices",,0.0,12.2,20.3,5.3,78,0.0,10.9,993.6
2022-12-28,Punjab,Jalandhar,1.0,PM2.5,183.0,Moderate,"number_of_monitoring_stations in Absolute Number, aqi_value in Indices",,0.0,9.3,17.0,4.0,85,0.0,11.1,989.0
2022-12-28,Punjab,Ludhiana,1.0,PM2.5,230.0,Poor,"number_of_monitoring_stations in Absolute Number, aqi_value in Indices",,0.0,10.1,17.6,6.0,86,0.0,11.3,987.9
2022-12-28,Punjab,Patiala,1.0,PM2.5,184.0,Moderate,"number_of_monitoring_stations in Absolute Number, aqi_value in Indices",,0.0,11.8,18.2,7.7,81,0.0,14.7,987.0
2022-12-28,Punjab,Rupnagar,1.0,PM2.5,168.0,Moderate,"number_of_monitoring_stations in Absolute Number, aqi_value in Indices",,0.0,11.0,18.9,6.7,81,0.0,15.3,985.6
2022-12-29,Punjab,Amritsar,1.0,PM2.5,290.0,Poor,"number_of_monitoring_stations in Absolute Number, aqi_value in Indices",,0.0,10.5,13.4,6.9,89,5.3,8.6,990.5
2022-12-29,Punjab,Bathinda,1.0,PM2.5,156.0,Moderate,"number_of_monitoring_stations in Absolute Number, aqi_value in Indices",,0.0,13.9,19.1,8.9,73,0.5,14.2,993.3
2022-12-29,Punjab,Jalandhar,1.0,PM2.5,283.0,Poor,"number_of_monitoring_stations in Absolute Number, aqi_value in Indices",,0.0,10.3,13.2,6.1,89,0.8,10.2,989.3
2022-12-29,Punjab,Ludhiana,1.0,PM2.5,312.0,Very Poor,"number_of_monitoring_stations in Absolute Number, aqi_value in Indices",,0.0,10.6,13.3,6.4,84,0.0,10.2,988.2
2022-12-29,Punjab,Patiala,1.0,PM2.5,167.0,Moderate,"number_of_monitoring_stations in Absolute Number, aqi_value in Indices",,0.0,12.3,16.9,8.8,77,1.3,10.5,987.7
2022-12-29,Punjab,Rupnagar,1.0,PM10,184.0,Moderate,"number_of_monitoring_stations in Absolute Number, aqi_value in Indices",,0.0,10.0,13.7,5.9,84,0.3,9.9,986.6
2022-12-30,Punjab,Amritsar,1.0,PM2.5,171.0,Moderate,"number_of_monitoring_stations in Absolute Number, aqi_value in Indices",,0.0,12.9,18.8,8.4,84,0.9,11.3,992.6
2022-12-30,Punjab,Bathinda,1.0,PM2.5,198.0,Moderate,"number_of_monitoring_stations in Absolute Number, aqi_value in Indices",,0.0,13.9,19.7,9.7,77,0.0,14.2,995.1
2022-12-30,Punjab,Jalandhar,1.0,PM2.5,266.0,Poor,"number_of_monitoring_stations in Absolute Number, aqi_value in Indices",,0.0,13.3,19.8,9.0,81,0.4,15.1,991.1
2022-12-30,Punjab,Ludhiana,1.0,PM2.5,301.0,Very Poor,"number_of_monitoring_stations in Absolute Number, aqi_value in Indices",,0.0,12.8,18.6,7.9,83,0.0,13.0,989.9
2022-12-30,Punjab,Patiala,1.0,PM2.5,217.0,Poor,"number_of_monitoring_stations in Absolute Number, aqi_value in Indices",,0.0,13.1,19.0,8.5,82,0.0,12.1,989.0
2022-12-30,Punjab,Rupnagar,1.0,PM2.5,336.0,Very Poor,"number_of_monitoring_stations in Absolute Number, aqi_value in Indices",,0.0,13.1,19.0,7.0,79,0.6,8.7,988.2
2022-12-31,Punjab,Amritsar,1.0,PM2.5,71.0,Satisfactory,"number_of_monitoring_stations in Absolute Number, aqi_value in Indices",,0.0,11.1,17.6,6.5,85,0.0,9.8,991.8
2022-12-31,Punjab,Jalandhar,1.0,PM2.5,137.0,Moderate,"number_of_monitoring_stations in Absolute Number, aqi_value in Indices",,0.0,10.0,17.1,4.7,89,0.0,11.3,990.6
2022-12-31,Punjab,Ludhiana,1.0,PM2.5,148.0,Moderate,"number_of_monitoring_stations in Absolute Number, aqi_value in Indices",,0.0,11.5,17.7,7.2,87,0.0,10.5,989.6
2022-12-31,Punjab,Patiala,1.0,PM2.5,132.0,Moderate,"number_of_monitoring_stations in Absolute Number, aqi_value in Indices",,0.0,12.2,18.0,8.6,85,0.0,14.1,988.8
2022-12-31,Punjab,Rupnagar,1.0,PM10,187.0,Moderate,"number_of_monitoring_stations in Absolute Number, aqi_value in Indices",,0.0,10.9,18.6,5.9,86,0.0,13.7,987.5
2023-01-01,Punjab,Amritsar,1.0,PM2.5,204.0,Poor,"number_of_monitoring_stations in Absolute Number, aqi_value in Indices",,0.0,10.8,17.0,5.9,81,0.0,9.9,992.2
2023-01-01,Punjab,Bathinda,1.0,CO,67.0,Satisfactory,"number_of_monitoring_stations in Absolute Number, aqi_value in Indices",,0.0,11.8,18.6,6.7,76,0.0,9.4,995.5
2023-01-01,Punjab,Jalandhar,1.0,PM2.5,196.0,Moderate,"number_of_monitoring_stations in Absolute Number, aqi_value in Indices",,0.0,10.4,15.4,6.3,87,0.0,6.6,991.2
2023-01-01,Punjab,Ludhiana,1.0,PM2.5,314.0,Very Poor,"number_of_monitoring_stations in Absolute Number, aqi_value in Indices",,0.0,10.9,17.1,6.4,86,0.0,9.9,990.1
2023-01-01,Punjab,Patiala,1.0,PM10,94.0,Satisfactory,"number_of_monitoring_stations in Absolute Number, aqi_value in Indices",,0.0,10.9,16.8,6.8,88,0.0,8.9,989.6
2023-01-01,Punjab,Rupnagar,1.0,PM10,172.0,Moderate,"number_of_monitoring_stations in Absolute Number, aqi_value in Indices",,0.0,10.4,16.0,6.1,91,0.0,7.0,988.6
2023-01-02,Punjab,Amritsar,1.0,PM2.5,236.0,Poor,"number_of_monitoring_stations in Absolute Number, aqi_value in Indices",,0.0,8.6,15.3,2.1,91,0.0,6.3,993.5
2023-01-02,Punjab,Bathinda,1.0,PM2.5,83.0,Satisfactory,"number_of_monitoring_stations in Absolute Number, aqi_value in Indices",,0.0,10.7,18.3,5.0,78,0.0,9.3,996.5
2023-01-02,Punjab,Jalandhar,1.0,PM2.5,172.0,Moderate,"number_of_monitoring_stations in Absolute Number, aqi_value in Indices",,0.0,8.9,15.0,4.5,90,0.0,8.2,992.5
2023-01-02,Punjab,Ludhiana,1.0,PM2.5,287.0,Poor,"number_of_monitoring_stations in Absolute Number, aqi_value in Indices",,0.0,8.5,15.6,4.0,92,0.0,10.5,991.3
2023-01-02,Punjab,Patiala,1.0,PM2.5,120.0,Moderate,"number_of_monitoring_stations in Absolute Number, aqi_value in Indices",,0.0,9.4,15.8,5.9,91,0.0,10.2,990.7
2023-01-02,Punjab,Rupnagar,1.0,PM2.5,150.0,Moderate,"number_of_monitoring_stations in Absolute Number, aqi_value in Indices",,0.0,9.5,16.3,5.1,88,0.0,10.7,989.7
2023-01-03,Punjab,Amritsar,1.0,PM2.5,208.0,Poor,"number_of_monitoring_stations in Absolute Number, aqi_value in Indices",,0.0,8.9,14.9,3.5,90,0.0,6.3,994.9
2023-01-03,Punjab,Bathinda,1.0,PM2.5,130.0,Moderate,"number_of_monitoring_stations in Absolute Number, aqi_value in Indices",,0.0,9.4,17.1,4.5,87,0.0,10.5,997.9
2023-01-03,Punjab,Jalandhar,1.0,PM2.5,182.0,Moderate,"number_of_monitoring_stations in Absolute Number, aqi_value in Indices",,0.0,8.5,14.9,5.1,92,0.0,11.5,993.8
2023-01-03,Punjab,Ludhiana,1.0,PM2.5,262.0,Poor,"number_of_monitoring_stations in Absolute Number, aqi_value in Indices",,0.0,8.5,15.2,5.2,92,0.0,10.7,992.6
2023-01-03,Punjab,Patiala,1.0,PM10,95.0,Satisfactory,"number_of_monitoring_stations in Absolute Number, aqi_value in Indices",,0.0,8.5,14.7,4.9,93,0.0,8.7,991.7
2023-01-03,Punjab,Rupnagar,1.0,PM10,227.0,Poor,"number_of_monitoring_stations in Absolute Number, aqi_value in Indices",,0.0,9.0,15.7,5.1,90,0.0,8.7,990.7
2023-01-04,Punjab,Amritsar,1.0,PM2.5,180.0,Moderate,"number_of_monitoring_stations in Absolute Number, aqi_value in Indices",,0.0,8.6,14.7,4.2,89,0.0,5.9,995.0
2023-01-04,Punjab,Bathinda,1.0,PM2.5,80.0,Satisfactory,"number_of_monitoring_stations in Absolute Number, aqi_value in Indices",,0.0,9.9,17.9,4.3,84,0.0,9.7,998.0
2023-01-04,Punjab,Jalandhar,1.0,PM2.5,226.0,Poor,"number_of_monitoring_stations in Absolute Number, aqi_value in Indices",,0.0,8.1,15.3,4.6,92,0.0,10.4,993.8
2023-01-04,Punjab,Ludhiana,1.0,PM2.5,177.0,Moderate,"number_of_monitoring_stations in Absolute Number, aqi_value in Indices",,0.0,8.8,16.0,5.6,91,0.0,9.9,992.7
2023-01-04,Punjab,Patiala,1.0,PM2.5,152.0,Moderate,"number_of_monitoring_stations in Absolute Number, aqi_value in Indices",,0.0,8.8,15.8,5.5,92,0.0,11.2,991.9
2023-01-04,Punjab,Rupnagar,1.0,PM10,208.0,Poor,"number_of_monitoring_stations in Absolute Number, aqi_value in Indices",,0.0,9.0,16.9,5.7,92,0.0,9.7,990.8
2023-01-05,Punjab,Amritsar,1.0,PM2.5,173.0,Moderate,"number_of_monitoring_stations in Absolute Number, aqi_value in Indices",,0.0,7.4,14.5,2.6,92,0.0,6.1,995.8
2023-01-05,Punjab,Bathinda,1.0,PM2.5,119.0,Moderate,"number_of_monitoring_stations in Absolute Number, aqi_value in Indices",,0.0,8.6,16.9,4.3,87,0.0,8.8,998.9
2023-01-05,Punjab,Ludhiana,1.0,PM2.5,192.0,Moderate,"number_of_monitoring_stations in Absolute Number, aqi_value in Indices",,0.0,8.5,14.6,5.7,90,0.0,6.5,993.7
2023-01-05,Punjab,Patiala,1.0,PM2.5,156.0,Moderate,"number_of_monitoring_stations in Absolute Number, aqi_value in Indices",,0.0,8.0,13.9,4.7,91,0.0,8.8,992.9
2023-01-05,Punjab,Rupnagar,1.0,PM10,119.0,Moderate,"number_of_monitoring_stations in Absolute Number, aqi_value in Indices",,0.0,8.8,14.2,5.7,90,0.0,5.1,992.0
2023-01-06,Punjab,Amritsar,1.0,PM2.5,258.0,Poor,"number_of_monitoring_stations in Absolute Number, aqi_value in Indices",,0.0,7.0,12.2,3.4,93,0.1,8.3,996.3
2023-01-06,Punjab,Bathinda,1.0,PM2.5,97.0,Satisfactory,"number_of_monitoring_stations in Absolute Number, aqi_value in Indices",,0.0,7.4,14.2,1.9,90,0.0,8.4,999.4
2023-01-06,Punjab,Jalandhar,1.0,PM2.5,175.0,Moderate,"number_of_monitoring_stations in Absolute Number, aqi_value in Indices",,0.0,7.1,11.6,4.2,93,0.0,8.3,995.3
2023-01-06,Punjab,Ludhiana,1.0,PM2.5,301.0,Very Poor,"number_of_monitoring_stations in Absolute Number, aqi_value in Indices",,0.0,7.5,12.5,4.5,92,0.0,7.9,994.2
2023-01-06,Punjab,Patiala,1.0,PM2.5,154.0,Moderate,"number_of_monitoring_stations in Absolute Number, aqi_value in Indices",,0.0,7.0,11.9,4.8,92,0.0,8.9,993.5
2023-01-06,Punjab,Rupnagar,1.0,PM10,233.0,Poor,"number_of_monitoring_stations in Absolute Number, aqi_value in Indices",,0.0,7.8,12.7,5.5,92,0.0,8.9,992.5
2023-01-07,Punjab,Amritsar,1.0,PM2.5,236.0,Poor,"number_of_monitoring_stations in Absolute Number, aqi_value in Indices",,0.0,8.6,14.0,4.8,93,0.2,11.5,994.6
2023-01-07,Punjab,Bathinda,1.0,PM2.5,150.0,Moderate,"number_of_monitoring_stations in Absolute Number, aqi_value in Indices",,0.0,8.9,16.2,4.9,90,0.0,9.4,997.8
2023-01-07,Punjab,Jalandhar,1.0,PM2.5,249.0,Poor,"number_of_monitoring_stations in Absolute Number, aqi_value in Indices",,0.0,8.9,14.9,5.0,90,0.5,11.8,993.3
2023-01-07,Punjab,Ludhiana,1.0,PM2.5,273.0,Poor,"number_of_monitoring_stations in Absolute Number, aqi_value in Indices",,0.0,8.9,15.2,6.0,91,0.0,10.8,992.2
2023-01-07,Punjab,Patiala,1.0,PM2.5,197.0,Moderate,"number_of_monitoring_stations in Absolute Number, aqi_value in Indices",,0.0,8.1,15.1,3.2,91,0.0,9.4,991.3
2023-01-07,Punjab,Rupnagar,1.0,PM10,169.0,Moderate,"number_of_monitoring_stations in Absolute Number, aqi_value in Indices",,0.0,9.2,16.2,3.6,88,0.0,9.6,990.0
2023-01-08,Punjab,Amritsar,1.0,PM2.5,242.0,Poor,"number_of_monitoring_stations in Absolute Number, aqi_value in Indices",,0.0,9.8,15.8,5.4,90,0.0,9.7,991.6
2023-01-08,Punjab,Bathinda,1.0,PM2.5,183.0,Moderate,"number_of_monitoring_stations in Absolute Number, aqi_value in Indices",,0.0,10.5,17.7,5.5,88,0.0,10.3,995.0
2023-01-08,Punjab,Jalandhar,1.0,PM2.5,218.0,Poor,"number_of_monitoring_stations in Absolute Number, aqi_value in Indices",,0.0,9.6,15.0,5.2,92,0.0,10.6,990.4
2023-01-08,Punjab,Ludhiana,1.0,PM2.5,224.0,Poor,"number_of_monitoring_stations in Absolute Number, aqi_value in Indices",,0.0,10.1,16.0,6.6,91,0.0,13.1,989.3
2023-01-08,Punjab,Patiala,1.0,PM2.5,176.0,Moderate,"number_of_monitoring_stations in Absolute Number, aqi_value in Indices",,0.0,9.7,16.8,4.5,92,0.0,11.0,988.4
2023-01-08,Punjab,Rupnagar,1.0,PM2.5,187.0,Moderate,"number_of_monitoring_stations in Absolute Number, aqi_value in Indices",,0.0,10.2,17.3,5.3,91,0.0,9.2,987.2
2023-01-09,Punjab,Amritsar,1.0,PM2.5,277.0,Poor,"number_of_monitoring_stations in Absolute Number, aqi_value in Indices",,0.0,9.5,14.9,5.2,93,0.0,8.4,992.3
2023-01-09,Punjab,Bathinda,1.0,PM2.5,159.0,Moderate,"number_of_monitoring_stations in Absolute Number, aqi_value in Indices",,0.0,11.2,17.6,5.6,86,0.0,7.4,995.5
2023-01-09,Punjab,Jalandhar,1.0,PM2.5,208.0,Poor,"number_of_monitoring_stations in Absolute Number, aqi_value in Indices",,0.0,9.6,15.3,5.9,93,0.0,7.3,991.4
2023-01-09,Punjab,Ludhiana,1.0,PM2.5,326.0,Very Poor,"number_of_monitoring_stations in Absolute Number, aqi_value in Indices",,0.0,9.7,15.4,6.5,93,0.0,8.4,990.3
2023-01-09,Punjab,Patiala,1.0,PM2.5,204.0,Poor,"number_of_monitoring_stations in Absolute Number, aqi_value in Indices",,0.0,9.9,15.1,7.0,94,0.0,9.5,989.7
2023-01-09,Punjab,Rupnagar,1.0,PM2.5,264.0,Poor,"number_of_monitoring_stations in Absolute Number, aqi_value in Indices",,0.0,10.9,16.3,6.9,93,0.0,7.0,988.7
2023-01-10,Punjab,Amritsar,1.0,PM2.5,203.0,Poor,"number_of_monitoring_stations in Absolute Number, aqi_value in Indices",,0.0,10.1,16.4,6.5,93,0.0,10.3,991.7
2023-01-10,Punjab,Bathinda,1.0,PM2.5,175.0,Moderate,"number_of_monitoring_stations in Absolute Number, aqi_value in Indices",,0.0,10.8,18.5,6.8,91,0.0,9.8,994.9
2023-01-10,Punjab,Jalandhar,1.0,PM2.5,259.0,Poor,"number_of_monitoring_stations in Absolute Number, aqi_value in Indices",,0.0,10.2,16.4,7.3,92,0.0,10.0,990.7
2023-01-10,Punjab,Ludhiana,1.0,PM2.5,236.0,Poor,"number_of_monitoring_stations in Absolute Number, aqi_value in Indices",,0.0,10.2,16.1,7.8,92,0.0,10.4,989.6
2023-01-10,Punjab,Patiala,1.0,PM2.5,161.0,Moderate,"number_of_monitoring_stations in Absolute Number, aqi_value in Indices",,0.0,9.8,16.5,6.5,94,0.0,11.0,988.6
2023-01-10,Punjab,Rupnagar,1.0,PM2.5,218.0,Poor,"number_of_monitoring_stations in Absolute Number, aqi_value in Indices",,0.0,9.9,16.5,6.8,91,0.0,12.0,987.6
2023-01-11,Punjab,Amritsar,1.0,PM2.5,251.0,Poor,"number_of_monitoring_stations in Absolute Number, aqi_value in Indices",,0.0,10.5,13.7,7.5,95,1.6,11.9,986.9
2023-01-11,Punjab,Bathinda,1.0,PM2.5,102.0,Moderate,"number_of_monitoring_stations in Absolute Number, aqi_value in Indices",,0.0,11.6,17.3,6.4,89,4.6,14.6,989.8
2023-01-11,Punjab,Jalandhar,1.0,PM2.5,202.0,Poor,"number_of_monitoring_stations in Absolute Number, aqi_value in Indices",,0.0,10.5,13.5,6.7,94,2.0,10.9,986.0
2023-01-11,Punjab,Ludhiana,1.0,PM2.5,201.0,Poor,"number_of_monitoring_stations in Absolute Number, aqi_value in Indices",,0.0,11.5,15.8,8.3,92,0.7,9.6,985.0
2023-01-11,Punjab,Patiala,1.0,PM2.5,134.0,Moderate,"number_of_monitoring_stations in Absolute Number, aqi_value in Indices",,0.0,10.8,15.1,6.3,93,9.8,12.5,984.4
2023-01-11,Punjab,Rupnagar,1.0,PM10,181.0,Moderate,"number_of_monitoring_stations in Absolute Number, aqi_value in Indices",,0.0,10.3,13.3,7.1,93,2.3,11.4,983.5
2023-01-12,Punjab,Amritsar,1.0,PM2.5,235.0,Poor,"number_of_monitoring_stations in Absolute Number, aqi_value in Indices",,0.0,11.4,18.2,6.9,85,0.3,10.9,985.3
2023-01-12,Punjab,Bathinda,1.0,PM2.5,242.0,Poor,"number_of_monitoring_stations in Absolute Number, aqi_value in Indices",,0.0,13.6,20.2,9.7,82,1.7,14.0,987.7
2023-01-12,Punjab,Jalandhar,1.0,PM2.5,140.0,Moderate,"number_of_monitoring_stations in Absolute Number, aqi_value in Indices",,0.0,12.0,18.5,6.8,85,0.0,11.2,984.2
2023-01-12,Punjab,Ludhiana,1.0,PM2.5,348.0,Very Poor,"number_of_monitoring_stations in Absolute Number, aqi_value in Indices",,0.0,12.5,18.6,6.9,86,1.4,15.6,983.1
2023-01-12,Punjab,Patiala,1.0,PM2.5,152.0,Moderate,"number_of_monitoring_stations in Absolute Number, aqi_value in Indices",,0.0,13.2,18.7,8.9,85,0.9,14.7,982.6
2023-01-12,Punjab,Rupnagar,1.0,PM10,239.0,Poor,"number_of_monitoring_stations in Absolute Number, aqi_value in Indices",,0.0,12.9,18.8,9.0,81,3.4,9.8,981.7
2023-01-13,Punjab,Amritsar,1.0,PM2.5,247.0,Poor,"number_of_monitoring_stations in Absolute Number, aqi_value in Indices",,0.0,11.2,15.9,7.5,90,2.2,11.8,986.3
2023-01-13,Punjab,Jalandhar,1.0,PM2.5,276.0,Poor,"number_of_monitoring_stations in Absolute Number, aqi_value in Indices",,0.0,11.8,15.9,8.3,90,6.9,12.9,985.4
2023-01-13,Punjab,Ludhiana,1.0,PM2.5,279.0,Poor,"number_of_monitoring_stations in Absolute Number, aqi_value in Indices",,0.0,12.8,16.1,9.5,90,7.5,17.7,984.1
2023-01-13,Punjab,Patiala,1.0,PM10,110.0,Moderate,"number_of_monitoring_stations in Absolute Number, aqi_value in Indices",,0.0,13.5,19.1,10.8,87,8.9,17.8,983.4
2023-01-13,Punjab,Rupnagar,1.0,PM10,239.0,Poor,"number_of_monitoring_stations in Absolute Number, aqi_value in Indices",,0.0,12.5,19.3,8.8,87,29.4,20.4,982.5
2023-01-14,Punjab,Amritsar,1.0,PM2.5,146.0,Moderate,"number_of_monitoring_stations in Absolute Number, aqi_value in Indices",,0.0,10.1,15.2,6.1,83,0.0,9.7,989.7
2023-01-14,Punjab,Bathinda,1.0,PM10,87.0,Satisfactory,"number_of_monitoring_stations in Absolute Number, aqi_value in Indices",,0.0,8.7,14.8,3.4,77,0.0,11.0,993.1
2023-01-14,Punjab,Jalandhar,1.0,PM2.5,247.0,Poor,"number_of_monitoring_stations in Absolute Number, aqi_value in Indices",,0.0,10.0,14.2,6.1,89,0.0,10.0,988.4
2023-01-14,Punjab,Ludhiana,1.0,PM2.5,210.0,Poor,"number_of_monitoring_stations in Absolute Number, aqi_value in Indices",,0.0,10.8,14.6,7.3,89,0.0,12.9,987.3
2023-01-14,Punjab,Patiala,1.0,PM2.5,186.0,Moderate,"number_of_monitoring_stations in Absolute Number, aqi_value in Indices",,0.0,10.7,15.2,7.6,90,0.0,13.0,986.5
2023-01-15,Punjab,Amritsar,1.0,PM2.5,141.0,Moderate,"number_of_monitoring_stations in Absolute Number, aqi_value in Indices",,0.0,7.7,15.1,2.7,72,0.0,10.5,987.6
2023-01-15,Punjab,Jalandhar,1.0,PM2.5,155.0,Moderate,"number_of_monitoring_stations in Absolute Number, aqi_value in Indices",,0.0,7.6,14.9,2.5,75,0.0,11.2,986.5
2023-01-15,Punjab,Ludhiana,1.0,PM2.5,121.0,Moderate,"number_of_monitoring_stations in Absolute Number, aqi_value in Indices",,0.0,8.2,14.7,3.8,74,0.0,11.4,985.6
2023-01-15,Punjab,Patiala,1.0,PM10,86.0,Satisfactory,"number_of_monitoring_stations in Absolute Number, aqi_value in Indices",,0.0,8.4,14.7,4.7,76,0.0,13.1,984.9
2023-01-15,Punjab,Rupnagar,1.0,PM10,157.0,Moderate,"number_of_monitoring_stations in Absolute Number, aqi_value in Indices",,0.0,9.5,15.4,5.4,83,0.0,13.8,983.6
2023-01-16,Punjab,Amritsar,1.0,PM2.5,138.0,Moderate,"number_of_monitoring_stations in Absolute Number, aqi_value in Indices",,0.0,7.7,15.3,2.0,70,0.0,10.7,988.9
2023-01-16,Punjab,Bathinda,1.0,PM10,92.0,Satisfactory,"number_of_monitoring_stations in Absolute Number, aqi_value in Indices",,0.0,8.8,16.6,2.6,63,0.0,12.0,992.3
2023-01-16,Punjab,Jalandhar,1.0,PM2.5,215.0,Poor,"number_of_monitoring_stations in Absolute Number, aqi_value in Indices",,0.0,7.5,15.4,1.4,76,0.0,10.8,987.7
2023-01-16,Punjab,Ludhiana,1.0,PM2.5,107.0,Moderate,"number_of_monitoring_stations in Absolute Number, aqi_value in Indices",,0.0,7.9,15.2,2.3,73,0.0,11.6,986.7
2023-01-16,Punjab,Patiala,1.0,PM10,99.0,Satisfactory,"number_of_monitoring_stations in Absolute Number, aqi_value in Indices",,0.0,7.8,15.0,2.3,74,0.0,11.9,986.0
2023-01-16,Punjab,Rupnagar,1.0,PM10,274.0,Poor,"number_of_monitoring_stations in Absolute Number, aqi_value in Indices",,0.0,8.8,15.4,4.2,79,0.0,11.9,984.9
2023-01-17,Punjab,Amritsar,1.0,PM2.5,150.0,Moderate,"number_of_monitoring_stations in Absolute Number, aqi_value in Indices",,0.0,7.7,15.1,0.7,67,0.0,11.0,989.2
2023-01-17,Punjab,Jalandhar,1.0,PM10,155.0,Moderate,"number_of_monitoring_stations in Absolute Number, aqi_value in Indices",,0.0,7.5,14.8,0.5,74,0.0,11.7,988.2
2023-01-17,Punjab,Ludhiana,1.0,PM2.5,104.0,Moderate,"number_of_monitoring_stations in Absolute Number, aqi_value in Indices",,0.0,7.5,15.1,1.8,75,0.0,11.2,987.1
2023-01-17,Punjab,Patiala,1.0,PM10,100.0,Satisfactory,"number_of_monitoring_stations in Absolute Number, aqi_value in Indices",,0.0,7.7,15.1,2.7,75,0.0,12.7,986.4
2023-01-17,Punjab,Rupnagar,1.0,PM10,230.0,Poor,"number_of_monitoring_stations in Absolute Number, aqi_value in Indices",,0.0,7.7,15.4,2.8,78,0.0,12.6,985.2
2023-01-18,Punjab,Amritsar,1.0,PM2.5,218.0,Poor,"number_of_monitoring_stations in Absolute Number, aqi_value in Indices",,0.0,9.5,15.2,4.5,69,0.0,9.8,991.4
2023-01-18,Punjab,Jalandhar,1.0,PM2.5,248.0,Poor,"number_of_monitoring_stations in Absolute Number, aqi_value in Indices",,0.0,9.0,15.2,2.1,76,0.0,9.1,990.2
2023-01-18,Punjab,Ludhiana,1.0,PM2.5,171.0,Moderate,"number_of_monitoring_stations in Absolute Number, aqi_value in Indices",,0.0,8.8,15.6,2.1,75,0.0,11.1,989.1
2023-01-18,Punjab,Patiala,1.0,PM10,125.0,Moderate,"number_of_monitoring_stations in Absolute Number, aqi_value in Indices",,0.0,8.2,15.7,2.0,77,0.0,11.0,988.3
2023-01-18,Punjab,Rupnagar,1.0,PM10,254.0,Poor,"number_of_monitoring_stations in Absolute Number, aqi_value in Indices",,0.0,9.3,16.3,4.9,81,0.0,11.5,987.3
2023-01-19,Punjab,Amritsar,1.0,PM2.5,178.0,Moderate,"number_of_monitoring_stations in Absolute Number, aqi_value in Indices",,0.0,12.3,18.3,6.7,65,0.0,10.9,991.8
2023-01-19,Punjab,Jalandhar,1.0,PM2.5,179.0,Moderate,"number_of_monitoring_stations in Absolute Number, aqi_value in Indices",,0.0,12.2,18.5,6.7,70,0.0,11.3,990.5
2023-01-19,Punjab,Ludhiana,1.0,PM2.5,213.0,Poor,"number_of_monitoring_stations in Absolute Number, aqi_value in Indices",,0.0,12.3,18.5,6.5,70,0.0,10.4,989.4
2023-01-19,Punjab,Patiala,1.0,PM10,120.0,Moderate,"number_of_monitoring_stations in Absolute Number, aqi_value in Indices",,0.0,12.4,17.9,7.2,73,3.4,11.5,988.8
2023-01-19,Punjab,Rupnagar,1.0,PM10,206.0,Poor,"number_of_monitoring_stations in Absolute Number, aqi_value in Indices",,0.0,12.3,18.0,7.9,75,0.0,15.6,987.6
2023-01-20,Punjab,Amritsar,1.0,PM2.5,104.0,Moderate,"number_of_monitoring_stations in Absolute Number, aqi_value in Indices",,0.0,10.2,12.0,6.7,85,2.3,9.3,991.2
2023-01-20,Punjab,Jalandhar,1.0,PM10,107.0,Moderate,"number_of_monitoring_stations in Absolute Number, aqi_value in Indices",,0.0,10.3,13.6,6.8,83,1.4,10.0,989.9
2023-01-20,Punjab,Ludhiana,1.0,PM2.5,125.0,Moderate,"number_of_monitoring_stations in Absolute Number, aqi_value in Indices",,0.0,11.6,15.3,7.9,79,1.0,11.2,988.7
2023-01-20,Punjab,Patiala,1.0,PM10,104.0,Moderate,"number_of_monitoring_stations in Absolute Number, aqi_value in Indices",,0.0,11.5,14.4,8.5,87,3.9,12.3,987.7
2023-01-20,Punjab,Rupnagar,1.0,PM10,132.0,Moderate,"number_of_monitoring_stations in Absolute Number, aqi_value in Indices",,0.0,10.9,13.5,7.2,86,2.7,9.7,986.9
2023-01-21,Punjab,Amritsar,1.0,PM2.5,67.0,Satisfactory,"number_of_monitoring_stations in Absolute Number, aqi_value in Indices",,0.0,10.6,17.6,6.2,84,4.0,9.2,990.5
2023-01-21,Punjab,Jalandhar,1.0,PM2.5,68.0,Satisfactory,"number_of_monitoring_stations in Absolute Number, aqi_value in Indices",,0.0,11.0,18.6,6.8,83,0.0,11.3,989.0
2023-01-21,Punjab,Ludhiana,1.0,PM2.5,92.0,Satisfactory,"number_of_monitoring_stations in Absolute Number, aqi_value in Indices",,0.0,12.0,18.8,8.5,82,0.0,10.0,987.9
2023-01-21,Punjab,Patiala,1.0,PM10,108.0,Moderate,"number_of_monitoring_stations in Absolute Number, aqi_value in Indices",,0.0,11.8,18.8,6.6,82,0.0,10.3,986.9
2023-01-21,Punjab,Rupnagar,1.0,PM10,171.0,Moderate,"number_of_monitoring_stations in Absolute Number, aqi_value in Indices",,0.0,11.1,18.9,4.8,81,0.1,11.2,985.9
2023-01-22,Punjab,Amritsar,1.0,PM2.5,123.0,Moderate,"number_of_monitoring_stations in Absolute Number, aqi_value in Indices",,0.0,10.9,18.0,5.6,80,0.0,9.8,989.5
2023-01-22,Punjab,Jalandhar,1.0,PM10,108.0,Moderate,"number_of_monitoring_stations in Absolute Number, aqi_value in Indices",,0.0,10.7,18.4,6.3,79,0.0,13.6,988.1
2023-01-22,Punjab,Ludhiana,1.0,PM10,79.0,Satisfactory,"number_of_monitoring_stations in Absolute Number, aqi_value in Indices",,0.0,11.1,19.2,5.1,81,0.0,10.5,986.9
2023-01-22,Punjab,Patiala,1.0,PM10,99.0,Satisfactory,"number_of_monitoring_stations in Absolute Number, aqi_value in Indices",,0.0,12.2,20.0,6.3,77,0.0,9.4,986.1
2023-01-22,Punjab,Rupnagar,1.0,PM10,233.0,Poor,"number_of_monitoring_stations in Absolute Number, aqi_value in Indices",,0.0,11.2,19.7,5.8,80,0.0,12.0,985.1
2023-01-23,Punjab,Amritsar,1.0,PM2.5,110.0,Moderate,"number_of_monitoring_stations in Absolute Number, aqi_value in Indices",,0.0,12.4,18.3,7.5,69,0.0,15.5,989.6
2023-01-23,Punjab,Jalandhar,1.0,PM2.5,124.0,Moderate,"number_of_monitoring_stations in Absolute Number, aqi_value in Indices",,0.0,11.8,19.1,5.5,79,0.0,11.6,987.9
2023-01-23,Punjab,Ludhiana,1.0,PM2.5,106.0,Moderate,"number_of_monitoring_stations in Absolute Number, aqi_value in Indices",,0.0,12.2,20.3,6.9,81,0.0,9.4,986.7
2023-01-23,Punjab,Patiala,1.0,PM10,101.0,Moderate,"number_of_monitoring_stations in Absolute Number, aqi_value in Indices",,0.0,13.4,21.9,7.3,76,0.0,8.7,985.6
2023-01-23,Punjab,Rupnagar,1.0,PM10,217.0,Poor,"number_of_monitoring_stations in Absolute Number, aqi_value in Indices",,0.0,11.8,21.4,3.7,75,0.0,10.7,984.6
2023-01-24,Punjab,Amritsar,1.0,PM2.5,122.0,Moderate,"number_of_monitoring_stations in Absolute Number, aqi_value in Indices",,0.0,11.7,18.5,6.4,81,2.5,10.5,986.9
2023-01-24,Punjab,Jalandhar,1.0,PM2.5,146.0,Moderate,"number_of_monitoring_stations in Absolute Number, aqi_value in Indices",,0.0,11.7,18.1,5.4,86,0.7,20.5,985.8
2023-01-24,Punjab,Ludhiana,1.0,PM2.5,87.0,Satisfactory,"number_of_monitoring_stations in Absolute Number, aqi_value in Indices",,0.0,12.4,18.2,6.5,88,15.0,14.9,984.8
2023-01-24,Punjab,Patiala,1.0,PM2.5,120.0,Moderate,"number_of_monitoring_stations in Absolute Number, aqi_value in Indices",,0.0,13.1,17.9,8.3,88,13.5,16.0,984.2
2023-01-24,Punjab,Rupnagar,1.0,PM10,278.0,Poor,"number_of_monitoring_stations in Absolute Number, aqi_value in Indices",,0.0,12.0,16.2,5.8,85,46.2,13.8,983.4
2023-01-25,Punjab,Amritsar,1.0,PM2.5,150.0,Moderate,"number_of_monitoring_stations in Absolute Number, aqi_value in Indices",,0.0,12.8,17.3,8.7,92,3.9,11.3,988.7
2023-01-25,Punjab,Jalandhar,1.0,PM2.5,86.0,Satisfactory,"number_of_monitoring_stations in Absolute Number, aqi_value in Indices",,0.0,13.5,16.9,11.4,90,2.1,10.1,987.7
2023-01-25,Punjab,Ludhiana,1.0,PM10,66.0,Satisfactory,"number_of_monitoring_stations in Absolute Number, aqi_value in Indices",,0.0,14.1,18.4,10.8,89,7.1,11.0,986.5
2023-01-25,Punjab,Patiala,1.0,PM2.5,66.0,Satisfactory,"number_of_monitoring_stations in Absolute Number, aqi_value in Indices",,0.0,14.6,18.9,11.3,89,24.1,12.7,986.0
2023-01-25,Punjab,Rupnagar,1.0,PM10,169.0,Moderate,"number_of_monitoring_stations in Absolute Number, aqi_value in Indices",,0.0,14.2,18.5,11.2,88,48.5,17.1,985.2
2023-01-26,Punjab,Amritsar,1.0,PM2.5,133.0,Moderate,"number_of_monitoring_stations in Absolute Number, aqi_value in Indices",,0.0,11.2,16.9,8.1,82,0.0,9.8,991.8
2023-01-26,Punjab,Jalandhar,1.0,PM10,74.0,Satisfactory,"number_of_monitoring_stations in Absolute Number, aqi_value in Indices",,0.0,11.7,16.7,8.5,90,0.1,11.3,990.5
2023-01-26,Punjab,Ludhiana,1.0,PM2.5,101.0,Moderate,"number_of_monitoring_stations in Absolute Number, aqi_value in Indices",,0.0,12.1,16.3,9.8,88,0.0,13.0,989.4
2023-01-26,Punjab,Patiala,1.0,PM10,67.0,Satisfactory,"number_of_monitoring_stations in Absolute Number, aqi_value in Indices",,0.0,12.5,17.2,9.6,88,0.0,14.3,988.4
2023-01-26,Punjab,Rupnagar,1.0,PM10,97.0,Satisfactory,"number_of_monitoring_stations in Absolute Number, aqi_value in Indices",,0.0,12.6,17.9,8.8,89,0.0,13.4,987.2
2023-01-27,Punjab,Amritsar,1.0,PM2.5,178.0,Moderate,"number_of_monitoring_stations in Absolute Number, aqi_value in Indices",,0.0,10.7,18.2,4.9,69,0.0,9.8,991.0
2023-01-27,Punjab,Bathinda,1.0,PM10,103.0,Moderate,"number_of_monitoring_stations in Absolute Number, aqi_value in Indices",,0.0,11.1,19.0,5.0,56,0.0,10.9,994.4
2023-01-27,Punjab,Jalandhar,1.0,PM10,75.0,Satisfactory,"number_of_monitoring_stations in Absolute Number, aqi_value in Indices",,0.0,10.2,18.3,4.0,77,0.0,13.8,989.7
2023-01-27,Punjab,Ludhiana,1.0,PM2.5,171.0,Moderate,"number_of_monitoring_stations in Absolute Number, aqi_value in Indices",,0.0,11.0,17.7,5.6,72,0.0,14.3,988.7
2023-01-27,Punjab,Patiala,1.0,PM10,66.0,Satisfactory,"number_of_monitoring_stations in Absolute Number, aqi_value in Indices",,0.0,11.6,17.9,7.0,74,0.0,15.1,987.8
2023-01-27,Punjab,Rupnagar,1.0,PM10,87.0,Satisfactory,"number_of_monitoring_stations in Absolute Number, aqi_value in Indices",,0.0,12.3,18.8,7.3,85,0.0,14.6,986.6
2023-01-28,Punjab,Amritsar,1.0,PM2.5,168.0,Moderate,"number_of_monitoring_stations in Absolute Number, aqi_value in Indices",,0.0,11.0,18.3,4.8,71,0.0,10.0,987.2
2023-01-28,Punjab,Jalandhar,1.0,PM2.5,75.0,Satisfactory,"number_of_monitoring_stations in Absolute Number, aqi_value in Indices",,0.0,11.2,19.5,3.9,78,0.0,11.6,986.1
2023-01-28,Punjab,Ludhiana,1.0,PM2.5,196.0,Moderate,"number_of_monitoring_stations in Absolute Number, aqi_value in Indices",,0.0,11.6,19.3,6.0,77,0.0,11.2,985.0
2023-01-28,Punjab,Patiala,1.0,PM10,98.0,Satisfactory,"number_of_monitoring_stations in Absolute Number, aqi_value in Indices",,0.0,11.9,19.2,6.6,74,0.0,13.0,984.4
2023-01-28,Punjab,Rupnagar,1.0,PM10,131.0,Moderate,"number_of_monitoring_stations in Absolute Number, aqi_value in Indices",,0.0,12.0,19.4,6.3,87,0.0,11.7,983.2
2023-01-29,Punjab,Amritsar,1.0,PM2.5,193.0,Moderate,"number_of_monitoring_stations in Absolute Number, aqi_value in Indices",,0.0,11.8,17.8,5.6,82,4.7,17.4,985.8
2023-01-29,Punjab,Bathinda,1.0,PM2.5,102.0,Moderate,"number_of_monitoring_stations in Absolute Number, aqi_value in Indices",,0.0,12.4,19.0,5.5,73,0.4,24.5,988.4
2023-01-29,Punjab,Jalandhar,1.0,PM2.5,93.0,Satisfactory,"number_of_monitoring_stations in Absolute Number, aqi_value in Indices",,0.0,11.4,17.7,5.7,88,3.4,16.3,985.0
2023-01-29,Punjab,Ludhiana,1.0,PM2.5,289.0,Poor,"number_of_monitoring_stations in Absolute Number, aqi_value in Indices",,0.0,11.2,17.8,5.1,88,1.4,16.9,983.9
2023-01-29,Punjab,Patiala,1.0,PM10,136.0,Moderate,"number_of_monitoring_stations in Absolute Number, aqi_value in Indices",,0.0,11.5,17.3,5.7,87,2.1,19.1,983.6
2023-01-29,Punjab,Rupnagar,1.0,PM10,158.0,Moderate,"number_of_monitoring_stations in Absolute Number, aqi_value in Indices",,0.0,11.8,17.9,6.3,87,0.5,19.1,982.6
2023-01-30,Punjab,Amritsar,1.0,PM2.5,106.0,Moderate,"number_of_monitoring_stations in Absolute Number, aqi_value in Indices",,0.0,13.0,17.6,10.3,86,7.9,20.0,990.6
2023-01-30,Punjab,Jalandhar,1.0,PM2.5,47.0,Good,"number_of_monitoring_stations in Absolute Number, aqi_value in Indices",,0.0,13.4,17.8,10.6,83,7.1,19.1,989.8
2023-01-30,Punjab,Ludhiana,1.0,PM2.5,148.0,Moderate,"number_of_monitoring_stations in Absolute Number, aqi_value in Indices",,0.0,13.5,17.8,10.1,84,14.9,17.3,988.5
2023-01-30,Punjab,Patiala,1.0,PM10,66.0,Satisfactory,"number_of_monitoring_stations in Absolute Number, aqi_value in Indices",,0.0,14.2,18.5,11.4,81,5.0,16.3,987.8
2023-01-30,Punjab,Rupnagar,1.0,PM10,90.0,Satisfactory,"number_of_monitoring_stations in Absolute Number, aqi_value in Indices",,0.0,13.7,18.2,9.6,84,8.6,16.3,986.8
2023-01-31,Punjab,Amritsar,1.0,PM2.5,77.0,Satisfactory,"number_of_monitoring_stations in Absolute Number, aqi_value in Indices",,0.0,12.1,18.5,7.3,82,0.0,12.9,992.4
2023-01-31,Punjab,Jalandhar,1.0,PM10,60.0,Satisfactory,"number_of_monitoring_stations in Absolute Number, aqi_value in Indices",,0.0,12.3,18.6,7.8,85,0.0,14.5,990.9
2023-01-31,Punjab,Ludhiana,1.0,PM2.5,69.0,Satisfactory,"number_of_monitoring_stations in Absolute Number, aqi_value in Indices",,0.0,12.8,18.4,9.3,85,0.0,15.3,989.7
2023-01-31,Punjab,Patiala,1.0,PM10,70.0,Satisfactory,"number_of_monitoring_stations in Absolute Number, aqi_value in Indices",,0.0,13.6,18.8,10.1,85,0.0,18.1,988.7
2023-01-31,Punjab,Rupnagar,1.0,PM10,115.0,Moderate,"number_of_monitoring_stations in Absolute Number, aqi_value in Indices",,0.0,13.1,19.5,8.1,84,0.0,18.0,987.4
2023-02-01,Punjab,Amritsar,1.0,PM2.5,143.0,Moderate,"number_of_monitoring_stations in Absolute Number, aqi_value in Indices",,0.0,11.6,18.7,6.6,78,0.0,11.5,990.5
2023-02-01,Punjab,Jalandhar,1.0,PM10,98.0,Satisfactory,"number_of_monitoring_stations in Absolute Number, aqi_value in Indices",,0.0,11.0,18.5,5.1,83,0.0,11.7,989.3
2023-02-01,Punjab,Ludhiana,1.0,PM2.5,113.0,Moderate,"number_of_monitoring_stations in Absolute Number, aqi_value in Indices",,0.0,11.9,18.5,6.9,83,0.0,12.8,988.3
2023-02-01,Punjab,Patiala,1.0,PM10,75.0,Satisfactory,"number_of_monitoring_stations in Absolute Number, aqi_value in Indices",,0.0,13.1,19.2,8.3,80,0.0,16.3,987.3
2023-02-01,Punjab,Rupnagar,1.0,PM10,79.0,Satisfactory,"number_of_monitoring_stations in Absolute Number, aqi_value in Indices",,0.0,13.2,19.7,8.5,83,0.0,16.6,986.0
2023-02-02,Punjab,Amritsar,1.0,PM2.5,107.0,Moderate,"number_of_monitoring_stations in Absolute Number, aqi_value in Indices",,0.0,12.3,19.2,7.5,73,0.0,10.8,989.1
2023-02-02,Punjab,Jalandhar,1.0,PM10,90.0,Satisfactory,"number_of_monitoring_stations in Absolute Number, aqi_value in Indices",,0.0,11.5,19.0,4.7,81,0.0,10.7,987.8
2023-02-02,Punjab,Ludhiana,1.0,PM2.5,128.0,Moderate,"number_of_monitoring_stations in Absolute Number, aqi_value in Indices",,0.0,12.4,19.5,7.1,79,0.0,13.2,986.8
2023-02-02,Punjab,Patiala,1.0,PM10,91.0,Satisfactory,"number_of_monitoring_stations in Absolute Number, aqi_value in Indices",,0.0,13.9,20.4,9.4,73,0.0,16.3,985.9
2023-02-02,Punjab,Rupnagar,1.0,PM10,105.0,Moderate,"number_of_monitoring_stations in Absolute Number, aqi_value in Indices",,0.0,13.2,20.6,7.9,81,0.0,15.6,984.7
2023-02-03,Punjab,Amritsar,1.0,PM2.5,185.0,Moderate,"number_of_monitoring_stations in Absolute Number, aqi_value in Indices",,0.0,13.2,20.6,7.1,78,0.0,9.8,988.4
2023-02-03,Punjab,Bathinda,1.0,PM10,107.0,Moderate,"number_of_monitoring_stations in Absolute Number, aqi_value in Indices",,0.0,16.1,24.6,9.4,56,0.0,12.6,991.9
2023-02-03,Punjab,Jalandhar,1.0,PM2.5,160.0,Moderate,"number_of_monitoring_stations in Absolute Number, aqi_value in Indices",,0.0,13.1,20.8,6.3,79,0.0,9.9,987.3
2023-02-03,Punjab,Ludhiana,1.0,PM2.5,215.0,Poor,"number_of_monitoring_stations in Absolute Number, aqi_value in Indices",,0.0,12.9,20.9,7.0,79,0.0,11.0,986.3
2023-02-03,Punjab,Patiala,1.0,PM10,104.0,Moderate,"number_of_monitoring_stations in Absolute Number, aqi_value in Indices",,0.0,14.0,21.2,8.6,75,0.0,11.3,985.7
2023-02-03,Punjab,Rupnagar,1.0,PM10,135.0,Moderate,"number_of_monitoring_stations in Absolute Number, aqi_value in Indices",,0.0,13.3,21.0,8.2,82,0.0,11.4,984.5
2023-02-04,Punjab,Amritsar,1.0,PM2.5,93.0,Satisfactory,"number_of_monitoring_stations in Absolute Number, aqi_value in Indices",,0.0,13.7,21.6,7.4,78,0.0,10.4,986.4
2023-02-04,Punjab,Bathinda,1.0,PM10,111.0,Moderate,"number_of_monitoring_stations in Absolute Number, aqi_value in Indices",,0.0,16.6,25.2,9.5,59,0.0,13.8,989.8
2023-02-04,Punjab,Jalandhar,1.0,PM2.5,155.0,Moderate,"number_of_monitoring_stations in Absolute Number, aqi_value in Indices",,0.0,13.8,21.3,7.4,83,0.0,11.2,985.3
2023-02-04,Punjab,Ludhiana,1.0,PM2.5,207.0,Poor,"number_of_monitoring_stations in Absolute Number, aqi_value in Indices",,0.0,14.0,21.4,7.7,80,0.0,12.6,984.2
2023-02-04,Punjab,Patiala,1.0,PM10,107.0,Moderate,"number_of_monitoring_stations in Absolute Number, aqi_value in Indices",,0.0,15.1,21.9,9.9,74,0.0,16.3,983.5
2023-02-04,Punjab,Rupnagar,1.0,PM10,136.0,Moderate,"number_of_monitoring_stations in Absolute Number, aqi_value in Indices",,0.0,13.9,21.4,7.6,83,0.0,13.4,982.3
2023-02-05,Punjab,Amritsar,1.0,PM2.5,89.0,Satisfactory,"number_of_monitoring_stations in Absolute Number, aqi_value in Indices",,0.0,14.4,21.5,7.9,74,0.0,9.7,984.8
2023-02-05,Punjab,Bathinda,1.0,PM10,111.0,Moderate,"number_of_monitoring_stations in Absolute Number, aqi_value in Indices",,0.0,16.8,25.7,9.2,57,0.0,11.3,987.9
2023-02-05,Punjab,Jalandhar,1.0,PM10,97.0,Satisfactory,"number_of_monitoring_stations in Absolute Number, aqi_value in Indices",,0.0,13.8,21.6,7.1,78,0.0,8.8,983.7
2023-02-05,Punjab,Ludhiana,1.0,PM2.5,164.0,Moderate,"number_of_monitoring_stations in Absolute Number, aqi_value in Indices",,0.0,13.9,21.6,8.3,78,0.0,10.2,982.6
2023-02-05,Punjab,Patiala,1.0,PM10,113.0,Moderate,"number_of_monitoring_stations in Absolute Number, aqi_value in Indices",,0.0,15.0,22.4,10.0,75,0.0,12.5,982.1
2023-02-05,Punjab,Rupnagar,1.0,PM10,119.0,Moderate,"number_of_monitoring_stations in Absolute Number, aqi_value in Indices",,0.0,14.6,22.0,9.0,81,0.0,11.8,981.0
2023-02-06,Punjab,Amritsar,1.0,PM2.5,100.0,Satisfactory,"number_of_monitoring_stations in Absolute Number, aqi_value in Indices",,0.0,15.5,21.1,10.3,77,3.1,16.1,985.1
2023-02-06,Punjab,Bathinda,1.0,PM10,124.0,Moderate,"number_of_monitoring_stations in Absolute Number, aqi_value in Indices",,0.0,18.4,25.3,13.3,53,0.0,15.0,987.3
2023-02-06,Punjab,Jalandhar,1.0,PM2.5,74.0,Satisfactory,"number_of_monitoring_stations in Absolute Number, aqi_value in Indices",,0.0,15.0,21.7,8.5,75,2.2,17.1,983.8
2023-02-06,Punjab,Ludhiana,1.0,PM2.5,206.0,Poor,"number_of_monitoring_stations in Absolute Number, aqi_value in Indices",,0.0,14.7,22.2,9.4,79,0.4,16.2,982.5
2023-02-06,Punjab,Patiala,1.0,PM10,117.0,Moderate,"number_of_monitoring_stations in Absolute Number, aqi_value in Indices",,0.0,16.0,23.2,9.3,74,0.0,9.7,981.8
2023-02-06,Punjab,Rupnagar,1.0,PM10,138.0,Moderate,"number_of_monitoring_stations in Absolute Number, aqi_value in Indices",,0.0,14.6,23.6,7.1,69,0.2,17.8,981.0
2023-02-07,Punjab,Amritsar,1.0,O3,55.0,Satisfactory,"number_of_monitoring_stations in Absolute Number, aqi_value in Indices",,0.0,14.9,21.3,10.4,62,0.0,14.5,985.2
2023-02-07,Punjab,Bathinda,1.0,PM10,95.0,Satisfactory,"number_of_monitoring_stations in Absolute Number, aqi_value in Indices",,0.0,17.2,23.8,11.5,53,0.0,16.5,988.5
2023-02-07,Punjab,Jalandhar,1.0,PM10,60.0,Satisfactory,"number_of_monitoring_stations in Absolute Number, aqi_value in Indices",,0.0,13.7,21.4,8.8,70,0.0,14.6,983.8
2023-02-07,Punjab,Ludhiana,1.0,PM10,68.0,Satisfactory,"number_of_monitoring_stations in Absolute Number, aqi_value in Indices",,0.0,13.8,21.5,9.3,72,0.0,13.7,982.6
2023-02-07,Punjab,Patiala,1.0,PM10,115.0,Moderate,"number_of_monitoring_stations in Absolute Number, aqi_value in Indices",,0.0,15.3,22.6,10.3,69,0.0,16.8,981.7
2023-02-07,Punjab,Rupnagar,1.0,PM10,156.0,Moderate,"number_of_monitoring_stations in Absolute Number, aqi_value in Indices",,0.0,14.0,22.3,7.9,74,0.0,15.8,980.5
2023-02-08,Punjab,Amritsar,1.0,PM2.5,164.0,Moderate,"number_of_monitoring_stations in Absolute Number, aqi_value in Indices",,0.0,13.6,21.2,7.6,71,0.0,9.5,986.4
2023-02-08,Punjab,Bathinda,1.0,PM10,84.0,Satisfactory,"number_of_monitoring_stations in Absolute Number, aqi_value in Indices",,0.0,17.7,25.9,9.5,45,0.0,10.5,989.6
2023-02-08,Punjab,Jalandhar,1.0,PM10,119.0,Moderate,"number_of_monitoring_stations in Absolute Number, aqi_value in Indices",,0.0,14.1,21.0,7.4,69,0.0,8.9,985.4
2023-02-08,Punjab,Ludhiana,1.0,PM2.5,93.0,Satisfactory,"number_of_monitoring_stations in Absolute Number, aqi_value in Indices",,0.0,14.0,21.6,7.1,68,0.0,11.9,984.3
2023-02-08,Punjab,Patiala,1.0,PM10,89.0,Satisfactory,"number_of_monitoring_stations in Absolute Number, aqi_value in Indices",,0.0,14.8,22.2,8.9,63,0.0,16.3,983.6
2023-02-08,Punjab,Rupnagar,1.0,PM10,123.0,Moderate,"number_of_monitoring_stations in Absolute Number, aqi_value in Indices",,0.0,13.2,21.3,7.4,76,0.0,16.5,982.4
2023-02-09,Punjab,Amritsar,1.0,PM2.5,164.0,Moderate,"number_of_monitoring_stations in Absolute Number, aqi_value in Indices",,0.0,13.8,19.6,7.2,76,1.1,22.0,983.8
2023-02-09,Punjab,Bathinda,1.0,PM10,125.0,Moderate,"number_of_monitoring_stations in Absolute Number, aqi_value in Indices",,0.0,18.8,26.9,11.5,47,0.0,18.7,986.7
2023-02-09,Punjab,Jalandhar,1.0,PM10,115.0,Moderate,"number_of_monitoring_stations in Absolute Number, aqi_value in Indices",,0.0,14.6,20.3,7.2,72,0.0,14.6,983.0
2023-02-09,Punjab,Ludhiana,1.0,PM2.5,182.0,Moderate,"number_of_monitoring_stations in Absolute Number, aqi_value in Indices",,0.0,15.5,21.7,7.7,70,0.0,15.7,982.0
2023-02-09,Punjab,Patiala,1.0,PM10,108.0,Moderate,"number_of_monitoring_stations in Absolute Number, aqi_value in Indices",,0.0,16.7,24.1,9.2,59,0.0,18.7,981.6
2023-02-09,Punjab,Rupnagar,1.0,PM10,140.0,Moderate,"number_of_monitoring_stations in Absolute Number, aqi_value in Indices",,0.0,13.9,22.0,6.9,78,0.0,11.0,980.5
2023-02-10,Punjab,Amritsar,1.0,PM2.5,163.0,Moderate,"number_of_monitoring_stations in Absolute Number, aqi_value in Indices",,0.0,16.8,23.4,12.4,66,0.0,19.7,983.9
2023-02-10,Punjab,Bathinda,1.0,PM10,117.0,Moderate,"number_of_monitoring_stations in Absolute Number, aqi_value in Indices",,0.0,18.7,25.9,12.7,61,0.0,15.7,986.2
2023-02-10,Punjab,Jalandhar,1.0,PM10,90.0,Satisfactory,"number_of_monitoring_stations in Absolute Number, aqi_value in Indices",,0.0,17.7,24.1,12.5,64,2.2,22.3,983.0
2023-02-10,Punjab,Ludhiana,1.0,PM2.5,195.0,Moderate,"number_of_monitoring_stations in Absolute Number, aqi_value in Indices",,0.0,18.2,23.8,14.3,65,1.3,23.7,981.9
2023-02-10,Punjab,Patiala,1.0,PM10,119.0,Moderate,"number_of_monitoring_stations in Absolute Number, aqi_value in Indices",,0.0,18.5,24.3,14.6,63,0.8,22.6,981.5
2023-02-11,Punjab,Amritsar,1.0,PM2.5,138.0,Moderate,"number_of_monitoring_stations in Absolute Number, aqi_value in Indices",,0.0,13.3,20.7,7.5,70,0.0,9.8,987.1
2023-02-11,Punjab,Bathinda,1.0,PM10,116.0,Moderate,"number_of_monitoring_stations in Absolute Number, aqi_value in Indices",,0.0,17.2,25.8,11.4,57,0.0,21.3,990.1
2023-02-11,Punjab,Jalandhar,1.0,PM10,118.0,Moderate,"number_of_monitoring_stations in Absolute Number, aqi_value in Indices",,0.0,14.8,21.9,10.2,69,0.0,11.6,985.9
2023-02-11,Punjab,Ludhiana,1.0,PM2.5,194.0,Moderate,"number_of_monitoring_stations in Absolute Number, aqi_value in Indices",,0.0,15.2,22.3,10.5,73,0.0,11.3,984.8
2023-02-11,Punjab,Patiala,1.0,PM10,133.0,Moderate,"number_of_monitoring_stations in Absolute Number, aqi_value in Indices",,0.0,17.3,24.8,12.1,62,0.0,15.8,984.1
2023-02-11,Punjab,Rupnagar,1.0,PM10,225.0,Poor,"number_of_monitoring_stations in Absolute Number, aqi_value in Indices",,0.0,15.3,22.7,8.8,74,0.6,16.1,983.1
2023-02-12,Punjab,Bathinda,1.0,PM10,102.0,Moderate,"number_of_monitoring_stations in Absolute Number, aqi_value in Indices",,0.0,14.8,22.3,8.3,36,0.0,19.0,994.5
2023-02-12,Punjab,Jalandhar,1.0,PM10,83.0,Satisfactory,"number_of_monitoring_stations in Absolute Number, aqi_value in Indices",,0.0,12.6,19.5,6.5,54,0.0,17.1,989.9
2023-02-12,Punjab,Ludhiana,1.0,PM10,65.0,Satisfactory,"number_of_monitoring_stations in Absolute Number, aqi_value in Indices",,0.0,13.2,19.6,6.8,52,0.0,17.6,988.8
2023-02-12,Punjab,Patiala,1.0,PM10,98.0,Satisfactory,"number_of_monitoring_stations in Absolute Number, aqi_value in Indices",,0.0,14.0,20.4,9.0,51,0.0,22.2,987.8
2023-02-12,Punjab,Rupnagar,1.0,PM10,170.0,Moderate,"number_of_monitoring_stations in Absolute Number, aqi_value in Indices",,0.0,11.8,19.3,5.6,64,0.0,19.4,986.7
2023-02-13,Punjab,Bathinda,1.0,PM10,76.0,Satisfactory,"number_of_monitoring_stations in Absolute Number, aqi_value in Indices",,0.0,14.8,23.0,8.2,28,0.0,17.1,992.8
2023-02-13,Punjab,Jalandhar,1.0,PM10,73.0,Satisfactory,"number_of_monitoring_stations in Absolute Number, aqi_value in Indices",,0.0,10.8,19.0,4.1,54,0.0,12.5,988.1
2023-02-13,Punjab,Ludhiana,1.0,PM2.5,72.0,Satisfactory,"number_of_monitoring_stations in Absolute Number, aqi_value in Indices",,0.0,11.5,18.9,5.9,49,0.0,14.8,987.0
2023-02-13,Punjab,Patiala,1.0,PM10,65.0,Satisfactory,"number_of_monitoring_stations in Absolute Number, aqi_value in Indices",,0.0,12.9,18.8,7.5,43,0.0,21.2,985.9
2023-02-13,Punjab,Rupnagar,1.0,PM10,141.0,Moderate,"number_of_monitoring_stations in Absolute Number, aqi_value in Indices",,0.0,11.6,18.5,6.3,60,0.0,21.7,984.5
2023-02-14,Punjab,Amritsar,1.0,PM2.5,145.0,Moderate,"number_of_monitoring_stations in Absolute Number, aqi_value in Indices",,0.0,14.3,21.7,7.5,58,0.0,10.0,988.6
2023-02-14,Punjab,Bathinda,1.0,PM10,92.0,Satisfactory,"number_of_monitoring_stations in Absolute Number, aqi_value in Indices",,0.0,16.2,25.4,8.8,48,0.0,9.8,991.7
2023-02-14,Punjab,Jalandhar,1.0,PM10,117.0,Moderate,"number_of_monitoring_stations in Absolute Number, aqi_value in Indices",,0.0,13.7,21.7,6.1,64,0.0,9.7,987.5
2023-02-14,Punjab,Ludhiana,1.0,PM2.5,91.0,Satisfactory,"number_of_monitoring_stations in Absolute Number, aqi_value in Indices",,0.0,13.8,22.0,8.2,59,0.0,10.8,986.4
2023-02-14,Punjab,Patiala,1.0,PM10,104.0,Moderate,"number_of_monitoring_stations in Absolute Number, aqi_value in Indices",,0.0,15.6,22.7,10.0,48,0.0,15.2,985.6
2023-02-14,Punjab,Rupnagar,1.0,PM10,151.0,Moderate,"number_of_monitoring_stations in Absolute Number, aqi_value in Indices",,0.0,14.0,21.8,8.9,67,0.0,13.6,984.4
2023-02-15,Punjab,Amritsar,1.0,PM2.5,205.0,Poor,"number_of_monitoring_stations in Absolute Number, aqi_value in Indices",,0.0,16.4,25.2,9.5,63,0.0,12.1,986.2
2023-02-15,Punjab,Bathinda,1.0,PM10,114.0,Moderate,"number_of_monitoring_stations in Absolute Number, aqi_value in Indices",,0.0,18.5,27.6,11.0,53,0.0,13.2,989.5
2023-02-15,Punjab,Jalandhar,1.0,PM10,129.0,Moderate,"number_of_monitoring_stations in Absolute Number, aqi_value in Indices",,0.0,16.0,24.7,8.1,66,0.0,12.4,985.1
2023-02-15,Punjab,Ludhiana,1.0,PM2.5,167.0,Moderate,"number_of_monitoring_stations in Absolute Number, aqi_value in Indices",,0.0,16.1,24.6,9.5,66,0.0,14.1,984.0
2023-02-15,Punjab,Patiala,1.0,PM10,115.0,Moderate,"number_of_monitoring_stations in Absolute Number, aqi_value in Indices",,0.0,17.9,25.1,12.8,55,0.0,18.5,983.1
2023-02-15,Punjab,Rupnagar,1.0,PM10,166.0,Moderate,"number_of_monitoring_stations in Absolute Number, aqi_value in Indices",,0.0,16.0,24.2,10.4,73,0.0,20.3,981.7
2023-02-16,Punjab,Amritsar,1.0,PM2.5,211.0,Poor,"number_of_monitoring_stations in Absolute Number, aqi_value in Indices",,0.0,18.1,26.7,9.8,69,0.0,12.0,987.2
2023-02-16,Punjab,Bathinda,1.0,PM10,139.0,Moderate,"number_of_monitoring_stations in Absolute Number, aqi_value in Indices",,0.0,19.1,28.6,11.8,63,0.0,10.5,990.3
2023-02-16,Punjab,Jalandhar,1.0,PM2.5,160.0,Moderate,"number_of_monitoring_stations in Absolute Number, aqi_value in Indices",,0.0,18.4,26.5,10.7,66,0.0,7.4,986.3
2023-02-16,Punjab,Ludhiana,1.0,PM2.5,282.0,Poor,"number_of_monitoring_stations in Absolute Number, aqi_value in Indices",,0.0,17.8,26.5,10.9,67,0.0,10.8,985.2
2023-02-16,Punjab,Patiala,1.0,PM10,135.0,Moderate,"number_of_monitoring_stations in Absolute Number, aqi_value in Indices",,0.0,17.7,26.7,10.6,73,0.0,10.2,984.7
2023-02-16,Punjab,Rupnagar,1.0,PM10,197.0,Moderate,"number_of_monitoring_stations in Absolute Number, aqi_value in Indices",,0.0,16.8,24.7,8.6,79,0.0,9.1,983.8
2023-02-17,Punjab,Amritsar,1.0,PM2.5,261.0,Poor,"number_of_monitoring_stations in Absolute Number, aqi_value in Indices",,0.0,17.5,25.8,10.7,80,0.0,9.2,988.9
2023-02-17,Punjab,Bathinda,1.0,PM10,191.0,Moderate,"number_of_monitoring_stations in Absolute Number, aqi_value in Indices",,0.0,19.1,28.0,12.7,71,0.0,10.4,991.9
2023-02-17,Punjab,Jalandhar,1.0,PM2.5,183.0,Moderate,"number_of_monitoring_stations in Absolute Number, aqi_value in Indices",,0.0,17.7,25.6,10.9,79,0.0,10.4,988.0
2023-02-17,Punjab,Ludhiana,1.0,PM2.5,274.0,Poor,"number_of_monitoring_stations in Absolute Number, aqi_value in Indices",,0.0,17.2,26.0,10.5,80,0.0,9.9,986.8
2023-02-17,Punjab,Patiala,1.0,PM2.5,182.0,Moderate,"number_of_monitoring_stations in Absolute Number, aqi_value in Indices",,0.0,18.7,26.8,12.3,76,0.0,9.4,986.3
2023-02-17,Punjab,Rupnagar,1.0,PM10,231.0,Poor,"number_of_monitoring_stations in Absolute Number, aqi_value in Indices",,0.0,16.9,25.1,9.8,82,0.0,9.1,985.3
2023-02-18,Punjab,Amritsar,1.0,PM2.5,184.0,Moderate,"number_of_monitoring_stations in Absolute Number, aqi_value in Indices",,0.0,17.4,26.2,10.1,83,0.0,8.9,987.6
2023-02-18,Punjab,Bathinda,1.0,PM10,127.0,Moderate,"number_of_monitoring_stations in Absolute Number, aqi_value in Indices",,0.0,20.4,28.3,11.9,68,0.0,7.7,990.9
2023-02-18,Punjab,Jalandhar,1.0,PM2.5,112.0,Moderate,"number_of_monitoring_stations in Absolute Number, aqi_value in Indices",,0.0,17.3,25.3,10.7,84,0.0,8.2,986.7
2023-02-18,Punjab,Ludhiana,1.0,PM2.5,199.0,Moderate,"number_of_monitoring_stations in Absolute Number, aqi_value in Indices",,0.0,17.6,26.1,12.0,80,0.0,10.1,985.6
2023-02-18,Punjab,Patiala,1.0,PM10,115.0,Moderate,"number_of_monitoring_stations in Absolute Number, aqi_value in Indices",,0.0,18.5,26.4,12.3,77,0.0,9.1,985.1
2023-02-18,Punjab,Rupnagar,1.0,PM10,160.0,Moderate,"number_of_monitoring_stations in Absolute Number, aqi_value in Indices",,0.0,17.4,24.9,10.8,85,0.0,9.7,984.1
2023-02-19,Punjab,Amritsar,1.0,PM2.5,132.0,Moderate,"number_of_monitoring_stations in Absolute Number, aqi_value in Indices",,0.0,18.7,26.0,12.8,80,0.0,8.2,986.5
2023-02-19,Punjab,Bathinda,1.0,PM10,125.0,Moderate,"number_of_monitoring_stations in Absolute Number, aqi_value in Indices",,0.0,20.3,29.1,13.2,67,0.0,11.7,989.3
2023-02-19,Punjab,Jalandhar,1.0,PM10,94.0,Satisfactory,"number_of_monitoring_stations in Absolute Number, aqi_value in Indices",,0.0,18.3,25.7,12.5,80,0.0,9.3,985.6
2023-02-19,Punjab,Ludhiana,1.0,PM2.5,261.0,Poor,"number_of_monitoring_stations in Absolute Number, aqi_value in Indices",,0.0,18.4,26.5,12.1,79,0.0,8.5,984.6
2023-02-19,Punjab,Patiala,1.0,PM10,101.0,Moderate,"number_of_monitoring_stations in Absolute Number, aqi_value in Indices",,0.0,18.8,27.4,12.1,77,0.0,8.7,984.1
2023-02-19,Punjab,Rupnagar,1.0,PM10,157.0,Moderate,"number_of_monitoring_stations in Absolute Number, aqi_value in Indices",,0.0,18.1,25.2,10.7,80,0.0,7.1,983.2
2023-02-20,Punjab,Amritsar,1.0,PM2.5,178.0,Moderate,"number_of_monitoring_stations in Absolute Number, aqi_value in Indices",,0.0,20.1,27.3,15.2,79,0.0,17.7,983.5
2023-02-20,Punjab,Bathinda,1.0,PM10,128.0,Moderate,"number_of_monitoring_stations in Absolute Number, aqi_value in Indices",,0.0,21.3,29.2,16.0,63,0.0,14.5,986.1
2023-02-20,Punjab,Jalandhar,1.0,PM10,150.0,Moderate,"number_of_monitoring_stations in Absolute Number, aqi_value in Indices",,0.0,20.3,27.6,14.9,80,0.0,11.8,982.6
2023-02-20,Punjab,Ludhiana,1.0,PM2.5,317.0,Very Poor,"number_of_monitoring_stations in Absolute Number, aqi_value in Indices",,0.0,21.0,28.8,14.8,73,0.0,14.6,981.5
2023-02-20,Punjab,Patiala,1.0,PM2.5,160.0,Moderate,"number_of_monitoring_stations in Absolute Number, aqi_value in Indices",,0.0,21.6,29.4,15.9,69,0.0,14.7,981.3
2023-02-20,Punjab,Rupnagar,1.0,PM10,196.0,Moderate,"number_of_monitoring_stations in Absolute Number, aqi_value in Indices",,0.0,19.3,27.7,11.0,75,0.0,13.3,980.3
2023-02-21,Punjab,Amritsar,1.0,PM2.5,180.0,Moderate,"number_of_monitoring_stations in Absolute Number, aqi_value in Indices",,0.0,18.7,25.8,13.8,69,0.0,15.5,984.7
2023-02-21,Punjab,Bathinda,1.0,PM10,118.0,Moderate,"number_of_monitoring_stations in Absolute Number, aqi_value in Indices",,0.0,21.1,29.1,16.2,61,0.0,15.3,987.1
2023-02-21,Punjab,Jalandhar,1.0,PM2.5,173.0,Moderate,"number_of_monitoring_stations in Absolute Number, aqi_value in Indices",,0.0,19.6,26.6,13.7,68,0.0,19.1,983.5
2023-02-21,Punjab,Ludhiana,1.0,PM2.5,275.0,Poor,"number_of_monitoring_stations in Absolute Number, aqi_value in Indices",,0.0,19.9,27.1,13.9,70,0.0,13.4,982.3
2023-02-21,Punjab,Patiala,1.0,PM10,135.0,Moderate,"number_of_monitoring_stations in Absolute Number, aqi_value in Indices",,0.0,21.2,28.9,15.6,61,0.0,17.1,981.5
2023-02-21,Punjab,Rupnagar,1.0,PM10,199.0,Moderate,"number_of_monitoring_stations in Absolute Number, aqi_value in Indices",,0.0,19.2,27.1,13.3,58,0.0,29.4,980.9
2023-02-22,Punjab,Amritsar,1.0,PM2.5,106.0,Moderate,"number_of_monitoring_stations in Absolute Number, aqi_value in Indices",,0.0,18.1,25.0,10.3,68,0.0,10.5,986.2
2023-02-22,Punjab,Bathinda,1.0,PM10,122.0,Moderate,"number_of_monitoring_stations in Absolute Number, aqi_value in Indices",,0.0,19.7,27.5,13.2,60,0.0,9.7,989.0
2023-02-22,Punjab,Jalandhar,1.0,PM10,78.0,Satisfactory,"number_of_monitoring_stations in Absolute Number, aqi_value in Indices",,0.0,17.9,25.7,11.9,68,0.0,12.0,984.9
2023-02-22,Punjab,Ludhiana,1.0,PM2.5,113.0,Moderate,"number_of_monitoring_stations in Absolute Number, aqi_value in Indices",,0.0,17.8,26.4,11.1,69,0.0,11.4,983.8
2023-02-22,Punjab,Patiala,1.0,PM10,97.0,Satisfactory,"number_of_monitoring_stations in Absolute Number, aqi_value in Indices",,0.0,19.3,27.3,12.7,66,0.0,14.6,983.2
2023-02-22,Punjab,Rupnagar,1.0,PM10,152.0,Moderate,"number_of_monitoring_stations in Absolute Number, aqi_value in Indices",,0.0,17.2,25.5,10.4,67,0.0,12.5,982.1
2023-02-23,Punjab,Amritsar,1.0,PM2.5,86.0,Satisfactory,"number_of_monitoring_stations in Absolute Number, aqi_value in Indices",,0.0,17.4,26.3,10.7,62,0.0,15.0,986.0
2023-02-23,Punjab,Bathinda,1.0,PM10,147.0,Moderate,"number_of_monitoring_stations in Absolute Number, aqi_value in Indices",,0.0,19.8,28.2,13.3,52,0.0,15.0,989.3
2023-02-23,Punjab,Jalandhar,1.0,PM10,111.0,Moderate,"number_of_monitoring_stations in Absolute Number, aqi_value in Indices",,0.0,18.1,26.3,10.9,64,0.0,13.7,984.8
2023-02-23,Punjab,Ludhiana,1.0,PM2.5,127.0,Moderate,"number_of_monitoring_stations in Absolute Number, aqi_value in Indices",,0.0,17.6,26.2,11.2,67,0.0,14.6,983.7
2023-02-23,Punjab,Patiala,1.0,PM10,84.0,Satisfactory,"number_of_monitoring_stations in Absolute Number, aqi_value in Indices",,0.0,19.0,27.0,13.6,60,0.0,19.6,983.0
2023-02-23,Punjab,Rupnagar,1.0,PM10,166.0,Moderate,"number_of_monitoring_stations in Absolute Number, aqi_value in Indices",,0.0,16.1,25.2,9.0,71,0.0,17.4,981.6
2023-02-24,Punjab,Amritsar,1.0,PM2.5,139.0,Moderate,"number_of_monitoring_stations in Absolute Number, aqi_value in Indices",,0.0,17.2,26.5,9.5,54,0.0,12.9,987.3
2023-02-24,Punjab,Bathinda,1.0,CO,38.0,Good,"number_of_monitoring_stations in Absolute Number, aqi_value in Indices",,0.0,21.0,29.6,12.2,47,0.0,11.4,990.6
2023-02-24,Punjab,Jalandhar,1.0,PM2.5,160.0,Moderate,"number_of_monitoring_stations in Absolute Number, aqi_value in Indices",,0.0,17.9,26.3,9.0,60,0.0,12.9,986.3
2023-02-24,Punjab,Ludhiana,1.0,PM10,128.0,Moderate,"number_of_monitoring_stations in Absolute Number, aqi_value in Indices",,0.0,17.6,26.7,9.5,62,0.0,11.8,985.2
2023-02-24,Punjab,Patiala,1.0,PM10,105.0,Moderate,"number_of_monitoring_stations in Absolute Number, aqi_value in Indices",,0.0,18.9,28.1,10.9,55,0.0,16.5,984.5
2023-02-24,Punjab,Rupnagar,1.0,PM10,105.0,Moderate,"number_of_monitoring_stations in Absolute Number, aqi_value in Indices",,0.0,16.5,26.2,8.6,67,0.0,16.4,983.4
2023-02-25,Punjab,Amritsar,1.0,PM2.5,182.0,Moderate,"number_of_monitoring_stations in Absolute Number, aqi_value in Indices",,0.0,18.8,26.8,10.8,64,0.0,8.7,988.8
2023-02-25,Punjab,Jalandhar,1.0,PM2.5,145.0,Moderate,"number_of_monitoring_stations in Absolute Number, aqi_value in Indices",,0.0,18.5,26.9,10.6,67,0.0,10.3,987.8
2023-02-25,Punjab,Ludhiana,1.0,PM2.5,168.0,Moderate,"number_of_monitoring_stations in Absolute Number, aqi_value in Indices",,0.0,18.9,27.1,11.3,65,0.0,9.4,986.8
2023-02-25,Punjab,Patiala,1.0,PM10,119.0,Moderate,"number_of_monitoring_stations in Absolute Number, aqi_value in Indices",,0.0,18.7,27.7,11.0,62,0.0,11.0,986.2
2023-02-25,Punjab,Rupnagar,1.0,PM10,109.0,Moderate,"number_of_monitoring_stations in Absolute Number, aqi_value in Indices",,0.0,17.4,26.2,10.2,69,0.0,12.9,985.1
2023-02-26,Punjab,Amritsar,1.0,PM2.5,185.0,Moderate,"number_of_monitoring_stations in Absolute Number, aqi_value in Indices",,0.0,17.9,25.5,11.8,75,3.1,9.9,991.1
2023-02-26,Punjab,Bathinda,1.0,PM10,151.0,Moderate,"number_of_monitoring_stations in Absolute Number, aqi_value in Indices",,0.0,22.2,29.9,15.2,47,0.0,10.9,993.7
2023-02-26,Punjab,Jalandhar,1.0,PM2.5,152.0,Moderate,"number_of_monitoring_stations in Absolute Number, aqi_value in Indices",,0.0,18.2,26.2,11.5,72,0.2,16.1,989.9
2023-02-26,Punjab,Ludhiana,1.0,PM2.5,230.0,Poor,"number_of_monitoring_stations in Absolute Number, aqi_value in Indices",,0.0,18.1,26.7,10.9,74,0.0,12.3,988.7
2023-02-26,Punjab,Patiala,1.0,PM10,122.0,Moderate,"number_of_monitoring_stations in Absolute Number, aqi_value in Indices",,0.0,19.8,28.0,12.0,63,0.0,15.7,988.1
2023-02-26,Punjab,Rupnagar,1.0,PM10,138.0,Moderate,"number_of_monitoring_stations in Absolute Number, aqi_value in Indices",,0.0,17.4,25.7,9.3,71,0.4,17.1,987.2
2023-02-27,Punjab,Amritsar,1.0,PM2.5,124.0,Moderate,"number_of_monitoring_stations in Absolute Number, aqi_value in Indices",,0.0,18.6,27.1,11.0,64,0.2,10.9,990.7
2023-02-27,Punjab,Bathinda,1.0,PM10,180.0,Moderate,"number_of_monitoring_stations in Absolute Number, aqi_value in Indices",,0.0,21.9,29.4,15.5,51,0.0,9.7,993.8
2023-02-27,Punjab,Jalandhar,1.0,PM2.5,142.0,Moderate,"number_of_monitoring_stations in Absolute Number, aqi_value in Indices",,0.0,18.6,27.4,11.3,63,0.0,12.2,989.5
2023-02-27,Punjab,Ludhiana,1.0,PM2.5,199.0,Moderate,"number_of_monitoring_stations in Absolute Number, aqi_value in Indices",,0.0,19.6,27.3,12.4,62,0.0,11.0,988.5
2023-02-27,Punjab,Patiala,1.0,PM2.5,165.0,Moderate,"number_of_monitoring_stations in Absolute Number, aqi_value in Indices",,0.0,20.1,28.0,13.1,59,0.0,13.0,987.8
2023-02-27,Punjab,Rupnagar,1.0,PM10,129.0,Moderate,"number_of_monitoring_stations in Absolute Number, aqi_value in Indices",,0.0,17.5,26.3,10.5,67,0.0,12.0,986.6
2023-02-28,Punjab,Amritsar,1.0,PM2.5,99.0,Satisfactory,"number_of_monitoring_stations in Absolute Number, aqi_value in Indices",,0.0,17.6,22.2,12.9,67,5.9,16.2,991.5
2023-02-28,Punjab,Bathinda,1.0,PM10,137.0,Moderate,"number_of_monitoring_stations in Absolute Number, aqi_value in Indices",,0.0,20.1,24.9,15.2,53,0.4,27.2,994.0
2023-02-28,Punjab,Jalandhar,1.0,PM10,73.0,Satisfactory,"number_of_monitoring_stations in Absolute Number, aqi_value in Indices",,0.0,16.8,21.7,12.2,66,8.8,19.8,990.3
2023-02-28,Punjab,Ludhiana,1.0,PM10,118.0,Moderate,"number_of_monitoring_stations in Absolute Number, aqi_value in Indices",,0.0,16.4,20.1,12.7,71,2.4,20.6,989.1
2023-02-28,Punjab,Patiala,1.0,PM10,107.0,Moderate,"number_of_monitoring_stations in Absolute Number, aqi_value in Indices",,0.0,18.0,23.2,14.1,59,0.3,28.6,988.1
2023-02-28,Punjab,Rupnagar,1.0,PM10,138.0,Moderate,"number_of_monitoring_stations in Absolute Number, aqi_value in Indices",,0.0,15.5,20.2,10.8,72,9.6,31.0,987.3
2023-03-01,Punjab,Amritsar,1.0,PM2.5,64.0,Satisfactory,"number_of_monitoring_stations in Absolute Number, aqi_value in Indices",,0.0,18.9,25.1,14.4,72,1.1,14.3,993.2
2023-03-01,Punjab,Bathinda,1.0,PM10,40.0,Good,"number_of_monitoring_stations in Absolute Number, aqi_value in Indices",,0.0,21.1,28.6,15.1,60,0.0,17.4,995.4
2023-03-01,Punjab,Jalandhar,1.0,PM10,55.0,Satisfactory,"number_of_monitoring_stations in Absolute Number, aqi_value in Indices",,0.0,19.3,26.3,14.4,69,2.8,10.1,992.0
2023-03-01,Punjab,Ludhiana,1.0,PM2.5,120.0,Moderate,"number_of_monitoring_stations in Absolute Number, aqi_value in Indices",,0.0,19.0,26.1,13.8,72,2.6,14.8,990.7
2023-03-01,Punjab,Patiala,1.0,PM10,70.0,Satisfactory,"number_of_monitoring_stations in Absolute Number, aqi_value in Indices",,0.0,19.7,28.2,14.9,63,0.2,18.0,989.8
2023-03-01,Punjab,Rupnagar,1.0,PM10,89.0,Satisfactory,"number_of_monitoring_stations in Absolute Number, aqi_value in Indices",,0.0,18.7,26.7,13.1,64,0.5,17.6,989.1
2023-03-02,Punjab,Amritsar,1.0,PM2.5,69.0,Satisfactory,"number_of_monitoring_stations in Absolute Number, aqi_value in Indices",,0.0,19.3,26.8,14.7,70,1.4,15.3,992.8
2023-03-02,Punjab,Bathinda,1.0,PM10,64.0,Satisfactory,"number_of_monitoring_stations in Absolute Number, aqi_value in Indices",,0.0,21.0,28.6,15.4,64,1.2,12.6,995.3
2023-03-02,Punjab,Jalandhar,1.0,PM10,89.0,Satisfactory,"number_of_monitoring_stations in Absolute Number, aqi_value in Indices",,0.0,19.7,27.6,13.3,63,0.0,11.4,991.2
2023-03-02,Punjab,Ludhiana,1.0,PM10,89.0,Satisfactory,"number_of_monitoring_stations in Absolute Number, aqi_value in Indices",,0.0,19.0,27.5,13.3,70,0.0,11.2,990.0
2023-03-02,Punjab,Patiala,1.0,PM10,72.0,Satisfactory,"number_of_monitoring_stations in Absolute Number, aqi_value in Indices",,0.0,20.9,29.1,14.8,56,0.0,11.5,989.2
2023-03-02,Punjab,Rupnagar,1.0,PM10,87.0,Satisfactory,"number_of_monitoring_stations in Absolute Number, aqi_value in Indices",,0.0,18.9,27.8,11.8,65,0.0,12.4,988.1
2023-03-03,Punjab,Amritsar,1.0,PM2.5,64.0,Satisfactory,"number_of_monitoring_stations in Absolute Number, aqi_value in Indices",,0.0,19.0,26.8,12.6,67,0.2,9.2,992.8
2023-03-03,Punjab,Bathinda,1.0,CO,37.0,Good,"number_of_monitoring_stations in Absolute Number, aqi_value in Indices",,0.0,21.6,28.5,15.9,60,0.0,12.2,995.8
2023-03-03,Punjab,Jalandhar,1.0,PM10,105.0,Moderate,"number_of_monitoring_stations in Absolute Number, aqi_value in Indices",,0.0,19.6,27.2,13.9,65,0.0,11.3,991.5
2023-03-03,Punjab,Ludhiana,1.0,PM10,107.0,Moderate,"number_of_monitoring_stations in Absolute Number, aqi_value in Indices",,0.0,19.9,27.0,14.6,66,0.0,12.6,990.4
2023-03-03,Punjab,Patiala,1.0,PM10,74.0,Satisfactory,"number_of_monitoring_stations in Absolute Number, aqi_value in Indices",,0.0,21.5,28.5,15.6,58,0.0,16.3,989.6
2023-03-03,Punjab,Rupnagar,1.0,PM10,92.0,Satisfactory,"number_of_monitoring_stations in Absolute Number, aqi_value in Indices",,0.0,19.5,26.8,12.4,65,0.0,15.9,988.4
2023-03-04,Punjab,Amritsar,1.0,PM2.5,75.0,Satisfactory,"number_of_monitoring_stations in Absolute Number, aqi_value in Indices",,0.0,19.3,26.5,12.9,65,0.0,11.3,992.4
2023-03-04,Punjab,Bathinda,1.0,PM10,47.0,Good,"number_of_monitoring_stations in Absolute Number, aqi_value in Indices",,0.0,21.4,28.2,15.6,54,0.0,15.5,995.6
2023-03-04,Punjab,Jalandhar,1.0,PM10,83.0,Satisfactory,"number_of_monitoring_stations in Absolute Number, aqi_value in Indices",,0.0,19.6,26.7,13.3,64,0.0,9.7,991.4
2023-03-04,Punjab,Ludhiana,1.0,PM10,94.0,Satisfactory,"number_of_monitoring_stations in Absolute Number, aqi_value in Indices",,0.0,19.3,26.5,13.3,66,0.0,9.7,990.3
2023-03-04,Punjab,Patiala,1.0,PM10,100.0,Satisfactory,"number_of_monitoring_stations in Absolute Number, aqi_value in Indices",,0.0,21.2,28.1,15.5,58,0.0,12.3,989.6
2023-03-04,Punjab,Rupnagar,1.0,PM10,66.0,Satisfactory,"number_of_monitoring_stations in Absolute Number, aqi_value in Indices",,0.0,19.3,26.6,12.8,69,0.0,12.9,988.5
2023-03-05,Punjab,Amritsar,1.0,PM2.5,98.0,Satisfactory,"number_of_monitoring_stations in Absolute Number, aqi_value in Indices",,0.0,19.2,26.8,12.7,64,0.3,10.8,991.4
2023-03-05,Punjab,Bathinda,1.0,PM10,108.0,Moderate,"number_of_monitoring_stations in Absolute Number, aqi_value in Indices",,0.0,21.4,29.7,14.9,57,0.5,20.1,994.6
2023-03-05,Punjab,Jalandhar,1.0,PM10,115.0,Moderate,"number_of_monitoring_stations in Absolute Number, aqi_value in Indices",,0.0,19.6,26.8,13.8,64,0.0,11.3,990.4
2023-03-05,Punjab,Ludhiana,1.0,PM10,104.0,Moderate,"number_of_monitoring_stations in Absolute Number, aqi_value in Indices",,0.0,19.2,27.0,13.9,67,0.0,13.2,989.3
2023-03-05,Punjab,Patiala,1.0,PM10,80.0,Satisfactory,"number_of_monitoring_stations in Absolute Number, aqi_value in Indices",,0.0,20.7,28.3,15.0,58,0.0,17.6,988.6
2023-03-05,Punjab,Rupnagar,1.0,PM10,86.0,Satisfactory,"number_of_monitoring_stations in Absolute Number, aqi_value in Indices",,0.0,18.5,27.3,11.9,70,0.0,18.1,987.4
2023-03-06,Punjab,Amritsar,1.0,PM2.5,101.0,Moderate,"number_of_monitoring_stations in Absolute Number, aqi_value in Indices",,0.0,19.9,28.1,13.1,58,0.0,10.2,988.7
2023-03-06,Punjab,Bathinda,1.0,PM10,85.0,Satisfactory,"number_of_monitoring_stations in Absolute Number, aqi_value in Indices",,0.0,21.6,29.4,14.8,49,0.0,12.0,991.9
2023-03-06,Punjab,Jalandhar,1.0,PM10,125.0,Moderate,"number_of_monitoring_stations in Absolute Number, aqi_value in Indices",,0.0,19.9,27.8,13.2,57,0.0,13.2,987.6
2023-03-06,Punjab,Ludhiana,1.0,PM2.5,150.0,Moderate,"number_of_monitoring_stations in Absolute Number, aqi_value in Indices",,0.0,19.1,27.7,12.4,61,0.0,14.3,986.6
2023-03-06,Punjab,Patiala,1.0,PM10,81.0,Satisfactory,"number_of_monitoring_stations in Absolute Number, aqi_value in Indices",,0.0,20.4,28.3,13.9,55,0.0,15.8,986.0
2023-03-06,Punjab,Rupnagar,1.0,PM10,92.0,Satisfactory,"number_of_monitoring_stations in Absolute Number, aqi_value in Indices",,0.0,18.6,26.8,11.8,64,0.0,14.8,984.8
2023-03-07,Punjab,Amritsar,1.0,PM2.5,119.0,Moderate,"number_of_monitoring_stations in Absolute Number, aqi_value in Indices",,0.0,20.6,28.7,13.0,50,0.0,9.7,988.3
2023-03-07,Punjab,Bathinda,1.0,PM10,90.0,Satisfactory,"number_of_monitoring_stations in Absolute Number, aqi_value in Indices",,0.0,22.2,29.8,15.7,42,0.0,12.7,991.5
2023-03-07,Punjab,Jalandhar,1.0,PM10,113.0,Moderate,"number_of_monitoring_stations in Absolute Number, aqi_value in Indices",,0.0,19.9,27.8,11.6,58,0.0,10.6,987.2
2023-03-07,Punjab,Ludhiana,1.0,PM10,128.0,Moderate,"number_of_monitoring_stations in Absolute Number, aqi_value in Indices",,0.0,19.7,27.9,11.5,56,0.0,12.0,986.2
2023-03-07,Punjab,Patiala,1.0,PM10,82.0,Satisfactory,"number_of_monitoring_stations in Absolute Number, aqi_value in Indices",,0.0,20.0,28.3,12.4,54,0.0,13.8,985.6
2023-03-07,Punjab,Rupnagar,1.0,PM10,104.0,Moderate,"number_of_monitoring_stations in Absolute Number, aqi_value in Indices",,0.0,18.7,27.0,11.5,63,0.0,14.9,984.6
2023-03-08,Punjab,Amritsar,1.0,PM2.5,113.0,Moderate,"number_of_monitoring_stations in Absolute Number, aqi_value in Indices",,0.0,20.1,28.5,13.8,57,0.0,9.5,989.1
2023-03-08,Punjab,Bathinda,1.0,PM2.5,85.0,Satisfactory,"number_of_monitoring_stations in Absolute Number, aqi_value in Indices",,0.0,21.8,29.5,15.3,43,0.0,13.1,992.4
2023-03-08,Punjab,Jalandhar,1.0,PM10,114.0,Moderate,"number_of_monitoring_stations in Absolute Number, aqi_value in Indices",,0.0,19.6,27.5,12.3,63,0.0,9.5,988.2
2023-03-08,Punjab,Ludhiana,1.0,PM10,133.0,Moderate,"number_of_monitoring_stations in Absolute Number, aqi_value in Indices",,0.0,19.8,27.6,12.7,60,0.0,8.4,987.3
2023-03-08,Punjab,Patiala,1.0,PM10,81.0,Satisfactory,"number_of_monitoring_stations in Absolute Number, aqi_value in Indices",,0.0,20.0,28.0,13.5,62,0.0,10.1,986.8
2023-03-08,Punjab,Rupnagar,1.0,PM10,92.0,Satisfactory,"number_of_monitoring_stations in Absolute Number, aqi_value in Indices",,0.0,18.3,26.1,11.1,69,0.1,9.7,985.8
2023-03-09,Punjab,Amritsar,1.0,PM2.5,74.0,Satisfactory,"number_of_monitoring_stations in Absolute Number, aqi_value in Indices",,0.0,20.9,28.5,13.2,59,0.0,10.1,989.7
2023-03-09,Punjab,Jalandhar,1.0,PM10,60.0,Satisfactory,"number_of_monitoring_stations in Absolute Number, aqi_value in Indices",,0.0,20.0,27.7,13.3,64,0.0,8.9,988.7
2023-03-09,Punjab,Ludhiana,1.0,PM10,104.0,Moderate,"number_of_monitoring_stations in Absolute Number, aqi_value in Indices",,0.0,19.6,27.7,12.6,66,0.0,9.9,987.6
2023-03-09,Punjab,Patiala,1.0,PM10,76.0,Satisfactory,"number_of_monitoring_stations in Absolute Number, aqi_value in Indices",,0.0,20.5,28.1,13.9,62,0.0,10.2,987.0
2023-03-09,Punjab,Rupnagar,1.0,PM10,76.0,Satisfactory,"number_of_monitoring_stations in Absolute Number, aqi_value in Indices",,0.0,19.8,26.7,12.5,65,0.0,10.4,986.1
2023-03-10,Punjab,Amritsar,1.0,PM2.5,133.0,Moderate,"number_of_monitoring_stations in Absolute Number, aqi_value in Indices",,0.0,21.5,29.3,13.2,58,0.0,11.9,988.4
2023-03-10,Punjab,Bathinda,1.0,PM10,88.0,Satisfactory,"number_of_monitoring_stations in Absolute Number, aqi_value in Indices",,0.0,23.3,31.1,16.7,43,0.0,12.3,991.7
2023-03-10,Punjab,Jalandhar,1.0,PM10,124.0,Moderate,"number_of_monitoring_stations in Absolute Number, aqi_value in Indices",,0.0,21.0,28.5,13.6,64,0.0,9.2,987.4
2023-03-10,Punjab,Ludhiana,1.0,PM10,115.0,Moderate,"number_of_monitoring_stations in Absolute Number, aqi_value in Indices",,0.0,21.2,28.5,14.6,61,0.0,12.3,986.5
2023-03-10,Punjab,Patiala,1.0,PM10,92.0,Satisfactory,"number_of_monitoring_stations in Absolute Number, aqi_value in Indices",,0.0,21.3,29.4,14.5,58,0.0,14.8,985.8
2023-03-10,Punjab,Rupnagar,1.0,PM10,108.0,Moderate,"number_of_monitoring_stations in Absolute Number, aqi_value in Indices",,0.0,20.1,27.5,12.0,66,0.0,15.3,984.8
2023-03-11,Punjab,Amritsar,1.0,PM2.5,123.0,Moderate,"number_of_monitoring_stations in Absolute Number, aqi_value in Indices",,0.0,21.9,29.8,14.5,62,0.0,10.0,988.0
2023-03-11,Punjab,Bathinda,1.0,PM10,174.0,Moderate,"number_of_monitoring_stations in Absolute Number, aqi_value in Indices",,0.0,23.6,31.5,16.3,45,0.0,11.9,991.0
2023-03-11,Punjab,Jalandhar,1.0,PM2.5,135.0,Moderate,"number_of_monitoring_stations in Absolute Number, aqi_value in Indices",,0.0,21.5,29.1,14.3,67,0.0,9.5,987.1
2023-03-11,Punjab,Ludhiana,1.0,PM10,143.0,Moderate,"number_of_monitoring_stations in Absolute Number, aqi_value in Indices",,0.0,21.2,29.3,14.4,65,0.0,11.8,986.0
2023-03-11,Punjab,Patiala,1.0,PM10,106.0,Moderate,"number_of_monitoring_stations in Absolute Number, aqi_value in Indices",,0.0,22.0,29.9,15.3,58,0.0,9.7,985.6
2023-03-11,Punjab,Rupnagar,1.0,PM10,108.0,Moderate,"number_of_monitoring_stations in Absolute Number, aqi_value in Indices",,0.0,20.2,28.1,12.9,69,0.0,10.7,984.6
2023-03-12,Punjab,Amritsar,1.0,PM2.5,147.0,Moderate,"number_of_monitoring_stations in Absolute Number, aqi_value in Indices",,0.0,21.8,30.2,15.2,67,0.1,18.9,987.9
2023-03-12,Punjab,Bathinda,1.0,PM10,131.0,Moderate,"number_of_monitoring_stations in Absolute Number, aqi_value in Indices",,0.0,25.2,33.1,17.8,45,0.0,11.2,990.6
2023-03-12,Punjab,Jalandhar,1.0,PM2.5,153.0,Moderate,"number_of_monitoring_stations in Absolute Number, aqi_value in Indices",,0.0,21.5,29.2,14.9,67,0.2,13.5,986.9
2023-03-12,Punjab,Ludhiana,1.0,PM2.5,152.0,Moderate,"number_of_monitoring_stations in Absolute Number, aqi_value in Indices",,0.0,21.8,29.6,15.0,64,0.0,10.5,985.8
2023-03-12,Punjab,Patiala,1.0,PM10,97.0,Satisfactory,"number_of_monitoring_stations in Absolute Number, aqi_value in Indices",,0.0,22.8,30.5,16.0,57,0.0,12.1,985.2
2023-03-12,Punjab,Rupnagar,1.0,PM10,127.0,Moderate,"number_of_monitoring_stations in Absolute Number, aqi_value in Indices",,0.0,20.9,28.3,13.9,66,0.0,12.4,984.2
2023-03-13,Punjab,Amritsar,1.0,PM2.5,120.0,Moderate,"number_of_monitoring_stations in Absolute Number, aqi_value in Indices",,0.0,21.5,29.8,14.8,69,0.4,13.7,986.7
2023-03-13,Punjab,Bathinda,1.0,PM10,141.0,Moderate,"number_of_monitoring_stations in Absolute Number, aqi_value in Indices",,0.0,24.2,32.0,17.9,54,0.2,17.7,989.7
2023-03-13,Punjab,Jalandhar,1.0,PM2.5,140.0,Moderate,"number_of_monitoring_stations in Absolute Number, aqi_value in Indices",,0.0,21.8,29.0,16.6,70,1.6,9.8,985.7
2023-03-13,Punjab,Ludhiana,1.0,PM2.5,148.0,Moderate,"number_of_monitoring_stations in Absolute Number, aqi_value in Indices",,0.0,22.2,29.8,16.8,68,0.0,9.9,984.6
2023-03-13,Punjab,Patiala,1.0,PM10,122.0,Moderate,"number_of_monitoring_stations in Absolute Number, aqi_value in Indices",,0.0,22.5,30.8,16.0,60,0.0,18.9,984.0
2023-03-13,Punjab,Rupnagar,1.0,PM10,114.0,Moderate,"number_of_monitoring_stations in Absolute Number, aqi_value in Indices",,0.0,20.6,28.1,14.5,69,0.1,17.4,983.0
2023-03-14,Punjab,Amritsar,1.0,PM2.5,77.0,Satisfactory,"number_of_monitoring_stations in Absolute Number, aqi_value in Indices",,0.0,22.0,30.7,14.7,63,0.0,12.0,983.6
2023-03-14,Punjab,Bathinda,1.0,PM10,141.0,Moderate,"number_of_monitoring_stations in Absolute Number, aqi_value in Indices",,0.0,24.4,32.5,18.0,53,0.0,17.6,986.9
2023-03-14,Punjab,Jalandhar,1.0,PM10,93.0,Satisfactory,"number_of_monitoring_stations in Absolute Number, aqi_value in Indices",,0.0,21.7,29.3,15.3,69,0.0,9.0,982.6
2023-03-14,Punjab,Ludhiana,1.0,PM10,133.0,Moderate,"number_of_monitoring_stations in Absolute Number, aqi_value in Indices",,0.0,22.4,29.7,15.8,64,0.0,13.0,981.7
2023-03-14,Punjab,Patiala,1.0,PM10,113.0,Moderate,"number_of_monitoring_stations in Absolute Number, aqi_value in Indices",,0.0,22.9,31.3,15.9,56,0.0,16.4,981.0
2023-03-14,Punjab,Rupnagar,1.0,PM10,94.0,Satisfactory,"number_of_monitoring_stations in Absolute Number, aqi_value in Indices",,0.0,21.1,28.8,15.1,61,0.0,17.2,979.9
2023-03-15,Punjab,Amritsar,1.0,PM2.5,101.0,Moderate,"number_of_monitoring_stations in Absolute Number, aqi_value in Indices",,0.0,22.4,30.0,14.6,63,0.0,11.0,982.4
2023-03-15,Punjab,Bathinda,1.0,PM10,119.0,Moderate,"number_of_monitoring_stations in Absolute Number, aqi_value in Indices",,0.0,24.8,32.7,17.9,41,0.0,11.5,985.3
2023-03-15,Punjab,Jalandhar,1.0,PM10,106.0,Moderate,"number_of_monitoring_stations in Absolute Number, aqi_value in Indices",,0.0,21.9,29.8,14.8,65,0.0,8.9,981.5
2023-03-15,Punjab,Ludhiana,1.0,PM10,153.0,Moderate,"number_of_monitoring_stations in Absolute Number, aqi_value in Indices",,0.0,22.4,30.4,15.4,60,0.0,10.7,980.4
2023-03-15,Punjab,Patiala,1.0,PM10,99.0,Satisfactory,"number_of_monitoring_stations in Absolute Number, aqi_value in Indices",,0.0,23.3,31.5,15.8,53,0.0,11.5,980.0
2023-03-15,Punjab,Rupnagar,1.0,PM10,101.0,Moderate,"number_of_monitoring_stations in Absolute Number, aqi_value in Indices",,0.0,20.9,29.0,13.1,61,0.0,10.8,979.1
2023-03-16,Punjab,Amritsar,1.0,PM2.5,81.0,Satisfactory,"number_of_monitoring_stations in Absolute Number, aqi_value in Indices",,0.0,21.3,29.0,15.8,72,1.0,16.1,983.4
2023-03-16,Punjab,Bathinda,1.0,PM10,102.0,Moderate,"number_of_monitoring_stations in Absolute Number, aqi_value in Indices",,0.0,25.3,32.8,19.7,40,0.0,11.2,985.9
2023-03-16,Punjab,Jalandhar,1.0,PM10,75.0,Satisfactory,"number_of_monitoring_stations in Absolute Number, aqi_value in Indices",,0.0,21.6,28.8,16.0,64,0.5,9.7,982.3
2023-03-16,Punjab,Ludhiana,1.0,PM10,102.0,Moderate,"number_of_monitoring_stations in Absolute Number, aqi_value in Indices",,0.0,21.5,29.4,16.3,64,0.1,17.0,981.2
2023-03-16,Punjab,Patiala,1.0,PM10,86.0,Satisfactory,"number_of_monitoring_stations in Absolute Number, aqi_value in Indices",,0.0,23.4,31.4,17.2,51,0.2,15.6,980.8
2023-03-16,Punjab,Rupnagar,1.0,PM10,80.0,Satisfactory,"number_of_monitoring_stations in Absolute Number, aqi_value in Indices",,0.0,20.8,29.1,14.6,61,0.0,10.7,979.9
2023-03-17,Punjab,Amritsar,1.0,PM2.5,65.0,Satisfactory,"number_of_monitoring_stations in Absolute Number, aqi_value in Indices",,0.0,18.4,22.8,15.7,76,1.3,21.6,986.2
2023-03-17,Punjab,Bathinda,1.0,PM2.5,53.0,Satisfactory,"number_of_monitoring_stations in Absolute Number, aqi_value in Indices",,0.0,22.1,28.3,17.4,54,1.6,15.9,988.3
2023-03-17,Punjab,Jalandhar,1.0,PM10,77.0,Satisfactory,"number_of_monitoring_stations in Absolute Number, aqi_value in Indices",,0.0,19.1,24.9,15.5,70,0.4,21.4,984.8
2023-03-17,Punjab,Ludhiana,1.0,PM10,94.0,Satisfactory,"number_of_monitoring_stations in Absolute Number, aqi_value in Indices",,0.0,20.0,26.9,16.2,65,0.4,16.3,983.6
2023-03-17,Punjab,Patiala,1.0,PM10,66.0,Satisfactory,"number_of_monitoring_stations in Absolute Number, aqi_value in Indices",,0.0,21.0,28.7,17.1,62,4.2,18.4,982.8
2023-03-17,Punjab,Rupnagar,1.0,PM10,92.0,Satisfactory,"number_of_monitoring_stations in Absolute Number, aqi_value in Indices",,0.0,19.7,26.8,12.9,69,1.8,15.9,982.0
2023-03-18,Punjab,Amritsar,1.0,O3,56.0,Satisfactory,"number_of_monitoring_stations in Absolute Number, aqi_value in Indices",,0.0,18.2,23.6,14.7,78,6.4,15.5,985.0
2023-03-18,Punjab,Bathinda,1.0,PM2.5,38.0,Good,"number_of_monitoring_stations in Absolute Number, aqi_value in Indices",,0.0,19.4,24.6,16.3,79,13.9,14.9,987.5
2023-03-18,Punjab,Jalandhar,1.0,PM10,49.0,Good,"number_of_monitoring_stations in Absolute Number, aqi_value in Indices",,0.0,17.7,23.1,15.1,82,16.2,11.3,984.0
2023-03-18,Punjab,Ludhiana,1.0,PM10,53.0,Satisfactory,"number_of_monitoring_stations in Absolute Number, aqi_value in Indices",,0.0,18.0,23.7,15.4,82,12.8,12.7,982.7
2023-03-18,Punjab,Patiala,1.0,PM10,50.0,Good,"number_of_monitoring_stations in Absolute Number, aqi_value in Indices",,0.0,19.0,24.8,15.0,79,5.5,16.1,982.1
2023-03-18,Punjab,Rupnagar,1.0,PM2.5,100.0,Satisfactory,"number_of_monitoring_stations in Absolute Number, aqi_value in Indices",,0.0,17.8,24.1,13.4,83,3.2,13.5,981.2
2023-03-19,Punjab,Amritsar,1.0,PM2.5,60.0,Satisfactory,"number_of_monitoring_stations in Absolute Number, aqi_value in Indices",,0.0,18.0,24.7,13.1,81,2.7,13.5,982.6
2023-03-19,Punjab,Bathinda,1.0,PM10,51.0,Satisfactory,"number_of_monitoring_stations in Absolute Number, aqi_value in Indices",,0.0,19.5,25.3,15.3,81,4.6,11.2,985.4
2023-03-19,Punjab,Jalandhar,1.0,PM10,76.0,Satisfactory,"number_of_monitoring_stations in Absolute Number, aqi_value in Indices",,0.0,18.4,24.4,13.0,81,2.1,7.5,981.5
2023-03-19,Punjab,Ludhiana,1.0,PM10,117.0,Moderate,"number_of_monitoring_stations in Absolute Number, aqi_value in Indices",,0.0,18.4,25.1,12.4,82,4.7,12.2,980.3
2023-03-19,Punjab,Patiala,1.0,O3,54.0,Satisfactory,"number_of_monitoring_stations in Absolute Number, aqi_value in Indices",,0.0,19.2,25.7,14.0,80,2.3,7.9,979.7
2023-03-20,Punjab,Amritsar,1.0,PM2.5,79.0,Satisfactory,"number_of_monitoring_stations in Absolute Number, aqi_value in Indices",,0.0,18.0,23.6,15.2,85,14.7,12.0,981.2
2023-03-20,Punjab,Bathinda,1.0,PM10,105.0,Moderate,"number_of_monitoring_stations in Absolute Number, aqi_value in Indices",,0.0,18.9,23.5,16.0,80,1.8,23.6,984.1
2023-03-20,Punjab,Jalandhar,1.0,PM10,92.0,Satisfactory,"number_of_monitoring_stations in Absolute Number, aqi_value in Indices",,0.0,17.7,23.1,14.3,87,20.0,13.8,980.3
2023-03-20,Punjab,Ludhiana,1.0,PM10,140.0,Moderate,"number_of_monitoring_stations in Absolute Number, aqi_value in Indices",,0.0,17.6,22.6,14.5,87,16.4,11.2,979.3
2023-03-20,Punjab,Patiala,1.0,PM10,71.0,Satisfactory,"number_of_monitoring_stations in Absolute Number, aqi_value in Indices",,0.0,18.0,22.8,14.7,85,16.0,16.0,978.8
2023-03-21,Punjab,Amritsar,1.0,PM2.5,55.0,Satisfactory,"number_of_monitoring_stations in Absolute Number, aqi_value in Indices",,0.0,18.1,24.2,13.2,79,0.8,8.3,982.3
2023-03-21,Punjab,Bathinda,1.0,PM10,59.0,Satisfactory,"number_of_monitoring_stations in Absolute Number, aqi_value in Indices",,0.0,19.5,25.0,14.5,75,0.0,11.6,985.2
2023-03-21,Punjab,Jalandhar,1.0,PM10,42.0,Good,"number_of_monitoring_stations in Absolute Number, aqi_value in Indices",,0.0,18.0,23.9,12.9,79,0.8,9.4,981.3
2023-03-21,Punjab,Ludhiana,1.0,PM10,92.0,Satisfactory,"number_of_monitoring_stations in Absolute Number, aqi_value in Indices",,0.0,17.9,23.9,13.8,80,0.2,7.8,980.3
2023-03-21,Punjab,Patiala,1.0,O3,38.0,Good,"number_of_monitoring_stations in Absolute Number, aqi_value in Indices",,0.0,18.1,23.5,14.3,78,0.5,13.7,979.8
2023-03-21,Punjab,Rupnagar,1.0,PM10,60.0,Satisfactory,"number_of_monitoring_stations in Absolute Number, aqi_value in Indices",,0.0,18.1,23.2,13.3,78,4.6,7.8,978.9
2023-03-22,Punjab,Amritsar,1.0,PM2.5,104.0,Moderate,"number_of_monitoring_stations in Absolute Number, aqi_value in Indices",,0.0,18.8,25.0,13.2,79,0.0,9.9,983.7
2023-03-22,Punjab,Bathinda,1.0,PM10,112.0,Moderate,"number_of_monitoring_stations in Absolute Number, aqi_value in Indices",,0.0,20.5,26.5,15.0,69,0.0,9.1,986.5
2023-03-22,Punjab,Jalandhar,1.0,O3,48.0,Good,"number_of_monitoring_stations in Absolute Number, aqi_value in Indices",,0.0,18.7,25.0,12.6,77,0.0,10.4,982.6
2023-03-22,Punjab,Ludhiana,1.0,PM10,105.0,Moderate,"number_of_monitoring_stations in Absolute Number, aqi_value in Indices",,0.0,18.6,25.2,12.4,76,0.0,10.8,981.5
2023-03-22,Punjab,Patiala,1.0,PM10,45.0,Good,"number_of_monitoring_stations in Absolute Number, aqi_value in Indices",,0.0,18.9,25.8,12.5,75,0.0,11.8,980.9
2023-03-22,Punjab,Rupnagar,1.0,PM10,69.0,Satisfactory,"number_of_monitoring_stations in Absolute Number, aqi_value in Indices",,0.0,17.9,24.9,12.5,76,0.0,13.1,979.9
2023-03-23,Punjab,Amritsar,1.0,PM2.5,136.0,Moderate,"number_of_monitoring_stations in Absolute Number, aqi_value in Indices",,0.0,19.0,24.3,13.8,78,0.8,11.0,982.7
2023-03-23,Punjab,Bathinda,1.0,PM10,130.0,Moderate,"number_of_monitoring_stations in Absolute Number, aqi_value in Indices",,0.0,21.0,28.0,15.8,67,3.2,11.8,985.5
2023-03-23,Punjab,Jalandhar,1.0,PM10,79.0,Satisfactory,"number_of_monitoring_stations in Absolute Number, aqi_value in Indices",,0.0,19.2,25.4,13.6,74,0.0,12.1,981.5
2023-03-23,Punjab,Ludhiana,1.0,PM10,91.0,Satisfactory,"number_of_monitoring_stations in Absolute Number, aqi_value in Indices",,0.0,20.1,26.2,15.5,70,0.7,13.6,980.5
2023-03-23,Punjab,Patiala,1.0,PM10,71.0,Satisfactory,"number_of_monitoring_stations in Absolute Number, aqi_value in Indices",,0.0,20.1,27.1,13.7,68,0.0,16.6,979.7
2023-03-23,Punjab,Rupnagar,1.0,PM10,83.0,Satisfactory,"number_of_monitoring_stations in Absolute Number, aqi_value in Indices",,0.0,18.6,26.2,12.2,73,0.0,17.7,978.6
2023-03-24,Punjab,Amritsar,1.0,PM2.5,110.0,Moderate,"number_of_monitoring_stations in Absolute Number, aqi_value in Indices",,0.0,17.3,21.3,14.1,86,28.5,18.9,982.0
2023-03-24,Punjab,Bathinda,1.0,PM10,110.0,Moderate,"number_of_monitoring_stations in Absolute Number, aqi_value in Indices",,0.0,19.7,26.1,16.4,77,26.0,23.5,984.6
2023-03-24,Punjab,Jalandhar,1.0,PM10,76.0,Satisfactory,"number_of_monitoring_stations in Absolute Number, aqi_value in Indices",,0.0,17.6,22.9,13.4,84,13.0,17.6,981.1
2023-03-24,Punjab,Ludhiana,1.0,PM10,138.0,Moderate,"number_of_monitoring_stations in Absolute Number, aqi_value in Indices",,0.0,18.9,24.7,14.0,80,10.4,15.5,980.0
2023-03-24,Punjab,Patiala,1.0,PM10,81.0,Satisfactory,"number_of_monitoring_stations in Absolute Number, aqi_value in Indices",,0.0,19.9,26.4,14.8,74,5.2,17.7,979.5
2023-03-24,Punjab,Rupnagar,1.0,PM10,113.0,Moderate,"number_of_monitoring_stations in Absolute Number, aqi_value in Indices",,0.0,18.7,25.1,11.6,76,5.7,19.0,978.6
2023-03-25,Punjab,Amritsar,1.0,PM2.5,75.0,Satisfactory,"number_of_monitoring_stations in Absolute Number, aqi_value in Indices",,0.0,16.9,21.2,14.0,87,25.3,20.4,985.1
2023-03-25,Punjab,Bathinda,1.0,PM2.5,58.0,Satisfactory,"number_of_monitoring_stations in Absolute Number, aqi_value in Indices",,0.0,19.8,26.0,15.2,75,26.5,23.3,987.6
2023-03-25,Punjab,Jalandhar,1.0,PM10,48.0,Good,"number_of_monitoring_stations in Absolute Number, aqi_value in Indices",,0.0,18.4,24.0,14.7,82,21.2,24.4,984.1
2023-03-25,Punjab,Ludhiana,1.0,PM10,71.0,Satisfactory,"number_of_monitoring_stations in Absolute Number, aqi_value in Indices",,0.0,18.4,24.7,14.9,82,19.9,19.5,982.9
2023-03-25,Punjab,Patiala,1.0,PM10,38.0,Good,"number_of_monitoring_stations in Absolute Number, aqi_value in Indices",,0.0,19.5,25.6,16.4,78,5.8,18.4,982.3
2023-03-25,Punjab,Rupnagar,1.0,PM10,77.0,Satisfactory,"number_of_monitoring_stations in Absolute Number, aqi_value in Indices",,0.0,18.5,25.0,14.5,78,11.5,22.9,981.5
2023-03-26,Punjab,Amritsar,1.0,PM2.5,90.0,Satisfactory,"number_of_monitoring_stations in Absolute Number, aqi_value in Indices",,0.0,18.2,24.2,11.2,73,0.0,11.3,985.4
2023-03-26,Punjab,Bathinda,1.0,PM10,98.0,Satisfactory,"number_of_monitoring_stations in Absolute Number, aqi_value in Indices",,0.0,19.7,25.7,14.3,71,0.0,11.7,988.3
2023-03-26,Punjab,Jalandhar,1.0,PM10,99.0,Satisfactory,"number_of_monitoring_stations in Absolute Number, aqi_value in Indices",,0.0,18.3,24.5,12.7,75,0.0,13.7,984.1
2023-03-26,Punjab,Ludhiana,1.0,PM10,98.0,Satisfactory,"number_of_monitoring_stations in Absolute Number, aqi_value in Indices",,0.0,18.4,24.9,12.0,75,1.4,8.4,983.0
2023-03-26,Punjab,Patiala,1.0,PM10,63.0,Satisfactory,"number_of_monitoring_stations in Absolute Number, aqi_value in Indices",,0.0,19.4,25.3,14.0,68,0.0,10.2,982.2
2023-03-26,Punjab,Rupnagar,1.0,PM10,101.0,Moderate,"number_of_monitoring_stations in Absolute Number, aqi_value in Indices",,0.0,18.2,25.1,11.7,71,0.1,10.0,981.2
2023-03-27,Punjab,Amritsar,1.0,PM2.5,104.0,Moderate,"number_of_monitoring_stations in Absolute Number, aqi_value in Indices",,0.0,19.4,25.1,12.4,68,0.0,8.0,983.7
2023-03-27,Punjab,Bathinda,1.0,PM10,52.0,Satisfactory,"number_of_monitoring_stations in Absolute Number, aqi_value in Indices",,0.0,19.9,25.9,14.6,68,0.0,10.8,987.0
2023-03-27,Punjab,Jalandhar,1.0,PM10,95.0,Satisfactory,"number_of_monitoring_stations in Absolute Number, aqi_value in Indices",,0.0,18.6,25.0,12.4,73,0.0,9.0,982.6
2023-03-27,Punjab,Ludhiana,1.0,PM10,83.0,Satisfactory,"number_of_monitoring_stations in Absolute Number, aqi_value in Indices",,0.0,18.6,25.0,13.3,74,0.0,9.6,981.6
2023-03-27,Punjab,Patiala,1.0,PM10,57.0,Satisfactory,"number_of_monitoring_stations in Absolute Number, aqi_value in Indices",,0.0,19.2,25.4,13.6,70,0.0,12.7,981.0
2023-03-27,Punjab,Rupnagar,1.0,PM10,78.0,Satisfactory,"number_of_monitoring_stations in Absolute Number, aqi_value in Indices",,0.0,18.5,25.0,13.1,74,0.0,11.1,979.9
2023-03-28,Punjab,Amritsar,1.0,PM2.5,133.0,Moderate,"number_of_monitoring_stations in Absolute Number, aqi_value in Indices",,0.0,20.6,27.0,13.2,62,0.0,8.4,983.3
2023-03-28,Punjab,Bathinda,1.0,PM10,104.0,Moderate,"number_of_monitoring_stations in Absolute Number, aqi_value in Indices",,0.0,21.5,27.8,15.9,60,0.0,10.0,986.4
2023-03-28,Punjab,Jalandhar,1.0,PM10,82.0,Satisfactory,"number_of_monitoring_stations in Absolute Number, aqi_value in Indices",,0.0,20.3,26.6,13.4,66,0.0,8.0,982.3
2023-03-28,Punjab,Ludhiana,1.0,PM10,96.0,Satisfactory,"number_of_monitoring_stations in Absolute Number, aqi_value in Indices",,0.0,20.1,26.6,13.2,64,0.0,10.8,981.3
2023-03-28,Punjab,Patiala,1.0,PM10,68.0,Satisfactory,"number_of_monitoring_stations in Absolute Number, aqi_value in Indices",,0.0,20.0,26.6,14.0,67,0.0,10.2,980.7
2023-03-28,Punjab,Rupnagar,1.0,PM10,101.0,Moderate,"number_of_monitoring_stations in Absolute Number, aqi_value in Indices",,0.0,19.3,26.2,12.4,72,0.0,10.4,979.6
2023-03-29,Punjab,Amritsar,1.0,PM2.5,185.0,Moderate,"number_of_monitoring_stations in Absolute Number, aqi_value in Indices",,0.0,20.8,28.0,13.8,65,0.0,10.2,983.8
2023-03-29,Punjab,Bathinda,1.0,PM10,123.0,Moderate,"number_of_monitoring_stations in Absolute Number, aqi_value in Indices",,0.0,22.9,29.9,17.1,55,0.6,14.3,986.5
2023-03-29,Punjab,Jalandhar,1.0,PM10,81.0,Satisfactory,"number_of_monitoring_stations in Absolute Number, aqi_value in Indices",,0.0,20.9,28.1,13.6,69,0.0,11.8,982.7
2023-03-29,Punjab,Ludhiana,1.0,PM10,143.0,Moderate,"number_of_monitoring_stations in Absolute Number, aqi_value in Indices",,0.0,21.4,28.1,13.6,66,0.0,10.3,981.7
2023-03-29,Punjab,Patiala,1.0,PM10,96.0,Satisfactory,"number_of_monitoring_stations in Absolute Number, aqi_value in Indices",,0.0,21.7,29.1,14.6,64,0.0,10.7,981.1
2023-03-29,Punjab,Rupnagar,1.0,PM10,98.0,Satisfactory,"number_of_monitoring_stations in Absolute Number, aqi_value in Indices",,0.0,20.1,28.2,12.0,70,0.0,9.3,980.2
2023-03-30,Punjab,Amritsar,1.0,PM2.5,125.0,Moderate,"number_of_monitoring_stations in Absolute Number, aqi_value in Indices",,0.0,21.4,27.0,18.1,69,13.2,19.3,982.4
2023-03-30,Punjab,Bathinda,1.0,PM2.5,96.0,Satisfactory,"number_of_monitoring_stations in Absolute Number, aqi_value in Indices",,0.0,22.0,29.3,18.8,69,10.3,20.9,985.0
2023-03-30,Punjab,Jalandhar,1.0,PM10,84.0,Satisfactory,"number_of_monitoring_stations in Absolute Number, aqi_value in Indices",,0.0,21.8,29.1,16.7,64,0.0,17.0,981.1
2023-03-30,Punjab,Ludhiana,1.0,PM10,129.0,Moderate,"number_of_monitoring_stations in Absolute Number, aqi_value in Indices",,0.0,21.4,28.6,16.0,68,4.2,19.2,980.1
2023-03-30,Punjab,Patiala,1.0,PM10,85.0,Satisfactory,"number_of_monitoring_stations in Absolute Number, aqi_value in Indices",,0.0,22.0,29.3,15.9,65,6.0,22.1,979.6
2023-03-30,Punjab,Rupnagar,1.0,PM10,125.0,Moderate,"number_of_monitoring_stations in Absolute Number, aqi_value in Indices",,0.0,21.5,29.3,14.5,63,0.5,21.8,978.5
2023-03-31,Punjab,Amritsar,1.0,PM2.5,91.0,Satisfactory,"number_of_monitoring_stations in Absolute Number, aqi_value in Indices",,0.0,18.3,21.6,16.5,84,20.1,20.6,981.7
2023-03-31,Punjab,Bathinda,1.0,PM10,81.0,Satisfactory,"number_of_monitoring_stations in Absolute Number, aqi_value in Indices",,0.0,19.1,23.8,16.5,82,12.7,19.1,984.1
2023-03-31,Punjab,Jalandhar,1.0,PM10,38.0,Good,"number_of_monitoring_stations in Absolute Number, aqi_value in Indices",,0.0,18.2,20.8,16.2,84,6.4,19.1,980.8
2023-03-31,Punjab,Ludhiana,1.0,PM10,89.0,Satisfactory,"number_of_monitoring_stations in Absolute Number, aqi_value in Indices",,0.0,18.3,21.8,16.2,85,7.2,17.2,979.7
2023-03-31,Punjab,Patiala,1.0,PM10,38.0,Good,"number_of_monitoring_stations in Absolute Number, aqi_value in Indices",,0.0,18.1,21.4,15.9,86,9.4,15.1,979.3
2023-03-31,Punjab,Rupnagar,1.0,CO,60.0,Satisfactory,"number_of_monitoring_stations in Absolute Number, aqi_value in Indices",,0.0,17.7,20.3,14.4,86,11.9,13.0,978.6
2023-04-01,Punjab,Amritsar,1.0,PM2.5,82.0,Satisfactory,"number_of_monitoring_stations in Absolute Number, aqi_value in Indices",,0.0,17.5,22.3,14.9,87,21.3,17.7,982.7
2023-04-01,Punjab,Bathinda,1.0,CO,42.0,Good,"number_of_monitoring_stations in Absolute Number, aqi_value in Indices",,0.0,19.5,24.8,15.1,78,1.1,16.7,985.1
2023-04-01,Punjab,Jalandhar,1.0,PM10,51.0,Satisfactory,"number_of_monitoring_stations in Absolute Number, aqi_value in Indices",,0.0,17.7,23.1,14.8,87,21.6,13.0,981.7
2023-04-01,Punjab,Ludhiana,1.0,PM10,115.0,Moderate,"number_of_monitoring_stations in Absolute Number, aqi_value in Indices",,0.0,18.1,23.7,14.9,86,11.3,15.1,980.6
2023-04-01,Punjab,Patiala,1.0,O3,44.0,Good,"number_of_monitoring_stations in Absolute Number, aqi_value in Indices",,0.0,18.5,24.4,15.5,83,9.1,16.4,980.1
2023-04-01,Punjab,Rupnagar,1.0,PM10,68.0,Satisfactory,"number_of_monitoring_stations in Absolute Number, aqi_value in Indices",,0.0,17.8,23.5,13.8,83,10.8,15.4,979.4
2023-04-02,Punjab,Amritsar,1.0,PM2.5,90.0,Satisfactory,"number_of_monitoring_stations in Absolute Number, aqi_value in Indices",,0.0,18.7,25.1,13.1,79,0.0,8.5,982.0
2023-04-02,Punjab,Bathinda,1.0,PM10,91.0,Satisfactory,"number_of_monitoring_stations in Absolute Number, aqi_value in Indices",,0.0,20.6,27.0,14.7,75,0.0,8.6,984.8
2023-04-02,Punjab,Jalandhar,1.0,PM10,56.0,Satisfactory,"number_of_monitoring_stations in Absolute Number, aqi_value in Indices",,0.0,19.0,25.4,12.9,78,0.1,9.2,980.9
2023-04-02,Punjab,Ludhiana,1.0,PM10,68.0,Satisfactory,"number_of_monitoring_stations in Absolute Number, aqi_value in Indices",,0.0,19.4,25.7,13.4,78,0.0,9.9,979.8
2023-04-02,Punjab,Patiala,1.0,CO,32.0,Good,"number_of_monitoring_stations in Absolute Number, aqi_value in Indices",,0.0,19.3,26.3,13.7,78,0.0,14.7,979.1
2023-04-02,Punjab,Rupnagar,1.0,CO,78.0,Satisfactory,"number_of_monitoring_stations in Absolute Number, aqi_value in Indices",,0.0,19.0,25.4,13.1,76,0.0,10.5,978.2
2023-04-03,Punjab,Amritsar,1.0,PM2.5,105.0,Moderate,"number_of_monitoring_stations in Absolute Number, aqi_value in Indices",,0.0,19.0,22.8,15.4,79,4.7,15.3,981.1
2023-04-03,Punjab,Bathinda,1.0,PM10,96.0,Satisfactory,"number_of_monitoring_stations in Absolute Number, aqi_value in Indices",,0.0,21.4,27.4,17.1,66,0.7,21.6,983.5
2023-04-03,Punjab,Jalandhar,1.0,PM10,66.0,Satisfactory,"number_of_monitoring_stations in Absolute Number, aqi_value in Indices",,0.0,18.8,23.6,13.8,78,5.4,16.2,980.0
2023-04-03,Punjab,Ludhiana,1.0,PM10,52.0,Satisfactory,"number_of_monitoring_stations in Absolute Number, aqi_value in Indices",,0.0,18.8,25.3,14.5,77,4.0,20.6,978.7
2023-04-03,Punjab,Patiala,1.0,PM10,52.0,Satisfactory,"number_of_monitoring_stations in Absolute Number, aqi_value in Indices",,0.0,20.9,28.6,15.0,65,0.8,16.5,977.9
2023-04-03,Punjab,Rupnagar,1.0,PM10,82.0,Satisfactory,"number_of_monitoring_stations in Absolute Number, aqi_value in Indices",,0.0,18.9,27.1,12.1,75,0.5,31.9,977.0
2023-04-04,Punjab,Amritsar,1.0,PM2.5,82.0,Satisfactory,"number_of_monitoring_stations in Absolute Number, aqi_value in Indices",,0.0,19.5,25.6,14.2,74,1.0,13.6,983.6
2023-04-04,Punjab,Bathinda,1.0,PM10,74.0,Satisfactory,"number_of_monitoring_stations in Absolute Number, aqi_value in Indices",,0.0,21.2,27.0,15.8,68,5.0,17.3,986.4
2023-04-04,Punjab,Jalandhar,1.0,PM10,61.0,Satisfactory,"number_of_monitoring_stations in Absolute Number, aqi_value in Indices",,0.0,19.4,26.5,13.6,73,0.7,14.7,982.3
2023-04-04,Punjab,Ludhiana,1.0,PM2.5,104.0,Moderate,"number_of_monitoring_stations in Absolute Number, aqi_value in Indices",,0.0,19.8,26.5,14.5,72,3.1,13.7,981.2
2023-04-04,Punjab,Patiala,1.0,PM10,49.0,Good,"number_of_monitoring_stations in Absolute Number, aqi_value in Indices",,0.0,20.8,27.2,16.0,65,1.8,17.1,980.3
2023-04-04,Punjab,Rupnagar,1.0,PM10,72.0,Satisfactory,"number_of_monitoring_stations in Absolute Number, aqi_value in Indices",,0.0,19.0,25.9,13.5,70,5.6,34.6,979.5
2023-04-05,Punjab,Amritsar,1.0,PM2.5,116.0,Moderate,"number_of_monitoring_stations in Absolute Number, aqi_value in Indices",,0.0,19.7,27.2,12.4,65,0.0,12.4,983.8
2023-04-05,Punjab,Bathinda,1.0,PM10,97.0,Satisfactory,"number_of_monitoring_stations in Absolute Number, aqi_value in Indices",,0.0,22.0,29.2,14.6,56,0.0,13.4,986.7
2023-04-05,Punjab,Jalandhar,1.0,PM10,81.0,Satisfactory,"number_of_monitoring_stations in Absolute Number, aqi_value in Indices",,0.0,20.3,27.7,12.6,65,0.0,11.8,982.6
2023-04-05,Punjab,Ludhiana,1.0,PM10,65.0,Satisfactory,"number_of_monitoring_stations in Absolute Number, aqi_value in Indices",,0.0,20.4,27.4,12.5,64,0.0,12.4,981.5
2023-04-05,Punjab,Patiala,1.0,PM10,62.0,Satisfactory,"number_of_monitoring_stations in Absolute Number, aqi_value in Indices",,0.0,21.2,28.3,13.5,56,0.0,14.9,980.7
2023-04-05,Punjab,Rupnagar,1.0,PM10,115.0,Moderate,"number_of_monitoring_stations in Absolute Number, aqi_value in Indices",,0.0,19.1,27.3,10.4,67,0.0,14.0,979.7
2023-04-06,Punjab,Amritsar,1.0,PM2.5,124.0,Moderate,"number_of_monitoring_stations in Absolute Number, aqi_value in Indices",,1.0,20.1,27.5,13.2,66,0.0,9.9,986.3
2023-04-06,Punjab,Bathinda,1.0,CO,59.0,Satisfactory,"number_of_monitoring_stations in Absolute Number, aqi_value in Indices",,0.0,23.0,29.5,17.5,54,0.0,12.6,989.1
2023-04-06,Punjab,Jalandhar,1.0,PM10,102.0,Moderate,"number_of_monitoring_stations in Absolute Number, aqi_value in Indices",,1.0,21.0,28.2,13.5,58,0.0,14.1,985.0
2023-04-06,Punjab,Ludhiana,1.0,O3,44.0,Good,"number_of_monitoring_stations in Absolute Number, aqi_value in Indices",,0.0,21.5,28.3,15.1,57,0.0,14.3,983.9
2023-04-06,Punjab,Patiala,1.0,PM10,81.0,Satisfactory,"number_of_monitoring_stations in Absolute Number, aqi_value in Indices",,0.0,22.7,29.3,17.0,49,0.1,17.3,983.0
2023-04-06,Punjab,Rupnagar,1.0,PM10,95.0,Satisfactory,"number_of_monitoring_stations in Absolute Number, aqi_value in Indices",,0.0,20.9,28.2,14.4,59,0.0,15.5,982.0
2023-04-07,Punjab,Amritsar,1.0,PM2.5,107.0,Moderate,"number_of_monitoring_stations in Absolute Number, aqi_value in Indices",,0.0,20.8,28.9,14.7,55,0.0,12.0,987.5
2023-04-07,Punjab,Bathinda,1.0,PM10,59.0,Satisfactory,"number_of_monitoring_stations in Absolute Number, aqi_value in Indices",,0.0,22.7,30.3,16.5,50,0.0,14.4,990.7
2023-04-07,Punjab,Jalandhar,1.0,PM10,89.0,Satisfactory,"number_of_monitoring_stations in Absolute Number, aqi_value in Indices",,0.0,20.4,29.1,13.1,57,0.0,14.9,986.3
2023-04-07,Punjab,Ludhiana,1.0,PM10,67.0,Satisfactory,"number_of_monitoring_stations in Absolute Number, aqi_value in Indices",,1.0,20.7,28.8,13.4,57,0.0,15.6,985.2
2023-04-07,Punjab,Patiala,1.0,PM10,70.0,Satisfactory,"number_of_monitoring_stations in Absolute Number, aqi_value in Indices",,0.0,22.4,29.7,15.8,47,0.0,17.1,984.5
2023-04-07,Punjab,Rupnagar,1.0,PM10,97.0,Satisfactory,"number_of_monitoring_stations in Absolute Number, aqi_value in Indices",,0.0,20.1,28.7,11.8,63,0.0,16.8,983.2
2023-04-08,Punjab,Amritsar,1.0,PM2.5,124.0,Moderate,"number_of_monitoring_stations in Absolute Number, aqi_value in Indices",,0.0,22.5,30.3,13.9,51,0.0,10.3,987.5
2023-04-08,Punjab,Bathinda,1.0,CO,51.0,Satisfactory,"number_of_monitoring_stations in Absolute Number, aqi_value in Indices",,1.0,23.8,31.8,16.6,42,0.0,12.3,990.8
2023-04-08,Punjab,Jalandhar,1.0,PM10,107.0,Moderate,"number_of_monitoring_stations in Absolute Number, aqi_value in Indices",,1.0,21.9,30.4,12.9,53,0.0,11.1,986.5
2023-04-08,Punjab,Ludhiana,1.0,PM10,84.0,Satisfactory,"number_of_monitoring_stations in Absolute Number, aqi_value in Indices",,0.0,21.8,30.4,13.7,52,0.0,12.0,985.4
2023-04-08,Punjab,Patiala,1.0,PM10,72.0,Satisfactory,"number_of_monitoring_stations in Absolute Number, aqi_value in Indices",,0.0,22.9,31.4,15.6,42,0.0,13.5,984.8
2023-04-08,Punjab,Rupnagar,1.0,PM10,102.0,Moderate,"number_of_monitoring_stations in Absolute Number, aqi_value in Indices",,0.0,21.4,29.7,13.0,59,0.0,14.5,983.6
2023-04-09,Punjab,Amritsar,1.0,PM2.5,179.0,Moderate,"number_of_monitoring_stations in Absolute Number, aqi_value in Indices",,1.0,23.7,31.5,15.3,47,0.0,10.8,987.5
2023-04-09,Punjab,Bathinda,1.0,PM10,67.0,Satisfactory,"number_of_monitoring_stations in Absolute Number, aqi_value in Indices",,0.0,25.7,32.7,20.1,33,0.0,11.7,990.7
2023-04-09,Punjab,Jalandhar,1.0,PM10,123.0,Moderate,"number_of_monitoring_stations in Absolute Number, aqi_value in Indices",,0.0,23.0,31.5,14.3,49,0.0,10.7,986.4
2023-04-09,Punjab,Ludhiana,1.0,PM10,92.0,Satisfactory,"number_of_monitoring_stations in Absolute Number, aqi_value in Indices",,0.0,23.2,31.4,16.1,43,0.0,10.7,985.5
2023-04-09,Punjab,Patiala,1.0,PM10,90.0,Satisfactory,"number_of_monitoring_stations in Absolute Number, aqi_value in Indices",,1.0,23.3,32.2,14.8,42,0.0,12.8,984.8
2023-04-09,Punjab,Rupnagar,1.0,PM10,130.0,Moderate,"number_of_monitoring_stations in Absolute Number, aqi_value in Indices",,0.0,22.3,30.6,12.8,56,0.0,13.4,983.9
2023-04-10,Punjab,Amritsar,1.0,PM2.5,144.0,Moderate,"number_of_monitoring_stations in Absolute Number, aqi_value in Indices",,0.0,23.8,32.8,15.5,46,0.0,13.0,985.6
2023-04-10,Punjab,Bathinda,1.0,PM2.5,114.0,Moderate,"number_of_monitoring_stations in Absolute Number, aqi_value in Indices",,0.0,26.5,34.0,17.3,33,0.0,14.3,988.8
2023-04-10,Punjab,Jalandhar,1.0,PM10,107.0,Moderate,"number_of_monitoring_stations in Absolute Number, aqi_value in Indices",,0.0,24.1,32.5,15.5,45,0.0,13.5,984.5
2023-04-10,Punjab,Ludhiana,1.0,PM10,96.0,Satisfactory,"number_of_monitoring_stations in Absolute Number, aqi_value in Indices",,0.0,24.0,32.8,14.9,45,0.0,16.3,983.5
2023-04-10,Punjab,Patiala,1.0,O3,66.0,Satisfactory,"number_of_monitoring_stations in Absolute Number, aqi_value in Indices",,2.0,24.8,33.3,15.4,38,0.0,16.3,982.9
2023-04-10,Punjab,Rupnagar,1.0,PM10,121.0,Moderate,"number_of_monitoring_stations in Absolute Number, aqi_value in Indices",,0.0,22.9,31.5,14.6,49,0.0,16.9,981.9
2023-04-11,Punjab,Amritsar,1.0,PM2.5,129.0,Moderate,"number_of_monitoring_stations in Absolute Number, aqi_value in Indices",,1.0,24.2,32.8,16.4,48,0.0,18.3,985.3
2023-04-11,Punjab,Bathinda,1.0,PM2.5,74.0,Satisfactory,"number_of_monitoring_stations in Absolute Number, aqi_value in Indices",,0.0,27.5,35.9,18.7,34,0.0,15.9,988.2
2023-04-11,Punjab,Jalandhar,1.0,PM10,123.0,Moderate,"number_of_monitoring_stations in Absolute Number, aqi_value in Indices",,0.0,24.9,33.7,16.9,43,0.0,19.7,984.2
2023-04-11,Punjab,Ludhiana,1.0,PM10,109.0,Moderate,"number_of_monitoring_stations in Absolute Number, aqi_value in Indices",,0.0,24.8,34.0,15.9,43,0.0,19.9,983.1
2023-04-11,Punjab,Patiala,1.0,PM10,87.0,Satisfactory,"number_of_monitoring_stations in Absolute Number, aqi_value in Indices",,0.0,26.3,34.9,17.4,35,0.0,21.5,982.5
2023-04-11,Punjab,Rupnagar,1.0,PM10,124.0,Moderate,"number_of_monitoring_stations in Absolute Number, aqi_value in Indices",,0.0,23.9,32.9,15.6,45,0.0,20.6,981.4
2023-04-12,Punjab,Amritsar,1.0,PM2.5,153.0,Moderate,"number_of_monitoring_stations in Absolute Number, aqi_value in Indices",,1.0,26.1,35.0,17.4,42,0.0,11.3,984.4
2023-04-12,Punjab,Bathinda,1.0,PM10,140.0,Moderate,"number_of_monitoring_stations in Absolute Number, aqi_value in Indices",,0.0,28.4,36.1,21.2,30,0.0,13.1,987.7
2023-04-12,Punjab,Jalandhar,1.0,PM10,136.0,Moderate,"number_of_monitoring_stations in Absolute Number, aqi_value in Indices",,0.0,26.2,34.7,17.8,41,0.0,13.1,983.4
2023-04-12,Punjab,Ludhiana,1.0,PM10,125.0,Moderate,"number_of_monitoring_stations in Absolute Number, aqi_value in Indices",,0.0,26.6,35.2,19.1,39,0.0,16.0,982.4
2023-04-12,Punjab,Patiala,1.0,PM10,96.0,Satisfactory,"number_of_monitoring_stations in Absolute Number, aqi_value in Indices",,0.0,27.7,36.0,20.3,31,0.0,17.9,981.9
2023-04-12,Punjab,Rupnagar,1.0,PM10,163.0,Moderate,"number_of_monitoring_stations in Absolute Number, aqi_value in Indices",,0.0,24.7,33.4,17.0,48,0.0,15.0,980.7
2023-04-13,Punjab,Amritsar,1.0,PM2.5,169.0,Moderate,"number_of_monitoring_stations in Absolute Number, aqi_value in Indices",,0.0,26.9,35.2,18.8,40,0.0,13.2,982.9
2023-04-13,Punjab,Bathinda,1.0,PM10,126.0,Moderate,"number_of_monitoring_stations in Absolute Number, aqi_value in Indices",,0.0,28.6,36.8,20.4,30,0.0,16.0,986.1
2023-04-13,Punjab,Jalandhar,1.0,PM10,120.0,Moderate,"number_of_monitoring_stations in Absolute Number, aqi_value in Indices",,0.0,26.6,35.2,17.7,42,0.0,16.9,981.9
2023-04-13,Punjab,Ludhiana,1.0,PM10,122.0,Moderate,"number_of_monitoring_stations in Absolute Number, aqi_value in Indices",,1.0,26.5,35.2,17.4,40,0.0,17.4,980.9
2023-04-13,Punjab,Patiala,1.0,PM10,64.0,Satisfactory,"number_of_monitoring_stations in Absolute Number, aqi_value in Indices",,0.0,28.0,36.2,20.0,34,0.0,18.8,980.4
2023-04-13,Punjab,Rupnagar,1.0,PM10,178.0,Moderate,"number_of_monitoring_stations in Absolute Number, aqi_value in Indices",,0.0,25.2,34.2,17.0,48,0.0,16.7,979.3
2023-04-14,Punjab,Amritsar,1.0,PM2.5,157.0,Moderate,"number_of_monitoring_stations in Absolute Number, aqi_value in Indices",,0.0,27.8,37.1,18.3,37,0.0,11.3,981.6
2023-04-14,Punjab,Bathinda,1.0,PM2.5,225.0,Poor,"number_of_monitoring_stations in Absolute Number, aqi_value in Indices",,2.0,29.9,38.2,21.6,26,0.0,13.2,984.8
2023-04-14,Punjab,Jalandhar,1.0,PM10,118.0,Moderate,"number_of_monitoring_stations in Absolute Number, aqi_value in Indices",,1.0,27.5,36.8,18.6,40,0.0,12.4,980.7
2023-04-14,Punjab,Ludhiana,1.0,PM10,122.0,Moderate,"number_of_monitoring_stations in Absolute Number, aqi_value in Indices",,0.0,28.6,36.8,19.6,36,0.0,15.3,979.9
2023-04-14,Punjab,Patiala,1.0,PM10,114.0,Moderate,"number_of_monitoring_stations in Absolute Number, aqi_value in Indices",,0.0,28.6,37.4,20.3,34,0.0,15.6,979.3
2023-04-14,Punjab,Rupnagar,1.0,PM10,182.0,Moderate,"number_of_monitoring_stations in Absolute Number, aqi_value in Indices",,0.0,26.0,35.1,16.7,44,0.0,16.1,978.2
2023-04-15,Punjab,Amritsar,1.0,PM2.5,172.0,Moderate,"number_of_monitoring_stations in Absolute Number, aqi_value in Indices",,0.0,28.5,37.6,19.0,35,0.0,12.3,981.1
2023-04-15,Punjab,Bathinda,1.0,PM2.5,184.0,Moderate,"number_of_monitoring_stations in Absolute Number, aqi_value in Indices",,0.0,30.5,39.6,21.4,25,0.0,13.5,983.8
2023-04-15,Punjab,Jalandhar,1.0,PM10,100.0,Satisfactory,"number_of_monitoring_stations in Absolute Number, aqi_value in Indices",,0.0,28.6,37.1,19.2,35,0.0,11.5,980.2
2023-04-15,Punjab,Ludhiana,1.0,PM10,146.0,Moderate,"number_of_monitoring_stations in Absolute Number, aqi_value in Indices",,0.0,28.1,37.9,18.8,39,0.0,13.7,979.1
2023-04-15,Punjab,Patiala,1.0,PM2.5,139.0,Moderate,"number_of_monitoring_stations in Absolute Number, aqi_value in Indices",,0.0,29.2,38.7,19.6,34,0.0,12.7,978.7
2023-04-15,Punjab,Rupnagar,1.0,PM10,165.0,Moderate,"number_of_monitoring_stations in Absolute Number, aqi_value in Indices",,0.0,26.9,36.2,17.2,45,0.0,13.0,977.8
2023-04-16,Punjab,Amritsar,1.0,PM2.5,124.0,Moderate,"number_of_monitoring_stations in Absolute Number, aqi_value in Indices",,0.0,28.7,38.2,22.7,34,0.0,14.8,980.4
2023-04-16,Punjab,Bathinda,1.0,PM10,134.0,Moderate,"number_of_monitoring_stations in Absolute Number, aqi_value in Indices",,0.0,30.3,38.3,22.6,27,0.0,17.1,983.2
2023-04-16,Punjab,Jalandhar,1.0,PM10,90.0,Satisfactory,"number_of_monitoring_stations in Absolute Number, aqi_value in Indices",,0.0,28.2,36.9,20.9,35,0.0,16.1,979.5
2023-04-16,Punjab,Ludhiana,1.0,PM10,155.0,Moderate,"number_of_monitoring_stations in Absolute Number, aqi_value in Indices",,0.0,28.1,37.8,20.2,36,0.0,13.0,978.4
2023-04-16,Punjab,Patiala,1.0,PM10,115.0,Moderate,"number_of_monitoring_stations in Absolute Number, aqi_value in Indices",,1.0,29.6,38.6,20.0,29,0.0,12.7,978.0
2023-04-16,Punjab,Rupnagar,1.0,PM10,227.0,Poor,"number_of_monitoring_stations in Absolute Number, aqi_value in Indices",,0.0,27.6,36.2,19.1,38,0.0,11.8,977.2
2023-04-17,Punjab,Amritsar,1.0,PM2.5,103.0,Moderate,"number_of_monitoring_stations in Absolute Number, aqi_value in Indices",,0.0,29.0,38.2,19.5,37,0.0,11.6,980.0
2023-04-17,Punjab,Bathinda,1.0,PM2.5,112.0,Moderate,"number_of_monitoring_stations in Absolute Number, aqi_value in Indices",,2.0,31.1,39.0,23.4,31,0.0,15.7,983.0
2023-04-17,Punjab,Jalandhar,1.0,PM10,124.0,Moderate,"number_of_monitoring_stations in Absolute Number, aqi_value in Indices",,0.0,29.1,37.4,19.4,34,0.0,12.3,979.1
2023-04-17,Punjab,Ludhiana,1.0,PM10,108.0,Moderate,"number_of_monitoring_stations in Absolute Number, aqi_value in Indices",,0.0,30.1,38.5,19.7,33,0.0,9.4,978.2
2023-04-17,Punjab,Patiala,1.0,PM10,149.0,Moderate,"number_of_monitoring_stations in Absolute Number, aqi_value in Indices",,0.0,30.7,38.8,21.2,31,0.0,11.0,977.7
2023-04-17,Punjab,Rupnagar,1.0,PM10,168.0,Moderate,"number_of_monitoring_stations in Absolute Number, aqi_value in Indices",,0.0,27.3,36.9,18.4,41,0.0,14.6,976.7
2023-04-18,Punjab,Bathinda,1.0,PM2.5,215.0,Poor,"number_of_monitoring_stations in Absolute Number, aqi_value in Indices",,1.0,29.8,36.1,24.4,33,0.1,21.3,984.5
2023-04-18,Punjab,Jalandhar,1.0,PM10,135.0,Moderate,"number_of_monitoring_stations in Absolute Number, aqi_value in Indices",,0.0,27.9,35.7,22.5,40,2.1,18.4,980.6
2023-04-18,Punjab,Ludhiana,1.0,PM10,166.0,Moderate,"number_of_monitoring_stations in Absolute Number, aqi_value in Indices",,0.0,29.3,36.7,22.5,35,0.0,17.6,979.6
2023-04-18,Punjab,Patiala,1.0,PM10,134.0,Moderate,"number_of_monitoring_stations in Absolute Number, aqi_value in Indices",,0.0,30.7,39.1,24.1,29,1.4,22.4,979.0
2023-04-18,Punjab,Rupnagar,1.0,PM10,170.0,Moderate,"number_of_monitoring_stations in Absolute Number, aqi_value in Indices",,0.0,28.2,35.9,20.1,36,0.0,27.2,978.2
2023-04-19,Punjab,Amritsar,1.0,PM2.5,134.0,Moderate,"number_of_monitoring_stations in Absolute Number, aqi_value in Indices",,0.0,23.5,29.3,20.6,70,6.3,12.6,980.1
2023-04-19,Punjab,Bathinda,1.0,PM10,67.0,Satisfactory,"number_of_monitoring_stations in Absolute Number, aqi_value in Indices",,1.0,26.8,32.9,23.1,52,0.7,24.1,982.6
2023-04-19,Punjab,Jalandhar,1.0,PM10,113.0,Moderate,"number_of_monitoring_stations in Absolute Number, aqi_value in Indices",,0.0,24.9,29.9,20.7,58,20.2,20.2,978.9
2023-04-19,Punjab,Ludhiana,1.0,PM10,109.0,Moderate,"number_of_monitoring_stations in Absolute Number, aqi_value in Indices",,0.0,25.6,32.3,21.7,53,2.7,21.6,977.8
2023-04-19,Punjab,Patiala,1.0,PM10,118.0,Moderate,"number_of_monitoring_stations in Absolute Number, aqi_value in Indices",,1.0,26.0,35.1,22.2,50,5.4,21.4,977.3
2023-04-19,Punjab,Rupnagar,1.0,PM10,123.0,Moderate,"number_of_monitoring_stations in Absolute Number, aqi_value in Indices",,0.0,24.7,31.7,20.7,53,7.8,24.2,976.6
2023-04-20,Punjab,Amritsar,1.0,PM2.5,64.0,Satisfactory,"number_of_monitoring_stations in Absolute Number, aqi_value in Indices",,0.0,23.1,29.8,18.6,58,0.9,17.0,977.6
2023-04-20,Punjab,Bathinda,1.0,PM2.5,104.0,Moderate,"number_of_monitoring_stations in Absolute Number, aqi_value in Indices",,0.0,26.0,32.6,20.7,52,1.8,19.2,979.9
2023-04-20,Punjab,Jalandhar,1.0,PM10,66.0,Satisfactory,"number_of_monitoring_stations in Absolute Number, aqi_value in Indices",,1.0,23.6,29.2,18.4,56,0.0,20.7,976.5
2023-04-20,Punjab,Ludhiana,1.0,PM10,84.0,Satisfactory,"number_of_monitoring_stations in Absolute Number, aqi_value in Indices",,0.0,24.6,30.4,20.0,53,0.5,17.8,975.3
2023-04-20,Punjab,Patiala,1.0,O3,61.0,Satisfactory,"number_of_monitoring_stations in Absolute Number, aqi_value in Indices",,0.0,25.8,31.0,20.9,48,0.5,17.5,974.6
2023-04-20,Punjab,Rupnagar,1.0,PM10,76.0,Satisfactory,"number_of_monitoring_stations in Absolute Number, aqi_value in Indices",,0.0,23.6,29.7,18.7,55,4.9,21.9,974.1
2023-04-21,Punjab,Amritsar,1.0,PM2.5,63.0,Satisfactory,"number_of_monitoring_stations in Absolute Number, aqi_value in Indices",,0.0,22.6,29.4,17.2,51,0.3,17.6,979.1
2023-04-21,Punjab,Bathinda,1.0,PM10,161.0,Moderate,"number_of_monitoring_stations in Absolute Number, aqi_value in Indices",,0.0,26.1,32.2,19.4,41,0.8,14.7,981.1
2023-04-21,Punjab,Jalandhar,1.0,PM10,62.0,Satisfactory,"number_of_monitoring_stations in Absolute Number, aqi_value in Indices",,0.0,22.8,29.3,16.7,52,0.8,14.8,977.7
2023-04-21,Punjab,Ludhiana,1.0,PM10,65.0,Satisfactory,"number_of_monitoring_stations in Absolute Number, aqi_value in Indices",,0.0,24.4,31.3,17.9,42,0.9,16.8,976.5
2023-04-21,Punjab,Patiala,1.0,O3,69.0,Satisfactory,"number_of_monitoring_stations in Absolute Number, aqi_value in Indices",,0.0,25.5,31.9,18.4,40,0.1,14.1,975.6
2023-04-21,Punjab,Rupnagar,1.0,PM10,83.0,Satisfactory,"number_of_monitoring_stations in Absolute Number, aqi_value in Indices",,0.0,23.8,29.3,17.7,42,0.0,22.0,974.9
2023-04-22,Punjab,Amritsar,1.0,PM2.5,76.0,Satisfactory,"number_of_monitoring_stations in Absolute Number, aqi_value in Indices",,0.0,21.9,29.8,16.3,46,0.2,25.9,980.3
2023-04-22,Punjab,Bathinda,1.0,PM10,53.0,Satisfactory,"number_of_monitoring_stations in Absolute Number, aqi_value in Indices",,0.0,25.8,32.9,19.2,33,0.0,19.2,982.7
2023-04-22,Punjab,Jalandhar,1.0,PM10,94.0,Satisfactory,"number_of_monitoring_stations in Absolute Number, aqi_value in Indices",,0.0,22.8,29.3,15.2,48,0.0,23.5,978.9
2023-04-22,Punjab,Ludhiana,1.0,PM10,99.0,Satisfactory,"number_of_monitoring_stations in Absolute Number, aqi_value in Indices",,0.0,24.1,31.2,16.7,38,0.0,17.0,977.8
2023-04-22,Punjab,Patiala,1.0,PM10,53.0,Satisfactory,"number_of_monitoring_stations in Absolute Number, aqi_value in Indices",,0.0,25.1,32.8,17.4,32,0.0,15.3,976.7
2023-04-22,Punjab,Rupnagar,1.0,PM10,99.0,Satisfactory,"number_of_monitoring_stations in Absolute Number, aqi_value in Indices",,0.0,22.3,30.4,15.0,48,0.0,15.0,976.0
2023-04-23,Punjab,Amritsar,1.0,PM2.5,61.0,Satisfactory,"number_of_monitoring_stations in Absolute Number, aqi_value in Indices",,0.0,23.4,32.4,14.2,45,0.0,9.7,980.5
2023-04-23,Punjab,Bathinda,1.0,PM10,85.0,Satisfactory,"number_of_monitoring_stations in Absolute Number, aqi_value in Indices",,1.0,25.5,32.7,18.0,33,0.0,11.6,983.3
2023-04-23,Punjab,Jalandhar,1.0,PM10,94.0,Satisfactory,"number_of_monitoring_stations in Absolute Number, aqi_value in Indices",,0.0,23.3,31.5,14.7,43,0.0,10.8,979.3
2023-04-23,Punjab,Ludhiana,1.0,PM10,87.0,Satisfactory,"number_of_monitoring_stations in Absolute Number, aqi_value in Indices",,0.0,24.2,31.2,16.4,38,0.0,12.2,978.3
2023-04-23,Punjab,Patiala,1.0,O3,78.0,Satisfactory,"number_of_monitoring_stations in Absolute Number, aqi_value in Indices",,1.0,24.9,32.7,17.8,34,0.0,16.7,977.6
2023-04-23,Punjab,Rupnagar,1.0,PM10,115.0,Moderate,"number_of_monitoring_stations in Absolute Number, aqi_value in Indices",,0.0,22.0,30.4,14.7,52,0.0,11.6,976.7
2023-04-24,Punjab,Amritsar,1.0,PM2.5,141.0,Moderate,"number_of_monitoring_stations in Absolute Number, aqi_value in Indices",,0.0,25.5,34.3,16.3,38,0.0,11.8,983.0
2023-04-24,Punjab,Bathinda,1.0,PM10,180.0,Moderate,"number_of_monitoring_stations in Absolute Number, aqi_value in Indices",,4.0,26.5,33.6,18.2,33,0.0,13.4,986.2
2023-04-24,Punjab,Jalandhar,1.0,PM10,108.0,Moderate,"number_of_monitoring_stations in Absolute Number, aqi_value in Indices",,0.0,24.4,32.6,15.8,43,0.0,11.5,982.1
2023-04-24,Punjab,Ludhiana,1.0,PM10,124.0,Moderate,"number_of_monitoring_stations in Absolute Number, aqi_value in Indices",,2.0,25.3,33.3,17.6,39,0.0,13.0,981.2
2023-04-24,Punjab,Patiala,1.0,PM10,100.0,Satisfactory,"number_of_monitoring_stations in Absolute Number, aqi_value in Indices",,0.0,25.5,32.7,17.6,36,0.0,13.1,980.9
2023-04-24,Punjab,Rupnagar,1.0,PM10,206.0,Poor,"number_of_monitoring_stations in Absolute Number, aqi_value in Indices",,0.0,23.4,30.9,15.3,49,0.0,18.3,979.8
2023-04-25,Punjab,Amritsar,1.0,PM2.5,124.0,Moderate,"number_of_monitoring_stations in Absolute Number, aqi_value in Indices",,0.0,26.1,34.1,19.2,39,0.0,17.2,984.2
2023-04-25,Punjab,Bathinda,1.0,PM10,128.0,Moderate,"number_of_monitoring_stations in Absolute Number, aqi_value in Indices",,7.0,27.9,35.1,21.2,30,0.0,16.5,986.9
2023-04-25,Punjab,Jalandhar,1.0,PM10,106.0,Moderate,"number_of_monitoring_stations in Absolute Number, aqi_value in Indices",,3.0,25.7,33.0,19.0,42,0.0,16.3,983.6
2023-04-25,Punjab,Ludhiana,1.0,PM10,118.0,Moderate,"number_of_monitoring_stations in Absolute Number, aqi_value in Indices",,1.0,26.1,33.7,19.9,40,0.0,17.7,982.6
2023-04-25,Punjab,Patiala,1.0,PM10,122.0,Moderate,"number_of_monitoring_stations in Absolute Number, aqi_value in Indices",,3.0,26.2,33.0,20.0,40,0.0,16.7,982.4
2023-04-25,Punjab,Rupnagar,1.0,PM10,125.0,Moderate,"number_of_monitoring_stations in Absolute Number, aqi_value in Indices",,0.0,25.1,31.3,18.1,45,0.0,20.3,981.5
2023-04-26,Punjab,Amritsar,1.0,PM2.5,162.0,Moderate,"number_of_monitoring_stations in Absolute Number, aqi_value in Indices",,0.0,26.2,34.5,19.2,44,0.3,23.0,981.5
2023-04-26,Punjab,Bathinda,1.0,PM10,89.0,Satisfactory,"number_of_monitoring_stations in Absolute Number, aqi_value in Indices",,1.0,29.5,36.7,21.9,27,0.0,14.3,984.0
2023-04-26,Punjab,Jalandhar,1.0,PM10,111.0,Moderate,"number_of_monitoring_stations in Absolute Number, aqi_value in Indices",,0.0,25.9,32.5,18.3,45,0.0,15.4,980.6
2023-04-26,Punjab,Ludhiana,1.0,PM10,125.0,Moderate,"number_of_monitoring_stations in Absolute Number, aqi_value in Indices",,0.0,26.5,34.7,18.5,41,0.3,15.8,979.6
2023-04-27,Punjab,Amritsar,1.0,PM2.5,102.0,Moderate,"number_of_monitoring_stations in Absolute Number, aqi_value in Indices",,0.0,26.1,33.7,20.9,41,0.4,28.9,981.5
2023-04-27,Punjab,Bathinda,1.0,PM10,81.0,Satisfactory,"number_of_monitoring_stations in Absolute Number, aqi_value in Indices",,4.0,29.2,33.7,24.2,30,0.5,19.2,983.7
2023-04-27,Punjab,Jalandhar,1.0,PM10,92.0,Satisfactory,"number_of_monitoring_stations in Absolute Number, aqi_value in Indices",,0.0,25.6,33.5,19.9,45,0.3,25.6,980.5
2023-04-27,Punjab,Ludhiana,1.0,PM2.5,174.0,Moderate,"number_of_monitoring_stations in Absolute Number, aqi_value in Indices",,4.0,25.9,32.0,20.7,42,0.4,22.7,979.4
2023-04-27,Punjab,Patiala,1.0,PM10,103.0,Moderate,"number_of_monitoring_stations in Absolute Number, aqi_value in Indices",,2.0,26.7,32.5,22.6,40,1.5,16.0,979.1
2023-04-28,Punjab,Amritsar,1.0,PM2.5,121.0,Moderate,"number_of_monitoring_stations in Absolute Number, aqi_value in Indices",,0.0,26.0,34.4,18.5,45,0.1,15.2,982.4
2023-04-28,Punjab,Bathinda,1.0,PM2.5,73.0,Satisfactory,"number_of_monitoring_stations in Absolute Number, aqi_value in Indices",,1.0,27.6,32.8,21.9,39,0.4,13.3,985.2
2023-04-28,Punjab,Jalandhar,1.0,PM10,108.0,Moderate,"number_of_monitoring_stations in Absolute Number, aqi_value in Indices",,0.0,25.6,32.8,17.8,47,0.0,18.1,981.2
2023-04-28,Punjab,Ludhiana,1.0,PM2.5,252.0,Poor,"number_of_monitoring_stations in Absolute Number, aqi_value in Indices",,1.0,26.0,34.3,17.8,46,1.4,16.3,980.2
2023-04-28,Punjab,Patiala,1.0,PM10,97.0,Satisfactory,"number_of_monitoring_stations in Absolute Number, aqi_value in Indices",,2.0,26.4,34.3,19.8,43,0.1,12.1,979.7
2023-04-29,Punjab,Amritsar,1.0,PM2.5,117.0,Moderate,"number_of_monitoring_stations in Absolute Number, aqi_value in Indices",,1.0,27.2,35.3,19.8,39,0.0,19.2,980.6
2023-04-29,Punjab,Bathinda,1.0,PM2.5,42.0,Good,"number_of_monitoring_stations in Absolute Number, aqi_value in Indices",,3.0,26.8,32.5,22.3,43,1.2,15.3,984.0
2023-04-29,Punjab,Jalandhar,1.0,PM10,146.0,Moderate,"number_of_monitoring_stations in Absolute Number, aqi_value in Indices",,1.0,26.6,34.1,20.2,44,0.0,15.8,979.8
2023-04-29,Punjab,Ludhiana,1.0,PM2.5,189.0,Moderate,"number_of_monitoring_stations in Absolute Number, aqi_value in Indices",,0.0,26.4,34.7,20.7,45,0.0,16.6,978.8
2023-04-29,Punjab,Patiala,1.0,PM10,131.0,Moderate,"number_of_monitoring_stations in Absolute Number, aqi_value in Indices",,1.0,25.8,34.0,20.7,46,2.6,13.1,978.5
2023-04-29,Punjab,Rupnagar,1.0,PM2.5,234.0,Poor,"number_of_monitoring_stations in Absolute Number, aqi_value in Indices",,0.0,24.6,33.0,17.0,53,0.0,19.9,977.4
2023-04-30,Punjab,Amritsar,1.0,PM2.5,106.0,Moderate,"number_of_monitoring_stations in Absolute Number, aqi_value in Indices",,0.0,26.1,32.0,20.9,48,1.4,14.1,979.9
2023-04-30,Punjab,Bathinda,1.0,PM10,59.0,Satisfactory,"number_of_monitoring_stations in Absolute Number, aqi_value in Indices",,2.0,25.7,30.1,21.0,51,2.7,13.5,983.2
2023-04-30,Punjab,Jalandhar,1.0,PM10,92.0,Satisfactory,"number_of_monitoring_stations in Absolute Number, aqi_value in Indices",,0.0,24.7,30.2,19.6,58,3.2,18.2,979.2
2023-04-30,Punjab,Ludhiana,1.0,PM2.5,89.0,Satisfactory,"number_of_monitoring_stations in Absolute Number, aqi_value in Indices",,1.0,25.2,31.0,20.6,55,1.2,10.7,978.3
2023-04-30,Punjab,Patiala,1.0,PM10,85.0,Satisfactory,"number_of_monitoring_stations in Absolute Number, aqi_value in Indices",,2.0,24.7,31.0,19.6,57,1.3,12.4,977.8
2023-04-30,Punjab,Rupnagar,1.0,NO2,97.0,Satisfactory,"number_of_monitoring_stations in Absolute Number, aqi_value in Indices",,1.0,23.7,29.8,19.0,63,0.2,19.0,976.9
2023-05-01,Punjab,Amritsar,1.0,PM2.5,91.0,Satisfactory,"number_of_monitoring_stations in Absolute Number, aqi_value in Indices",,0.0,22.2,26.3,19.0,74,8.5,24.0,981.2
2023-05-01,Punjab,Bathinda,1.0,PM10,41.0,Good,"number_of_monitoring_stations in Absolute Number, aqi_value in Indices",,0.0,22.8,27.5,20.2,71,16.6,18.0,983.5
2023-05-01,Punjab,Jalandhar,1.0,PM10,65.0,Satisfactory,"number_of_monitoring_stations in Absolute Number, aqi_value in Indices",,0.0,21.9,26.3,19.4,75,15.4,18.1,980.3
2023-05-01,Punjab,Ludhiana,1.0,PM2.5,87.0,Satisfactory,"number_of_monitoring_stations in Absolute Number, aqi_value in Indices",,0.0,21.3,25.1,18.9,78,4.3,20.0,979.2
2023-05-01,Punjab,Patiala,1.0,O3,61.0,Satisfactory,"number_of_monitoring_stations in Absolute Number, aqi_value in Indices",,0.0,20.4,23.0,19.3,82,9.5,19.7,978.6
2023-05-01,Punjab,Rupnagar,1.0,NO2,93.0,Satisfactory,"number_of_monitoring_stations in Absolute Number, aqi_value in Indices",,0.0,20.7,23.2,18.7,79,3.5,17.1,977.9
2023-05-02,Punjab,Bathinda,1.0,PM10,53.0,Satisfactory,"number_of_monitoring_stations in Absolute Number, aqi_value in Indices",,18.0,23.1,28.7,18.9,71,2.6,15.3,985.1
2023-05-02,Punjab,Jalandhar,1.0,PM10,42.0,Good,"number_of_monitoring_stations in Absolute Number, aqi_value in Indices",,1.0,20.9,25.9,18.2,79,11.4,15.8,982.0
2023-05-02,Punjab,Ludhiana,1.0,PM10,72.0,Satisfactory,"number_of_monitoring_stations in Absolute Number, aqi_value in Indices",,0.0,21.3,26.7,18.1,78,5.9,15.4,980.8
2023-05-02,Punjab,Patiala,1.0,O3,44.0,Good,"number_of_monitoring_stations in Absolute Number, aqi_value in Indices",,1.0,20.8,24.8,17.6,80,35.7,19.5,980.2
2023-05-02,Punjab,Rupnagar,1.0,CO,57.0,Satisfactory,"number_of_monitoring_stations in Absolute Number, aqi_value in Indices",,0.0,21.1,25.9,17.9,76,7.9,21.3,979.5
2023-05-03,Punjab,Amritsar,1.0,NO2,67.0,Satisfactory,"number_of_monitoring_stations in Absolute Number, aqi_value in Indices",,0.0,21.9,28.5,17.7,76,7.0,13.1,983.7
2023-05-03,Punjab,Jalandhar,1.0,PM10,37.0,Good,"number_of_monitoring_stations in Absolute Number, aqi_value in Indices",,0.0,21.5,27.7,17.6,81,14.2,17.4,982.7
2023-05-03,Punjab,Patiala,1.0,O3,51.0,Satisfactory,"number_of_monitoring_stations in Absolute Number, aqi_value in Indices",,5.0,22.3,27.9,18.5,74,7.8,12.1,981.1
2023-05-03,Punjab,Rupnagar,1.0,PM10,106.0,Moderate,"number_of_monitoring_stations in Absolute Number, aqi_value in Indices",,0.0,21.8,28.2,17.6,75,9.2,20.4,980.3
2023-05-04,Punjab,Amritsar,1.0,NO2,78.0,Satisfactory,"number_of_monitoring_stations in Absolute Number, aqi_value in Indices",,6.0,23.9,29.5,18.0,65,0.5,13.5,983.4
2023-05-04,Punjab,Bathinda,1.0,PM10,32.0,Good,"number_of_monitoring_stations in Absolute Number, aqi_value in Indices",,27.0,25.9,31.6,20.3,56,0.1,9.8,985.8
2023-05-04,Punjab,Jalandhar,1.0,PM10,55.0,Satisfactory,"number_of_monitoring_stations in Absolute Number, aqi_value in Indices",,7.0,23.0,28.8,17.1,71,2.6,8.7,982.3
2023-05-04,Punjab,Ludhiana,1.0,PM2.5,103.0,Moderate,"number_of_monitoring_stations in Absolute Number, aqi_value in Indices",,3.0,23.1,29.1,16.9,69,1.4,9.4,981.2
2023-05-04,Punjab,Patiala,1.0,O3,75.0,Satisfactory,"number_of_monitoring_stations in Absolute Number, aqi_value in Indices",,20.0,23.2,28.7,17.3,69,0.0,8.1,980.6
2023-05-04,Punjab,Rupnagar,1.0,PM10,126.0,Moderate,"number_of_monitoring_stations in Absolute Number, aqi_value in Indices",,0.0,22.9,28.7,16.5,66,0.0,8.4,979.8
2023-05-05,Punjab,Amritsar,1.0,PM2.5,66.0,Satisfactory,"number_of_monitoring_stations in Absolute Number, aqi_value in Indices",,1.0,24.9,31.3,18.7,58,0.0,11.2,981.7
2023-05-05,Punjab,Bathinda,1.0,PM10,44.0,Good,"number_of_monitoring_stations in Absolute Number, aqi_value in Indices",,95.0,27.4,33.7,21.2,46,0.3,15.1,984.5
2023-05-05,Punjab,Jalandhar,1.0,PM10,60.0,Satisfactory,"number_of_monitoring_stations in Absolute Number, aqi_value in Indices",,7.0,24.5,30.3,19.1,60,0.0,11.5,980.5
2023-05-05,Punjab,Ludhiana,1.0,O3,87.0,Satisfactory,"number_of_monitoring_stations in Absolute Number, aqi_value in Indices",,48.0,25.0,31.1,19.3,56,0.0,12.3,979.4
2023-05-05,Punjab,Patiala,1.0,PM10,77.0,Satisfactory,"number_of_monitoring_stations in Absolute Number, aqi_value in Indices",,44.0,24.6,30.6,19.2,58,1.0,21.8,978.8
2023-05-05,Punjab,Rupnagar,1.0,PM10,125.0,Moderate,"number_of_monitoring_stations in Absolute Number, aqi_value in Indices",,0.0,24.1,30.0,19.0,62,0.0,10.5,977.8
2023-05-06,Punjab,Amritsar,1.0,PM2.5,83.0,Satisfactory,"number_of_monitoring_stations in Absolute Number, aqi_value in Indices",,35.0,26.7,33.3,19.9,43,0.0,17.7,979.5
2023-05-06,Punjab,Bathinda,1.0,PM10,72.0,Satisfactory,"number_of_monitoring_stations in Absolute Number, aqi_value in Indices",,97.0,28.6,35.6,21.4,37,0.3,17.7,982.5
2023-05-06,Punjab,Jalandhar,1.0,PM10,101.0,Moderate,"number_of_monitoring_stations in Absolute Number, aqi_value in Indices",,24.0,25.5,31.7,20.0,50,0.2,18.4,978.5
2023-05-06,Punjab,Ludhiana,1.0,PM10,92.0,Satisfactory,"number_of_monitoring_stations in Absolute Number, aqi_value in Indices",,66.0,25.6,33.0,18.5,51,0.0,17.7,977.4
2023-05-06,Punjab,Patiala,1.0,PM10,91.0,Satisfactory,"number_of_monitoring_stations in Absolute Number, aqi_value in Indices",,63.0,26.0,32.7,18.7,47,0.0,19.0,976.7
2023-05-06,Punjab,Rupnagar,1.0,PM10,166.0,Moderate,"number_of_monitoring_stations in Absolute Number, aqi_value in Indices",,0.0,24.4,31.5,17.5,57,0.0,16.1,975.7
2023-05-07,Punjab,Bathinda,1.0,PM10,218.0,Poor,"number_of_monitoring_stations in Absolute Number, aqi_value in Indices",,46.0,29.1,37.9,21.1,31,0.0,21.9,980.9
2023-05-07,Punjab,Jalandhar,1.0,PM10,90.0,Satisfactory,"number_of_monitoring_stations in Absolute Number, aqi_value in Indices",,9.0,25.4,33.5,19.1,48,0.0,16.5,977.6
2023-05-07,Punjab,Ludhiana,1.0,PM10,108.0,Moderate,"number_of_monitoring_stations in Absolute Number, aqi_value in Indices",,32.0,26.1,34.4,17.9,47,0.0,18.5,976.3
2023-05-07,Punjab,Patiala,1.0,PM10,108.0,Moderate,"number_of_monitoring_stations in Absolute Number, aqi_value in Indices",,44.0,26.8,34.7,19.4,44,0.0,20.3,975.8
2023-05-07,Punjab,Rupnagar,1.0,PM10,102.0,Moderate,"number_of_monitoring_stations in Absolute Number, aqi_value in Indices",,0.0,25.1,34.2,15.8,49,0.2,22.2,975.1
2023-05-08,Punjab,Amritsar,1.0,PM2.5,120.0,Moderate,"number_of_monitoring_stations in Absolute Number, aqi_value in Indices",,42.0,25.8,34.2,18.7,42,0.0,24.2,978.8
2023-05-08,Punjab,Bathinda,1.0,PM10,112.0,Moderate,"number_of_monitoring_stations in Absolute Number, aqi_value in Indices",,45.0,28.6,36.7,19.7,32,0.0,21.9,980.7
2023-05-08,Punjab,Jalandhar,1.0,PM10,113.0,Moderate,"number_of_monitoring_stations in Absolute Number, aqi_value in Indices",,21.0,24.5,32.7,19.1,47,0.0,31.6,977.4
2023-05-08,Punjab,Ludhiana,1.0,PM10,155.0,Moderate,"number_of_monitoring_stations in Absolute Number, aqi_value in Indices",,64.0,26.2,34.6,18.4,44,0.2,23.6,976.0
2023-05-08,Punjab,Patiala,1.0,PM10,102.0,Moderate,"number_of_monitoring_stations in Absolute Number, aqi_value in Indices",,19.0,26.5,33.0,20.3,45,0.0,22.3,975.5
2023-05-08,Punjab,Rupnagar,1.0,PM10,117.0,Moderate,"number_of_monitoring_stations in Absolute Number, aqi_value in Indices",,2.0,25.6,33.0,16.3,40,1.4,28.9,974.9
2023-05-09,Punjab,Amritsar,1.0,PM2.5,101.0,Moderate,"number_of_monitoring_stations in Absolute Number, aqi_value in Indices",,28.0,26.2,33.4,17.3,36,0.0,16.4,982.0
2023-05-09,Punjab,Bathinda,1.0,PM10,64.0,Satisfactory,"number_of_monitoring_stations in Absolute Number, aqi_value in Indices",,25.0,28.6,35.5,20.5,33,0.0,17.2,984.4
2023-05-09,Punjab,Jalandhar,1.0,PM10,87.0,Satisfactory,"number_of_monitoring_stations in Absolute Number, aqi_value in Indices",,12.0,25.0,32.5,17.5,41,0.0,13.9,980.6
2023-05-09,Punjab,Ludhiana,1.0,PM2.5,171.0,Moderate,"number_of_monitoring_stations in Absolute Number, aqi_value in Indices",,12.0,26.0,33.5,18.3,37,0.0,17.2,979.5
2023-05-09,Punjab,Patiala,1.0,PM10,115.0,Moderate,"number_of_monitoring_stations in Absolute Number, aqi_value in Indices",,12.0,26.6,33.8,18.9,35,0.0,18.5,978.6
2023-05-09,Punjab,Rupnagar,1.0,PM10,102.0,Moderate,"number_of_monitoring_stations in Absolute Number, aqi_value in Indices",,0.0,26.3,33.1,18.1,35,0.0,20.3,977.8
2023-05-10,Punjab,Amritsar,1.0,PM2.5,132.0,Moderate,"number_of_monitoring_stations in Absolute Number, aqi_value in Indices",,123.0,26.9,35.9,19.4,33,0.0,15.8,979.8
2023-05-10,Punjab,Bathinda,1.0,PM10,53.0,Satisfactory,"number_of_monitoring_stations in Absolute Number, aqi_value in Indices",,60.0,29.1,36.5,21.9,24,0.0,17.6,983.2
2023-05-10,Punjab,Jalandhar,1.0,PM10,89.0,Satisfactory,"number_of_monitoring_stations in Absolute Number, aqi_value in Indices",,41.0,25.2,33.6,17.1,43,0.0,13.9,978.7
2023-05-10,Punjab,Ludhiana,1.0,PM2.5,175.0,Moderate,"number_of_monitoring_stations in Absolute Number, aqi_value in Indices",,84.0,25.7,34.3,18.2,40,0.0,15.0,977.8
2023-05-10,Punjab,Patiala,1.0,PM10,99.0,Satisfactory,"number_of_monitoring_stations in Absolute Number, aqi_value in Indices",,40.0,26.4,33.9,19.5,34,0.0,16.1,977.2
2023-05-10,Punjab,Rupnagar,1.0,PM10,130.0,Moderate,"number_of_monitoring_stations in Absolute Number, aqi_value in Indices",,2.0,25.0,33.0,16.3,42,0.0,15.0,976.1
2023-05-11,Punjab,Amritsar,1.0,PM2.5,220.0,Poor,"number_of_monitoring_stations in Absolute Number, aqi_value in Indices",,122.0,28.3,37.7,18.8,38,0.0,10.7,979.9
2023-05-11,Punjab,Bathinda,1.0,PM10,79.0,Satisfactory,"number_of_monitoring_stations in Absolute Number, aqi_value in Indices",,69.0,31.3,39.6,23.2,24,0.0,15.6,983.0
2023-05-11,Punjab,Jalandhar,1.0,PM10,130.0,Moderate,"number_of_monitoring_stations in Absolute Number, aqi_value in Indices",,60.0,27.4,35.6,17.9,43,0.0,11.2,979.0
2023-05-11,Punjab,Ludhiana,1.0,PM2.5,192.0,Moderate,"number_of_monitoring_stations in Absolute Number, aqi_value in Indices",,109.0,28.2,37.1,18.9,37,0.0,11.2,978.0
2023-05-11,Punjab,Patiala,1.0,O3,173.0,Moderate,"number_of_monitoring_stations in Absolute Number, aqi_value in Indices",,55.0,28.2,37.0,18.9,36,0.0,12.3,977.5
2023-05-11,Punjab,Rupnagar,1.0,PM10,211.0,Poor,"number_of_monitoring_stations in Absolute Number, aqi_value in Indices",,1.0,26.6,35.5,17.0,40,0.0,11.2,976.6
2023-05-12,Punjab,Amritsar,1.0,PM2.5,161.0,Moderate,"number_of_monitoring_stations in Absolute Number, aqi_value in Indices",,122.0,29.8,39.6,20.0,36,0.0,13.7,979.2
2023-05-12,Punjab,Bathinda,1.0,PM2.5,84.0,Satisfactory,"number_of_monitoring_stations in Absolute Number, aqi_value in Indices",,23.0,31.9,40.3,22.8,24,0.0,11.2,982.1
2023-05-12,Punjab,Jalandhar,1.0,PM10,128.0,Moderate,"number_of_monitoring_stations in Absolute Number, aqi_value in Indices",,30.0,27.9,37.3,18.5,41,0.0,12.3,978.3
2023-05-12,Punjab,Ludhiana,1.0,PM2.5,203.0,Poor,"number_of_monitoring_stations in Absolute Number, aqi_value in Indices",,53.0,30.1,38.0,21.1,33,0.0,8.1,977.5
2023-05-12,Punjab,Patiala,1.0,O3,218.0,Poor,"number_of_monitoring_stations in Absolute Number, aqi_value in Indices",,31.0,28.7,38.2,19.5,34,0.0,11.0,976.8
2023-05-13,Punjab,Amritsar,1.0,PM10,106.0,Moderate,"number_of_monitoring_stations in Absolute Number, aqi_value in Indices",,149.0,30.8,38.8,21.9,32,0.0,14.8,978.9
2023-05-13,Punjab,Bathinda,1.0,PM10,153.0,Moderate,"number_of_monitoring_stations in Absolute Number, aqi_value in Indices",,16.0,33.1,41.8,23.9,25,0.0,15.9,981.0
2023-05-13,Punjab,Jalandhar,1.0,PM10,137.0,Moderate,"number_of_monitoring_stations in Absolute Number, aqi_value in Indices",,62.0,29.0,37.8,19.9,39,0.0,16.4,977.7
2023-05-13,Punjab,Ludhiana,1.0,PM2.5,269.0,Poor,"number_of_monitoring_stations in Absolute Number, aqi_value in Indices",,83.0,30.0,38.8,20.5,36,0.0,12.6,976.7
2023-05-13,Punjab,Patiala,1.0,O3,188.0,Moderate,"number_of_monitoring_stations in Absolute Number, aqi_value in Indices",,24.0,30.4,38.7,21.2,34,0.0,13.8,976.1
2023-05-13,Punjab,Rupnagar,1.0,PM10,208.0,Poor,"number_of_monitoring_stations in Absolute Number, aqi_value in Indices",,0.0,29.1,38.3,19.0,36,0.0,14.1,975.3
2023-05-14,Punjab,Bathinda,1.0,PM10,206.0,Poor,"number_of_monitoring_stations in Absolute Number, aqi_value in Indices",,0.0,32.7,39.1,25.9,24,0.0,20.6,978.9
2023-05-14,Punjab,Jalandhar,1.0,PM10,137.0,Moderate,"number_of_monitoring_stations in Absolute Number, aqi_value in Indices",,14.0,30.1,38.3,21.1,32,0.0,21.7,975.4
2023-05-14,Punjab,Ludhiana,1.0,PM10,149.0,Moderate,"number_of_monitoring_stations in Absolute Number, aqi_value in Indices",,7.0,30.5,38.7,22.2,31,0.0,17.2,974.2
2023-05-14,Punjab,Patiala,1.0,PM10,139.0,Moderate,"number_of_monitoring_stations in Absolute Number, aqi_value in Indices",,2.0,31.4,40.2,22.7,28,0.0,22.3,973.4
2023-05-14,Punjab,Rupnagar,1.0,PM2.5,188.0,Moderate,"number_of_monitoring_stations in Absolute Number, aqi_value in Indices",,2.0,30.3,39.0,20.4,29,0.0,19.3,972.6
2023-05-15,Punjab,Bathinda,1.0,PM10,125.0,Moderate,"number_of_monitoring_stations in Absolute Number, aqi_value in Indices",,8.0,33.1,40.6,24.2,22,0.0,18.8,978.1
2023-05-15,Punjab,Jalandhar,1.0,PM10,93.0,Satisfactory,"number_of_monitoring_stations in Absolute Number, aqi_value in Indices",,38.0,30.2,38.2,22.7,31,0.0,16.6,974.5
2023-05-15,Punjab,Ludhiana,1.0,PM2.5,127.0,Moderate,"number_of_monitoring_stations in Absolute Number, aqi_value in Indices",,49.0,30.5,38.7,23.0,29,0.0,12.6,973.4
2023-05-15,Punjab,Patiala,1.0,PM10,120.0,Moderate,"number_of_monitoring_stations in Absolute Number, aqi_value in Indices",,6.0,30.9,38.6,22.8,27,0.0,16.9,972.8
2023-05-15,Punjab,Rupnagar,1.0,PM10,175.0,Moderate,"number_of_monitoring_stations in Absolute Number, aqi_value in Indices",,2.0,29.2,38.3,20.6,35,0.0,14.6,971.8
2023-05-16,Punjab,Bathinda,1.0,PM2.5,222.0,Poor,"number_of_monitoring_stations in Absolute Number, aqi_value in Indices",,11.0,32.5,40.1,25.2,26,0.0,16.1,980.0
2023-05-16,Punjab,Jalandhar,1.0,PM10,152.0,Moderate,"number_of_monitoring_stations in Absolute Number, aqi_value in Indices",,75.0,29.5,37.4,20.7,35,0.0,15.2,976.2
2023-05-16,Punjab,Ludhiana,1.0,PM10,204.0,Poor,"number_of_monitoring_stations in Absolute Number, aqi_value in Indices",,79.0,30.3,38.5,22.6,31,0.0,13.5,975.1
2023-05-16,Punjab,Patiala,1.0,PM10,184.0,Moderate,"number_of_monitoring_stations in Absolute Number, aqi_value in Indices",,15.0,30.9,38.7,22.8,28,0.0,16.8,974.5
2023-05-16,Punjab,Rupnagar,1.0,PM10,202.0,Poor,"number_of_monitoring_stations in Absolute Number, aqi_value in Indices",,4.0,29.6,38.0,21.9,33,0.0,20.3,973.6
2023-05-17,Punjab,Amritsar,1.0,PM10,100.0,Satisfactory,"number_of_monitoring_stations in Absolute Number, aqi_value in Indices",,23.0,31.8,40.1,22.6,30,0.0,12.7,978.3
2023-05-17,Punjab,Bathinda,1.0,PM2.5,213.0,Poor,"number_of_monitoring_stations in Absolute Number, aqi_value in Indices",,6.0,33.4,40.5,25.9,25,0.0,27.8,981.2
2023-05-17,Punjab,Jalandhar,1.0,PM10,137.0,Moderate,"number_of_monitoring_stations in Absolute Number, aqi_value in Indices",,64.0,30.3,38.2,22.2,37,0.2,19.6,977.3
2023-05-17,Punjab,Ludhiana,1.0,PM10,135.0,Moderate,"number_of_monitoring_stations in Absolute Number, aqi_value in Indices",,87.0,31.5,38.9,22.5,31,0.0,18.2,976.3
2023-05-17,Punjab,Patiala,1.0,O3,90.0,Satisfactory,"number_of_monitoring_stations in Absolute Number, aqi_value in Indices",,8.0,31.8,39.4,23.8,28,0.0,14.8,975.7
2023-05-18,Punjab,Amritsar,1.0,PM2.5,118.0,Moderate,"number_of_monitoring_stations in Absolute Number, aqi_value in Indices",,28.0,28.0,33.9,21.8,43,0.5,16.4,983.0
2023-05-18,Punjab,Bathinda,1.0,PM2.5,162.0,Moderate,"number_of_monitoring_stations in Absolute Number, aqi_value in Indices",,0.0,29.2,35.4,21.4,42,0.0,18.6,985.6
2023-05-18,Punjab,Jalandhar,1.0,PM10,151.0,Moderate,"number_of_monitoring_stations in Absolute Number, aqi_value in Indices",,6.0,26.8,33.1,20.7,50,3.2,15.1,981.6
2023-05-18,Punjab,Patiala,1.0,PM10,99.0,Satisfactory,"number_of_monitoring_stations in Absolute Number, aqi_value in Indices",,0.0,28.0,34.8,20.3,43,0.0,19.1,979.8
2023-05-18,Punjab,Rupnagar,1.0,PM10,130.0,Moderate,"number_of_monitoring_stations in Absolute Number, aqi_value in Indices",,4.0,26.8,32.3,20.6,47,0.8,27.7,978.7
2023-05-19,Punjab,Amritsar,1.0,O3,52.0,Satisfactory,"number_of_monitoring_stations in Absolute Number, aqi_value in Indices",,13.0,29.8,36.8,22.4,38,0.0,15.9,979.9
2023-05-19,Punjab,Bathinda,1.0,PM10,48.0,Good,"number_of_monitoring_stations in Absolute Number, aqi_value in Indices",,0.0,31.3,38.6,25.6,34,0.0,17.0,983.1
2023-05-19,Punjab,Jalandhar,1.0,PM10,100.0,Satisfactory,"number_of_monitoring_stations in Absolute Number, aqi_value in Indices",,24.0,28.0,35.1,20.5,47,0.0,13.7,978.8
2023-05-19,Punjab,Ludhiana,1.0,PM10,95.0,Satisfactory,"number_of_monitoring_stations in Absolute Number, aqi_value in Indices",,16.0,28.8,35.7,21.7,43,0.0,14.3,977.9
2023-05-19,Punjab,Patiala,1.0,O3,88.0,Satisfactory,"number_of_monitoring_stations in Absolute Number, aqi_value in Indices",,3.0,29.3,36.0,22.8,41,0.0,17.6,977.2
2023-05-19,Punjab,Rupnagar,1.0,PM10,144.0,Moderate,"number_of_monitoring_stations in Absolute Number, aqi_value in Indices",,3.0,28.1,35.4,19.9,45,0.0,18.7,976.1
2023-05-20,Punjab,Amritsar,1.0,NO2,60.0,Satisfactory,"number_of_monitoring_stations in Absolute Number, aqi_value in Indices",,18.0,31.3,40.4,23.1,35,0.0,14.9,977.1
2023-05-20,Punjab,Bathinda,1.0,PM10,85.0,Satisfactory,"number_of_monitoring_stations in Absolute Number, aqi_value in Indices",,2.0,33.2,41.6,25.8,27,0.0,17.6,980.3
2023-05-20,Punjab,Jalandhar,1.0,PM10,104.0,Moderate,"number_of_monitoring_stations in Absolute Number, aqi_value in Indices",,24.0,29.5,37.7,21.8,44,0.0,12.0,976.2
2023-05-20,Punjab,Ludhiana,1.0,PM10,106.0,Moderate,"number_of_monitoring_stations in Absolute Number, aqi_value in Indices",,17.0,30.7,38.5,22.1,38,0.0,15.3,975.3
2023-05-20,Punjab,Patiala,1.0,O3,79.0,Satisfactory,"number_of_monitoring_stations in Absolute Number, aqi_value in Indices",,3.0,30.8,38.8,23.2,34,0.0,18.9,974.9
2023-05-20,Punjab,Rupnagar,1.0,PM10,154.0,Moderate,"number_of_monitoring_stations in Absolute Number, aqi_value in Indices",,0.0,29.4,37.4,20.8,41,0.0,18.5,973.8
2023-05-21,Punjab,Bathinda,1.0,PM10,106.0,Moderate,"number_of_monitoring_stations in Absolute Number, aqi_value in Indices",,5.0,34.5,43.1,24.9,23,0.0,24.5,980.5
2023-05-21,Punjab,Jalandhar,1.0,PM10,140.0,Moderate,"number_of_monitoring_stations in Absolute Number, aqi_value in Indices",,32.0,30.5,39.0,21.1,42,0.0,11.9,976.6
2023-05-21,Punjab,Ludhiana,1.0,PM10,143.0,Moderate,"number_of_monitoring_stations in Absolute Number, aqi_value in Indices",,24.0,31.8,41.2,22.3,34,0.0,12.7,975.6
2023-05-21,Punjab,Patiala,1.0,O3,112.0,Moderate,"number_of_monitoring_stations in Absolute Number, aqi_value in Indices",,2.0,31.9,41.0,23.4,33,0.0,16.6,975.1
2023-05-21,Punjab,Rupnagar,1.0,PM10,226.0,Poor,"number_of_monitoring_stations in Absolute Number, aqi_value in Indices",,5.0,30.2,39.5,20.3,37,0.0,14.8,974.3
2023-05-22,Punjab,Amritsar,1.0,PM10,100.0,Satisfactory,"number_of_monitoring_stations in Absolute Number, aqi_value in Indices",,5.0,33.4,42.7,24.1,31,0.0,16.6,977.7
2023-05-22,Punjab,Bathinda,1.0,PM10,97.0,Satisfactory,"number_of_monitoring_stations in Absolute Number, aqi_value in Indices",,1.0,34.3,41.8,26.4,28,0.0,19.1,981.1
2023-05-22,Punjab,Jalandhar,1.0,PM10,166.0,Moderate,"number_of_monitoring_stations in Absolute Number, aqi_value in Indices",,36.0,31.5,40.3,22.6,38,0.0,17.6,976.8
2023-05-22,Punjab,Ludhiana,1.0,PM10,147.0,Moderate,"number_of_monitoring_stations in Absolute Number, aqi_value in Indices",,18.0,33.0,42.4,23.9,30,0.0,18.5,975.8
2023-05-22,Punjab,Patiala,1.0,O3,109.0,Moderate,"number_of_monitoring_stations in Absolute Number, aqi_value in Indices",,4.0,33.7,42.4,24.6,27,0.0,24.9,975.3
2023-05-22,Punjab,Rupnagar,1.0,PM10,193.0,Moderate,"number_of_monitoring_stations in Absolute Number, aqi_value in Indices",,6.0,31.8,40.6,23.8,32,0.0,19.5,974.4
2023-05-23,Punjab,Amritsar,1.0,PM10,104.0,Moderate,"number_of_monitoring_stations in Absolute Number, aqi_value in Indices",,1.0,32.6,39.8,26.1,35,0.2,16.5,978.0
2023-05-23,Punjab,Bathinda,1.0,PM10,103.0,Moderate,"number_of_monitoring_stations in Absolute Number, aqi_value in Indices",,1.0,33.0,41.0,27.5,39,2.0,32.3,981.3
2023-05-23,Punjab,Jalandhar,1.0,PM10,151.0,Moderate,"number_of_monitoring_stations in Absolute Number, aqi_value in Indices",,0.0,30.8,39.8,24.8,46,8.0,15.8,977.0
2023-05-23,Punjab,Ludhiana,1.0,PM10,158.0,Moderate,"number_of_monitoring_stations in Absolute Number, aqi_value in Indices",,0.0,32.2,40.7,25.5,36,0.6,20.7,976.2
2023-05-23,Punjab,Patiala,1.0,PM10,131.0,Moderate,"number_of_monitoring_stations in Absolute Number, aqi_value in Indices",,0.0,32.7,40.1,25.7,33,0.0,23.8,975.7
2023-05-23,Punjab,Rupnagar,1.0,PM10,177.0,Moderate,"number_of_monitoring_stations in Absolute Number, aqi_value in Indices",,2.0,30.9,39.0,24.6,41,8.0,14.8,974.8
2023-05-24,Punjab,Amritsar,1.0,PM10,101.0,Moderate,"number_of_monitoring_stations in Absolute Number, aqi_value in Indices",,5.0,27.7,32.5,24.3,56,6.8,24.6,977.8
2023-05-24,Punjab,Bathinda,1.0,PM2.5,181.0,Moderate,"number_of_monitoring_stations in Absolute Number, aqi_value in Indices",,1.0,29.6,37.0,24.8,53,61.8,38.1,980.2
2023-05-24,Punjab,Jalandhar,1.0,PM10,205.0,Poor,"number_of_monitoring_stations in Absolute Number, aqi_value in Indices",,22.0,26.0,31.9,22.1,64,18.5,24.1,977.2
2023-05-24,Punjab,Ludhiana,1.0,PM10,149.0,Moderate,"number_of_monitoring_stations in Absolute Number, aqi_value in Indices",,11.0,27.0,31.3,22.5,59,14.8,22.7,976.3
2023-05-24,Punjab,Patiala,1.0,PM10,104.0,Moderate,"number_of_monitoring_stations in Absolute Number, aqi_value in Indices",,0.0,27.4,32.0,22.3,57,23.8,21.2,976.0
2023-05-24,Punjab,Rupnagar,1.0,PM10,101.0,Moderate,"number_of_monitoring_stations in Absolute Number, aqi_value in Indices",,1.0,26.8,32.7,22.2,61,16.7,19.2,975.1
2023-05-25,Punjab,Amritsar,1.0,PM10,68.0,Satisfactory,"number_of_monitoring_stations in Absolute Number, aqi_value in Indices",,0.0,27.0,34.2,21.9,60,1.5,16.3,978.6
2023-05-25,Punjab,Bathinda,1.0,PM2.5,123.0,Moderate,"number_of_monitoring_stations in Absolute Number, aqi_value in Indices",,0.0,28.0,34.2,23.3,60,5.5,23.9,981.0
2023-05-25,Punjab,Jalandhar,1.0,PM10,76.0,Satisfactory,"number_of_monitoring_stations in Absolute Number, aqi_value in Indices",,0.0,26.2,32.4,21.4,66,1.0,13.9,977.6
2023-05-25,Punjab,Ludhiana,1.0,PM10,67.0,Satisfactory,"number_of_monitoring_stations in Absolute Number, aqi_value in Indices",,0.0,26.7,33.7,21.4,64,1.4,15.9,976.5
2023-05-25,Punjab,Patiala,1.0,O3,64.0,Satisfactory,"number_of_monitoring_stations in Absolute Number, aqi_value in Indices",,0.0,26.9,33.7,21.7,63,1.7,16.3,976.0
2023-05-25,Punjab,Rupnagar,1.0,PM10,69.0,Satisfactory,"number_of_monitoring_stations in Absolute Number, aqi_value in Indices",,0.0,26.1,32.1,20.2,65,0.2,10.5,975.2
2023-05-26,Punjab,Amritsar,1.0,PM10,67.0,Satisfactory,"number_of_monitoring_stations in Absolute Number, aqi_value in Indices",,0.0,25.5,30.9,21.2,67,1.9,16.3,979.5
2023-05-26,Punjab,Jalandhar,1.0,PM10,86.0,Satisfactory,"number_of_monitoring_stations in Absolute Number, aqi_value in Indices",,0.0,24.9,30.1,20.5,70,2.5,14.5,978.6
2023-05-26,Punjab,Ludhiana,1.0,PM10,108.0,Moderate,"number_of_monitoring_stations in Absolute Number, aqi_value in Indices",,0.0,26.2,31.5,20.5,65,2.5,12.9,977.4
2023-05-26,Punjab,Patiala,1.0,O3,85.0,Satisfactory,"number_of_monitoring_stations in Absolute Number, aqi_value in Indices",,0.0,26.6,32.3,20.4,62,4.7,23.4,977.0
2023-05-26,Punjab,Rupnagar,1.0,PM10,101.0,Moderate,"number_of_monitoring_stations in Absolute Number, aqi_value in Indices",,0.0,25.7,31.5,19.5,62,0.1,8.0,976.1
2023-05-27,Punjab,Amritsar,1.0,PM10,73.0,Satisfactory,"number_of_monitoring_stations in Absolute Number, aqi_value in Indices",,0.0,27.1,34.2,19.7,57,0.0,11.9,979.0
2023-05-27,Punjab,Jalandhar,1.0,PM10,67.0,Satisfactory,"number_of_monitoring_stations in Absolute Number, aqi_value in Indices",,5.0,26.1,32.5,20.4,63,1.1,13.0,978.0
2023-05-27,Punjab,Ludhiana,1.0,PM10,89.0,Satisfactory,"number_of_monitoring_stations in Absolute Number, aqi_value in Indices",,2.0,26.3,32.8,20.6,63,0.1,11.8,977.1
2023-05-27,Punjab,Patiala,1.0,O3,65.0,Satisfactory,"number_of_monitoring_stations in Absolute Number, aqi_value in Indices",,0.0,26.2,32.8,21.0,63,0.2,12.6,976.6
2023-05-27,Punjab,Rupnagar,1.0,PM10,88.0,Satisfactory,"number_of_monitoring_stations in Absolute Number, aqi_value in Indices",,0.0,26.3,33.1,20.2,61,0.0,12.6,975.6
2023-05-28,Punjab,Jalandhar,1.0,PM10,93.0,Satisfactory,"number_of_monitoring_stations in Absolute Number, aqi_value in Indices",,0.0,27.4,33.5,21.0,56,0.0,9.0,978.7
2023-05-28,Punjab,Ludhiana,1.0,PM10,87.0,Satisfactory,"number_of_monitoring_stations in Absolute Number, aqi_value in Indices",,1.0,27.8,34.6,21.1,54,0.0,8.4,977.7
2023-05-28,Punjab,Patiala,1.0,O3,79.0,Satisfactory,"number_of_monitoring_stations in Absolute Number, aqi_value in Indices",,1.0,27.9,34.8,21.1,54,0.0,10.7,977.1
2023-05-28,Punjab,Rupnagar,1.0,PM10,113.0,Moderate,"number_of_monitoring_stations in Absolute Number, aqi_value in Indices",,0.0,26.9,34.7,17.8,56,0.0,9.4,976.1
2023-05-29,Punjab,Amritsar,1.0,PM2.5,259.0,Poor,"number_of_monitoring_stations in Absolute Number, aqi_value in Indices",,0.0,27.0,31.9,23.9,60,3.5,21.8,982.0
2023-05-29,Punjab,Jalandhar,1.0,PM10,93.0,Satisfactory,"number_of_monitoring_stations in Absolute Number, aqi_value in Indices",,0.0,26.1,31.6,21.9,67,2.1,17.5,981.2
2023-05-29,Punjab,Ludhiana,1.0,PM10,93.0,Satisfactory,"number_of_monitoring_stations in Absolute Number, aqi_value in Indices",,0.0,26.8,33.6,22.1,62,0.9,26.4,980.1
2023-05-29,Punjab,Patiala,1.0,PM10,109.0,Moderate,"number_of_monitoring_stations in Absolute Number, aqi_value in Indices",,0.0,26.9,34.0,22.0,64,5.7,22.2,979.6
2023-05-29,Punjab,Rupnagar,1.0,PM10,152.0,Moderate,"number_of_monitoring_stations in Absolute Number, aqi_value in Indices",,0.0,26.7,33.9,21.3,60,7.3,15.7,978.6
2023-05-30,Punjab,Amritsar,1.0,PM10,94.0,Satisfactory,"number_of_monitoring_stations in Absolute Number, aqi_value in Indices",,0.0,27.1,32.4,21.6,56,0.0,13.6,982.4
2023-05-30,Punjab,Bathinda,1.0,PM10,86.0,Satisfactory,"number_of_monitoring_stations in Absolute Number, aqi_value in Indices",,0.0,27.8,33.0,23.2,56,0.2,14.3,984.9
2023-05-30,Punjab,Jalandhar,1.0,PM10,55.0,Satisfactory,"number_of_monitoring_stations in Absolute Number, aqi_value in Indices",,0.0,26.3,31.3,21.7,64,0.0,15.9,981.2
2023-05-30,Punjab,Ludhiana,1.0,PM10,67.0,Satisfactory,"number_of_monitoring_stations in Absolute Number, aqi_value in Indices",,0.0,26.9,32.6,22.4,62,0.3,15.0,980.0
2023-05-30,Punjab,Patiala,1.0,O3,58.0,Satisfactory,"number_of_monitoring_stations in Absolute Number, aqi_value in Indices",,0.0,27.3,33.1,22.1,60,1.1,12.8,979.4
2023-05-30,Punjab,Rupnagar,1.0,PM10,94.0,Satisfactory,"number_of_monitoring_stations in Absolute Number, aqi_value in Indices",,0.0,26.5,31.1,21.4,64,1.0,13.3,978.5
2023-05-31,Punjab,Amritsar,1.0,PM10,96.0,Satisfactory,"number_of_monitoring_stations in Absolute Number, aqi_value in Indices",,0.0,23.0,27.6,19.8,80,13.1,14.4,980.5
2023-05-31,Punjab,Bathinda,1.0,PM10,94.0,Satisfactory,"number_of_monitoring_stations in Absolute Number, aqi_value in Indices",,0.0,23.0,27.4,21.0,84,27.9,16.3,983.3
2023-05-31,Punjab,Jalandhar,1.0,PM10,49.0,Good,"number_of_monitoring_stations in Absolute Number, aqi_value in Indices",,0.0,22.5,26.8,20.2,85,37.9,13.8,979.5
2023-05-31,Punjab,Ludhiana,1.0,PM10,62.0,Satisfactory,"number_of_monitoring_stations in Absolute Number, aqi_value in Indices",,0.0,22.6,25.7,19.9,85,63.0,16.5,978.4
2023-05-31,Punjab,Patiala,1.0,O3,52.0,Satisfactory,"number_of_monitoring_stations in Absolute Number, aqi_value in Indices",,0.0,22.6,27.1,20.0,85,44.7,19.7,977.9
2023-05-31,Punjab,Rupnagar,1.0,PM10,107.0,Moderate,"number_of_monitoring_stations in Absolute Number, aqi_value in Indices",,0.0,23.0,27.0,20.7,82,32.5,19.1,977.0
2023-06-01,Punjab,Amritsar,1.0,PM10,88.0,Satisfactory,"number_of_monitoring_stations in Absolute Number, aqi_value in Indices",,0.0,21.8,27.5,19.3,87,21.6,13.2,980.8
2023-06-01,Punjab,Bathinda,1.0,PM10,54.0,Satisfactory,"number_of_monitoring_stations in Absolute Number, aqi_value in Indices",,0.0,24.7,30.1,20.0,73,5.8,12.8,983.1
2023-06-01,Punjab,Jalandhar,1.0,O3,57.0,Satisfactory,"number_of_monitoring_stations in Absolute Number, aqi_value in Indices",,0.0,23.5,28.8,18.5,76,0.3,15.8,979.5
2023-06-01,Punjab,Ludhiana,1.0,PM10,86.0,Satisfactory,"number_of_monitoring_stations in Absolute Number, aqi_value in Indices",,0.0,24.1,30.2,18.3,73,0.1,15.1,978.3
2023-06-01,Punjab,Patiala,1.0,O3,38.0,Good,"number_of_monitoring_stations in Absolute Number, aqi_value in Indices",,0.0,24.6,31.5,18.4,70,0.0,13.5,977.7
2023-06-01,Punjab,Rupnagar,1.0,CO,55.0,Satisfactory,"number_of_monitoring_stations in Absolute Number, aqi_value in Indices",,0.0,24.2,30.1,19.5,75,3.6,12.7,976.8
2023-06-02,Punjab,Amritsar,1.0,PM10,92.0,Satisfactory,"number_of_monitoring_stations in Absolute Number, aqi_value in Indices",,0.0,23.8,28.9,19.0,72,3.2,11.3,979.9
2023-06-02,Punjab,Bathinda,1.0,PM10,59.0,Satisfactory,"number_of_monitoring_stations in Absolute Number, aqi_value in Indices",,0.0,24.9,30.4,20.3,67,0.2,16.6,982.6
2023-06-02,Punjab,Jalandhar,1.0,PM10,49.0,Good,"number_of_monitoring_stations in Absolute Number, aqi_value in Indices",,0.0,24.0,29.2,19.3,70,1.0,10.5,978.8
2023-06-02,Punjab,Ludhiana,1.0,PM10,65.0,Satisfactory,"number_of_monitoring_stations in Absolute Number, aqi_value in Indices",,0.0,24.1,29.0,19.3,72,1.5,16.6,977.7
2023-06-02,Punjab,Patiala,1.0,O3,70.0,Satisfactory,"number_of_monitoring_stations in Absolute Number, aqi_value in Indices",,0.0,25.5,30.8,21.3,65,0.4,10.2,977.0
2023-06-02,Punjab,Rupnagar,1.0,PM10,89.0,Satisfactory,"number_of_monitoring_stations in Absolute Number, aqi_value in Indices",,0.0,24.6,29.1,20.6,67,0.6,12.5,976.1
2023-06-03,Punjab,Amritsar,1.0,PM10,99.0,Satisfactory,"number_of_monitoring_stations in Absolute Number, aqi_value in Indices",,0.0,26.5,32.9,19.4,61,0.0,8.0,979.7
2023-06-03,Punjab,Bathinda,1.0,PM10,101.0,Moderate,"number_of_monitoring_stations in Absolute Number, aqi_value in Indices",,0.0,27.3,33.3,20.4,59,0.0,9.5,982.5
2023-06-03,Punjab,Jalandhar,1.0,PM10,63.0,Satisfactory,"number_of_monitoring_stations in Absolute Number, aqi_value in Indices",,0.0,26.7,32.2,20.6,62,0.0,8.2,978.6
2023-06-03,Punjab,Ludhiana,1.0,PM10,58.0,Satisfactory,"number_of_monitoring_stations in Absolute Number, aqi_value in Indices",,0.0,26.8,32.6,20.4,62,0.0,7.9,977.5
2023-06-03,Punjab,Patiala,1.0,PM10,59.0,Satisfactory,"number_of_monitoring_stations in Absolute Number, aqi_value in Indices",,0.0,27.1,33.5,20.4,59,0.0,8.7,976.9
2023-06-03,Punjab,Rupnagar,1.0,PM10,132.0,Moderate,"number_of_monitoring_stations in Absolute Number, aqi_value in Indices",,0.0,26.0,32.9,18.7,66,0.0,9.8,975.8
2023-06-04,Punjab,Amritsar,1.0,PM10,109.0,Moderate,"number_of_monitoring_stations in Absolute Number, aqi_value in Indices",,0.0,28.4,34.5,21.6,58,0.0,8.7,978.9
2023-06-04,Punjab,Bathinda,1.0,PM10,194.0,Moderate,"number_of_monitoring_stations in Absolute Number, aqi_value in Indices",,0.0,29.2,34.5,23.9,55,0.0,9.5,981.9
2023-06-04,Punjab,Jalandhar,1.0,PM2.5,119.0,Moderate,"number_of_monitoring_stations in Absolute Number, aqi_value in Indices",,0.0,28.2,33.8,21.7,59,0.1,8.0,977.9
2023-06-04,Punjab,Ludhiana,1.0,PM10,91.0,Satisfactory,"number_of_monitoring_stations in Absolute Number, aqi_value in Indices",,0.0,28.4,34.3,21.7,58,0.0,8.6,976.8
2023-06-04,Punjab,Patiala,1.0,PM10,89.0,Satisfactory,"number_of_monitoring_stations in Absolute Number, aqi_value in Indices",,0.0,28.9,34.9,22.3,54,0.0,12.4,976.3
2023-06-05,Punjab,Amritsar,1.0,PM10,109.0,Moderate,"number_of_monitoring_stations in Absolute Number, aqi_value in Indices",,0.0,28.5,35.7,22.3,55,0.1,14.9,977.2
2023-06-05,Punjab,Bathinda,1.0,PM10,95.0,Satisfactory,"number_of_monitoring_stations in Absolute Number, aqi_value in Indices",,0.0,30.0,36.5,24.7,45,0.0,16.4,980.5
2023-06-05,Punjab,Jalandhar,1.0,PM10,95.0,Satisfactory,"number_of_monitoring_stations in Absolute Number, aqi_value in Indices",,0.0,28.7,35.8,22.1,55,0.0,18.9,976.2
2023-06-05,Punjab,Ludhiana,1.0,PM10,104.0,Moderate,"number_of_monitoring_stations in Absolute Number, aqi_value in Indices",,0.0,29.3,36.0,22.6,50,0.0,16.4,975.3
2023-06-05,Punjab,Patiala,1.0,O3,97.0,Satisfactory,"number_of_monitoring_stations in Absolute Number, aqi_value in Indices",,0.0,29.6,36.5,23.1,50,0.2,14.3,974.8
2023-06-06,Punjab,Amritsar,1.0,PM10,99.0,Satisfactory,"number_of_monitoring_stations in Absolute Number, aqi_value in Indices",,0.0,27.6,35.3,22.2,58,0.0,19.7,977.6
2023-06-06,Punjab,Bathinda,1.0,PM2.5,67.0,Satisfactory,"number_of_monitoring_stations in Absolute Number, aqi_value in Indices",,0.0,29.6,36.5,23.4,45,0.3,25.1,980.5
2023-06-06,Punjab,Jalandhar,1.0,PM10,72.0,Satisfactory,"number_of_monitoring_stations in Absolute Number, aqi_value in Indices",,0.0,28.1,35.4,22.4,54,0.6,13.3,976.7
2023-06-06,Punjab,Ludhiana,1.0,PM10,87.0,Satisfactory,"number_of_monitoring_stations in Absolute Number, aqi_value in Indices",,0.0,28.1,35.3,22.1,53,0.6,25.5,975.7
2023-06-06,Punjab,Patiala,1.0,O3,160.0,Moderate,"number_of_monitoring_stations in Absolute Number, aqi_value in Indices",,0.0,29.4,36.8,22.6,47,0.0,16.2,975.1
2023-06-06,Punjab,Rupnagar,1.0,PM10,63.0,Satisfactory,"number_of_monitoring_stations in Absolute Number, aqi_value in Indices",,0.0,27.5,34.3,20.5,56,0.1,15.3,974.3
2023-06-07,Punjab,Amritsar,1.0,PM10,95.0,Satisfactory,"number_of_monitoring_stations in Absolute Number, aqi_value in Indices",,0.0,27.6,33.5,22.6,59,2.1,13.5,978.2
2023-06-07,Punjab,Bathinda,1.0,PM10,205.0,Poor,"number_of_monitoring_stations in Absolute Number, aqi_value in Indices",,0.0,30.0,35.1,24.5,50,0.0,14.8,980.7
2023-06-07,Punjab,Jalandhar,1.0,PM10,51.0,Satisfactory,"number_of_monitoring_stations in Absolute Number, aqi_value in Indices",,0.0,27.2,33.2,23.1,61,0.8,18.1,977.0
2023-06-07,Punjab,Ludhiana,1.0,PM10,62.0,Satisfactory,"number_of_monitoring_stations in Absolute Number, aqi_value in Indices",,0.0,27.8,33.5,22.6,58,0.4,30.7,975.9
2023-06-07,Punjab,Patiala,1.0,O3,73.0,Satisfactory,"number_of_monitoring_stations in Absolute Number, aqi_value in Indices",,0.0,29.7,35.1,23.2,48,0.2,15.7,975.1
2023-06-07,Punjab,Rupnagar,1.0,PM10,89.0,Satisfactory,"number_of_monitoring_stations in Absolute Number, aqi_value in Indices",,0.0,28.0,34.3,21.8,56,0.0,23.2,974.1
2023-06-08,Punjab,Amritsar,1.0,PM10,91.0,Satisfactory,"number_of_monitoring_stations in Absolute Number, aqi_value in Indices",,0.0,29.5,36.1,23.0,54,0.0,19.3,977.0
2023-06-08,Punjab,Bathinda,1.0,PM10,121.0,Moderate,"number_of_monitoring_stations in Absolute Number, aqi_value in Indices",,0.0,30.9,38.0,24.9,47,0.0,22.6,979.8
2023-06-08,Punjab,Jalandhar,1.0,PM10,77.0,Satisfactory,"number_of_monitoring_stations in Absolute Number, aqi_value in Indices",,0.0,29.3,36.4,23.4,55,0.0,14.5,975.9
2023-06-08,Punjab,Ludhiana,1.0,O3,78.0,Satisfactory,"number_of_monitoring_stations in Absolute Number, aqi_value in Indices",,0.0,29.8,36.8,23.9,52,0.0,12.8,974.9
2023-06-08,Punjab,Patiala,1.0,O3,84.0,Satisfactory,"number_of_monitoring_stations in Absolute Number, aqi_value in Indices",,0.0,30.5,36.7,24.2,45,0.0,22.7,974.3
2023-06-08,Punjab,Rupnagar,1.0,PM10,139.0,Moderate,"number_of_monitoring_stations in Absolute Number, aqi_value in Indices",,0.0,28.9,36.0,21.5,55,0.0,19.8,973.3
2023-06-09,Punjab,Amritsar,1.0,PM10,116.0,Moderate,"number_of_monitoring_stations in Absolute Number, aqi_value in Indices",,0.0,31.0,38.9,23.3,51,0.0,11.5,973.7
2023-06-09,Punjab,Bathinda,1.0,PM10,105.0,Moderate,"number_of_monitoring_stations in Absolute Number, aqi_value in Indices",,0.0,32.6,39.5,25.0,41,0.0,17.3,976.6
2023-06-09,Punjab,Jalandhar,1.0,PM10,128.0,Moderate,"number_of_monitoring_stations in Absolute Number, aqi_value in Indices",,0.0,30.6,38.1,22.8,51,0.0,13.1,972.8
2023-06-09,Punjab,Ludhiana,1.0,PM2.5,127.0,Moderate,"number_of_monitoring_stations in Absolute Number, aqi_value in Indices",,0.0,31.6,38.7,23.9,47,0.2,12.0,971.8
2023-06-09,Punjab,Patiala,1.0,O3,112.0,Moderate,"number_of_monitoring_stations in Absolute Number, aqi_value in Indices",,0.0,31.4,39.2,24.3,45,0.0,22.0,971.2
2023-06-10,Punjab,Amritsar,1.0,PM10,108.0,Moderate,"number_of_monitoring_stations in Absolute Number, aqi_value in Indices",,0.0,32.4,39.5,25.5,48,0.0,24.0,972.1
2023-06-10,Punjab,Bathinda,1.0,PM2.5,126.0,Moderate,"number_of_monitoring_stations in Absolute Number, aqi_value in Indices",,0.0,32.3,38.6,27.4,50,0.0,19.1,975.1
2023-06-10,Punjab,Jalandhar,1.0,PM10,133.0,Moderate,"number_of_monitoring_stations in Absolute Number, aqi_value in Indices",,0.0,31.6,37.9,24.2,50,1.3,18.6,971.3
2023-06-10,Punjab,Ludhiana,1.0,PM2.5,174.0,Moderate,"number_of_monitoring_stations in Absolute Number, aqi_value in Indices",,0.0,31.8,39.2,24.1,51,0.1,20.4,970.3
2023-06-10,Punjab,Patiala,1.0,PM10,102.0,Moderate,"number_of_monitoring_stations in Absolute Number, aqi_value in Indices",,0.0,32.8,40.4,25.5,45,0.0,20.1,969.9
2023-06-11,Punjab,Amritsar,1.0,PM10,103.0,Moderate,"number_of_monitoring_stations in Absolute Number, aqi_value in Indices",,0.0,30.9,37.7,25.0,55,0.0,11.2,973.0
2023-06-11,Punjab,Bathinda,1.0,PM10,174.0,Moderate,"number_of_monitoring_stations in Absolute Number, aqi_value in Indices",,0.0,32.0,37.7,26.4,58,0.0,10.7,975.7
2023-06-11,Punjab,Jalandhar,1.0,PM10,76.0,Satisfactory,"number_of_monitoring_stations in Absolute Number, aqi_value in Indices",,0.0,30.3,36.8,24.6,59,0.0,15.6,971.9
2023-06-11,Punjab,Ludhiana,1.0,PM2.5,91.0,Satisfactory,"number_of_monitoring_stations in Absolute Number, aqi_value in Indices",,0.0,30.6,37.3,25.1,58,0.0,14.8,970.9
2023-06-11,Punjab,Patiala,1.0,PM10,64.0,Satisfactory,"number_of_monitoring_stations in Absolute Number, aqi_value in Indices",,0.0,32.1,38.1,26.6,51,0.0,22.7,970.2
2023-06-12,Punjab,Amritsar,1.0,PM10,107.0,Moderate,"number_of_monitoring_stations in Absolute Number, aqi_value in Indices",,0.0,32.2,38.3,26.0,54,0.2,15.1,972.2
2023-06-12,Punjab,Jalandhar,1.0,PM10,64.0,Satisfactory,"number_of_monitoring_stations in Absolute Number, aqi_value in Indices",,0.0,31.2,37.6,24.3,59,0.1,12.5,971.3
2023-06-12,Punjab,Ludhiana,1.0,PM10,98.0,Satisfactory,"number_of_monitoring_stations in Absolute Number, aqi_value in Indices",,0.0,31.6,38.3,24.9,55,0.0,13.5,970.3
2023-06-12,Punjab,Patiala,1.0,O3,81.0,Satisfactory,"number_of_monitoring_stations in Absolute Number, aqi_value in Indices",,0.0,32.5,38.9,25.6,49,0.0,18.1,969.8
2023-06-13,Punjab,Amritsar,1.0,PM10,125.0,Moderate,"number_of_monitoring_stations in Absolute Number, aqi_value in Indices",,0.0,33.6,40.2,27.6,51,0.0,11.5,972.1
2023-06-13,Punjab,Bathinda,1.0,PM2.5,109.0,Moderate,"number_of_monitoring_stations in Absolute Number, aqi_value in Indices",,0.0,34.6,40.6,29.4,42,0.0,23.6,975.2
2023-06-13,Punjab,Jalandhar,1.0,PM10,138.0,Moderate,"number_of_monitoring_stations in Absolute Number, aqi_value in Indices",,0.0,31.5,39.5,26.3,59,0.0,32.8,971.2
2023-06-13,Punjab,Ludhiana,1.0,PM10,138.0,Moderate,"number_of_monitoring_stations in Absolute Number, aqi_value in Indices",,0.0,32.7,39.9,26.9,53,0.0,29.4,970.1
2023-06-13,Punjab,Patiala,1.0,PM10,119.0,Moderate,"number_of_monitoring_stations in Absolute Number, aqi_value in Indices",,0.0,34.0,40.7,27.8,47,0.0,28.6,969.6
2023-06-14,Punjab,Amritsar,1.0,PM10,111.0,Moderate,"number_of_monitoring_stations in Absolute Number, aqi_value in Indices",,0.0,29.9,36.7,25.7,63,17.4,22.1,972.9
2023-06-14,Punjab,Jalandhar,1.0,PM10,74.0,Satisfactory,"number_of_monitoring_stations in Absolute Number, aqi_value in Indices",,0.0,29.6,35.0,24.9,65,1.5,13.6,972.2
2023-06-14,Punjab,Ludhiana,1.0,PM10,122.0,Moderate,"number_of_monitoring_stations in Absolute Number, aqi_value in Indices",,0.0,30.9,37.2,27.0,59,1.2,13.2,971.2
2023-06-14,Punjab,Patiala,1.0,PM10,121.0,Moderate,"number_of_monitoring_stations in Absolute Number, aqi_value in Indices",,0.0,31.3,37.3,28.1,55,1.5,25.0,970.8
2023-06-15,Punjab,Amritsar,1.0,PM10,93.0,Satisfactory,"number_of_monitoring_stations in Absolute Number, aqi_value in Indices",,0.0,28.5,33.8,23.9,70,8.8,10.0,974.8
2023-06-15,Punjab,Bathinda,1.0,PM10,53.0,Satisfactory,"number_of_monitoring_stations in Absolute Number, aqi_value in Indices",,0.0,31.7,36.8,27.5,53,0.1,18.2,977.6
2023-06-15,Punjab,Patiala,1.0,PM10,45.0,Good,"number_of_monitoring_stations in Absolute Number, aqi_value in Indices",,0.0,30.1,35.9,25.8,61,0.0,19.7,972.1
2023-06-15,Punjab,Rupnagar,1.0,PM10,100.0,Satisfactory,"number_of_monitoring_stations in Absolute Number, aqi_value in Indices",,0.0,28.6,34.6,23.3,66,0.9,15.6,971.2
2023-06-16,Punjab,Amritsar,1.0,PM10,91.0,Satisfactory,"number_of_monitoring_stations in Absolute Number, aqi_value in Indices",,0.0,30.1,35.5,24.9,63,0.0,7.8,974.1
2023-06-16,Punjab,Bathinda,1.0,PM10,88.0,Satisfactory,"number_of_monitoring_stations in Absolute Number, aqi_value in Indices",,0.0,31.2,37.4,26.6,59,1.0,16.1,977.2
2023-06-16,Punjab,Jalandhar,1.0,PM2.5,131.0,Moderate,"number_of_monitoring_stations in Absolute Number, aqi_value in Indices",,0.0,29.8,35.4,24.2,65,0.0,12.4,973.0
2023-06-16,Punjab,Ludhiana,1.0,PM10,87.0,Satisfactory,"number_of_monitoring_stations in Absolute Number, aqi_value in Indices",,0.0,30.3,35.9,24.8,62,0.9,15.8,972.1
2023-06-16,Punjab,Patiala,1.0,O3,55.0,Satisfactory,"number_of_monitoring_stations in Absolute Number, aqi_value in Indices",,0.0,30.6,36.8,25.2,58,0.4,20.3,971.7
2023-06-16,Punjab,Rupnagar,1.0,PM10,84.0,Satisfactory,"number_of_monitoring_stations in Absolute Number, aqi_value in Indices",,0.0,29.8,36.3,22.5,64,0.0,15.7,970.4
2023-06-17,Punjab,Amritsar,1.0,PM10,104.0,Moderate,"number_of_monitoring_stations in Absolute Number, aqi_value in Indices",,0.0,32.0,37.6,25.7,57,0.0,9.7,973.8
2023-06-17,Punjab,Bathinda,1.0,PM10,179.0,Moderate,"number_of_monitoring_stations in Absolute Number, aqi_value in Indices",,0.0,32.8,38.3,27.4,54,0.0,18.4,976.8
2023-06-17,Punjab,Jalandhar,1.0,PM10,87.0,Satisfactory,"number_of_monitoring_stations in Absolute Number, aqi_value in Indices",,0.0,31.6,37.0,25.2,61,0.0,6.1,972.9
2023-06-17,Punjab,Ludhiana,1.0,O3,61.0,Satisfactory,"number_of_monitoring_stations in Absolute Number, aqi_value in Indices",,0.0,31.7,37.3,25.4,58,0.0,10.7,971.9
2023-06-17,Punjab,Patiala,1.0,PM10,92.0,Satisfactory,"number_of_monitoring_stations in Absolute Number, aqi_value in Indices",,0.0,32.4,38.4,26.3,54,0.1,12.2,971.6
2023-06-17,Punjab,Rupnagar,1.0,PM10,119.0,Moderate,"number_of_monitoring_stations in Absolute Number, aqi_value in Indices",,0.0,31.6,37.3,24.5,57,0.0,9.8,970.6
2023-06-18,Punjab,Bathinda,1.0,PM10,82.0,Satisfactory,"number_of_monitoring_stations in Absolute Number, aqi_value in Indices",,0.0,30.5,34.2,27.8,67,0.1,14.9,977.1
2023-06-18,Punjab,Jalandhar,1.0,PM10,100.0,Satisfactory,"number_of_monitoring_stations in Absolute Number, aqi_value in Indices",,0.0,30.9,35.6,26.8,65,1.0,17.6,973.3
2023-06-18,Punjab,Patiala,1.0,PM10,72.0,Satisfactory,"number_of_monitoring_stations in Absolute Number, aqi_value in Indices",,0.0,30.0,33.0,26.5,67,1.6,12.6,972.1
2023-06-18,Punjab,Rupnagar,1.0,PM10,132.0,Moderate,"number_of_monitoring_stations in Absolute Number, aqi_value in Indices",,0.0,30.5,35.0,26.6,63,0.0,13.8,971.3
2023-06-19,Punjab,Amritsar,1.0,PM10,88.0,Satisfactory,"number_of_monitoring_stations in Absolute Number, aqi_value in Indices",,0.0,32.9,38.4,27.1,57,0.0,9.5,973.5
2023-06-19,Punjab,Bathinda,1.0,PM2.5,108.0,Moderate,"number_of_monitoring_stations in Absolute Number, aqi_value in Indices",,0.0,33.0,39.0,27.7,53,0.2,13.4,976.2
2023-06-19,Punjab,Jalandhar,1.0,O3,75.0,Satisfactory,"number_of_monitoring_stations in Absolute Number, aqi_value in Indices",,0.0,32.1,37.8,26.4,60,0.0,9.2,972.5
2023-06-19,Punjab,Ludhiana,1.0,PM10,111.0,Moderate,"number_of_monitoring_stations in Absolute Number, aqi_value in Indices",,0.0,32.0,37.5,26.3,60,0.0,10.4,971.5
2023-06-19,Punjab,Patiala,1.0,PM10,69.0,Satisfactory,"number_of_monitoring_stations in Absolute Number, aqi_value in Indices",,0.0,31.1,36.7,26.4,62,0.0,11.4,971.1
2023-06-19,Punjab,Rupnagar,1.0,PM2.5,162.0,Moderate,"number_of_monitoring_stations in Absolute Number, aqi_value in Indices",,0.0,31.6,37.2,26.1,58,0.0,11.5,970.2
2023-06-20,Punjab,Amritsar,1.0,PM10,101.0,Moderate,"number_of_monitoring_stations in Absolute Number, aqi_value in Indices",,0.0,33.7,39.9,27.8,56,0.0,9.7,972.2
2023-06-20,Punjab,Bathinda,1.0,PM2.5,59.0,Satisfactory,"number_of_monitoring_stations in Absolute Number, aqi_value in Indices",,0.0,34.4,40.7,28.1,51,0.0,10.5,975.2
2023-06-20,Punjab,Jalandhar,1.0,O3,158.0,Moderate,"number_of_monitoring_stations in Absolute Number, aqi_value in Indices",,0.0,32.8,38.2,26.8,60,0.0,9.1,971.4
2023-06-20,Punjab,Ludhiana,1.0,PM10,126.0,Moderate,"number_of_monitoring_stations in Absolute Number, aqi_value in Indices",,0.0,32.9,38.6,26.8,59,0.0,7.4,970.5
2023-06-20,Punjab,Patiala,1.0,O3,79.0,Satisfactory,"number_of_monitoring_stations in Absolute Number, aqi_value in Indices",,0.0,32.0,37.0,26.6,62,0.3,17.1,970.3
2023-06-20,Punjab,Rupnagar,1.0,PM10,128.0,Moderate,"number_of_monitoring_stations in Absolute Number, aqi_value in Indices",,0.0,32.2,37.7,26.5,60,0.0,17.9,969.3
2023-06-21,Punjab,Amritsar,1.0,PM10,92.0,Satisfactory,"number_of_monitoring_stations in Absolute Number, aqi_value in Indices",,0.0,34.0,39.3,28.6,56,0.0,18.8,972.8
2023-06-21,Punjab,Bathinda,1.0,PM10,55.0,Satisfactory,"number_of_monitoring_stations in Absolute Number, aqi_value in Indices",,0.0,36.0,41.5,30.1,48,0.1,13.3,975.4
2023-06-21,Punjab,Jalandhar,1.0,PM10,89.0,Satisfactory,"number_of_monitoring_stations in Absolute Number, aqi_value in Indices",,0.0,33.0,38.0,28.2,59,0.0,18.2,972.2
2023-06-21,Punjab,Ludhiana,1.0,PM10,134.0,Moderate,"number_of_monitoring_stations in Absolute Number, aqi_value in Indices",,0.0,33.2,38.7,27.8,59,0.0,19.4,971.2
2023-06-21,Punjab,Patiala,1.0,O3,69.0,Satisfactory,"number_of_monitoring_stations in Absolute Number, aqi_value in Indices",,0.0,31.5,37.4,26.5,68,0.2,15.9,971.1
2023-06-21,Punjab,Rupnagar,1.0,PM10,98.0,Satisfactory,"number_of_monitoring_stations in Absolute Number, aqi_value in Indices",,0.0,30.7,36.4,26.0,70,6.1,16.1,970.3
2023-06-22,Punjab,Amritsar,1.0,PM2.5,55.0,Satisfactory,"number_of_monitoring_stations in Absolute Number, aqi_value in Indices",,0.0,34.7,40.6,28.4,58,0.0,18.9,972.6
2023-06-22,Punjab,Bathinda,1.0,PM10,61.0,Satisfactory,"number_of_monitoring_stations in Absolute Number, aqi_value in Indices",,0.0,36.1,41.3,31.6,48,0.1,18.5,975.7
2023-06-22,Punjab,Jalandhar,1.0,PM10,117.0,Moderate,"number_of_monitoring_stations in Absolute Number, aqi_value in Indices",,0.0,32.0,37.4,26.9,71,5.2,22.1,972.2
2023-06-22,Punjab,Ludhiana,1.0,PM10,167.0,Moderate,"number_of_monitoring_stations in Absolute Number, aqi_value in Indices",,0.0,33.1,38.0,28.2,65,8.2,18.2,971.3
2023-06-22,Punjab,Patiala,1.0,PM10,73.0,Satisfactory,"number_of_monitoring_stations in Absolute Number, aqi_value in Indices",,0.0,31.4,36.2,27.4,71,0.5,19.1,971.3
2023-06-22,Punjab,Rupnagar,1.0,PM10,102.0,Moderate,"number_of_monitoring_stations in Absolute Number, aqi_value in Indices",,0.0,31.0,35.6,28.2,73,1.8,14.2,970.3
2023-06-23,Punjab,Amritsar,1.0,O3,54.0,Satisfactory,"number_of_monitoring_stations in Absolute Number, aqi_value in Indices",,0.0,34.9,40.4,30.0,60,0.0,16.2,972.6
2023-06-23,Punjab,Bathinda,1.0,PM10,55.0,Satisfactory,"number_of_monitoring_stations in Absolute Number, aqi_value in Indices",,0.0,36.4,41.8,31.6,47,0.0,16.3,975.6
2023-06-23,Punjab,Jalandhar,1.0,PM10,116.0,Moderate,"number_of_monitoring_stations in Absolute Number, aqi_value in Indices",,0.0,32.2,37.0,28.0,69,0.1,17.8,972.3
2023-06-23,Punjab,Ludhiana,1.0,PM10,160.0,Moderate,"number_of_monitoring_stations in Absolute Number, aqi_value in Indices",,0.0,32.8,37.8,27.3,67,1.2,18.6,971.4
2023-06-23,Punjab,Patiala,1.0,PM10,78.0,Satisfactory,"number_of_monitoring_stations in Absolute Number, aqi_value in Indices",,0.0,31.4,36.0,26.4,72,1.2,19.1,971.3
2023-06-23,Punjab,Rupnagar,1.0,PM10,127.0,Moderate,"number_of_monitoring_stations in Absolute Number, aqi_value in Indices",,0.0,30.2,35.0,26.4,76,12.9,13.0,970.6
2023-06-24,Punjab,Amritsar,1.0,PM10,69.0,Satisfactory,"number_of_monitoring_stations in Absolute Number, aqi_value in Indices",,0.0,33.5,39.2,28.7,61,0.0,20.7,972.6
2023-06-24,Punjab,Bathinda,1.0,PM2.5,115.0,Moderate,"number_of_monitoring_stations in Absolute Number, aqi_value in Indices",,0.0,36.6,42.4,30.5,43,0.0,12.5,975.0
2023-06-24,Punjab,Jalandhar,1.0,PM10,107.0,Moderate,"number_of_monitoring_stations in Absolute Number, aqi_value in Indices",,0.0,31.6,37.2,26.5,69,0.0,19.7,972.1
2023-06-24,Punjab,Ludhiana,1.0,PM10,132.0,Moderate,"number_of_monitoring_stations in Absolute Number, aqi_value in Indices",,0.0,32.3,38.4,27.4,66,0.7,22.1,971.1
2023-06-24,Punjab,Patiala,1.0,PM10,74.0,Satisfactory,"number_of_monitoring_stations in Absolute Number, aqi_value in Indices",,0.0,31.0,36.0,26.7,72,7.5,19.3,970.9
2023-06-24,Punjab,Rupnagar,1.0,PM10,133.0,Moderate,"number_of_monitoring_stations in Absolute Number, aqi_value in Indices",,0.0,29.6,34.6,26.0,78,12.9,17.8,970.1
2023-06-25,Punjab,Bathinda,1.0,PM2.5,100.0,Satisfactory,"number_of_monitoring_stations in Absolute Number, aqi_value in Indices",,0.0,33.6,40.3,29.3,60,4.6,25.8,975.7
2023-06-25,Punjab,Jalandhar,1.0,PM10,102.0,Moderate,"number_of_monitoring_stations in Absolute Number, aqi_value in Indices",,0.0,29.9,35.4,25.6,74,11.1,28.6,972.7
2023-06-25,Punjab,Ludhiana,1.0,PM10,127.0,Moderate,"number_of_monitoring_stations in Absolute Number, aqi_value in Indices",,0.0,30.6,36.3,26.5,71,7.4,23.2,971.9
2023-06-25,Punjab,Patiala,1.0,PM10,53.0,Satisfactory,"number_of_monitoring_stations in Absolute Number, aqi_value in Indices",,0.0,28.5,33.4,25.6,81,4.3,23.2,971.9
2023-06-25,Punjab,Rupnagar,1.0,PM10,112.0,Moderate,"number_of_monitoring_stations in Absolute Number, aqi_value in Indices",,0.0,28.1,32.7,25.3,82,25.9,25.3,971.1
2023-06-26,Punjab,Amritsar,1.0,O3,52.0,Satisfactory,"number_of_monitoring_stations in Absolute Number, aqi_value in Indices",,0.0,27.5,32.1,24.9,82,13.9,16.7,975.8
2023-06-26,Punjab,Jalandhar,1.0,O3,50.0,Good,"number_of_monitoring_stations in Absolute Number, aqi_value in Indices",,0.0,27.8,32.6,24.7,81,15.0,12.7,974.8
2023-06-26,Punjab,Ludhiana,1.0,PM10,75.0,Satisfactory,"number_of_monitoring_stations in Absolute Number, aqi_value in Indices",,0.0,28.4,33.2,25.4,80,2.9,15.1,973.6
2023-06-26,Punjab,Patiala,1.0,O3,56.0,Satisfactory,"number_of_monitoring_stations in Absolute Number, aqi_value in Indices",,0.0,27.5,30.7,25.2,85,9.5,12.4,973.1
2023-06-26,Punjab,Rupnagar,1.0,PM10,138.0,Moderate,"number_of_monitoring_stations in Absolute Number, aqi_value in Indices",,0.0,27.8,31.0,24.5,81,0.0,13.9,972.3
2023-06-27,Punjab,Amritsar,1.0,PM10,56.0,Satisfactory,"number_of_monitoring_stations in Absolute Number, aqi_value in Indices",,0.0,29.5,34.0,25.0,74,0.0,12.1,974.4
2023-06-27,Punjab,Bathinda,1.0,PM2.5,98.0,Satisfactory,"number_of_monitoring_stations in Absolute Number, aqi_value in Indices",,0.0,30.5,35.4,26.3,70,0.3,15.2,976.9
2023-06-27,Punjab,Jalandhar,1.0,PM10,69.0,Satisfactory,"number_of_monitoring_stations in Absolute Number, aqi_value in Indices",,0.0,28.7,33.5,25.0,79,4.5,16.2,973.5
2023-06-27,Punjab,Ludhiana,1.0,PM10,118.0,Moderate,"number_of_monitoring_stations in Absolute Number, aqi_value in Indices",,0.0,28.7,34.0,24.3,78,11.0,11.6,972.4
2023-06-27,Punjab,Patiala,1.0,O3,61.0,Satisfactory,"number_of_monitoring_stations in Absolute Number, aqi_value in Indices",,0.0,28.3,34.2,24.3,81,5.1,15.5,972.0
2023-06-27,Punjab,Rupnagar,1.0,PM10,151.0,Moderate,"number_of_monitoring_stations in Absolute Number, aqi_value in Indices",,0.0,28.5,33.7,25.0,79,0.4,13.2,971.3
2023-06-28,Punjab,Amritsar,1.0,PM10,60.0,Satisfactory,"number_of_monitoring_stations in Absolute Number, aqi_value in Indices",,0.0,29.8,35.3,26.1,75,0.3,16.2,975.6
2023-06-28,Punjab,Bathinda,1.0,PM10,38.0,Good,"number_of_monitoring_stations in Absolute Number, aqi_value in Indices",,0.0,30.9,35.7,26.2,71,0.2,15.5,978.0
2023-06-28,Punjab,Jalandhar,1.0,PM10,64.0,Satisfactory,"number_of_monitoring_stations in Absolute Number, aqi_value in Indices",,0.0,29.5,34.2,26.0,78,0.8,13.2,974.7
2023-06-28,Punjab,Ludhiana,1.0,PM10,128.0,Moderate,"number_of_monitoring_stations in Absolute Number, aqi_value in Indices",,0.0,29.8,34.5,26.1,76,0.4,13.2,973.7
2023-06-28,Punjab,Patiala,1.0,O3,45.0,Good,"number_of_monitoring_stations in Absolute Number, aqi_value in Indices",,0.0,29.4,33.7,25.6,76,0.2,15.5,973.3
2023-06-28,Punjab,Rupnagar,1.0,PM10,147.0,Moderate,"number_of_monitoring_stations in Absolute Number, aqi_value in Indices",,0.0,29.0,33.2,24.5,77,0.4,19.3,972.5
2023-06-29,Punjab,Amritsar,1.0,PM10,63.0,Satisfactory,"number_of_monitoring_stations in Absolute Number, aqi_value in Indices",,0.0,29.7,34.4,25.5,77,3.4,15.3,974.6
2023-06-29,Punjab,Bathinda,1.0,PM2.5,121.0,Moderate,"number_of_monitoring_stations in Absolute Number, aqi_value in Indices",,0.0,30.7,34.2,27.7,72,1.0,12.2,977.4
2023-06-29,Punjab,Jalandhar,1.0,PM10,58.0,Satisfactory,"number_of_monitoring_stations in Absolute Number, aqi_value in Indices",,0.0,28.8,32.8,26.1,80,7.1,12.3,973.8
2023-06-29,Punjab,Ludhiana,1.0,PM10,104.0,Moderate,"number_of_monitoring_stations in Absolute Number, aqi_value in Indices",,0.0,28.6,32.8,26.4,82,8.6,13.2,972.9
2023-06-29,Punjab,Patiala,1.0,O3,44.0,Good,"number_of_monitoring_stations in Absolute Number, aqi_value in Indices",,0.0,28.7,32.8,26.1,80,11.3,10.4,972.5
2023-06-29,Punjab,Rupnagar,1.0,PM10,153.0,Moderate,"number_of_monitoring_stations in Absolute Number, aqi_value in Indices",,0.0,28.2,32.2,25.1,82,7.1,12.9,971.6
2023-06-30,Punjab,Jalandhar,1.0,PM10,52.0,Satisfactory,"number_of_monitoring_stations in Absolute Number, aqi_value in Indices",,0.0,29.0,33.8,24.0,78,1.4,13.5,972.1
2023-06-30,Punjab,Ludhiana,1.0,PM2.5,127.0,Moderate,"number_of_monitoring_stations in Absolute Number, aqi_value in Indices",,0.0,29.3,34.2,24.4,77,1.6,14.7,971.1
2023-06-30,Punjab,Rupnagar,1.0,PM10,166.0,Moderate,"number_of_monitoring_stations in Absolute Number, aqi_value in Indices",,0.0,28.8,33.8,24.8,78,3.8,14.8,969.9
2023-07-01,Punjab,Amritsar,1.0,PM10,73.0,Satisfactory,"number_of_monitoring_stations in Absolute Number, aqi_value in Indices",,0.0,30.1,35.1,23.9,71,1.5,12.2,973.7
2023-07-01,Punjab,Jalandhar,1.0,PM10,74.0,Satisfactory,"number_of_monitoring_stations in Absolute Number, aqi_value in Indices",,0.0,29.1,34.2,23.9,77,0.0,16.5,972.9
2023-07-01,Punjab,Ludhiana,1.0,PM10,89.0,Satisfactory,"number_of_monitoring_stations in Absolute Number, aqi_value in Indices",,0.0,29.5,34.7,24.9,75,2.6,14.5,972.0
2023-07-01,Punjab,Patiala,1.0,O3,50.0,Good,"number_of_monitoring_stations in Absolute Number, aqi_value in Indices",,0.0,29.2,34.2,24.0,76,0.4,11.8,971.7
2023-07-01,Punjab,Rupnagar,1.0,PM10,104.0,Moderate,"number_of_monitoring_stations in Absolute Number, aqi_value in Indices",,0.0,28.5,33.1,23.6,77,2.5,14.2,970.8
2023-07-02,Punjab,Amritsar,1.0,PM2.5,64.0,Satisfactory,"number_of_monitoring_stations in Absolute Number, aqi_value in Indices",,0.0,30.8,36.3,26.2,69,0.2,12.6,974.2
2023-07-02,Punjab,Jalandhar,1.0,PM10,95.0,Satisfactory,"number_of_monitoring_stations in Absolute Number, aqi_value in Indices",,0.0,29.9,35.2,24.9,75,0.0,16.5,973.4
2023-07-02,Punjab,Ludhiana,1.0,PM10,103.0,Moderate,"number_of_monitoring_stations in Absolute Number, aqi_value in Indices",,0.0,30.0,35.4,25.1,75,2.7,14.6,972.5
2023-07-02,Punjab,Patiala,1.0,PM10,49.0,Good,"number_of_monitoring_stations in Absolute Number, aqi_value in Indices",,0.0,30.1,34.7,25.5,75,0.2,10.8,972.1
2023-07-02,Punjab,Rupnagar,1.0,PM10,92.0,Satisfactory,"number_of_monitoring_stations in Absolute Number, aqi_value in Indices",,0.0,29.6,34.2,24.7,73,0.0,11.3,971.2
2023-07-03,Punjab,Amritsar,1.0,PM2.5,80.0,Satisfactory,"number_of_monitoring_stations in Absolute Number, aqi_value in Indices",,0.0,32.2,37.5,27.1,68,0.9,13.4,973.4
2023-07-03,Punjab,Jalandhar,1.0,PM2.5,122.0,Moderate,"number_of_monitoring_stations in Absolute Number, aqi_value in Indices",,0.0,31.3,36.2,27.2,72,3.1,13.8,972.6
2023-07-03,Punjab,Ludhiana,1.0,PM10,151.0,Moderate,"number_of_monitoring_stations in Absolute Number, aqi_value in Indices",,0.0,31.6,36.6,27.7,72,0.0,13.7,971.7
2023-07-03,Punjab,Patiala,1.0,O3,109.0,Moderate,"number_of_monitoring_stations in Absolute Number, aqi_value in Indices",,0.0,31.2,36.0,27.1,71,0.2,15.4,971.5
2023-07-03,Punjab,Rupnagar,1.0,PM10,98.0,Satisfactory,"number_of_monitoring_stations in Absolute Number, aqi_value in Indices",,0.0,30.1,35.2,25.2,75,1.3,10.8,970.6
2023-07-04,Punjab,Bathinda,1.0,PM2.5,163.0,Moderate,"number_of_monitoring_stations in Absolute Number, aqi_value in Indices",,0.0,33.1,39.4,29.9,63,0.0,20.6,974.3
2023-07-04,Punjab,Jalandhar,1.0,PM10,81.0,Satisfactory,"number_of_monitoring_stations in Absolute Number, aqi_value in Indices",,0.0,30.1,35.8,25.8,78,31.9,22.9,971.1
2023-07-04,Punjab,Patiala,1.0,PM10,97.0,Satisfactory,"number_of_monitoring_stations in Absolute Number, aqi_value in Indices",,0.0,30.6,36.5,25.7,75,3.2,17.4,970.0
2023-07-04,Punjab,Rupnagar,1.0,PM10,138.0,Moderate,"number_of_monitoring_stations in Absolute Number, aqi_value in Indices",,0.0,29.8,34.7,26.1,76,3.4,19.2,969.2
2023-07-05,Punjab,Amritsar,1.0,PM2.5,85.0,Satisfactory,"number_of_monitoring_stations in Absolute Number, aqi_value in Indices",,0.0,26.7,29.4,25.2,89,54.2,18.8,972.8
2023-07-05,Punjab,Bathinda,1.0,CO,67.0,Satisfactory,"number_of_monitoring_stations in Absolute Number, aqi_value in Indices",,0.0,30.0,34.0,27.2,75,22.7,25.3,975.1
2023-07-05,Punjab,Jalandhar,1.0,PM10,46.0,Good,"number_of_monitoring_stations in Absolute Number, aqi_value in Indices",,0.0,26.5,28.8,25.0,90,21.5,19.7,972.0
2023-07-05,Punjab,Ludhiana,1.0,PM10,96.0,Satisfactory,"number_of_monitoring_stations in Absolute Number, aqi_value in Indices",,0.0,27.8,31.3,26.0,86,7.2,18.6,970.9
2023-07-05,Punjab,Patiala,1.0,PM10,53.0,Satisfactory,"number_of_monitoring_stations in Absolute Number, aqi_value in Indices",,0.0,28.8,33.8,25.5,79,3.1,16.4,970.7
2023-07-05,Punjab,Rupnagar,1.0,PM10,148.0,Moderate,"number_of_monitoring_stations in Absolute Number, aqi_value in Indices",,0.0,28.0,32.1,24.9,79,14.5,20.8,969.7
2023-07-06,Punjab,Amritsar,1.0,PM2.5,76.0,Satisfactory,"number_of_monitoring_stations in Absolute Number, aqi_value in Indices",,0.0,27.8,32.8,24.7,83,5.0,11.9,975.4
2023-07-06,Punjab,Bathinda,1.0,CO,50.0,Good,"number_of_monitoring_stations in Absolute Number, aqi_value in Indices",,0.0,30.1,34.9,27.5,75,1.4,14.9,977.6
2023-07-06,Punjab,Jalandhar,1.0,O3,70.0,Satisfactory,"number_of_monitoring_stations in Absolute Number, aqi_value in Indices",,0.0,27.1,33.2,23.4,85,16.9,11.5,974.4
2023-07-06,Punjab,Ludhiana,1.0,PM10,82.0,Satisfactory,"number_of_monitoring_stations in Absolute Number, aqi_value in Indices",,0.0,28.0,33.5,24.4,84,0.8,10.8,973.2
2023-07-06,Punjab,Patiala,1.0,O3,52.0,Satisfactory,"number_of_monitoring_stations in Absolute Number, aqi_value in Indices",,0.0,28.8,33.5,26.0,79,0.5,13.5,972.7
2023-07-06,Punjab,Rupnagar,1.0,PM10,118.0,Moderate,"number_of_monitoring_stations in Absolute Number, aqi_value in Indices",,0.0,27.8,33.2,24.0,82,0.6,9.5,972.0
2023-07-07,Punjab,Amritsar,1.0,PM2.5,65.0,Satisfactory,"number_of_monitoring_stations in Absolute Number, aqi_value in Indices",,0.0,27.8,32.2,24.9,82,2.2,14.4,975.9
2023-07-07,Punjab,Bathinda,1.0,CO,50.0,Good,"number_of_monitoring_stations in Absolute Number, aqi_value in Indices",,0.0,29.6,34.0,26.5,74,0.6,19.4,978.1
2023-07-07,Punjab,Jalandhar,1.0,PM10,60.0,Satisfactory,"number_of_monitoring_stations in Absolute Number, aqi_value in Indices",,0.0,27.8,31.2,24.7,83,5.7,11.6,974.9
2023-07-07,Punjab,Ludhiana,1.0,PM10,73.0,Satisfactory,"number_of_monitoring_stations in Absolute Number, aqi_value in Indices",,0.0,27.9,31.7,25.4,82,7.2,14.0,973.8
2023-07-07,Punjab,Patiala,1.0,O3,41.0,Good,"number_of_monitoring_stations in Absolute Number, aqi_value in Indices",,0.0,28.4,32.9,25.7,82,12.1,15.3,973.3
2023-07-07,Punjab,Rupnagar,1.0,PM10,133.0,Moderate,"number_of_monitoring_stations in Absolute Number, aqi_value in Indices",,0.0,28.0,32.2,24.2,82,6.6,10.7,972.6
2023-07-08,Punjab,Amritsar,1.0,PM2.5,66.0,Satisfactory,"number_of_monitoring_stations in Absolute Number, aqi_value in Indices",,0.0,25.7,27.2,24.3,92,30.8,18.1,976.4
2023-07-08,Punjab,Bathinda,1.0,CO,56.0,Satisfactory,"number_of_monitoring_stations in Absolute Number, aqi_value in Indices",,0.0,27.4,29.7,25.0,88,27.2,20.6,978.3
2023-07-08,Punjab,Jalandhar,1.0,O3,62.0,Satisfactory,"number_of_monitoring_stations in Absolute Number, aqi_value in Indices",,0.0,25.8,27.8,24.1,92,41.5,15.5,975.5
2023-07-08,Punjab,Ludhiana,1.0,PM10,86.0,Satisfactory,"number_of_monitoring_stations in Absolute Number, aqi_value in Indices",,0.0,26.1,27.4,24.1,92,21.8,16.4,974.3
2023-07-08,Punjab,Patiala,1.0,PM10,40.0,Good,"number_of_monitoring_stations in Absolute Number, aqi_value in Indices",,0.0,26.8,28.6,25.0,91,19.6,16.7,973.7
2023-07-08,Punjab,Rupnagar,1.0,PM10,126.0,Moderate,"number_of_monitoring_stations in Absolute Number, aqi_value in Indices",,0.0,26.2,28.1,24.2,90,38.3,13.4,973.3
2023-07-09,Punjab,Bathinda,1.0,CO,57.0,Satisfactory,"number_of_monitoring_stations in Absolute Number, aqi_value in Indices",,0.0,28.7,33.5,24.7,78,5.3,11.9,977.1
2023-07-09,Punjab,Jalandhar,1.0,O3,114.0,Moderate,"number_of_monitoring_stations in Absolute Number, aqi_value in Indices",,0.0,25.8,28.6,23.7,90,81.6,17.1,974.0
2023-07-09,Punjab,Ludhiana,1.0,PM2.5,78.0,Satisfactory,"number_of_monitoring_stations in Absolute Number, aqi_value in Indices",,0.0,26.2,29.3,23.9,90,55.5,17.2,972.9
2023-07-09,Punjab,Patiala,1.0,CO,41.0,Good,"number_of_monitoring_stations in Absolute Number, aqi_value in Indices",,0.0,26.3,29.4,24.6,91,55.3,22.4,972.4
2023-07-09,Punjab,Rupnagar,1.0,CO,83.0,Satisfactory,"number_of_monitoring_stations in Absolute Number, aqi_value in Indices",,0.0,25.6,26.8,24.4,92,63.3,24.3,971.8
2023-07-10,Punjab,Amritsar,1.0,PM2.5,56.0,Satisfactory,"number_of_monitoring_stations in Absolute Number, aqi_value in Indices",,0.0,26.6,29.5,24.1,84,0.2,11.8,975.8
2023-07-10,Punjab,Bathinda,1.0,PM10,49.0,Good,"number_of_monitoring_stations in Absolute Number, aqi_value in Indices",,0.0,28.4,32.0,25.8,82,0.5,13.3,978.0
2023-07-10,Punjab,Jalandhar,1.0,PM10,53.0,Satisfactory,"number_of_monitoring_stations in Absolute Number, aqi_value in Indices",,0.0,25.4,27.3,24.1,89,2.4,14.9,974.7
2023-07-10,Punjab,Ludhiana,1.0,CO,34.0,Good,"number_of_monitoring_stations in Absolute Number, aqi_value in Indices",,0.0,26.1,28.9,24.2,88,0.8,15.5,973.6
2023-07-10,Punjab,Patiala,1.0,NO2,34.0,Good,"number_of_monitoring_stations in Absolute Number, aqi_value in Indices",,0.0,26.4,29.5,24.6,92,61.0,14.4,972.9
2023-07-11,Punjab,Amritsar,1.0,PM2.5,60.0,Satisfactory,"number_of_monitoring_stations in Absolute Number, aqi_value in Indices",,0.0,28.6,33.5,23.4,81,0.0,6.2,975.1
2023-07-11,Punjab,Bathinda,1.0,PM10,41.0,Good,"number_of_monitoring_stations in Absolute Number, aqi_value in Indices",,0.0,29.7,35.1,24.9,76,0.3,11.8,977.8
2023-07-11,Punjab,Jalandhar,1.0,PM10,72.0,Satisfactory,"number_of_monitoring_stations in Absolute Number, aqi_value in Indices",,0.0,28.0,33.1,23.3,82,0.2,7.3,974.1
2023-07-11,Punjab,Ludhiana,1.0,PM10,61.0,Satisfactory,"number_of_monitoring_stations in Absolute Number, aqi_value in Indices",,0.0,28.0,32.6,23.6,81,0.7,10.1,973.1
2023-07-11,Punjab,Patiala,1.0,PM10,40.0,Good,"number_of_monitoring_stations in Absolute Number, aqi_value in Indices",,0.0,27.9,32.1,24.7,83,1.5,11.5,972.6
2023-07-11,Punjab,Rupnagar,1.0,CO,75.0,Satisfactory,"number_of_monitoring_stations in Absolute Number, aqi_value in Indices",,0.0,27.8,32.0,24.2,80,0.2,9.8,971.7
2023-07-12,Punjab,Amritsar,1.0,PM2.5,65.0,Satisfactory,"number_of_monitoring_stations in Absolute Number, aqi_value in Indices",,0.0,28.8,34.0,24.4,82,9.8,11.7,974.5
2023-07-12,Punjab,Bathinda,1.0,PM10,102.0,Moderate,"number_of_monitoring_stations in Absolute Number, aqi_value in Indices",,0.0,31.0,35.9,26.3,72,0.0,12.5,977.2
2023-07-12,Punjab,Jalandhar,1.0,CO,53.0,Satisfactory,"number_of_monitoring_stations in Absolute Number, aqi_value in Indices",,0.0,28.9,33.9,24.6,81,0.8,10.0,973.6
2023-07-12,Punjab,Ludhiana,1.0,PM10,74.0,Satisfactory,"number_of_monitoring_stations in Absolute Number, aqi_value in Indices",,0.0,28.9,34.2,24.9,81,0.1,10.1,972.6
2023-07-12,Punjab,Patiala,1.0,PM10,40.0,Good,"number_of_monitoring_stations in Absolute Number, aqi_value in Indices",,0.0,28.6,33.5,24.6,83,0.7,12.1,972.2
2023-07-12,Punjab,Rupnagar,1.0,CO,78.0,Satisfactory,"number_of_monitoring_stations in Absolute Number, aqi_value in Indices",,0.0,28.3,33.2,23.9,80,6.7,15.2,971.5
2023-07-13,Punjab,Amritsar,1.0,PM2.5,55.0,Satisfactory,"number_of_monitoring_stations in Absolute Number, aqi_value in Indices",,0.0,29.1,33.2,25.2,81,2.7,8.7,974.6
2023-07-13,Punjab,Bathinda,1.0,PM10,57.0,Satisfactory,"number_of_monitoring_stations in Absolute Number, aqi_value in Indices",,0.0,30.3,35.6,26.8,75,0.3,14.8,977.1
2023-07-13,Punjab,Ludhiana,1.0,PM10,49.0,Good,"number_of_monitoring_stations in Absolute Number, aqi_value in Indices",,0.0,28.7,33.1,23.8,83,1.2,13.3,972.7
2023-07-13,Punjab,Patiala,1.0,CO,31.0,Good,"number_of_monitoring_stations in Absolute Number, aqi_value in Indices",,0.0,28.2,32.5,24.2,83,1.4,17.3,972.3
2023-07-13,Punjab,Rupnagar,1.0,CO,55.0,Satisfactory,"number_of_monitoring_stations in Absolute Number, aqi_value in Indices",,0.0,28.7,32.8,24.6,78,2.2,16.3,971.6
2023-07-14,Punjab,Amritsar,1.0,O3,55.0,Satisfactory,"number_of_monitoring_stations in Absolute Number, aqi_value in Indices",,0.0,29.4,33.2,26.5,82,4.2,13.9,975.3
2023-07-14,Punjab,Jalandhar,1.0,PM10,70.0,Satisfactory,"number_of_monitoring_stations in Absolute Number, aqi_value in Indices",,0.0,29.2,32.8,26.1,82,1.0,12.0,974.4
2023-07-14,Punjab,Ludhiana,1.0,PM10,65.0,Satisfactory,"number_of_monitoring_stations in Absolute Number, aqi_value in Indices",,0.0,29.1,33.1,25.8,83,0.8,11.8,973.3
2023-07-14,Punjab,Patiala,1.0,O3,38.0,Good,"number_of_monitoring_stations in Absolute Number, aqi_value in Indices",,0.0,28.6,32.9,24.8,85,1.5,12.8,972.9
2023-07-14,Punjab,Rupnagar,1.0,PM10,56.0,Satisfactory,"number_of_monitoring_stations in Absolute Number, aqi_value in Indices",,0.0,28.8,33.3,23.6,79,4.2,12.6,972.1
2023-07-15,Punjab,Amritsar,1.0,O3,56.0,Satisfactory,"number_of_monitoring_stations in Absolute Number, aqi_value in Indices",,0.0,29.6,34.2,25.1,82,0.9,17.1,974.2
2023-07-15,Punjab,Bathinda,1.0,PM10,62.0,Satisfactory,"number_of_monitoring_stations in Absolute Number, aqi_value in Indices",,0.0,31.5,36.5,27.8,69,0.1,11.5,976.7
2023-07-15,Punjab,Jalandhar,1.0,PM10,90.0,Satisfactory,"number_of_monitoring_stations in Absolute Number, aqi_value in Indices",,0.0,29.8,34.2,26.3,80,0.8,16.6,973.2
2023-07-15,Punjab,Ludhiana,1.0,PM10,99.0,Satisfactory,"number_of_monitoring_stations in Absolute Number, aqi_value in Indices",,0.0,29.6,33.8,25.7,82,3.1,13.2,972.2
2023-07-15,Punjab,Patiala,1.0,PM10,49.0,Good,"number_of_monitoring_stations in Absolute Number, aqi_value in Indices",,0.0,29.1,33.4,25.7,84,4.8,13.1,972.0
2023-07-15,Punjab,Rupnagar,1.0,PM10,116.0,Moderate,"number_of_monitoring_stations in Absolute Number, aqi_value in Indices",,0.0,29.2,33.5,25.6,82,3.5,14.9,971.1
2023-07-16,Punjab,Amritsar,1.0,O3,54.0,Satisfactory,"number_of_monitoring_stations in Absolute Number, aqi_value in Indices",,0.0,28.6,32.0,25.7,87,3.3,15.7,974.8
2023-07-16,Punjab,Bathinda,1.0,PM10,41.0,Good,"number_of_monitoring_stations in Absolute Number, aqi_value in Indices",,0.0,30.6,36.6,27.8,76,3.7,15.9,977.1
2023-07-16,Punjab,Jalandhar,1.0,PM10,80.0,Satisfactory,"number_of_monitoring_stations in Absolute Number, aqi_value in Indices",,0.0,28.1,31.9,25.7,88,16.9,16.3,973.9
2023-07-16,Punjab,Ludhiana,1.0,PM10,82.0,Satisfactory,"number_of_monitoring_stations in Absolute Number, aqi_value in Indices",,0.0,28.5,32.0,25.8,87,21.2,15.9,972.8
2023-07-16,Punjab,Patiala,1.0,PM10,50.0,Good,"number_of_monitoring_stations in Absolute Number, aqi_value in Indices",,0.0,28.3,32.1,25.5,87,8.8,17.7,972.5
2023-07-16,Punjab,Rupnagar,1.0,PM10,91.0,Satisfactory,"number_of_monitoring_stations in Absolute Number, aqi_value in Indices",,0.0,28.3,31.9,25.6,85,13.8,17.9,971.7
2023-07-17,Punjab,Amritsar,1.0,O3,52.0,Satisfactory,"number_of_monitoring_stations in Absolute Number, aqi_value in Indices",,0.0,29.6,33.8,26.2,84,0.1,9.9,973.8
2023-07-17,Punjab,Bathinda,1.0,NO2,27.0,Good,"number_of_monitoring_stations in Absolute Number, aqi_value in Indices",,0.0,30.8,35.4,26.9,74,2.1,12.4,976.4
2023-07-17,Punjab,Jalandhar,1.0,PM10,74.0,Satisfactory,"number_of_monitoring_stations in Absolute Number, aqi_value in Indices",,0.0,29.0,33.4,26.3,86,1.2,11.7,972.9
2023-07-17,Punjab,Patiala,1.0,PM10,63.0,Satisfactory,"number_of_monitoring_stations in Absolute Number, aqi_value in Indices",,0.0,29.0,33.0,26.2,86,4.6,11.4,971.5
2023-07-17,Punjab,Rupnagar,1.0,PM10,109.0,Moderate,"number_of_monitoring_stations in Absolute Number, aqi_value in Indices",,0.0,28.8,32.7,26.3,85,2.8,11.3,970.7
2023-07-18,Punjab,Amritsar,1.0,O3,52.0,Satisfactory,"number_of_monitoring_stations in Absolute Number, aqi_value in Indices",,0.0,28.8,33.2,25.7,86,2.6,14.8,973.7
2023-07-18,Punjab,Bathinda,1.0,PM10,38.0,Good,"number_of_monitoring_stations in Absolute Number, aqi_value in Indices",,0.0,30.9,35.5,28.0,75,0.1,15.5,976.0
2023-07-18,Punjab,Jalandhar,1.0,PM10,76.0,Satisfactory,"number_of_monitoring_stations in Absolute Number, aqi_value in Indices",,0.0,28.9,32.7,26.4,86,3.4,13.0,972.8
2023-07-18,Punjab,Ludhiana,1.0,PM10,100.0,Satisfactory,"number_of_monitoring_stations in Absolute Number, aqi_value in Indices",,0.0,28.9,32.0,26.5,86,0.9,15.0,971.8
2023-07-18,Punjab,Patiala,1.0,PM10,52.0,Satisfactory,"number_of_monitoring_stations in Absolute Number, aqi_value in Indices",,0.0,28.3,31.1,26.4,87,2.1,17.7,971.6
2023-07-18,Punjab,Rupnagar,1.0,PM10,96.0,Satisfactory,"number_of_monitoring_stations in Absolute Number, aqi_value in Indices",,0.0,28.6,31.6,25.8,83,0.9,17.4,970.8
2023-07-19,Punjab,Amritsar,1.0,O3,52.0,Satisfactory,"number_of_monitoring_stations in Absolute Number, aqi_value in Indices",,0.0,28.7,32.3,26.3,84,1.2,16.7,974.2
2023-07-19,Punjab,Bathinda,1.0,PM10,40.0,Good,"number_of_monitoring_stations in Absolute Number, aqi_value in Indices",,0.0,29.7,34.6,27.0,79,1.3,18.2,976.5
2023-07-19,Punjab,Jalandhar,1.0,PM10,68.0,Satisfactory,"number_of_monitoring_stations in Absolute Number, aqi_value in Indices",,0.0,28.1,31.6,26.6,86,6.3,17.3,973.3
2023-07-19,Punjab,Ludhiana,1.0,PM10,54.0,Satisfactory,"number_of_monitoring_stations in Absolute Number, aqi_value in Indices",,0.0,28.2,32.3,26.2,86,3.9,14.8,972.2
2023-07-19,Punjab,Patiala,1.0,CO,33.0,Good,"number_of_monitoring_stations in Absolute Number, aqi_value in Indices",,0.0,28.1,32.4,25.9,87,6.8,17.0,971.8
2023-07-19,Punjab,Rupnagar,1.0,PM10,98.0,Satisfactory,"number_of_monitoring_stations in Absolute Number, aqi_value in Indices",,0.0,28.8,32.5,25.8,80,6.7,12.6,971.0
2023-07-20,Punjab,Amritsar,1.0,PM2.5,124.0,Moderate,"number_of_monitoring_stations in Absolute Number, aqi_value in Indices",,0.0,30.0,33.9,26.6,81,0.4,9.7,974.3
2023-07-20,Punjab,Bathinda,1.0,PM10,37.0,Good,"number_of_monitoring_stations in Absolute Number, aqi_value in Indices",,0.0,31.0,35.4,27.2,76,6.3,11.2,976.8
2023-07-20,Punjab,Jalandhar,1.0,PM10,65.0,Satisfactory,"number_of_monitoring_stations in Absolute Number, aqi_value in Indices",,0.0,30.2,34.1,26.2,79,0.0,8.2,973.2
2023-07-20,Punjab,Ludhiana,1.0,PM10,103.0,Moderate,"number_of_monitoring_stations in Absolute Number, aqi_value in Indices",,0.0,30.4,35.0,26.4,79,0.2,8.2,972.1
2023-07-20,Punjab,Patiala,1.0,CO,41.0,Good,"number_of_monitoring_stations in Absolute Number, aqi_value in Indices",,0.0,30.6,34.8,26.6,76,0.1,6.9,971.6
2023-07-20,Punjab,Rupnagar,1.0,PM10,186.0,Moderate,"number_of_monitoring_stations in Absolute Number, aqi_value in Indices",,0.0,30.5,34.8,25.2,75,0.0,5.9,970.8
2023-07-21,Punjab,Amritsar,1.0,PM2.5,108.0,Moderate,"number_of_monitoring_stations in Absolute Number, aqi_value in Indices",,0.0,29.7,33.5,27.6,87,10.8,9.7,975.4
2023-07-21,Punjab,Bathinda,1.0,PM10,65.0,Satisfactory,"number_of_monitoring_stations in Absolute Number, aqi_value in Indices",,0.0,31.5,36.6,28.5,77,7.3,11.0,978.0
2023-07-21,Punjab,Jalandhar,1.0,PM10,54.0,Satisfactory,"number_of_monitoring_stations in Absolute Number, aqi_value in Indices",,0.0,30.7,35.2,28.0,81,0.2,9.1,974.3
2023-07-21,Punjab,Ludhiana,1.0,PM2.5,112.0,Moderate,"number_of_monitoring_stations in Absolute Number, aqi_value in Indices",,0.0,31.0,35.0,27.3,80,0.7,10.0,973.3
2023-07-21,Punjab,Patiala,1.0,PM10,52.0,Satisfactory,"number_of_monitoring_stations in Absolute Number, aqi_value in Indices",,0.0,30.7,35.1,27.7,80,5.5,11.4,972.9
2023-07-21,Punjab,Rupnagar,1.0,PM10,176.0,Moderate,"number_of_monitoring_stations in Absolute Number, aqi_value in Indices",,0.0,30.8,34.6,27.0,76,1.7,10.7,972.0
2023-07-22,Punjab,Amritsar,1.0,PM2.5,86.0,Satisfactory,"number_of_monitoring_stations in Absolute Number, aqi_value in Indices",,0.0,27.5,29.6,26.2,91,34.9,18.4,978.5
2023-07-22,Punjab,Bathinda,1.0,PM10,48.0,Good,"number_of_monitoring_stations in Absolute Number, aqi_value in Indices",,0.0,29.8,33.2,26.3,81,16.4,32.4,980.6
2023-07-22,Punjab,Jalandhar,1.0,PM10,38.0,Good,"number_of_monitoring_stations in Absolute Number, aqi_value in Indices",,0.0,28.2,31.2,26.4,88,30.7,15.6,977.6
2023-07-22,Punjab,Ludhiana,1.0,PM10,83.0,Satisfactory,"number_of_monitoring_stations in Absolute Number, aqi_value in Indices",,0.0,28.4,31.6,26.3,87,5.7,18.7,976.4
2023-07-22,Punjab,Patiala,1.0,PM10,42.0,Good,"number_of_monitoring_stations in Absolute Number, aqi_value in Indices",,0.0,28.6,32.4,25.9,84,19.4,19.4,976.0
2023-07-22,Punjab,Rupnagar,1.0,PM10,102.0,Moderate,"number_of_monitoring_stations in Absolute Number, aqi_value in Indices",,0.0,28.7,33.1,25.9,84,44.1,19.6,975.3
2023-07-23,Punjab,Bathinda,1.0,PM10,55.0,Satisfactory,"number_of_monitoring_stations in Absolute Number, aqi_value in Indices",,0.0,31.3,35.2,28.1,72,0.5,15.9,980.9
2023-07-23,Punjab,Jalandhar,1.0,PM10,31.0,Good,"number_of_monitoring_stations in Absolute Number, aqi_value in Indices",,0.0,29.3,33.1,25.7,81,6.9,9.8,977.6
2023-07-23,Punjab,Ludhiana,1.0,PM10,70.0,Satisfactory,"number_of_monitoring_stations in Absolute Number, aqi_value in Indices",,0.0,29.6,33.3,25.9,80,0.6,12.8,976.4
2023-07-23,Punjab,Patiala,1.0,CO,41.0,Good,"number_of_monitoring_stations in Absolute Number, aqi_value in Indices",,0.0,29.9,33.5,26.8,74,0.0,14.7,976.0
2023-07-23,Punjab,Rupnagar,1.0,PM10,201.0,Poor,"number_of_monitoring_stations in Absolute Number, aqi_value in Indices",,0.0,29.5,33.5,24.6,77,0.2,12.4,975.2
2023-07-24,Punjab,Amritsar,1.0,PM2.5,102.0,Moderate,"number_of_monitoring_stations in Absolute Number, aqi_value in Indices",,0.0,29.4,32.6,26.8,84,6.9,9.1,976.3
2023-07-24,Punjab,Bathinda,1.0,PM10,107.0,Moderate,"number_of_monitoring_stations in Absolute Number, aqi_value in Indices",,0.0,31.4,35.3,28.6,73,0.5,17.2,978.6
2023-07-24,Punjab,Ludhiana,1.0,PM10,79.0,Satisfactory,"number_of_monitoring_stations in Absolute Number, aqi_value in Indices",,0.0,29.6,33.4,26.7,82,2.8,12.1,974.2
2023-07-24,Punjab,Patiala,1.0,CO,44.0,Good,"number_of_monitoring_stations in Absolute Number, aqi_value in Indices",,0.0,29.8,33.2,27.4,80,0.1,16.9,973.7
2023-07-24,Punjab,Rupnagar,1.0,PM10,217.0,Poor,"number_of_monitoring_stations in Absolute Number, aqi_value in Indices",,0.0,29.0,33.4,25.7,81,5.6,10.8,973.0
2023-07-25,Punjab,Bathinda,1.0,PM10,67.0,Satisfactory,"number_of_monitoring_stations in Absolute Number, aqi_value in Indices",,0.0,30.9,35.9,28.1,77,0.1,14.3,978.4
2023-07-25,Punjab,Jalandhar,1.0,PM10,59.0,Satisfactory,"number_of_monitoring_stations in Absolute Number, aqi_value in Indices",,0.0,29.8,33.3,26.6,82,3.2,13.8,974.8
2023-07-25,Punjab,Ludhiana,1.0,PM10,108.0,Moderate,"number_of_monitoring_stations in Absolute Number, aqi_value in Indices",,0.0,29.7,33.5,26.2,82,7.9,13.2,973.8
2023-07-25,Punjab,Patiala,1.0,CO,54.0,Satisfactory,"number_of_monitoring_stations in Absolute Number, aqi_value in Indices",,0.0,29.5,33.2,25.8,82,16.5,12.1,973.5
2023-07-25,Punjab,Rupnagar,1.0,PM10,144.0,Moderate,"number_of_monitoring_stations in Absolute Number, aqi_value in Indices",,0.0,29.3,32.8,25.5,81,12.5,12.2,972.6
2023-07-26,Punjab,Amritsar,1.0,PM2.5,70.0,Satisfactory,"number_of_monitoring_stations in Absolute Number, aqi_value in Indices",,0.0,28.0,31.9,25.4,87,19.4,10.9,977.1
2023-07-26,Punjab,Bathinda,1.0,PM10,66.0,Satisfactory,"number_of_monitoring_stations in Absolute Number, aqi_value in Indices",,0.0,29.3,33.2,25.7,81,17.5,15.7,979.8
2023-07-26,Punjab,Jalandhar,1.0,PM10,53.0,Satisfactory,"number_of_monitoring_stations in Absolute Number, aqi_value in Indices",,0.0,27.8,31.4,25.7,86,5.8,14.5,976.3
2023-07-26,Punjab,Ludhiana,1.0,PM10,50.0,Good,"number_of_monitoring_stations in Absolute Number, aqi_value in Indices",,0.0,27.6,31.4,25.1,87,8.1,12.4,975.3
2023-07-26,Punjab,Patiala,1.0,CO,36.0,Good,"number_of_monitoring_stations in Absolute Number, aqi_value in Indices",,0.0,27.2,30.4,24.8,87,15.5,13.5,975.1
2023-07-26,Punjab,Rupnagar,1.0,PM10,52.0,Satisfactory,"number_of_monitoring_stations in Absolute Number, aqi_value in Indices",,0.0,27.4,31.2,24.6,85,3.1,14.7,974.2
2023-07-27,Punjab,Amritsar,1.0,PM2.5,79.0,Satisfactory,"number_of_monitoring_stations in Absolute Number, aqi_value in Indices",,0.0,27.9,31.7,24.9,88,10.9,10.0,976.6
2023-07-27,Punjab,Bathinda,1.0,PM10,71.0,Satisfactory,"number_of_monitoring_stations in Absolute Number, aqi_value in Indices",,0.0,29.4,33.4,27.6,80,2.1,11.3,979.1
2023-07-27,Punjab,Ludhiana,1.0,CO,160.0,Moderate,"number_of_monitoring_stations in Absolute Number, aqi_value in Indices",,0.0,28.6,32.2,25.7,84,3.0,10.8,974.4
2023-07-27,Punjab,Patiala,1.0,CO,41.0,Good,"number_of_monitoring_stations in Absolute Number, aqi_value in Indices",,0.0,28.4,32.3,25.4,86,4.8,6.8,974.0
2023-07-28,Punjab,Amritsar,1.0,PM10,75.0,Satisfactory,"number_of_monitoring_stations in Absolute Number, aqi_value in Indices",,0.0,27.6,32.1,24.9,89,17.6,10.2,974.1
2023-07-28,Punjab,Bathinda,1.0,NO2,25.0,Good,"number_of_monitoring_stations in Absolute Number, aqi_value in Indices",,0.0,29.0,33.2,25.5,81,3.9,11.2,976.9
2023-07-28,Punjab,Ludhiana,1.0,PM10,104.0,Moderate,"number_of_monitoring_stations in Absolute Number, aqi_value in Indices",,0.0,27.3,30.4,25.3,89,21.8,8.3,972.3
2023-07-28,Punjab,Patiala,1.0,CO,46.0,Good,"number_of_monitoring_stations in Absolute Number, aqi_value in Indices",,0.0,27.4,30.7,25.5,88,25.7,6.3,971.9
2023-07-29,Punjab,Amritsar,1.0,PM2.5,78.0,Satisfactory,"number_of_monitoring_stations in Absolute Number, aqi_value in Indices",,0.0,27.7,32.6,24.2,88,10.8,7.8,973.3
2023-07-29,Punjab,Bathinda,1.0,PM10,64.0,Satisfactory,"number_of_monitoring_stations in Absolute Number, aqi_value in Indices",,0.0,28.6,32.7,25.6,84,1.7,14.8,976.0
2023-07-29,Punjab,Jalandhar,1.0,PM10,65.0,Satisfactory,"number_of_monitoring_stations in Absolute Number, aqi_value in Indices",,0.0,28.3,31.9,25.5,85,2.9,8.3,972.3
2023-07-29,Punjab,Ludhiana,1.0,PM10,74.0,Satisfactory,"number_of_monitoring_stations in Absolute Number, aqi_value in Indices",,0.0,28.3,32.6,25.5,85,4.0,9.5,971.2
2023-07-29,Punjab,Patiala,1.0,PM10,37.0,Good,"number_of_monitoring_stations in Absolute Number, aqi_value in Indices",,0.0,27.8,32.0,24.3,87,8.5,11.9,970.8
2023-07-29,Punjab,Rupnagar,1.0,PM10,73.0,Satisfactory,"number_of_monitoring_stations in Absolute Number, aqi_value in Indices",,0.0,28.1,32.4,24.9,84,3.9,12.5,970.0
2023-07-30,Punjab,Bathinda,1.0,PM10,33.0,Good,"number_of_monitoring_stations in Absolute Number, aqi_value in Indices",,0.0,29.5,34.0,25.6,78,0.8,8.0,975.9
2023-07-30,Punjab,Jalandhar,1.0,PM10,84.0,Satisfactory,"number_of_monitoring_stations in Absolute Number, aqi_value in Indices",,0.0,28.9,33.2,24.6,82,0.4,5.1,971.8
2023-07-30,Punjab,Ludhiana,1.0,PM2.5,63.0,Satisfactory,"number_of_monitoring_stations in Absolute Number, aqi_value in Indices",,0.0,28.5,33.0,24.9,85,0.2,6.5,970.8
2023-07-30,Punjab,Patiala,1.0,PM10,34.0,Good,"number_of_monitoring_stations in Absolute Number, aqi_value in Indices",,0.0,28.3,32.3,25.3,88,0.8,6.8,970.4
2023-07-31,Punjab,Amritsar,1.0,PM2.5,95.0,Satisfactory,"number_of_monitoring_stations in Absolute Number, aqi_value in Indices",,0.0,29.4,33.3,25.8,82,0.3,11.7,972.2
2023-07-31,Punjab,Bathinda,1.0,PM10,34.0,Good,"number_of_monitoring_stations in Absolute Number, aqi_value in Indices",,0.0,31.0,34.6,27.0,73,3.2,9.7,975.3
2023-07-31,Punjab,Jalandhar,1.0,PM10,94.0,Satisfactory,"number_of_monitoring_stations in Absolute Number, aqi_value in Indices",,0.0,29.8,33.5,26.3,80,0.8,8.9,971.3
2023-07-31,Punjab,Ludhiana,1.0,PM10,75.0,Satisfactory,"number_of_monitoring_stations in Absolute Number, aqi_value in Indices",,0.0,29.9,33.7,26.0,78,0.1,11.1,970.3
2023-07-31,Punjab,Patiala,1.0,PM10,61.0,Satisfactory,"number_of_monitoring_stations in Absolute Number, aqi_value in Indices",,0.0,29.2,33.3,25.5,83,0.4,10.9,969.8
2023-08-01,Punjab,Amritsar,1.0,PM2.5,93.0,Satisfactory,"number_of_monitoring_stations in Absolute Number, aqi_value in Indices",,0.0,30.2,34.7,26.5,81,0.8,9.4,971.0
2023-08-01,Punjab,Jalandhar,1.0,PM10,75.0,Satisfactory,"number_of_monitoring_stations in Absolute Number, aqi_value in Indices",,0.0,30.4,34.5,26.3,80,0.2,10.8,970.1
2023-08-01,Punjab,Ludhiana,1.0,PM10,56.0,Satisfactory,"number_of_monitoring_stations in Absolute Number, aqi_value in Indices",,0.0,30.3,34.3,26.2,80,0.0,10.6,969.2
2023-08-01,Punjab,Patiala,1.0,PM10,66.0,Satisfactory,"number_of_monitoring_stations in Absolute Number, aqi_value in Indices",,0.0,29.9,33.9,26.0,81,0.1,13.6,968.8
2023-08-02,Punjab,Amritsar,1.0,PM2.5,95.0,Satisfactory,"number_of_monitoring_stations in Absolute Number, aqi_value in Indices",,0.0,30.3,35.1,27.3,82,9.7,13.7,971.3
2023-08-02,Punjab,Bathinda,1.0,PM10,39.0,Good,"number_of_monitoring_stations in Absolute Number, aqi_value in Indices",,0.0,31.6,36.0,28.2,71,2.6,16.3,974.6
2023-08-02,Punjab,Jalandhar,1.0,PM10,82.0,Satisfactory,"number_of_monitoring_stations in Absolute Number, aqi_value in Indices",,0.0,30.2,34.8,27.0,82,3.1,8.8,970.5
2023-08-02,Punjab,Ludhiana,1.0,PM10,76.0,Satisfactory,"number_of_monitoring_stations in Absolute Number, aqi_value in Indices",,0.0,30.1,34.6,27.3,81,1.2,13.2,969.6
2023-08-02,Punjab,Patiala,1.0,PM10,77.0,Satisfactory,"number_of_monitoring_stations in Absolute Number, aqi_value in Indices",,0.0,29.5,34.1,26.2,83,2.8,13.9,969.4
2023-08-02,Punjab,Rupnagar,1.0,PM10,137.0,Moderate,"number_of_monitoring_stations in Absolute Number, aqi_value in Indices",,0.0,29.8,34.2,26.2,81,0.9,10.5,968.3
2023-08-03,Punjab,Amritsar,1.0,PM10,83.0,Satisfactory,"number_of_monitoring_stations in Absolute Number, aqi_value in Indices",,0.0,29.5,33.7,25.4,84,1.7,8.9,972.0
2023-08-03,Punjab,Bathinda,1.0,PM10,53.0,Satisfactory,"number_of_monitoring_stations in Absolute Number, aqi_value in Indices",,0.0,31.4,36.1,25.7,71,3.9,12.6,975.1
2023-08-03,Punjab,Jalandhar,1.0,PM10,68.0,Satisfactory,"number_of_monitoring_stations in Absolute Number, aqi_value in Indices",,0.0,29.5,33.7,25.7,83,0.1,11.3,971.1
2023-08-03,Punjab,Ludhiana,1.0,PM10,85.0,Satisfactory,"number_of_monitoring_stations in Absolute Number, aqi_value in Indices",,0.0,29.2,33.6,25.1,83,2.8,11.0,970.1
2023-08-03,Punjab,Patiala,1.0,O3,61.0,Satisfactory,"number_of_monitoring_stations in Absolute Number, aqi_value in Indices",,0.0,28.7,33.0,23.9,87,12.2,11.4,969.8
2023-08-03,Punjab,Rupnagar,1.0,PM10,100.0,Satisfactory,"number_of_monitoring_stations in Absolute Number, aqi_value in Indices",,0.0,29.2,33.2,25.4,83,0.5,9.6,968.7
2023-08-04,Punjab,Amritsar,1.0,PM2.5,122.0,Moderate,"number_of_monitoring_stations in Absolute Number, aqi_value in Indices",,0.0,29.5,34.4,25.9,85,3.8,15.4,973.9
2023-08-04,Punjab,Bathinda,1.0,PM10,65.0,Satisfactory,"number_of_monitoring_stations in Absolute Number, aqi_value in Indices",,0.0,32.4,37.0,29.4,64,0.2,11.0,977.0
2023-08-04,Punjab,Jalandhar,1.0,PM10,74.0,Satisfactory,"number_of_monitoring_stations in Absolute Number, aqi_value in Indices",,0.0,29.5,34.2,26.2,84,2.9,6.5,973.2
2023-08-04,Punjab,Ludhiana,1.0,PM10,90.0,Satisfactory,"number_of_monitoring_stations in Absolute Number, aqi_value in Indices",,0.0,29.2,33.4,25.9,86,7.6,12.7,972.3
2023-08-04,Punjab,Patiala,1.0,PM10,80.0,Satisfactory,"number_of_monitoring_stations in Absolute Number, aqi_value in Indices",,0.0,28.7,31.9,26.1,88,4.5,12.9,972.1
2023-08-04,Punjab,Rupnagar,1.0,PM10,109.0,Moderate,"number_of_monitoring_stations in Absolute Number, aqi_value in Indices",,0.0,28.7,32.5,25.3,86,2.7,14.0,971.1
2023-08-05,Punjab,Amritsar,1.0,PM10,82.0,Satisfactory,"number_of_monitoring_stations in Absolute Number, aqi_value in Indices",,0.0,29.0,33.3,25.3,86,13.3,9.3,975.7
2023-08-05,Punjab,Bathinda,1.0,PM10,52.0,Satisfactory,"number_of_monitoring_stations in Absolute Number, aqi_value in Indices",,0.0,32.4,37.3,28.3,65,0.7,13.8,978.5
2023-08-05,Punjab,Jalandhar,1.0,PM10,42.0,Good,"number_of_monitoring_stations in Absolute Number, aqi_value in Indices",,0.0,29.4,33.2,26.3,85,7.7,10.6,974.8
2023-08-05,Punjab,Ludhiana,1.0,PM10,79.0,Satisfactory,"number_of_monitoring_stations in Absolute Number, aqi_value in Indices",,0.0,29.2,32.8,26.4,87,3.7,10.5,973.7
2023-08-05,Punjab,Patiala,1.0,PM10,39.0,Good,"number_of_monitoring_stations in Absolute Number, aqi_value in Indices",,0.0,29.2,33.2,26.0,85,1.0,13.5,973.3
2023-08-05,Punjab,Rupnagar,1.0,PM10,117.0,Moderate,"number_of_monitoring_stations in Absolute Number, aqi_value in Indices",,0.0,28.5,33.0,25.4,86,2.9,13.3,972.4
2023-08-06,Punjab,Amritsar,1.0,PM2.5,91.0,Satisfactory,"number_of_monitoring_stations in Absolute Number, aqi_value in Indices",,0.0,28.6,33.1,26.2,86,9.3,12.8,972.5
2023-08-06,Punjab,Bathinda,1.0,PM10,52.0,Satisfactory,"number_of_monitoring_stations in Absolute Number, aqi_value in Indices",,0.0,31.7,36.4,27.2,67,3.1,17.5,975.6
2023-08-06,Punjab,Jalandhar,1.0,PM10,80.0,Satisfactory,"number_of_monitoring_stations in Absolute Number, aqi_value in Indices",,0.0,28.9,33.2,26.5,85,6.2,13.1,971.7
2023-08-06,Punjab,Ludhiana,1.0,PM10,47.0,Good,"number_of_monitoring_stations in Absolute Number, aqi_value in Indices",,0.0,28.9,32.9,25.8,86,10.1,14.3,970.8
2023-08-06,Punjab,Patiala,1.0,PM10,67.0,Satisfactory,"number_of_monitoring_stations in Absolute Number, aqi_value in Indices",,0.0,28.8,33.1,26.6,85,2.3,12.6,970.3
2023-08-07,Punjab,Bathinda,1.0,PM10,83.0,Satisfactory,"number_of_monitoring_stations in Absolute Number, aqi_value in Indices",,0.0,32.4,37.1,28.3,58,0.0,19.2,973.2
2023-08-07,Punjab,Jalandhar,1.0,PM10,77.0,Satisfactory,"number_of_monitoring_stations in Absolute Number, aqi_value in Indices",,0.0,29.0,33.3,25.2,82,0.9,9.7,969.4
2023-08-07,Punjab,Ludhiana,1.0,PM10,58.0,Satisfactory,"number_of_monitoring_stations in Absolute Number, aqi_value in Indices",,0.0,28.7,33.3,24.4,83,7.7,10.5,968.5
2023-08-07,Punjab,Patiala,1.0,PM10,67.0,Satisfactory,"number_of_monitoring_stations in Absolute Number, aqi_value in Indices",,0.0,28.6,33.0,24.4,83,10.6,14.2,968.2
2023-08-08,Punjab,Amritsar,1.0,PM2.5,164.0,Moderate,"number_of_monitoring_stations in Absolute Number, aqi_value in Indices",,0.0,30.0,33.8,26.6,78,0.6,13.6,971.3
2023-08-08,Punjab,Bathinda,1.0,PM10,112.0,Moderate,"number_of_monitoring_stations in Absolute Number, aqi_value in Indices",,0.0,32.2,36.2,28.9,62,0.2,22.3,974.6
2023-08-08,Punjab,Jalandhar,1.0,PM10,129.0,Moderate,"number_of_monitoring_stations in Absolute Number, aqi_value in Indices",,0.0,29.8,33.6,26.0,81,0.3,10.6,970.5
2023-08-08,Punjab,Ludhiana,1.0,PM10,94.0,Satisfactory,"number_of_monitoring_stations in Absolute Number, aqi_value in Indices",,0.0,29.5,33.9,25.6,82,0.3,10.1,969.5
2023-08-08,Punjab,Patiala,1.0,PM10,111.0,Moderate,"number_of_monitoring_stations in Absolute Number, aqi_value in Indices",,0.0,29.4,33.1,26.0,82,0.5,15.5,969.2
2023-08-08,Punjab,Rupnagar,1.0,PM10,120.0,Moderate,"number_of_monitoring_stations in Absolute Number, aqi_value in Indices",,0.0,28.9,33.0,25.0,79,1.0,11.2,968.2
2023-08-09,Punjab,Bathinda,1.0,PM10,87.0,Satisfactory,"number_of_monitoring_stations in Absolute Number, aqi_value in Indices",,0.0,32.4,36.6,28.8,62,0.4,17.7,978.1
2023-08-09,Punjab,Jalandhar,1.0,PM10,86.0,Satisfactory,"number_of_monitoring_stations in Absolute Number, aqi_value in Indices",,0.0,29.4,33.8,25.5,80,6.0,15.9,974.1
2023-08-09,Punjab,Ludhiana,1.0,PM10,93.0,Satisfactory,"number_of_monitoring_stations in Absolute Number, aqi_value in Indices",,0.0,29.5,34.0,26.7,82,2.2,10.8,973.1
2023-08-09,Punjab,Patiala,1.0,PM10,100.0,Satisfactory,"number_of_monitoring_stations in Absolute Number, aqi_value in Indices",,0.0,29.4,33.3,26.2,82,0.7,15.4,972.9
2023-08-09,Punjab,Rupnagar,1.0,PM10,82.0,Satisfactory,"number_of_monitoring_stations in Absolute Number, aqi_value in Indices",,0.0,29.2,33.2,25.8,82,0.9,10.0,971.8
2023-08-10,Punjab,Amritsar,1.0,PM2.5,128.0,Moderate,"number_of_monitoring_stations in Absolute Number, aqi_value in Indices",,0.0,28.5,33.2,25.3,87,6.8,16.5,976.7
2023-08-10,Punjab,Bathinda,1.0,PM10,93.0,Satisfactory,"number_of_monitoring_stations in Absolute Number, aqi_value in Indices",,0.0,32.2,37.2,29.3,62,0.0,17.2,979.5
2023-08-10,Punjab,Jalandhar,1.0,PM10,74.0,Satisfactory,"number_of_monitoring_stations in Absolute Number, aqi_value in Indices",,0.0,28.6,32.5,25.3,86,5.5,7.9,975.9
2023-08-10,Punjab,Ludhiana,1.0,PM10,103.0,Moderate,"number_of_monitoring_stations in Absolute Number, aqi_value in Indices",,0.0,28.9,32.7,25.6,86,6.1,13.8,974.8
2023-08-10,Punjab,Patiala,1.0,PM10,88.0,Satisfactory,"number_of_monitoring_stations in Absolute Number, aqi_value in Indices",,0.0,28.9,32.5,26.1,85,8.7,12.0,974.5
2023-08-10,Punjab,Rupnagar,1.0,PM10,114.0,Moderate,"number_of_monitoring_stations in Absolute Number, aqi_value in Indices",,0.0,28.3,32.0,25.7,86,4.3,10.2,973.6
2023-08-11,Punjab,Amritsar,1.0,PM2.5,88.0,Satisfactory,"number_of_monitoring_stations in Absolute Number, aqi_value in Indices",,0.0,28.9,33.4,25.2,86,6.9,12.2,976.8
2023-08-11,Punjab,Bathinda,1.0,PM10,85.0,Satisfactory,"number_of_monitoring_stations in Absolute Number, aqi_value in Indices",,0.0,32.9,37.7,28.6,56,0.3,14.8,979.6
2023-08-11,Punjab,Jalandhar,1.0,PM10,58.0,Satisfactory,"number_of_monitoring_stations in Absolute Number, aqi_value in Indices",,0.0,28.9,33.2,25.8,86,14.0,12.5,976.0
2023-08-11,Punjab,Ludhiana,1.0,PM10,82.0,Satisfactory,"number_of_monitoring_stations in Absolute Number, aqi_value in Indices",,0.0,28.9,32.9,26.4,88,8.0,10.4,975.0
2023-08-11,Punjab,Patiala,1.0,PM10,73.0,Satisfactory,"number_of_monitoring_stations in Absolute Number, aqi_value in Indices",,0.0,28.9,32.7,26.3,87,1.4,11.1,974.6
2023-08-12,Punjab,Bathinda,1.0,PM10,88.0,Satisfactory,"number_of_monitoring_stations in Absolute Number, aqi_value in Indices",,0.0,33.2,38.0,29.1,52,0.0,16.6,977.5
2023-08-12,Punjab,Jalandhar,1.0,PM10,93.0,Satisfactory,"number_of_monitoring_stations in Absolute Number, aqi_value in Indices",,0.0,29.5,33.1,26.1,83,0.8,9.4,973.5
2023-08-12,Punjab,Ludhiana,1.0,PM10,78.0,Satisfactory,"number_of_monitoring_stations in Absolute Number, aqi_value in Indices",,0.0,29.8,34.0,26.2,82,0.0,9.7,972.4
2023-08-12,Punjab,Patiala,1.0,PM10,74.0,Satisfactory,"number_of_monitoring_stations in Absolute Number, aqi_value in Indices",,0.0,29.6,33.7,26.3,80,0.0,13.8,972.1
2023-08-12,Punjab,Rupnagar,1.0,PM10,95.0,Satisfactory,"number_of_monitoring_stations in Absolute Number, aqi_value in Indices",,0.0,28.8,32.6,26.5,84,4.0,8.5,971.2
2023-08-13,Punjab,Jalandhar,1.0,PM10,98.0,Satisfactory,"number_of_monitoring_stations in Absolute Number, aqi_value in Indices",,0.0,29.2,33.8,25.3,82,7.2,19.6,971.1
2023-08-13,Punjab,Ludhiana,1.0,PM10,67.0,Satisfactory,"number_of_monitoring_stations in Absolute Number, aqi_value in Indices",,0.0,29.4,34.3,25.6,82,1.9,16.9,970.2
2023-08-13,Punjab,Patiala,1.0,PM10,65.0,Satisfactory,"number_of_monitoring_stations in Absolute Number, aqi_value in Indices",,0.0,29.0,33.9,25.7,81,0.2,16.8,970.0
2023-08-13,Punjab,Rupnagar,1.0,PM10,97.0,Satisfactory,"number_of_monitoring_stations in Absolute Number, aqi_value in Indices",,0.0,28.6,32.8,25.4,84,22.6,11.5,969.1
2023-08-14,Punjab,Bathinda,1.0,PM10,90.0,Satisfactory,"number_of_monitoring_stations in Absolute Number, aqi_value in Indices",,0.0,32.6,36.4,29.3,54,0.0,19.3,978.5
2023-08-14,Punjab,Jalandhar,1.0,PM10,82.0,Satisfactory,"number_of_monitoring_stations in Absolute Number, aqi_value in Indices",,0.0,27.9,31.9,25.1,85,8.7,16.6,975.3
2023-08-14,Punjab,Ludhiana,1.0,PM10,70.0,Satisfactory,"number_of_monitoring_stations in Absolute Number, aqi_value in Indices",,0.0,28.2,32.3,25.0,83,9.9,15.9,974.3
2023-08-14,Punjab,Patiala,1.0,O3,57.0,Satisfactory,"number_of_monitoring_stations in Absolute Number, aqi_value in Indices",,0.0,28.1,31.7,25.6,81,1.3,17.2,974.3
2023-08-14,Punjab,Rupnagar,1.0,PM10,79.0,Satisfactory,"number_of_monitoring_stations in Absolute Number, aqi_value in Indices",,0.0,27.3,30.4,25.0,85,40.8,22.4,973.5
2023-08-15,Punjab,Bathinda,1.0,PM10,78.0,Satisfactory,"number_of_monitoring_stations in Absolute Number, aqi_value in Indices",,0.0,32.0,36.7,27.8,61,0.4,14.1,980.0
2023-08-15,Punjab,Jalandhar,1.0,PM10,72.0,Satisfactory,"number_of_monitoring_stations in Absolute Number, aqi_value in Indices",,0.0,28.5,32.9,24.4,80,1.1,13.8,976.6
2023-08-15,Punjab,Ludhiana,1.0,PM10,74.0,Satisfactory,"number_of_monitoring_stations in Absolute Number, aqi_value in Indices",,0.0,28.5,33.0,24.6,80,4.7,15.5,975.5
2023-08-15,Punjab,Patiala,1.0,O3,62.0,Satisfactory,"number_of_monitoring_stations in Absolute Number, aqi_value in Indices",,0.0,28.4,32.7,25.2,81,0.7,15.1,975.2
2023-08-15,Punjab,Rupnagar,1.0,PM10,76.0,Satisfactory,"number_of_monitoring_stations in Absolute Number, aqi_value in Indices",,0.0,27.9,32.2,24.5,83,6.8,10.0,974.3
2023-08-16,Punjab,Bathinda,1.0,PM10,89.0,Satisfactory,"number_of_monitoring_stations in Absolute Number, aqi_value in Indices",,0.0,32.9,38.1,28.5,59,0.0,12.8,979.9
2023-08-16,Punjab,Jalandhar,1.0,PM10,65.0,Satisfactory,"number_of_monitoring_stations in Absolute Number, aqi_value in Indices",,0.0,29.4,33.6,25.7,80,0.1,9.5,976.0
2023-08-16,Punjab,Ludhiana,1.0,PM10,76.0,Satisfactory,"number_of_monitoring_stations in Absolute Number, aqi_value in Indices",,0.0,29.5,33.8,25.4,79,0.0,10.5,975.0
2023-08-16,Punjab,Patiala,1.0,O3,68.0,Satisfactory,"number_of_monitoring_stations in Absolute Number, aqi_value in Indices",,0.0,29.5,33.4,25.8,79,0.0,11.8,974.5
2023-08-16,Punjab,Rupnagar,1.0,PM10,114.0,Moderate,"number_of_monitoring_stations in Absolute Number, aqi_value in Indices",,0.0,28.9,33.1,24.5,81,0.0,13.2,973.4
2023-08-17,Punjab,Bathinda,1.0,PM10,96.0,Satisfactory,"number_of_monitoring_stations in Absolute Number, aqi_value in Indices",,0.0,33.6,38.2,29.1,52,0.0,14.1,979.1
2023-08-17,Punjab,Jalandhar,1.0,PM10,90.0,Satisfactory,"number_of_monitoring_stations in Absolute Number, aqi_value in Indices",,0.0,29.3,33.4,25.8,82,2.0,9.7,975.3
2023-08-17,Punjab,Ludhiana,1.0,PM10,90.0,Satisfactory,"number_of_monitoring_stations in Absolute Number, aqi_value in Indices",,0.0,29.5,33.8,26.0,83,1.9,10.5,974.2
2023-08-17,Punjab,Patiala,1.0,PM10,74.0,Satisfactory,"number_of_monitoring_stations in Absolute Number, aqi_value in Indices",,0.0,29.7,33.4,26.3,80,1.3,14.2,973.8
2023-08-17,Punjab,Rupnagar,1.0,PM10,151.0,Moderate,"number_of_monitoring_stations in Absolute Number, aqi_value in Indices",,0.0,28.7,32.6,25.1,83,3.9,14.0,972.9
2023-08-18,Punjab,Bathinda,1.0,PM10,112.0,Moderate,"number_of_monitoring_stations in Absolute Number, aqi_value in Indices",,0.0,33.6,39.1,28.6,54,0.0,9.0,979.3
2023-08-18,Punjab,Jalandhar,1.0,PM10,101.0,Moderate,"number_of_monitoring_stations in Absolute Number, aqi_value in Indices",,0.0,30.1,34.4,26.3,82,0.1,6.9,975.6
2023-08-18,Punjab,Ludhiana,1.0,PM10,100.0,Satisfactory,"number_of_monitoring_stations in Absolute Number, aqi_value in Indices",,0.0,30.4,34.6,26.1,80,0.0,6.3,974.6
2023-08-18,Punjab,Patiala,1.0,PM10,87.0,Satisfactory,"number_of_monitoring_stations in Absolute Number, aqi_value in Indices",,0.0,29.9,34.3,26.2,81,0.5,7.3,974.2
2023-08-18,Punjab,Rupnagar,1.0,PM10,137.0,Moderate,"number_of_monitoring_stations in Absolute Number, aqi_value in Indices",,0.0,29.1,33.5,24.3,83,0.3,8.9,973.2
2023-08-19,Punjab,Amritsar,1.0,PM10,63.0,Satisfactory,"number_of_monitoring_stations in Absolute Number, aqi_value in Indices",,0.0,29.8,33.7,26.7,85,3.8,10.6,977.4
2023-08-19,Punjab,Bathinda,1.0,PM10,146.0,Moderate,"number_of_monitoring_stations in Absolute Number, aqi_value in Indices",,0.0,32.2,36.7,29.1,67,0.9,14.1,980.0
2023-08-19,Punjab,Jalandhar,1.0,PM10,63.0,Satisfactory,"number_of_monitoring_stations in Absolute Number, aqi_value in Indices",,0.0,29.6,33.1,26.7,83,1.8,9.0,976.4
2023-08-19,Punjab,Ludhiana,1.0,PM10,123.0,Moderate,"number_of_monitoring_stations in Absolute Number, aqi_value in Indices",,0.0,29.8,33.7,27.2,84,3.5,10.0,975.4
2023-08-19,Punjab,Patiala,1.0,PM10,62.0,Satisfactory,"number_of_monitoring_stations in Absolute Number, aqi_value in Indices",,0.0,29.7,33.7,26.2,84,1.0,13.5,975.0
2023-08-20,Punjab,Amritsar,1.0,O3,54.0,Satisfactory,"number_of_monitoring_stations in Absolute Number, aqi_value in Indices",,0.0,30.3,34.0,26.8,84,1.4,6.1,977.9
2023-08-20,Punjab,Bathinda,1.0,PM10,65.0,Satisfactory,"number_of_monitoring_stations in Absolute Number, aqi_value in Indices",,0.0,32.3,36.6,28.3,69,7.0,10.4,980.4
2023-08-20,Punjab,Jalandhar,1.0,PM10,60.0,Satisfactory,"number_of_monitoring_stations in Absolute Number, aqi_value in Indices",,0.0,30.1,33.6,26.5,83,3.5,9.7,977.0
2023-08-20,Punjab,Ludhiana,1.0,PM2.5,155.0,Moderate,"number_of_monitoring_stations in Absolute Number, aqi_value in Indices",,0.0,29.9,34.0,26.5,84,0.9,12.9,975.9
2023-08-20,Punjab,Patiala,1.0,O3,52.0,Satisfactory,"number_of_monitoring_stations in Absolute Number, aqi_value in Indices",,0.0,30.1,34.1,27.3,82,2.1,11.0,975.5
2023-08-20,Punjab,Rupnagar,1.0,PM10,145.0,Moderate,"number_of_monitoring_stations in Absolute Number, aqi_value in Indices",,0.0,29.1,33.5,25.5,86,2.1,9.0,974.7
2023-08-21,Punjab,Amritsar,1.0,O3,58.0,Satisfactory,"number_of_monitoring_stations in Absolute Number, aqi_value in Indices",,0.0,30.7,35.0,27.7,81,0.6,9.7,976.0
2023-08-21,Punjab,Bathinda,1.0,PM10,33.0,Good,"number_of_monitoring_stations in Absolute Number, aqi_value in Indices",,0.0,33.8,38.4,29.4,62,0.6,9.7,978.8
2023-08-21,Punjab,Jalandhar,1.0,PM10,69.0,Satisfactory,"number_of_monitoring_stations in Absolute Number, aqi_value in Indices",,0.0,30.3,34.7,26.8,82,2.2,11.0,975.1
2023-08-21,Punjab,Ludhiana,1.0,PM10,72.0,Satisfactory,"number_of_monitoring_stations in Absolute Number, aqi_value in Indices",,0.0,30.1,34.5,26.6,85,2.8,7.9,974.1
2023-08-21,Punjab,Patiala,1.0,O3,50.0,Good,"number_of_monitoring_stations in Absolute Number, aqi_value in Indices",,0.0,30.1,33.6,26.9,84,1.9,9.1,973.8
2023-08-21,Punjab,Rupnagar,1.0,PM10,130.0,Moderate,"number_of_monitoring_stations in Absolute Number, aqi_value in Indices",,0.0,29.7,33.6,26.1,85,0.7,9.4,972.9
2023-08-22,Punjab,Amritsar,1.0,O3,56.0,Satisfactory,"number_of_monitoring_stations in Absolute Number, aqi_value in Indices",,0.0,31.3,36.7,26.4,78,0.0,13.1,973.4
2023-08-22,Punjab,Bathinda,1.0,SO2,60.0,Satisfactory,"number_of_monitoring_stations in Absolute Number, aqi_value in Indices",,0.0,35.2,40.3,30.5,55,0.0,15.3,976.2
2023-08-22,Punjab,Jalandhar,1.0,PM10,94.0,Satisfactory,"number_of_monitoring_stations in Absolute Number, aqi_value in Indices",,0.0,30.6,35.9,26.2,79,0.3,13.6,972.7
2023-08-22,Punjab,Ludhiana,1.0,PM10,95.0,Satisfactory,"number_of_monitoring_stations in Absolute Number, aqi_value in Indices",,0.0,30.8,35.9,26.7,81,0.5,11.6,971.8
2023-08-22,Punjab,Patiala,1.0,PM10,55.0,Satisfactory,"number_of_monitoring_stations in Absolute Number, aqi_value in Indices",,0.0,30.1,34.6,26.5,82,0.6,17.5,971.6
2023-08-22,Punjab,Rupnagar,1.0,PM10,127.0,Moderate,"number_of_monitoring_stations in Absolute Number, aqi_value in Indices",,0.0,29.5,33.4,26.2,84,8.9,14.4,970.7
2023-08-23,Punjab,Amritsar,1.0,PM10,97.0,Satisfactory,"number_of_monitoring_stations in Absolute Number, aqi_value in Indices",,0.0,30.0,34.8,26.5,79,0.2,17.3,972.2
2023-08-23,Punjab,Bathinda,1.0,PM10,98.0,Satisfactory,"number_of_monitoring_stations in Absolute Number, aqi_value in Indices",,0.0,33.7,38.1,29.0,55,0.0,19.7,974.9
2023-08-23,Punjab,Jalandhar,1.0,PM10,64.0,Satisfactory,"number_of_monitoring_stations in Absolute Number, aqi_value in Indices",,0.0,28.8,32.8,25.9,81,1.7,17.6,971.8
2023-08-23,Punjab,Ludhiana,1.0,PM10,111.0,Moderate,"number_of_monitoring_stations in Absolute Number, aqi_value in Indices",,0.0,28.6,33.1,25.7,84,1.5,19.1,970.9
2023-08-23,Punjab,Patiala,1.0,O3,48.0,Good,"number_of_monitoring_stations in Absolute Number, aqi_value in Indices",,0.0,27.4,30.4,25.3,87,0.8,22.7,970.9
2023-08-23,Punjab,Rupnagar,1.0,PM10,74.0,Satisfactory,"number_of_monitoring_stations in Absolute Number, aqi_value in Indices",,0.0,27.1,29.4,25.5,87,24.2,26.9,970.0
2023-08-24,Punjab,Amritsar,1.0,PM10,91.0,Satisfactory,"number_of_monitoring_stations in Absolute Number, aqi_value in Indices",,0.0,28.6,32.4,25.2,82,1.0,14.1,972.2
2023-08-24,Punjab,Bathinda,1.0,PM10,94.0,Satisfactory,"number_of_monitoring_stations in Absolute Number, aqi_value in Indices",,0.0,31.8,36.3,28.6,59,0.0,13.6,975.0
2023-08-24,Punjab,Jalandhar,1.0,PM10,55.0,Satisfactory,"number_of_monitoring_stations in Absolute Number, aqi_value in Indices",,0.0,28.5,32.3,25.0,81,2.9,14.4,971.4
2023-08-24,Punjab,Ludhiana,1.0,PM10,83.0,Satisfactory,"number_of_monitoring_stations in Absolute Number, aqi_value in Indices",,0.0,28.6,33.3,25.0,81,0.5,11.6,970.4
2023-08-24,Punjab,Patiala,1.0,O3,54.0,Satisfactory,"number_of_monitoring_stations in Absolute Number, aqi_value in Indices",,0.0,28.4,33.1,24.6,80,0.5,13.6,970.1
2023-08-24,Punjab,Rupnagar,1.0,CO,56.0,Satisfactory,"number_of_monitoring_stations in Absolute Number, aqi_value in Indices",,0.0,27.3,32.3,24.1,85,13.6,10.6,969.2
2023-08-25,Punjab,Amritsar,1.0,O3,56.0,Satisfactory,"number_of_monitoring_stations in Absolute Number, aqi_value in Indices",,0.0,28.0,32.8,23.5,82,9.2,21.6,972.7
2023-08-25,Punjab,Bathinda,1.0,PM10,104.0,Moderate,"number_of_monitoring_stations in Absolute Number, aqi_value in Indices",,0.0,32.1,36.7,28.5,58,0.0,14.6,975.3
2023-08-25,Punjab,Jalandhar,1.0,PM10,94.0,Satisfactory,"number_of_monitoring_stations in Absolute Number, aqi_value in Indices",,0.0,28.1,33.0,24.1,81,2.2,22.6,971.8
2023-08-25,Punjab,Ludhiana,1.0,PM10,88.0,Satisfactory,"number_of_monitoring_stations in Absolute Number, aqi_value in Indices",,0.0,28.2,33.4,23.9,81,1.3,14.2,970.7
2023-08-25,Punjab,Patiala,1.0,PM10,88.0,Satisfactory,"number_of_monitoring_stations in Absolute Number, aqi_value in Indices",,0.0,28.6,33.4,24.2,79,0.7,17.7,970.3
2023-08-25,Punjab,Rupnagar,1.0,PM10,86.0,Satisfactory,"number_of_monitoring_stations in Absolute Number, aqi_value in Indices",,0.0,27.8,32.5,23.1,82,21.6,10.6,969.3
2023-08-26,Punjab,Amritsar,1.0,PM10,77.0,Satisfactory,"number_of_monitoring_stations in Absolute Number, aqi_value in Indices",,0.0,26.9,31.2,23.6,84,5.7,21.1,974.9
2023-08-26,Punjab,Jalandhar,1.0,PM10,58.0,Satisfactory,"number_of_monitoring_stations in Absolute Number, aqi_value in Indices",,0.0,27.1,31.2,23.2,83,7.5,12.7,973.8
2023-08-26,Punjab,Ludhiana,1.0,PM10,60.0,Satisfactory,"number_of_monitoring_stations in Absolute Number, aqi_value in Indices",,0.0,27.4,31.3,23.9,84,9.7,16.0,972.9
2023-08-26,Punjab,Patiala,1.0,PM10,62.0,Satisfactory,"number_of_monitoring_stations in Absolute Number, aqi_value in Indices",,0.0,27.7,32.1,23.9,83,7.5,12.8,972.4
2023-08-26,Punjab,Rupnagar,1.0,PM10,84.0,Satisfactory,"number_of_monitoring_stations in Absolute Number, aqi_value in Indices",,0.0,27.3,30.9,23.8,84,3.6,20.5,971.4
2023-08-27,Punjab,Amritsar,1.0,PM10,88.0,Satisfactory,"number_of_monitoring_stations in Absolute Number, aqi_value in Indices",,0.0,28.2,33.0,24.1,79,0.0,6.8,974.5
2023-08-27,Punjab,Bathinda,1.0,PM10,140.0,Moderate,"number_of_monitoring_stations in Absolute Number, aqi_value in Indices",,0.0,31.7,36.2,27.7,59,0.0,12.9,977.6
2023-08-27,Punjab,Jalandhar,1.0,PM10,105.0,Moderate,"number_of_monitoring_stations in Absolute Number, aqi_value in Indices",,0.0,28.7,33.1,24.5,76,0.0,9.3,973.5
2023-08-27,Punjab,Ludhiana,1.0,PM10,62.0,Satisfactory,"number_of_monitoring_stations in Absolute Number, aqi_value in Indices",,0.0,28.7,33.1,25.0,76,0.0,8.6,972.5
2023-08-27,Punjab,Patiala,1.0,PM10,76.0,Satisfactory,"number_of_monitoring_stations in Absolute Number, aqi_value in Indices",,0.0,28.7,32.8,25.2,77,0.1,13.9,972.0
2023-08-27,Punjab,Rupnagar,1.0,PM10,135.0,Moderate,"number_of_monitoring_stations in Absolute Number, aqi_value in Indices",,0.0,27.9,32.1,24.1,81,0.1,11.9,970.9
2023-08-28,Punjab,Amritsar,1.0,PM10,88.0,Satisfactory,"number_of_monitoring_stations in Absolute Number, aqi_value in Indices",,0.0,27.7,32.4,22.9,80,8.6,15.3,974.4
2023-08-28,Punjab,Bathinda,1.0,PM10,152.0,Moderate,"number_of_monitoring_stations in Absolute Number, aqi_value in Indices",,0.0,30.2,34.7,26.2,63,7.5,13.6,977.4
2023-08-28,Punjab,Jalandhar,1.0,PM10,83.0,Satisfactory,"number_of_monitoring_stations in Absolute Number, aqi_value in Indices",,0.0,27.4,32.1,22.4,80,0.6,16.9,973.5
2023-08-28,Punjab,Ludhiana,1.0,PM10,71.0,Satisfactory,"number_of_monitoring_stations in Absolute Number, aqi_value in Indices",,0.0,27.2,32.2,22.5,80,4.0,24.2,972.6
2023-08-28,Punjab,Patiala,1.0,PM10,77.0,Satisfactory,"number_of_monitoring_stations in Absolute Number, aqi_value in Indices",,0.0,27.9,32.1,24.8,78,0.1,13.7,972.1
2023-08-28,Punjab,Rupnagar,1.0,PM10,159.0,Moderate,"number_of_monitoring_stations in Absolute Number, aqi_value in Indices",,0.0,27.0,31.4,22.7,81,0.0,12.1,970.9
2023-08-29,Punjab,Amritsar,1.0,O3,53.0,Satisfactory,"number_of_monitoring_stations in Absolute Number, aqi_value in Indices",,0.0,28.3,32.8,24.5,79,1.1,8.2,977.0
2023-08-29,Punjab,Bathinda,1.0,PM10,145.0,Moderate,"number_of_monitoring_stations in Absolute Number, aqi_value in Indices",,0.0,31.6,37.0,26.9,57,0.0,13.7,979.8
2023-08-29,Punjab,Jalandhar,1.0,PM10,78.0,Satisfactory,"number_of_monitoring_stations in Absolute Number, aqi_value in Indices",,0.0,28.6,33.6,24.2,76,0.4,11.8,976.0
2023-08-29,Punjab,Ludhiana,1.0,PM10,74.0,Satisfactory,"number_of_monitoring_stations in Absolute Number, aqi_value in Indices",,0.0,28.5,33.7,24.6,77,0.0,13.0,974.9
2023-08-29,Punjab,Patiala,1.0,O3,68.0,Satisfactory,"number_of_monitoring_stations in Absolute Number, aqi_value in Indices",,0.0,28.6,33.6,24.5,76,0.8,14.0,974.5
2023-08-29,Punjab,Rupnagar,1.0,PM10,143.0,Moderate,"number_of_monitoring_stations in Absolute Number, aqi_value in Indices",,0.0,27.3,32.7,21.5,80,0.0,13.0,973.4
2023-08-30,Punjab,Amritsar,1.0,PM10,60.0,Satisfactory,"number_of_monitoring_stations in Absolute Number, aqi_value in Indices",,0.0,29.0,34.6,24.1,75,0.0,7.4,978.5
2023-08-30,Punjab,Bathinda,1.0,PM10,124.0,Moderate,"number_of_monitoring_stations in Absolute Number, aqi_value in Indices",,0.0,31.8,37.6,26.1,55,0.0,8.7,981.5
2023-08-30,Punjab,Jalandhar,1.0,PM10,110.0,Moderate,"number_of_monitoring_stations in Absolute Number, aqi_value in Indices",,0.0,28.9,34.3,24.6,74,0.0,10.2,977.6
2023-08-30,Punjab,Ludhiana,1.0,PM10,79.0,Satisfactory,"number_of_monitoring_stations in Absolute Number, aqi_value in Indices",,0.0,29.0,34.2,24.9,72,0.0,10.7,976.6
2023-08-30,Punjab,Patiala,1.0,PM10,94.0,Satisfactory,"number_of_monitoring_stations in Absolute Number, aqi_value in Indices",,0.0,28.8,34.0,24.5,73,0.0,14.0,976.0
2023-08-30,Punjab,Rupnagar,1.0,PM10,172.0,Moderate,"number_of_monitoring_stations in Absolute Number, aqi_value in Indices",,0.0,27.9,32.8,23.5,79,0.0,15.1,975.0
2023-08-31,Punjab,Amritsar,1.0,PM10,62.0,Satisfactory,"number_of_monitoring_stations in Absolute Number, aqi_value in Indices",,0.0,29.7,35.0,24.5,75,0.0,6.4,979.0
2023-08-31,Punjab,Bathinda,1.0,PM10,127.0,Moderate,"number_of_monitoring_stations in Absolute Number, aqi_value in Indices",,0.0,32.5,38.0,27.4,52,0.0,10.2,982.1
2023-08-31,Punjab,Jalandhar,1.0,PM10,133.0,Moderate,"number_of_monitoring_stations in Absolute Number, aqi_value in Indices",,0.0,29.8,34.8,24.3,74,0.0,9.1,978.2
2023-08-31,Punjab,Ludhiana,1.0,PM10,102.0,Moderate,"number_of_monitoring_stations in Absolute Number, aqi_value in Indices",,0.0,29.6,34.5,24.7,71,0.0,9.4,977.2
2023-08-31,Punjab,Patiala,1.0,PM10,103.0,Moderate,"number_of_monitoring_stations in Absolute Number, aqi_value in Indices",,0.0,29.4,34.5,24.0,72,0.0,12.7,976.7
2023-09-01,Punjab,Amritsar,1.0,PM10,77.0,Satisfactory,"number_of_monitoring_stations in Absolute Number, aqi_value in Indices",,0.0,30.6,36.4,26.3,70,0.0,9.7,978.6
2023-09-01,Punjab,Bathinda,1.0,PM10,147.0,Moderate,"number_of_monitoring_stations in Absolute Number, aqi_value in Indices",,0.0,33.1,38.7,28.2,47,0.0,14.3,981.8
2023-09-01,Punjab,Jalandhar,1.0,PM10,120.0,Moderate,"number_of_monitoring_stations in Absolute Number, aqi_value in Indices",,0.0,30.8,35.7,26.0,70,0.0,8.1,977.9
2023-09-01,Punjab,Ludhiana,1.0,PM10,92.0,Satisfactory,"number_of_monitoring_stations in Absolute Number, aqi_value in Indices",,0.0,30.5,36.1,26.5,71,0.0,10.0,976.8
2023-09-01,Punjab,Patiala,1.0,PM10,110.0,Moderate,"number_of_monitoring_stations in Absolute Number, aqi_value in Indices",,0.0,30.3,35.5,25.8,69,0.0,14.4,976.4
2023-09-01,Punjab,Rupnagar,1.0,PM10,194.0,Moderate,"number_of_monitoring_stations in Absolute Number, aqi_value in Indices",,0.0,29.3,33.8,24.9,78,0.0,15.2,975.5
2023-09-02,Punjab,Amritsar,1.0,PM10,77.0,Satisfactory,"number_of_monitoring_stations in Absolute Number, aqi_value in Indices",,0.0,30.4,35.6,25.5,66,0.0,9.0,977.5
2023-09-02,Punjab,Bathinda,1.0,PM10,114.0,Moderate,"number_of_monitoring_stations in Absolute Number, aqi_value in Indices",,0.0,32.0,37.4,27.0,49,0.0,18.3,980.9
2023-09-02,Punjab,Jalandhar,1.0,PM10,116.0,Moderate,"number_of_monitoring_stations in Absolute Number, aqi_value in Indices",,0.0,30.4,35.8,25.6,69,0.0,9.8,976.6
2023-09-02,Punjab,Ludhiana,1.0,PM10,88.0,Satisfactory,"number_of_monitoring_stations in Absolute Number, aqi_value in Indices",,0.0,30.4,36.0,25.4,68,0.0,12.9,975.6
2023-09-02,Punjab,Patiala,1.0,PM10,96.0,Satisfactory,"number_of_monitoring_stations in Absolute Number, aqi_value in Indices",,0.0,30.2,35.3,25.6,67,0.0,17.2,975.2
2023-09-02,Punjab,Rupnagar,1.0,PM10,134.0,Moderate,"number_of_monitoring_stations in Absolute Number, aqi_value in Indices",,0.0,29.2,34.2,24.5,77,0.0,13.2,974.1
2023-09-03,Punjab,Amritsar,1.0,PM10,69.0,Satisfactory,"number_of_monitoring_stations in Absolute Number, aqi_value in Indices",,0.0,30.2,34.9,26.1,64,0.0,9.4,976.5
2023-09-03,Punjab,Bathinda,1.0,PM10,139.0,Moderate,"number_of_monitoring_stations in Absolute Number, aqi_value in Indices",,0.0,31.1,36.6,26.8,51,0.0,16.2,979.7
2023-09-03,Punjab,Jalandhar,1.0,PM10,107.0,Moderate,"number_of_monitoring_stations in Absolute Number, aqi_value in Indices",,0.0,30.3,34.9,25.9,65,0.0,10.1,975.6
2023-09-03,Punjab,Ludhiana,1.0,PM10,88.0,Satisfactory,"number_of_monitoring_stations in Absolute Number, aqi_value in Indices",,0.0,29.9,35.3,25.5,65,0.0,11.5,974.6
2023-09-03,Punjab,Patiala,1.0,PM10,98.0,Satisfactory,"number_of_monitoring_stations in Absolute Number, aqi_value in Indices",,0.0,29.8,34.5,26.0,64,0.0,14.1,974.2
2023-09-03,Punjab,Rupnagar,1.0,PM10,194.0,Moderate,"number_of_monitoring_stations in Absolute Number, aqi_value in Indices",,0.0,28.9,33.8,25.1,80,2.3,13.6,973.1
2023-09-04,Punjab,Amritsar,1.0,PM10,65.0,Satisfactory,"number_of_monitoring_stations in Absolute Number, aqi_value in Indices",,0.0,30.0,35.6,25.0,66,0.0,7.4,976.2
2023-09-04,Punjab,Bathinda,1.0,PM10,112.0,Moderate,"number_of_monitoring_stations in Absolute Number, aqi_value in Indices",,0.0,31.2,36.7,25.9,54,0.0,13.4,979.3
2023-09-04,Punjab,Jalandhar,1.0,PM10,66.0,Satisfactory,"number_of_monitoring_stations in Absolute Number, aqi_value in Indices",,0.0,30.2,35.5,25.1,67,0.0,8.9,975.3
2023-09-04,Punjab,Ludhiana,1.0,PM10,74.0,Satisfactory,"number_of_monitoring_stations in Absolute Number, aqi_value in Indices",,0.0,30.1,35.8,25.1,65,0.0,10.1,974.3
2023-09-04,Punjab,Patiala,1.0,PM10,98.0,Satisfactory,"number_of_monitoring_stations in Absolute Number, aqi_value in Indices",,0.0,29.8,35.0,24.9,66,0.0,12.4,973.8
2023-09-04,Punjab,Rupnagar,1.0,PM10,201.0,Poor,"number_of_monitoring_stations in Absolute Number, aqi_value in Indices",,0.0,28.9,34.1,24.1,79,0.0,9.4,972.9
2023-09-05,Punjab,Bathinda,1.0,PM10,123.0,Moderate,"number_of_monitoring_stations in Absolute Number, aqi_value in Indices",,0.0,31.3,37.3,26.2,56,0.0,13.8,980.7
2023-09-05,Punjab,Jalandhar,1.0,PM10,58.0,Satisfactory,"number_of_monitoring_stations in Absolute Number, aqi_value in Indices",,0.0,29.5,34.9,24.9,72,0.0,12.9,976.9
2023-09-05,Punjab,Ludhiana,1.0,PM10,95.0,Satisfactory,"number_of_monitoring_stations in Absolute Number, aqi_value in Indices",,0.0,29.3,35.0,24.8,73,0.0,11.9,975.8
2023-09-05,Punjab,Patiala,1.0,PM10,81.0,Satisfactory,"number_of_monitoring_stations in Absolute Number, aqi_value in Indices",,0.0,29.3,35.1,24.2,72,0.0,13.1,975.2
2023-09-05,Punjab,Rupnagar,1.0,PM10,201.0,Poor,"number_of_monitoring_stations in Absolute Number, aqi_value in Indices",,0.0,28.4,33.7,24.0,75,0.0,11.0,974.4
2023-09-06,Punjab,Bathinda,1.0,PM10,138.0,Moderate,"number_of_monitoring_stations in Absolute Number, aqi_value in Indices",,0.0,31.6,37.7,26.1,57,0.0,10.1,981.4
2023-09-06,Punjab,Jalandhar,1.0,PM10,50.0,Good,"number_of_monitoring_stations in Absolute Number, aqi_value in Indices",,0.0,29.9,35.7,24.2,68,0.0,11.3,977.5
2023-09-06,Punjab,Ludhiana,1.0,PM10,60.0,Satisfactory,"number_of_monitoring_stations in Absolute Number, aqi_value in Indices",,0.0,30.0,35.5,24.4,69,0.0,8.1,976.5
2023-09-06,Punjab,Patiala,1.0,PM10,81.0,Satisfactory,"number_of_monitoring_stations in Absolute Number, aqi_value in Indices",,0.0,29.8,35.6,24.0,70,0.0,6.3,975.9
2023-09-06,Punjab,Rupnagar,1.0,PM10,194.0,Moderate,"number_of_monitoring_stations in Absolute Number, aqi_value in Indices",,0.0,28.2,34.7,22.5,75,0.0,7.6,975.0
2023-09-07,Punjab,Amritsar,1.0,PM10,61.0,Satisfactory,"number_of_monitoring_stations in Absolute Number, aqi_value in Indices",,0.0,30.2,36.4,24.4,65,0.0,8.2,977.7
2023-09-07,Punjab,Bathinda,1.0,PM10,145.0,Moderate,"number_of_monitoring_stations in Absolute Number, aqi_value in Indices",,0.0,32.0,38.3,26.5,55,0.0,11.0,980.7
2023-09-07,Punjab,Jalandhar,1.0,PM10,62.0,Satisfactory,"number_of_monitoring_stations in Absolute Number, aqi_value in Indices",,0.0,30.6,36.8,24.4,67,0.0,10.9,976.7
2023-09-07,Punjab,Ludhiana,1.0,O3,64.0,Satisfactory,"number_of_monitoring_stations in Absolute Number, aqi_value in Indices",,0.0,30.6,36.5,25.0,67,0.0,7.1,975.7
2023-09-07,Punjab,Patiala,1.0,PM10,92.0,Satisfactory,"number_of_monitoring_stations in Absolute Number, aqi_value in Indices",,0.0,30.0,35.7,24.9,70,0.0,9.1,975.3
2023-09-07,Punjab,Rupnagar,1.0,PM10,129.0,Moderate,"number_of_monitoring_stations in Absolute Number, aqi_value in Indices",,0.0,28.6,34.6,22.3,73,0.0,8.4,974.3
2023-09-08,Punjab,Amritsar,1.0,PM10,61.0,Satisfactory,"number_of_monitoring_stations in Absolute Number, aqi_value in Indices",,0.0,30.4,36.2,24.4,65,0.0,11.0,977.6
2023-09-08,Punjab,Bathinda,1.0,PM10,121.0,Moderate,"number_of_monitoring_stations in Absolute Number, aqi_value in Indices",,0.0,31.7,36.7,26.4,57,0.0,11.0,980.5
2023-09-08,Punjab,Jalandhar,1.0,PM10,86.0,Satisfactory,"number_of_monitoring_stations in Absolute Number, aqi_value in Indices",,0.0,30.0,34.9,25.4,69,0.2,11.0,976.9
2023-09-08,Punjab,Ludhiana,1.0,PM10,94.0,Satisfactory,"number_of_monitoring_stations in Absolute Number, aqi_value in Indices",,0.0,30.0,34.9,25.5,71,0.1,8.7,975.9
2023-09-08,Punjab,Patiala,1.0,PM10,75.0,Satisfactory,"number_of_monitoring_stations in Absolute Number, aqi_value in Indices",,0.0,29.8,34.4,25.7,72,0.0,11.0,975.6
2023-09-09,Punjab,Amritsar,1.0,PM2.5,49.0,Good,"number_of_monitoring_stations in Absolute Number, aqi_value in Indices",,0.0,30.0,34.4,26.0,72,0.0,13.5,976.9
2023-09-09,Punjab,Bathinda,1.0,PM10,104.0,Moderate,"number_of_monitoring_stations in Absolute Number, aqi_value in Indices",,0.0,31.5,36.3,27.4,62,0.0,12.0,979.8
2023-09-09,Punjab,Jalandhar,1.0,PM10,82.0,Satisfactory,"number_of_monitoring_stations in Absolute Number, aqi_value in Indices",,0.0,28.7,33.4,23.7,77,3.8,18.4,976.3
2023-09-09,Punjab,Ludhiana,1.0,PM10,85.0,Satisfactory,"number_of_monitoring_stations in Absolute Number, aqi_value in Indices",,0.0,28.4,32.7,24.2,78,7.8,17.6,975.4
2023-09-09,Punjab,Patiala,1.0,O3,61.0,Satisfactory,"number_of_monitoring_stations in Absolute Number, aqi_value in Indices",,0.0,28.7,33.0,24.3,75,0.5,13.6,975.1
2023-09-10,Punjab,Amritsar,1.0,O3,51.0,Satisfactory,"number_of_monitoring_stations in Absolute Number, aqi_value in Indices",,0.0,28.1,32.9,24.5,82,8.6,14.3,975.7
2023-09-10,Punjab,Bathinda,1.0,PM2.5,58.0,Satisfactory,"number_of_monitoring_stations in Absolute Number, aqi_value in Indices",,0.0,30.1,34.6,26.5,68,0.4,12.8,978.4
2023-09-10,Punjab,Jalandhar,1.0,O3,58.0,Satisfactory,"number_of_monitoring_stations in Absolute Number, aqi_value in Indices",,0.0,28.5,33.0,25.0,78,0.3,9.4,974.8
2023-09-10,Punjab,Ludhiana,1.0,PM10,40.0,Good,"number_of_monitoring_stations in Absolute Number, aqi_value in Indices",,0.0,28.5,32.7,25.0,77,1.8,10.9,973.8
2023-09-10,Punjab,Patiala,1.0,O3,60.0,Satisfactory,"number_of_monitoring_stations in Absolute Number, aqi_value in Indices",,0.0,28.2,32.7,24.9,74,0.1,13.5,973.5
2023-09-11,Punjab,Jalandhar,1.0,PM2.5,45.0,Good,"number_of_monitoring_stations in Absolute Number, aqi_value in Indices",,0.0,29.2,33.8,25.2,73,0.0,9.9,975.1
2023-09-11,Punjab,Ludhiana,1.0,O3,37.0,Good,"number_of_monitoring_stations in Absolute Number, aqi_value in Indices",,0.0,28.9,34.0,24.4,73,0.0,9.4,974.0
2023-09-12,Punjab,Amritsar,1.0,PM10,60.0,Satisfactory,"number_of_monitoring_stations in Absolute Number, aqi_value in Indices",,0.0,29.5,33.7,25.3,81,0.1,9.7,975.9
2023-09-12,Punjab,Bathinda,1.0,PM10,92.0,Satisfactory,"number_of_monitoring_stations in Absolute Number, aqi_value in Indices",,0.0,31.5,36.0,27.5,61,0.0,8.4,978.8
2023-09-12,Punjab,Jalandhar,1.0,PM10,72.0,Satisfactory,"number_of_monitoring_stations in Absolute Number, aqi_value in Indices",,0.0,29.6,33.8,26.0,77,3.5,10.5,975.1
2023-09-12,Punjab,Ludhiana,1.0,PM10,89.0,Satisfactory,"number_of_monitoring_stations in Absolute Number, aqi_value in Indices",,0.0,29.7,34.5,25.9,77,0.0,11.8,973.9
2023-09-12,Punjab,Patiala,1.0,PM10,54.0,Satisfactory,"number_of_monitoring_stations in Absolute Number, aqi_value in Indices",,0.0,29.8,34.3,25.9,75,0.2,10.0,973.5
2023-09-13,Punjab,Amritsar,1.0,PM10,79.0,Satisfactory,"number_of_monitoring_stations in Absolute Number, aqi_value in Indices",,0.0,29.5,33.9,25.6,81,1.1,15.8,976.1
2023-09-13,Punjab,Bathinda,1.0,PM2.5,55.0,Satisfactory,"number_of_monitoring_stations in Absolute Number, aqi_value in Indices",,0.0,31.8,36.0,28.5,67,0.6,11.9,978.7
2023-09-13,Punjab,Jalandhar,1.0,PM10,99.0,Satisfactory,"number_of_monitoring_stations in Absolute Number, aqi_value in Indices",,0.0,29.3,34.2,25.6,80,2.7,14.1,975.3
2023-09-13,Punjab,Ludhiana,1.0,PM10,129.0,Moderate,"number_of_monitoring_stations in Absolute Number, aqi_value in Indices",,0.0,29.4,33.6,25.8,80,2.2,15.2,974.3
2023-09-13,Punjab,Patiala,1.0,PM10,67.0,Satisfactory,"number_of_monitoring_stations in Absolute Number, aqi_value in Indices",,0.0,29.2,33.2,26.0,81,2.9,11.7,973.9
2023-09-14,Punjab,Bathinda,1.0,PM10,116.0,Moderate,"number_of_monitoring_stations in Absolute Number, aqi_value in Indices",,0.0,32.1,35.8,28.6,65,1.0,14.2,980.0
2023-09-14,Punjab,Jalandhar,1.0,PM10,96.0,Satisfactory,"number_of_monitoring_stations in Absolute Number, aqi_value in Indices",,0.0,29.6,33.6,26.1,79,8.6,11.1,976.5
2023-09-14,Punjab,Ludhiana,1.0,PM10,100.0,Satisfactory,"number_of_monitoring_stations in Absolute Number, aqi_value in Indices",,0.0,30.0,34.0,26.5,79,2.4,13.4,975.4
2023-09-14,Punjab,Patiala,1.0,PM10,72.0,Satisfactory,"number_of_monitoring_stations in Absolute Number, aqi_value in Indices",,0.0,29.7,34.0,26.6,79,2.7,11.2,975.1
2023-09-15,Punjab,Amritsar,1.0,PM10,116.0,Moderate,"number_of_monitoring_stations in Absolute Number, aqi_value in Indices",,0.0,28.1,33.6,25.3,85,19.5,14.7,978.8
2023-09-15,Punjab,Bathinda,1.0,PM10,136.0,Moderate,"number_of_monitoring_stations in Absolute Number, aqi_value in Indices",,0.0,30.1,33.1,27.7,75,17.9,20.4,981.2
2023-09-15,Punjab,Jalandhar,1.0,PM10,67.0,Satisfactory,"number_of_monitoring_stations in Absolute Number, aqi_value in Indices",,0.0,28.1,32.1,25.0,84,14.3,16.0,977.9
2023-09-15,Punjab,Ludhiana,1.0,PM2.5,153.0,Moderate,"number_of_monitoring_stations in Absolute Number, aqi_value in Indices",,0.0,28.2,32.3,25.4,84,8.6,14.1,976.9
2023-09-15,Punjab,Patiala,1.0,PM10,75.0,Satisfactory,"number_of_monitoring_stations in Absolute Number, aqi_value in Indices",,0.0,27.8,32.7,25.4,84,16.2,15.3,976.5
2023-09-15,Punjab,Rupnagar,1.0,PM10,170.0,Moderate,"number_of_monitoring_stations in Absolute Number, aqi_value in Indices",,0.0,27.2,31.6,24.6,85,22.3,12.9,975.7
2023-09-16,Punjab,Amritsar,1.0,PM10,88.0,Satisfactory,"number_of_monitoring_stations in Absolute Number, aqi_value in Indices",,6.0,28.5,32.8,24.9,84,0.1,5.9,978.7
2023-09-16,Punjab,Bathinda,1.0,PM10,125.0,Moderate,"number_of_monitoring_stations in Absolute Number, aqi_value in Indices",,0.0,30.1,35.0,26.7,73,1.1,13.4,981.2
2023-09-16,Punjab,Jalandhar,1.0,PM10,75.0,Satisfactory,"number_of_monitoring_stations in Absolute Number, aqi_value in Indices",,0.0,28.6,33.3,24.5,81,0.2,8.8,977.6
2023-09-16,Punjab,Ludhiana,1.0,PM10,90.0,Satisfactory,"number_of_monitoring_stations in Absolute Number, aqi_value in Indices",,0.0,28.5,33.4,24.2,81,0.6,9.3,976.5
2023-09-16,Punjab,Patiala,1.0,O3,47.0,Good,"number_of_monitoring_stations in Absolute Number, aqi_value in Indices",,0.0,28.5,33.6,24.4,79,0.0,8.2,976.0
2023-09-16,Punjab,Rupnagar,1.0,PM10,131.0,Moderate,"number_of_monitoring_stations in Absolute Number, aqi_value in Indices",,0.0,28.0,33.7,23.6,81,0.1,12.8,975.2
2023-09-17,Punjab,Amritsar,1.0,PM10,104.0,Moderate,"number_of_monitoring_stations in Absolute Number, aqi_value in Indices",,0.0,27.5,31.9,24.7,86,3.5,16.6,977.6
2023-09-17,Punjab,Bathinda,1.0,PM10,85.0,Satisfactory,"number_of_monitoring_stations in Absolute Number, aqi_value in Indices",,0.0,28.2,32.2,25.3,79,5.1,21.8,979.9
2023-09-17,Punjab,Jalandhar,1.0,PM10,88.0,Satisfactory,"number_of_monitoring_stations in Absolute Number, aqi_value in Indices",,0.0,27.0,31.2,24.9,88,17.1,16.1,976.6
2023-09-17,Punjab,Ludhiana,1.0,PM10,56.0,Satisfactory,"number_of_monitoring_stations in Absolute Number, aqi_value in Indices",,0.0,26.3,30.0,24.4,91,15.6,11.1,975.5
2023-09-17,Punjab,Patiala,1.0,CO,46.0,Good,"number_of_monitoring_stations in Absolute Number, aqi_value in Indices",,0.0,27.0,30.6,25.6,85,10.9,13.5,974.9
2023-09-17,Punjab,Rupnagar,1.0,PM10,56.0,Satisfactory,"number_of_monitoring_stations in Absolute Number, aqi_value in Indices",,0.0,26.3,29.9,24.6,91,6.1,9.3,974.1
2023-09-18,Punjab,Amritsar,1.0,PM10,80.0,Satisfactory,"number_of_monitoring_stations in Absolute Number, aqi_value in Indices",,0.0,26.0,29.3,23.4,85,30.3,17.5,978.2
2023-09-18,Punjab,Bathinda,1.0,PM10,91.0,Satisfactory,"number_of_monitoring_stations in Absolute Number, aqi_value in Indices",,0.0,28.1,32.6,25.3,77,1.6,23.1,980.0
2023-09-18,Punjab,Jalandhar,1.0,PM10,51.0,Satisfactory,"number_of_monitoring_stations in Absolute Number, aqi_value in Indices",,0.0,26.6,30.2,24.3,84,19.8,14.1,977.1
2023-09-18,Punjab,Ludhiana,1.0,PM10,44.0,Good,"number_of_monitoring_stations in Absolute Number, aqi_value in Indices",,0.0,27.1,31.5,23.8,84,17.2,15.2,975.9
2023-09-18,Punjab,Patiala,1.0,O3,36.0,Good,"number_of_monitoring_stations in Absolute Number, aqi_value in Indices",,0.0,27.2,31.9,24.1,84,10.5,17.4,975.2
2023-09-18,Punjab,Rupnagar,1.0,PM10,75.0,Satisfactory,"number_of_monitoring_stations in Absolute Number, aqi_value in Indices",,0.0,27.2,31.6,24.2,82,1.3,7.4,974.6
2023-09-19,Punjab,Amritsar,1.0,CO,74.0,Satisfactory,"number_of_monitoring_stations in Absolute Number, aqi_value in Indices",,0.0,27.0,31.8,23.4,83,17.1,10.9,980.3
2023-09-19,Punjab,Jalandhar,1.0,PM10,59.0,Satisfactory,"number_of_monitoring_stations in Absolute Number, aqi_value in Indices",,0.0,26.9,31.9,23.7,84,22.3,8.0,979.2
2023-09-19,Punjab,Ludhiana,1.0,PM10,75.0,Satisfactory,"number_of_monitoring_stations in Absolute Number, aqi_value in Indices",,0.0,27.4,31.9,24.7,84,21.4,10.8,978.1
2023-09-19,Punjab,Patiala,1.0,PM10,39.0,Good,"number_of_monitoring_stations in Absolute Number, aqi_value in Indices",,0.0,27.4,32.2,24.5,84,0.8,10.1,977.4
2023-09-19,Punjab,Rupnagar,1.0,PM10,77.0,Satisfactory,"number_of_monitoring_stations in Absolute Number, aqi_value in Indices",,0.0,28.0,32.8,23.6,77,0.0,8.4,976.7
2023-09-20,Punjab,Amritsar,1.0,CO,88.0,Satisfactory,"number_of_monitoring_stations in Absolute Number, aqi_value in Indices",,0.0,28.3,32.7,24.7,81,0.0,6.1,980.2
2023-09-20,Punjab,Bathinda,1.0,PM10,62.0,Satisfactory,"number_of_monitoring_stations in Absolute Number, aqi_value in Indices",,0.0,28.9,33.7,24.5,77,1.0,12.1,983.0
2023-09-20,Punjab,Jalandhar,1.0,PM10,52.0,Satisfactory,"number_of_monitoring_stations in Absolute Number, aqi_value in Indices",,0.0,28.3,32.6,25.1,79,0.6,10.5,979.1
2023-09-20,Punjab,Ludhiana,1.0,PM10,59.0,Satisfactory,"number_of_monitoring_stations in Absolute Number, aqi_value in Indices",,0.0,28.3,33.1,24.6,80,0.8,11.7,978.0
2023-09-20,Punjab,Patiala,1.0,O3,40.0,Good,"number_of_monitoring_stations in Absolute Number, aqi_value in Indices",,0.0,27.8,32.0,24.8,84,6.8,9.0,977.5
2023-09-20,Punjab,Rupnagar,1.0,PM10,80.0,Satisfactory,"number_of_monitoring_stations in Absolute Number, aqi_value in Indices",,0.0,28.2,32.3,25.5,80,0.3,8.2,976.5
2023-09-21,Punjab,Amritsar,1.0,PM10,88.0,Satisfactory,"number_of_monitoring_stations in Absolute Number, aqi_value in Indices",,0.0,28.8,33.3,24.6,79,0.0,9.1,979.0
2023-09-21,Punjab,Bathinda,1.0,PM10,54.0,Satisfactory,"number_of_monitoring_stations in Absolute Number, aqi_value in Indices",,0.0,29.6,33.9,26.0,74,0.8,21.5,982.1
2023-09-21,Punjab,Jalandhar,1.0,PM10,48.0,Good,"number_of_monitoring_stations in Absolute Number, aqi_value in Indices",,0.0,28.7,33.2,24.6,79,1.0,10.0,978.0
2023-09-21,Punjab,Ludhiana,1.0,PM10,51.0,Satisfactory,"number_of_monitoring_stations in Absolute Number, aqi_value in Indices",,0.0,29.0,33.5,25.3,76,0.0,10.0,977.0
2023-09-21,Punjab,Patiala,1.0,PM10,65.0,Satisfactory,"number_of_monitoring_stations in Absolute Number, aqi_value in Indices",,0.0,28.5,33.0,24.4,79,0.0,10.8,976.5
2023-09-21,Punjab,Rupnagar,1.0,PM10,61.0,Satisfactory,"number_of_monitoring_stations in Absolute Number, aqi_value in Indices",,0.0,28.2,33.1,23.6,78,0.0,12.0,975.5
2023-09-22,Punjab,Amritsar,1.0,PM2.5,91.0,Satisfactory,"number_of_monitoring_stations in Absolute Number, aqi_value in Indices",,0.0,28.1,32.7,25.2,82,0.1,13.0,979.1
2023-09-22,Punjab,Bathinda,1.0,PM2.5,51.0,Satisfactory,"number_of_monitoring_stations in Absolute Number, aqi_value in Indices",,0.0,29.6,34.4,26.3,73,2.3,16.5,982.0
2023-09-22,Punjab,Jalandhar,1.0,PM10,73.0,Satisfactory,"number_of_monitoring_stations in Absolute Number, aqi_value in Indices",,0.0,27.9,32.8,23.6,81,1.3,18.2,978.2
2023-09-22,Punjab,Ludhiana,1.0,PM10,94.0,Satisfactory,"number_of_monitoring_stations in Absolute Number, aqi_value in Indices",,0.0,28.5,33.3,24.8,78,0.0,13.9,977.2
2023-09-22,Punjab,Patiala,1.0,PM10,54.0,Satisfactory,"number_of_monitoring_stations in Absolute Number, aqi_value in Indices",,0.0,28.3,33.0,24.6,79,0.2,8.4,976.7
2023-09-22,Punjab,Rupnagar,1.0,PM10,116.0,Moderate,"number_of_monitoring_stations in Absolute Number, aqi_value in Indices",,0.0,28.0,33.1,23.4,75,0.0,9.3,975.9
2023-09-23,Punjab,Amritsar,1.0,CO,89.0,Satisfactory,"number_of_monitoring_stations in Absolute Number, aqi_value in Indices",,0.0,27.3,31.4,23.7,84,17.6,10.8,980.1
2023-09-23,Punjab,Bathinda,1.0,PM10,135.0,Moderate,"number_of_monitoring_stations in Absolute Number, aqi_value in Indices",,0.0,29.0,33.9,24.6,74,2.2,17.4,982.7
2023-09-23,Punjab,Jalandhar,1.0,O3,166.0,Moderate,"number_of_monitoring_stations in Absolute Number, aqi_value in Indices",,0.0,27.3,31.6,24.1,83,6.3,10.0,979.0
2023-09-23,Punjab,Ludhiana,1.0,PM10,106.0,Moderate,"number_of_monitoring_stations in Absolute Number, aqi_value in Indices",,0.0,27.8,32.2,24.9,80,0.2,9.9,977.9
2023-09-23,Punjab,Patiala,1.0,PM10,48.0,Good,"number_of_monitoring_stations in Absolute Number, aqi_value in Indices",,0.0,27.8,32.5,24.5,81,0.0,12.4,977.5
2023-09-23,Punjab,Rupnagar,1.0,PM10,111.0,Moderate,"number_of_monitoring_stations in Absolute Number, aqi_value in Indices",,0.0,26.7,32.3,22.6,79,0.1,9.7,976.6
2023-09-24,Punjab,Amritsar,1.0,CO,88.0,Satisfactory,"number_of_monitoring_stations in Absolute Number, aqi_value in Indices",,0.0,26.7,31.4,24.0,85,3.8,11.4,979.4
2023-09-24,Punjab,Jalandhar,1.0,PM10,65.0,Satisfactory,"number_of_monitoring_stations in Absolute Number, aqi_value in Indices",,0.0,26.9,31.2,23.5,83,0.0,8.5,978.4
2023-09-24,Punjab,Ludhiana,1.0,PM10,73.0,Satisfactory,"number_of_monitoring_stations in Absolute Number, aqi_value in Indices",,0.0,27.0,31.7,23.2,83,0.0,7.9,977.4
2023-09-24,Punjab,Patiala,1.0,O3,42.0,Good,"number_of_monitoring_stations in Absolute Number, aqi_value in Indices",,0.0,27.0,32.1,23.9,82,0.9,8.9,977.0
2023-09-24,Punjab,Rupnagar,1.0,PM10,86.0,Satisfactory,"number_of_monitoring_stations in Absolute Number, aqi_value in Indices",,0.0,26.1,31.5,21.1,81,0.0,8.1,976.0
2023-09-25,Punjab,Amritsar,1.0,CO,88.0,Satisfactory,"number_of_monitoring_stations in Absolute Number, aqi_value in Indices",,0.0,25.4,30.8,20.5,85,5.3,15.3,980.3
2023-09-25,Punjab,Jalandhar,1.0,O3,55.0,Satisfactory,"number_of_monitoring_stations in Absolute Number, aqi_value in Indices",,0.0,25.6,30.9,21.0,86,3.1,21.1,979.2
2023-09-25,Punjab,Ludhiana,1.0,PM10,101.0,Moderate,"number_of_monitoring_stations in Absolute Number, aqi_value in Indices",,0.0,26.0,31.2,22.7,85,1.7,19.3,978.1
2023-09-25,Punjab,Patiala,1.0,PM10,43.0,Good,"number_of_monitoring_stations in Absolute Number, aqi_value in Indices",,0.0,26.7,31.2,22.6,80,1.0,14.2,977.5
2023-09-25,Punjab,Rupnagar,1.0,PM10,83.0,Satisfactory,"number_of_monitoring_stations in Absolute Number, aqi_value in Indices",,0.0,26.0,31.5,21.2,79,0.0,15.3,976.6
2023-09-26,Punjab,Amritsar,1.0,CO,89.0,Satisfactory,"number_of_monitoring_stations in Absolute Number, aqi_value in Indices",,3.0,26.2,31.6,21.4,77,0.0,8.4,981.5
2023-09-26,Punjab,Bathinda,1.0,PM10,62.0,Satisfactory,"number_of_monitoring_stations in Absolute Number, aqi_value in Indices",,0.0,27.9,33.0,24.0,72,0.0,8.2,984.4
2023-09-26,Punjab,Jalandhar,1.0,PM10,64.0,Satisfactory,"number_of_monitoring_stations in Absolute Number, aqi_value in Indices",,0.0,26.1,31.6,21.2,78,0.0,8.9,980.3
2023-09-26,Punjab,Ludhiana,1.0,PM2.5,74.0,Satisfactory,"number_of_monitoring_stations in Absolute Number, aqi_value in Indices",,0.0,26.6,32.2,22.0,76,0.0,9.4,979.3
2023-09-26,Punjab,Patiala,1.0,PM10,69.0,Satisfactory,"number_of_monitoring_stations in Absolute Number, aqi_value in Indices",,0.0,27.0,32.5,22.1,73,0.0,11.0,978.7
2023-09-26,Punjab,Rupnagar,1.0,PM10,100.0,Satisfactory,"number_of_monitoring_stations in Absolute Number, aqi_value in Indices",,0.0,26.3,32.5,19.8,74,0.0,9.3,977.8
2023-09-27,Punjab,Amritsar,1.0,PM2.5,101.0,Moderate,"number_of_monitoring_stations in Absolute Number, aqi_value in Indices",,21.0,26.1,32.0,21.3,73,0.0,11.1,981.0
2023-09-27,Punjab,Bathinda,1.0,PM10,70.0,Satisfactory,"number_of_monitoring_stations in Absolute Number, aqi_value in Indices",,0.0,27.9,33.8,23.0,64,0.0,12.6,984.2
2023-09-27,Punjab,Jalandhar,1.0,PM10,72.0,Satisfactory,"number_of_monitoring_stations in Absolute Number, aqi_value in Indices",,0.0,25.7,31.9,21.0,77,0.0,13.1,979.9
2023-09-27,Punjab,Ludhiana,1.0,PM10,65.0,Satisfactory,"number_of_monitoring_stations in Absolute Number, aqi_value in Indices",,0.0,26.3,32.3,22.1,74,0.0,14.0,978.9
2023-09-27,Punjab,Patiala,1.0,PM10,66.0,Satisfactory,"number_of_monitoring_stations in Absolute Number, aqi_value in Indices",,0.0,26.9,32.7,22.3,68,0.0,16.0,978.3
2023-09-27,Punjab,Rupnagar,1.0,PM10,108.0,Moderate,"number_of_monitoring_stations in Absolute Number, aqi_value in Indices",,0.0,26.2,32.7,20.9,73,0.0,15.9,977.2
2023-09-28,Punjab,Amritsar,1.0,PM2.5,161.0,Moderate,"number_of_monitoring_stations in Absolute Number, aqi_value in Indices",,24.0,26.7,32.4,21.0,71,0.0,9.1,980.2
2023-09-28,Punjab,Bathinda,1.0,PM10,86.0,Satisfactory,"number_of_monitoring_stations in Absolute Number, aqi_value in Indices",,0.0,27.6,34.3,22.0,59,0.0,9.4,983.3
2023-09-28,Punjab,Jalandhar,1.0,PM10,94.0,Satisfactory,"number_of_monitoring_stations in Absolute Number, aqi_value in Indices",,0.0,26.3,32.1,20.9,74,0.0,8.1,979.3
2023-09-28,Punjab,Ludhiana,1.0,PM10,78.0,Satisfactory,"number_of_monitoring_stations in Absolute Number, aqi_value in Indices",,0.0,26.2,32.7,20.8,72,0.0,10.0,978.2
2023-09-28,Punjab,Patiala,1.0,PM10,79.0,Satisfactory,"number_of_monitoring_stations in Absolute Number, aqi_value in Indices",,0.0,26.4,33.1,21.0,67,0.0,10.2,977.6
2023-09-28,Punjab,Rupnagar,1.0,PM10,101.0,Moderate,"number_of_monitoring_stations in Absolute Number, aqi_value in Indices",,0.0,26.1,32.8,20.6,73,0.0,11.8,976.6
2023-09-29,Punjab,Amritsar,1.0,PM2.5,138.0,Moderate,"number_of_monitoring_stations in Absolute Number, aqi_value in Indices",,57.0,26.5,32.8,20.6,71,0.0,13.9,980.2
2023-09-29,Punjab,Bathinda,1.0,PM10,141.0,Moderate,"number_of_monitoring_stations in Absolute Number, aqi_value in Indices",,0.0,27.9,34.5,22.3,57,0.0,11.4,983.0
2023-09-29,Punjab,Jalandhar,1.0,PM10,106.0,Moderate,"number_of_monitoring_stations in Absolute Number, aqi_value in Indices",,1.0,26.4,32.4,20.2,74,0.0,9.2,979.1
2023-09-29,Punjab,Ludhiana,1.0,PM10,103.0,Moderate,"number_of_monitoring_stations in Absolute Number, aqi_value in Indices",,1.0,26.5,33.2,20.5,69,0.0,8.9,978.0
2023-09-29,Punjab,Patiala,1.0,PM10,100.0,Satisfactory,"number_of_monitoring_stations in Absolute Number, aqi_value in Indices",,1.0,26.4,33.6,20.4,67,0.0,9.3,977.5
2023-09-29,Punjab,Rupnagar,1.0,PM10,118.0,Moderate,"number_of_monitoring_stations in Absolute Number, aqi_value in Indices",,0.0,26.5,33.3,20.2,69,0.0,9.3,976.5
2023-09-30,Punjab,Amritsar,1.0,PM2.5,60.0,Satisfactory,"number_of_monitoring_stations in Absolute Number, aqi_value in Indices",,63.0,25.4,32.2,20.3,68,0.0,10.4,980.7
2023-09-30,Punjab,Bathinda,1.0,PM10,133.0,Moderate,"number_of_monitoring_stations in Absolute Number, aqi_value in Indices",,0.0,27.6,34.0,22.3,60,0.0,11.6,983.6
2023-09-30,Punjab,Jalandhar,1.0,PM10,96.0,Satisfactory,"number_of_monitoring_stations in Absolute Number, aqi_value in Indices",,1.0,25.5,32.5,20.3,73,0.0,12.3,979.4
2023-09-30,Punjab,Ludhiana,1.0,PM10,102.0,Moderate,"number_of_monitoring_stations in Absolute Number, aqi_value in Indices",,1.0,26.5,33.2,20.8,68,0.0,12.9,978.4
2023-09-30,Punjab,Patiala,1.0,PM10,106.0,Moderate,"number_of_monitoring_stations in Absolute Number, aqi_value in Indices",,2.0,27.6,34.2,22.3,61,0.0,15.9,977.7
2023-09-30,Punjab,Rupnagar,1.0,PM10,119.0,Moderate,"number_of_monitoring_stations in Absolute Number, aqi_value in Indices",,0.0,27.3,33.9,20.7,63,0.0,13.6,976.8
2023-10-01,Punjab,Amritsar,1.0,PM2.5,86.0,Satisfactory,"number_of_monitoring_stations in Absolute Number, aqi_value in Indices",,86.0,24.4,31.5,18.3,69,0.0,9.1,979.8
2023-10-01,Punjab,Bathinda,1.0,PM10,104.0,Moderate,"number_of_monitoring_stations in Absolute Number, aqi_value in Indices",,0.0,26.4,34.1,20.5,55,0.0,10.5,983.0
2023-10-01,Punjab,Jalandhar,1.0,PM10,87.0,Satisfactory,"number_of_monitoring_stations in Absolute Number, aqi_value in Indices",,0.0,24.5,31.9,19.1,72,0.0,9.9,978.8
2023-10-01,Punjab,Ludhiana,1.0,PM10,110.0,Moderate,"number_of_monitoring_stations in Absolute Number, aqi_value in Indices",,1.0,25.2,32.8,19.7,65,0.0,9.3,977.8
2023-10-01,Punjab,Patiala,1.0,PM10,117.0,Moderate,"number_of_monitoring_stations in Absolute Number, aqi_value in Indices",,5.0,26.7,33.6,22.0,57,0.0,12.6,977.4
2023-10-01,Punjab,Rupnagar,1.0,PM10,91.0,Satisfactory,"number_of_monitoring_stations in Absolute Number, aqi_value in Indices",,0.0,26.7,33.2,21.3,66,0.0,11.6,976.3
2023-10-02,Punjab,Amritsar,1.0,PM2.5,109.0,Moderate,"number_of_monitoring_stations in Absolute Number, aqi_value in Indices",,73.0,24.2,32.1,17.6,65,0.0,11.1,980.5
2023-10-02,Punjab,Bathinda,1.0,PM10,107.0,Moderate,"number_of_monitoring_stations in Absolute Number, aqi_value in Indices",,0.0,27.1,33.5,19.3,39,0.0,12.0,983.7
2023-10-02,Punjab,Jalandhar,1.0,PM2.5,71.0,Satisfactory,"number_of_monitoring_stations in Absolute Number, aqi_value in Indices",,4.0,24.9,31.7,18.5,64,0.0,11.8,979.5
2023-10-02,Punjab,Ludhiana,1.0,PM10,82.0,Satisfactory,"number_of_monitoring_stations in Absolute Number, aqi_value in Indices",,1.0,25.4,32.2,20.4,53,0.0,14.5,978.5
2023-10-02,Punjab,Patiala,1.0,PM10,99.0,Satisfactory,"number_of_monitoring_stations in Absolute Number, aqi_value in Indices",,6.0,25.5,32.6,19.5,49,0.0,16.3,977.9
2023-10-02,Punjab,Rupnagar,1.0,PM10,82.0,Satisfactory,"number_of_monitoring_stations in Absolute Number, aqi_value in Indices",,0.0,25.9,32.3,20.0,64,0.0,14.3,977.0
2023-10-03,Punjab,Amritsar,1.0,PM2.5,75.0,Satisfactory,"number_of_monitoring_stations in Absolute Number, aqi_value in Indices",,48.0,24.7,32.2,18.6,68,0.0,10.9,981.2
2023-10-03,Punjab,Bathinda,1.0,PM10,129.0,Moderate,"number_of_monitoring_stations in Absolute Number, aqi_value in Indices",,0.0,27.1,34.4,21.2,46,0.0,14.5,984.4
2023-10-03,Punjab,Jalandhar,1.0,PM2.5,67.0,Satisfactory,"number_of_monitoring_stations in Absolute Number, aqi_value in Indices",,2.0,24.8,32.1,18.4,67,0.0,12.9,980.1
2023-10-03,Punjab,Ludhiana,1.0,PM10,88.0,Satisfactory,"number_of_monitoring_stations in Absolute Number, aqi_value in Indices",,0.0,25.1,32.8,18.0,61,0.0,15.6,979.1
2023-10-03,Punjab,Patiala,1.0,PM10,108.0,Moderate,"number_of_monitoring_stations in Absolute Number, aqi_value in Indices",,7.0,26.0,33.5,20.1,50,0.0,19.6,978.4
2023-10-03,Punjab,Rupnagar,1.0,PM10,136.0,Moderate,"number_of_monitoring_stations in Absolute Number, aqi_value in Indices",,0.0,25.4,33.1,18.5,66,0.0,19.2,977.4
2023-10-04,Punjab,Amritsar,1.0,PM2.5,82.0,Satisfactory,"number_of_monitoring_stations in Absolute Number, aqi_value in Indices",,48.0,25.2,32.6,18.5,67,0.0,9.9,981.3
2023-10-04,Punjab,Bathinda,1.0,PM10,128.0,Moderate,"number_of_monitoring_stations in Absolute Number, aqi_value in Indices",,0.0,26.5,34.4,20.7,54,0.0,11.4,984.5
2023-10-04,Punjab,Jalandhar,1.0,PM10,141.0,Moderate,"number_of_monitoring_stations in Absolute Number, aqi_value in Indices",,1.0,24.5,32.2,18.4,74,0.0,10.4,980.2
2023-10-04,Punjab,Ludhiana,1.0,PM10,115.0,Moderate,"number_of_monitoring_stations in Absolute Number, aqi_value in Indices",,2.0,25.9,33.2,20.0,63,0.0,14.3,979.3
2023-10-04,Punjab,Patiala,1.0,PM10,116.0,Moderate,"number_of_monitoring_stations in Absolute Number, aqi_value in Indices",,8.0,25.9,33.6,19.5,60,0.0,17.6,978.6
2023-10-04,Punjab,Rupnagar,1.0,PM10,147.0,Moderate,"number_of_monitoring_stations in Absolute Number, aqi_value in Indices",,0.0,25.4,33.0,18.5,65,0.0,16.9,977.6
2023-10-05,Punjab,Amritsar,1.0,PM2.5,90.0,Satisfactory,"number_of_monitoring_stations in Absolute Number, aqi_value in Indices",,49.0,25.3,31.7,19.7,65,0.0,9.5,980.3
2023-10-05,Punjab,Bathinda,1.0,PM10,135.0,Moderate,"number_of_monitoring_stations in Absolute Number, aqi_value in Indices",,0.0,27.4,34.5,20.6,49,0.0,10.4,983.5
2023-10-05,Punjab,Jalandhar,1.0,PM10,123.0,Moderate,"number_of_monitoring_stations in Absolute Number, aqi_value in Indices",,3.0,25.2,32.2,17.9,72,0.0,10.7,979.4
2023-10-05,Punjab,Ludhiana,1.0,PM10,111.0,Moderate,"number_of_monitoring_stations in Absolute Number, aqi_value in Indices",,0.0,25.8,33.3,20.8,64,0.0,12.4,978.4
2023-10-05,Punjab,Patiala,1.0,PM10,119.0,Moderate,"number_of_monitoring_stations in Absolute Number, aqi_value in Indices",,7.0,25.8,33.3,19.9,62,0.0,15.0,977.8
2023-10-05,Punjab,Rupnagar,1.0,PM10,131.0,Moderate,"number_of_monitoring_stations in Absolute Number, aqi_value in Indices",,1.0,25.2,33.3,17.4,65,0.0,15.1,976.8
2023-10-06,Punjab,Amritsar,1.0,PM2.5,91.0,Satisfactory,"number_of_monitoring_stations in Absolute Number, aqi_value in Indices",,41.0,25.1,32.7,18.3,70,0.0,9.1,978.9
2023-10-06,Punjab,Bathinda,1.0,PM10,192.0,Moderate,"number_of_monitoring_stations in Absolute Number, aqi_value in Indices",,0.0,26.7,34.8,19.8,57,0.0,9.8,981.9
2023-10-06,Punjab,Jalandhar,1.0,PM10,82.0,Satisfactory,"number_of_monitoring_stations in Absolute Number, aqi_value in Indices",,1.0,25.8,32.7,19.5,69,0.0,8.6,978.1
2023-10-06,Punjab,Ludhiana,1.0,PM2.5,110.0,Moderate,"number_of_monitoring_stations in Absolute Number, aqi_value in Indices",,1.0,26.2,34.1,19.0,64,0.0,9.7,977.1
2023-10-06,Punjab,Patiala,1.0,PM10,119.0,Moderate,"number_of_monitoring_stations in Absolute Number, aqi_value in Indices",,10.0,25.8,33.6,19.5,63,0.0,11.2,976.6
2023-10-06,Punjab,Rupnagar,1.0,PM10,147.0,Moderate,"number_of_monitoring_stations in Absolute Number, aqi_value in Indices",,0.0,25.2,33.7,17.3,64,0.0,11.9,975.6
2023-10-07,Punjab,Amritsar,1.0,PM2.5,70.0,Satisfactory,"number_of_monitoring_stations in Absolute Number, aqi_value in Indices",,18.0,26.1,33.2,20.4,70,0.0,9.9,980.2
2023-10-07,Punjab,Bathinda,1.0,PM10,146.0,Moderate,"number_of_monitoring_stations in Absolute Number, aqi_value in Indices",,0.0,28.7,35.2,23.0,60,0.0,12.7,983.1
2023-10-07,Punjab,Jalandhar,1.0,PM10,115.0,Moderate,"number_of_monitoring_stations in Absolute Number, aqi_value in Indices",,0.0,26.0,33.4,19.3,69,0.0,8.4,979.3
2023-10-07,Punjab,Ludhiana,1.0,PM2.5,179.0,Moderate,"number_of_monitoring_stations in Absolute Number, aqi_value in Indices",,0.0,26.5,34.4,19.5,68,0.0,9.1,978.2
2023-10-07,Punjab,Patiala,1.0,PM2.5,139.0,Moderate,"number_of_monitoring_stations in Absolute Number, aqi_value in Indices",,3.0,26.4,33.8,19.5,67,0.0,8.9,977.9
2023-10-07,Punjab,Rupnagar,1.0,PM10,164.0,Moderate,"number_of_monitoring_stations in Absolute Number, aqi_value in Indices",,0.0,25.5,33.8,16.9,63,0.0,9.7,976.9
2023-10-08,Punjab,Amritsar,1.0,PM2.5,64.0,Satisfactory,"number_of_monitoring_stations in Absolute Number, aqi_value in Indices",,22.0,27.2,33.1,21.9,72,0.0,8.7,981.1
2023-10-08,Punjab,Jalandhar,1.0,PM10,104.0,Moderate,"number_of_monitoring_stations in Absolute Number, aqi_value in Indices",,1.0,27.1,33.2,21.4,70,0.0,7.3,980.1
2023-10-08,Punjab,Ludhiana,1.0,PM2.5,140.0,Moderate,"number_of_monitoring_stations in Absolute Number, aqi_value in Indices",,1.0,27.6,34.1,22.2,69,0.0,8.4,979.0
2023-10-08,Punjab,Patiala,1.0,PM10,114.0,Moderate,"number_of_monitoring_stations in Absolute Number, aqi_value in Indices",,13.0,27.7,34.0,21.7,68,0.0,12.4,978.5
2023-10-08,Punjab,Rupnagar,1.0,PM10,156.0,Moderate,"number_of_monitoring_stations in Absolute Number, aqi_value in Indices",,0.0,25.7,33.9,18.7,71,0.0,9.2,977.5
2023-10-09,Punjab,Amritsar,1.0,PM2.5,71.0,Satisfactory,"number_of_monitoring_stations in Absolute Number, aqi_value in Indices",,8.0,26.6,33.6,22.2,72,0.6,20.6,981.7
2023-10-09,Punjab,Bathinda,1.0,PM10,155.0,Moderate,"number_of_monitoring_stations in Absolute Number, aqi_value in Indices",,0.0,29.2,35.2,24.0,61,0.0,10.8,984.2
2023-10-09,Punjab,Jalandhar,1.0,PM10,108.0,Moderate,"number_of_monitoring_stations in Absolute Number, aqi_value in Indices",,2.0,26.9,33.1,22.2,70,0.0,17.9,980.5
2023-10-09,Punjab,Ludhiana,1.0,PM2.5,123.0,Moderate,"number_of_monitoring_stations in Absolute Number, aqi_value in Indices",,1.0,27.6,34.5,22.1,66,0.0,10.6,979.4
2023-10-09,Punjab,Patiala,1.0,PM10,113.0,Moderate,"number_of_monitoring_stations in Absolute Number, aqi_value in Indices",,15.0,28.0,34.4,23.1,61,0.0,10.1,979.1
2023-10-09,Punjab,Rupnagar,1.0,PM10,164.0,Moderate,"number_of_monitoring_stations in Absolute Number, aqi_value in Indices",,0.0,25.9,33.3,19.0,69,0.0,8.7,978.2
2023-10-10,Punjab,Amritsar,1.0,PM2.5,69.0,Satisfactory,"number_of_monitoring_stations in Absolute Number, aqi_value in Indices",,1.0,24.2,30.5,19.4,68,0.0,20.0,983.9
2023-10-10,Punjab,Bathinda,1.0,PM10,107.0,Moderate,"number_of_monitoring_stations in Absolute Number, aqi_value in Indices",,0.0,27.5,33.6,21.8,59,0.0,18.1,986.3
2023-10-10,Punjab,Ludhiana,1.0,PM2.5,109.0,Moderate,"number_of_monitoring_stations in Absolute Number, aqi_value in Indices",,0.0,26.4,33.1,21.6,60,0.0,14.9,981.4
2023-10-10,Punjab,Patiala,1.0,PM10,85.0,Satisfactory,"number_of_monitoring_stations in Absolute Number, aqi_value in Indices",,1.0,27.0,33.2,22.3,57,0.0,14.1,980.6
2023-10-10,Punjab,Rupnagar,1.0,PM10,99.0,Satisfactory,"number_of_monitoring_stations in Absolute Number, aqi_value in Indices",,0.0,26.4,33.5,19.6,57,0.5,16.2,979.6
2023-10-11,Punjab,Amritsar,1.0,PM2.5,79.0,Satisfactory,"number_of_monitoring_stations in Absolute Number, aqi_value in Indices",,4.0,23.7,30.4,18.2,64,0.0,9.4,983.9
2023-10-11,Punjab,Bathinda,1.0,PM10,74.0,Satisfactory,"number_of_monitoring_stations in Absolute Number, aqi_value in Indices",,0.0,26.0,32.5,20.4,60,0.0,11.3,987.3
2023-10-11,Punjab,Jalandhar,1.0,PM10,90.0,Satisfactory,"number_of_monitoring_stations in Absolute Number, aqi_value in Indices",,0.0,23.2,30.5,17.7,74,0.0,10.3,982.8
2023-10-11,Punjab,Ludhiana,1.0,PM2.5,51.0,Satisfactory,"number_of_monitoring_stations in Absolute Number, aqi_value in Indices",,0.0,24.0,31.5,19.0,68,0.0,10.7,981.8
2023-10-11,Punjab,Patiala,1.0,O3,57.0,Satisfactory,"number_of_monitoring_stations in Absolute Number, aqi_value in Indices",,5.0,25.2,32.0,20.5,59,0.0,13.4,981.3
2023-10-11,Punjab,Rupnagar,1.0,PM10,146.0,Moderate,"number_of_monitoring_stations in Absolute Number, aqi_value in Indices",,0.0,23.3,31.7,17.0,71,0.0,11.8,980.1
2023-10-12,Punjab,Amritsar,1.0,PM2.5,99.0,Satisfactory,"number_of_monitoring_stations in Absolute Number, aqi_value in Indices",,3.0,24.3,31.4,17.6,65,0.0,8.6,985.0
2023-10-12,Punjab,Bathinda,1.0,PM10,148.0,Moderate,"number_of_monitoring_stations in Absolute Number, aqi_value in Indices",,0.0,26.6,32.5,21.8,55,0.0,7.9,988.1
2023-10-12,Punjab,Jalandhar,1.0,PM2.5,119.0,Moderate,"number_of_monitoring_stations in Absolute Number, aqi_value in Indices",,0.0,24.7,30.7,19.5,66,0.0,7.9,984.1
2023-10-12,Punjab,Ludhiana,1.0,PM10,87.0,Satisfactory,"number_of_monitoring_stations in Absolute Number, aqi_value in Indices",,1.0,24.5,31.6,18.6,62,0.0,10.7,983.0
2023-10-12,Punjab,Patiala,1.0,PM10,68.0,Satisfactory,"number_of_monitoring_stations in Absolute Number, aqi_value in Indices",,0.0,24.6,31.6,18.3,61,0.0,10.4,982.5
2023-10-12,Punjab,Rupnagar,1.0,PM10,149.0,Moderate,"number_of_monitoring_stations in Absolute Number, aqi_value in Indices",,0.0,23.1,31.3,15.7,72,0.0,10.2,981.4
2023-10-13,Punjab,Amritsar,1.0,PM2.5,127.0,Moderate,"number_of_monitoring_stations in Absolute Number, aqi_value in Indices",,54.0,24.6,31.8,18.6,71,0.0,7.7,985.5
2023-10-13,Punjab,Bathinda,1.0,PM2.5,187.0,Moderate,"number_of_monitoring_stations in Absolute Number, aqi_value in Indices",,1.0,27.1,33.9,20.8,59,0.0,11.7,988.5
2023-10-13,Punjab,Jalandhar,1.0,PM10,119.0,Moderate,"number_of_monitoring_stations in Absolute Number, aqi_value in Indices",,1.0,24.4,31.1,18.0,71,0.0,6.3,984.6
2023-10-13,Punjab,Ludhiana,1.0,PM10,105.0,Moderate,"number_of_monitoring_stations in Absolute Number, aqi_value in Indices",,8.0,25.0,32.2,18.7,66,0.0,8.7,983.6
2023-10-13,Punjab,Patiala,1.0,PM10,97.0,Satisfactory,"number_of_monitoring_stations in Absolute Number, aqi_value in Indices",,18.0,25.2,32.1,19.4,64,0.0,9.9,983.1
2023-10-13,Punjab,Rupnagar,1.0,PM10,172.0,Moderate,"number_of_monitoring_stations in Absolute Number, aqi_value in Indices",,0.0,23.5,31.5,16.3,72,0.0,9.6,982.1
2023-10-14,Punjab,Bathinda,1.0,PM2.5,182.0,Moderate,"number_of_monitoring_stations in Absolute Number, aqi_value in Indices",,1.0,27.1,33.7,21.9,62,0.1,15.9,987.8
2023-10-14,Punjab,Jalandhar,1.0,PM10,86.0,Satisfactory,"number_of_monitoring_stations in Absolute Number, aqi_value in Indices",,3.0,22.8,28.0,19.8,81,1.8,15.2,984.1
2023-10-14,Punjab,Ludhiana,1.0,PM10,151.0,Moderate,"number_of_monitoring_stations in Absolute Number, aqi_value in Indices",,5.0,24.5,31.8,20.1,72,0.0,12.2,983.1
2023-10-14,Punjab,Patiala,1.0,PM2.5,119.0,Moderate,"number_of_monitoring_stations in Absolute Number, aqi_value in Indices",,12.0,26.0,32.5,20.9,64,0.0,12.1,982.5
2023-10-14,Punjab,Rupnagar,1.0,PM10,146.0,Moderate,"number_of_monitoring_stations in Absolute Number, aqi_value in Indices",,0.0,23.3,32.1,16.7,72,0.1,14.0,981.5
2023-10-15,Punjab,Amritsar,1.0,PM2.5,78.0,Satisfactory,"number_of_monitoring_stations in Absolute Number, aqi_value in Indices",,0.0,23.0,28.6,17.4,69,3.1,17.9,983.7
2023-10-15,Punjab,Bathinda,1.0,PM10,70.0,Satisfactory,"number_of_monitoring_stations in Absolute Number, aqi_value in Indices",,0.0,25.7,31.3,20.7,59,0.8,15.9,986.2
2023-10-15,Punjab,Ludhiana,1.0,PM10,58.0,Satisfactory,"number_of_monitoring_stations in Absolute Number, aqi_value in Indices",,1.0,24.1,31.7,19.4,67,0.7,23.2,981.3
2023-10-15,Punjab,Patiala,1.0,PM10,77.0,Satisfactory,"number_of_monitoring_stations in Absolute Number, aqi_value in Indices",,32.0,24.8,32.6,20.1,65,0.1,17.6,980.7
2023-10-15,Punjab,Rupnagar,1.0,PM10,126.0,Moderate,"number_of_monitoring_stations in Absolute Number, aqi_value in Indices",,0.0,23.4,31.6,17.2,67,0.6,21.0,979.8
2023-10-16,Punjab,Amritsar,1.0,PM2.5,89.0,Satisfactory,"number_of_monitoring_stations in Absolute Number, aqi_value in Indices",,0.0,19.7,23.1,17.1,87,22.0,19.5,984.2
2023-10-16,Punjab,Bathinda,1.0,PM10,96.0,Satisfactory,"number_of_monitoring_stations in Absolute Number, aqi_value in Indices",,0.0,23.0,28.1,21.0,71,1.6,17.1,987.1
2023-10-16,Punjab,Jalandhar,1.0,PM10,89.0,Satisfactory,"number_of_monitoring_stations in Absolute Number, aqi_value in Indices",,0.0,20.3,24.3,18.1,83,9.9,20.1,983.5
2023-10-16,Punjab,Ludhiana,1.0,PM10,63.0,Satisfactory,"number_of_monitoring_stations in Absolute Number, aqi_value in Indices",,0.0,20.8,26.8,18.3,78,17.8,21.8,982.4
2023-10-16,Punjab,Patiala,1.0,PM10,52.0,Satisfactory,"number_of_monitoring_stations in Absolute Number, aqi_value in Indices",,0.0,21.8,27.7,18.5,72,6.6,21.8,982.1
2023-10-16,Punjab,Rupnagar,1.0,PM10,149.0,Moderate,"number_of_monitoring_stations in Absolute Number, aqi_value in Indices",,0.0,19.9,26.5,15.8,78,9.0,22.2,981.1
2023-10-17,Punjab,Amritsar,1.0,PM2.5,110.0,Moderate,"number_of_monitoring_stations in Absolute Number, aqi_value in Indices",,0.0,18.0,22.0,15.4,83,10.3,16.3,989.3
2023-10-17,Punjab,Bathinda,1.0,CO,60.0,Satisfactory,"number_of_monitoring_stations in Absolute Number, aqi_value in Indices",,0.0,21.8,27.3,18.6,71,1.1,15.3,991.2
2023-10-17,Punjab,Jalandhar,1.0,PM10,66.0,Satisfactory,"number_of_monitoring_stations in Absolute Number, aqi_value in Indices",,0.0,19.1,24.3,16.0,80,0.0,15.9,987.8
2023-10-17,Punjab,Ludhiana,1.0,PM10,73.0,Satisfactory,"number_of_monitoring_stations in Absolute Number, aqi_value in Indices",,0.0,20.1,26.3,16.4,74,0.0,10.6,986.5
2023-10-17,Punjab,Patiala,1.0,O3,51.0,Satisfactory,"number_of_monitoring_stations in Absolute Number, aqi_value in Indices",,0.0,21.0,27.4,16.5,68,0.0,9.0,985.8
2023-10-17,Punjab,Rupnagar,1.0,PM10,88.0,Satisfactory,"number_of_monitoring_stations in Absolute Number, aqi_value in Indices",,0.0,19.7,25.7,14.9,68,0.2,12.6,985.0
2023-10-18,Punjab,Amritsar,1.0,PM2.5,114.0,Moderate,"number_of_monitoring_stations in Absolute Number, aqi_value in Indices",,0.0,18.8,25.4,14.3,76,0.0,10.2,989.0
2023-10-18,Punjab,Bathinda,1.0,CO,50.0,Good,"number_of_monitoring_stations in Absolute Number, aqi_value in Indices",,0.0,20.7,26.9,16.3,69,0.0,11.1,992.2
2023-10-18,Punjab,Jalandhar,1.0,PM10,69.0,Satisfactory,"number_of_monitoring_stations in Absolute Number, aqi_value in Indices",,0.0,19.1,26.1,14.0,74,0.0,10.3,987.7
2023-10-18,Punjab,Ludhiana,1.0,PM10,44.0,Good,"number_of_monitoring_stations in Absolute Number, aqi_value in Indices",,0.0,19.9,26.8,15.0,70,0.0,11.9,986.6
2023-10-18,Punjab,Patiala,1.0,PM10,52.0,Satisfactory,"number_of_monitoring_stations in Absolute Number, aqi_value in Indices",,3.0,21.1,27.8,16.0,66,0.0,13.4,985.8
2023-10-18,Punjab,Rupnagar,1.0,PM10,111.0,Moderate,"number_of_monitoring_stations in Absolute Number, aqi_value in Indices",,0.0,19.4,27.2,13.3,77,0.0,11.1,984.6
2023-10-19,Punjab,Amritsar,1.0,PM2.5,93.0,Satisfactory,"number_of_monitoring_stations in Absolute Number, aqi_value in Indices",,4.0,19.7,26.3,14.6,76,0.0,9.3,988.0
2023-10-19,Punjab,Bathinda,1.0,PM10,100.0,Satisfactory,"number_of_monitoring_stations in Absolute Number, aqi_value in Indices",,0.0,21.0,27.4,16.0,67,0.0,10.3,991.3
2023-10-19,Punjab,Jalandhar,1.0,PM10,76.0,Satisfactory,"number_of_monitoring_stations in Absolute Number, aqi_value in Indices",,0.0,19.7,26.8,14.2,77,0.0,10.7,986.8
2023-10-19,Punjab,Ludhiana,1.0,PM10,72.0,Satisfactory,"number_of_monitoring_stations in Absolute Number, aqi_value in Indices",,2.0,20.3,27.3,15.1,71,0.0,9.8,985.8
2023-10-19,Punjab,Patiala,1.0,PM10,45.0,Good,"number_of_monitoring_stations in Absolute Number, aqi_value in Indices",,5.0,21.0,27.7,16.2,66,0.0,11.3,985.2
2023-10-19,Punjab,Rupnagar,1.0,PM10,96.0,Satisfactory,"number_of_monitoring_stations in Absolute Number, aqi_value in Indices",,0.0,20.3,27.9,14.8,75,0.0,9.9,984.1
2023-10-20,Punjab,Amritsar,1.0,PM10,89.0,Satisfactory,"number_of_monitoring_stations in Absolute Number, aqi_value in Indices",,17.0,20.5,27.8,14.7,77,0.0,10.2,988.5
2023-10-20,Punjab,Bathinda,1.0,PM10,151.0,Moderate,"number_of_monitoring_stations in Absolute Number, aqi_value in Indices",,2.0,21.8,28.4,16.5,65,0.0,9.0,991.6
2023-10-20,Punjab,Jalandhar,1.0,PM10,103.0,Moderate,"number_of_monitoring_stations in Absolute Number, aqi_value in Indices",,6.0,20.9,28.2,14.8,76,0.0,11.4,987.3
2023-10-20,Punjab,Ludhiana,1.0,PM10,97.0,Satisfactory,"number_of_monitoring_stations in Absolute Number, aqi_value in Indices",,8.0,21.2,29.0,15.7,71,0.0,8.7,986.3
2023-10-20,Punjab,Patiala,1.0,PM10,70.0,Satisfactory,"number_of_monitoring_stations in Absolute Number, aqi_value in Indices",,28.0,21.8,29.3,15.8,66,0.0,9.1,985.6
2023-10-20,Punjab,Rupnagar,1.0,PM10,121.0,Moderate,"number_of_monitoring_stations in Absolute Number, aqi_value in Indices",,0.0,21.0,28.9,14.9,73,0.0,9.4,984.6
2023-10-21,Punjab,Amritsar,1.0,PM10,94.0,Satisfactory,"number_of_monitoring_stations in Absolute Number, aqi_value in Indices",,34.0,21.0,26.9,15.3,76,0.0,9.7,988.8
2023-10-21,Punjab,Bathinda,1.0,PM2.5,187.0,Moderate,"number_of_monitoring_stations in Absolute Number, aqi_value in Indices",,2.0,22.6,28.8,16.8,67,0.3,10.8,991.9
2023-10-21,Punjab,Jalandhar,1.0,PM10,85.0,Satisfactory,"number_of_monitoring_stations in Absolute Number, aqi_value in Indices",,3.0,21.9,28.4,16.0,73,0.0,9.4,987.8
2023-10-21,Punjab,Ludhiana,1.0,PM10,103.0,Moderate,"number_of_monitoring_stations in Absolute Number, aqi_value in Indices",,3.0,21.7,29.3,16.0,71,0.0,10.3,986.7
2023-10-21,Punjab,Patiala,1.0,PM10,89.0,Satisfactory,"number_of_monitoring_stations in Absolute Number, aqi_value in Indices",,19.0,22.7,30.2,17.4,67,0.0,9.5,986.1
2023-10-21,Punjab,Rupnagar,1.0,PM10,161.0,Moderate,"number_of_monitoring_stations in Absolute Number, aqi_value in Indices",,0.0,21.2,29.5,14.6,71,0.0,9.4,985.0
2023-10-22,Punjab,Amritsar,1.0,PM10,88.0,Satisfactory,"number_of_monitoring_stations in Absolute Number, aqi_value in Indices",,1.0,20.7,26.5,16.3,79,0.0,24.1,989.8
2023-10-22,Punjab,Bathinda,1.0,PM2.5,77.0,Satisfactory,"number_of_monitoring_stations in Absolute Number, aqi_value in Indices",,1.0,22.6,28.8,18.3,70,0.1,12.4,992.4
2023-10-22,Punjab,Jalandhar,1.0,PM10,124.0,Moderate,"number_of_monitoring_stations in Absolute Number, aqi_value in Indices",,0.0,21.1,27.0,15.7,76,8.2,15.2,988.5
2023-10-22,Punjab,Ludhiana,1.0,PM10,107.0,Moderate,"number_of_monitoring_stations in Absolute Number, aqi_value in Indices",,5.0,21.6,27.6,16.6,72,0.0,9.4,987.4
2023-10-22,Punjab,Patiala,1.0,PM2.5,136.0,Moderate,"number_of_monitoring_stations in Absolute Number, aqi_value in Indices",,1.0,21.9,28.3,16.6,69,0.0,10.7,986.7
2023-10-22,Punjab,Rupnagar,1.0,PM10,124.0,Moderate,"number_of_monitoring_stations in Absolute Number, aqi_value in Indices",,0.0,20.2,27.5,13.0,71,0.0,8.7,985.7
2023-10-23,Punjab,Amritsar,1.0,PM10,88.0,Satisfactory,"number_of_monitoring_stations in Absolute Number, aqi_value in Indices",,29.0,21.1,27.8,15.6,76,0.0,10.0,988.0
2023-10-23,Punjab,Bathinda,1.0,PM2.5,68.0,Satisfactory,"number_of_monitoring_stations in Absolute Number, aqi_value in Indices",,1.0,22.9,29.5,17.4,67,0.0,13.0,991.1
2023-10-23,Punjab,Jalandhar,1.0,PM10,87.0,Satisfactory,"number_of_monitoring_stations in Absolute Number, aqi_value in Indices",,6.0,21.3,28.6,16.3,75,0.0,10.0,986.8
2023-10-23,Punjab,Ludhiana,1.0,PM10,93.0,Satisfactory,"number_of_monitoring_stations in Absolute Number, aqi_value in Indices",,10.0,22.0,29.3,17.5,72,0.0,10.7,985.7
2023-10-23,Punjab,Patiala,1.0,PM10,93.0,Satisfactory,"number_of_monitoring_stations in Absolute Number, aqi_value in Indices",,14.0,22.4,30.0,17.3,66,0.0,10.9,985.1
2023-10-23,Punjab,Rupnagar,1.0,PM10,108.0,Moderate,"number_of_monitoring_stations in Absolute Number, aqi_value in Indices",,0.0,21.5,29.1,15.3,69,0.0,10.4,984.1
2023-10-24,Punjab,Amritsar,1.0,PM10,97.0,Satisfactory,"number_of_monitoring_stations in Absolute Number, aqi_value in Indices",,26.0,21.5,28.0,15.4,72,0.0,7.2,987.4
2023-10-24,Punjab,Bathinda,1.0,PM10,74.0,Satisfactory,"number_of_monitoring_stations in Absolute Number, aqi_value in Indices",,3.0,22.4,29.2,17.3,67,0.1,17.0,990.5
2023-10-24,Punjab,Jalandhar,1.0,PM10,101.0,Moderate,"number_of_monitoring_stations in Absolute Number, aqi_value in Indices",,8.0,21.7,28.6,15.3,72,0.0,10.8,986.1
2023-10-24,Punjab,Ludhiana,1.0,PM10,101.0,Moderate,"number_of_monitoring_stations in Absolute Number, aqi_value in Indices",,42.0,22.2,29.5,16.4,68,0.0,11.7,985.1
2023-10-24,Punjab,Patiala,1.0,PM10,100.0,Satisfactory,"number_of_monitoring_stations in Absolute Number, aqi_value in Indices",,63.0,22.7,30.2,16.1,64,0.0,11.2,984.4
2023-10-24,Punjab,Rupnagar,1.0,PM10,134.0,Moderate,"number_of_monitoring_stations in Absolute Number, aqi_value in Indices",,2.0,20.8,29.2,13.9,65,0.0,11.5,983.4
2023-10-25,Punjab,Amritsar,1.0,PM10,126.0,Moderate,"number_of_monitoring_stations in Absolute Number, aqi_value in Indices",,79.0,21.1,28.7,14.8,75,0.0,10.1,988.0
2023-10-25,Punjab,Bathinda,1.0,PM2.5,77.0,Satisfactory,"number_of_monitoring_stations in Absolute Number, aqi_value in Indices",,4.0,22.5,29.6,16.7,67,0.0,10.7,991.2
2023-10-25,Punjab,Jalandhar,1.0,PM10,107.0,Moderate,"number_of_monitoring_stations in Absolute Number, aqi_value in Indices",,11.0,21.8,29.1,15.3,73,0.0,11.1,986.9
2023-10-25,Punjab,Ludhiana,1.0,PM10,116.0,Moderate,"number_of_monitoring_stations in Absolute Number, aqi_value in Indices",,16.0,22.1,29.7,15.9,68,0.0,10.6,985.8
2023-10-25,Punjab,Patiala,1.0,PM10,104.0,Moderate,"number_of_monitoring_stations in Absolute Number, aqi_value in Indices",,47.0,22.6,30.2,16.7,61,0.0,13.6,985.1
2023-10-25,Punjab,Rupnagar,1.0,PM10,123.0,Moderate,"number_of_monitoring_stations in Absolute Number, aqi_value in Indices",,2.0,21.0,29.8,13.6,69,0.0,11.0,984.0
2023-10-26,Punjab,Amritsar,1.0,PM2.5,172.0,Moderate,"number_of_monitoring_stations in Absolute Number, aqi_value in Indices",,91.0,21.0,28.3,14.6,76,0.0,9.4,987.5
2023-10-26,Punjab,Bathinda,1.0,PM2.5,72.0,Satisfactory,"number_of_monitoring_stations in Absolute Number, aqi_value in Indices",,13.0,23.1,30.7,16.5,59,0.0,11.1,990.6
2023-10-26,Punjab,Jalandhar,1.0,PM2.5,193.0,Moderate,"number_of_monitoring_stations in Absolute Number, aqi_value in Indices",,23.0,21.5,28.8,15.3,74,0.0,12.8,986.4
2023-10-26,Punjab,Ludhiana,1.0,PM2.5,143.0,Moderate,"number_of_monitoring_stations in Absolute Number, aqi_value in Indices",,24.0,21.8,29.8,16.1,69,0.0,12.5,985.3
2023-10-26,Punjab,Patiala,1.0,PM10,118.0,Moderate,"number_of_monitoring_stations in Absolute Number, aqi_value in Indices",,81.0,22.5,30.5,17.2,63,0.0,14.6,984.6
2023-10-26,Punjab,Rupnagar,1.0,PM10,133.0,Moderate,"number_of_monitoring_stations in Absolute Number, aqi_value in Indices",,0.0,20.5,29.8,13.5,71,0.0,14.5,983.5
2023-10-27,Punjab,Amritsar,1.0,PM2.5,144.0,Moderate,"number_of_monitoring_stations in Absolute Number, aqi_value in Indices",,76.0,21.4,28.7,14.5,77,0.0,7.2,986.4
2023-10-27,Punjab,Bathinda,1.0,PM10,73.0,Satisfactory,"number_of_monitoring_stations in Absolute Number, aqi_value in Indices",,18.0,23.1,30.4,16.5,61,0.0,10.5,989.4
2023-10-27,Punjab,Jalandhar,1.0,PM10,114.0,Moderate,"number_of_monitoring_stations in Absolute Number, aqi_value in Indices",,30.0,21.8,28.9,16.2,71,0.0,10.9,985.4
2023-10-27,Punjab,Ludhiana,1.0,PM2.5,151.0,Moderate,"number_of_monitoring_stations in Absolute Number, aqi_value in Indices",,31.0,22.6,30.1,14.8,62,0.0,9.9,984.4
2023-10-27,Punjab,Patiala,1.0,PM2.5,134.0,Moderate,"number_of_monitoring_stations in Absolute Number, aqi_value in Indices",,97.0,22.1,30.5,15.4,60,0.0,11.7,983.7
2023-10-27,Punjab,Rupnagar,1.0,PM10,159.0,Moderate,"number_of_monitoring_stations in Absolute Number, aqi_value in Indices",,2.0,20.2,29.6,11.7,70,0.0,11.5,982.6
2023-10-28,Punjab,Amritsar,1.0,PM2.5,155.0,Moderate,"number_of_monitoring_stations in Absolute Number, aqi_value in Indices",,2.0,21.9,28.7,15.8,79,0.0,8.0,986.7
2023-10-28,Punjab,Bathinda,1.0,PM2.5,196.0,Moderate,"number_of_monitoring_stations in Absolute Number, aqi_value in Indices",,3.0,23.3,30.5,17.8,59,0.0,9.7,989.5
2023-10-28,Punjab,Jalandhar,1.0,PM2.5,141.0,Moderate,"number_of_monitoring_stations in Absolute Number, aqi_value in Indices",,4.0,22.0,29.0,15.7,75,0.0,8.8,985.6
2023-10-28,Punjab,Ludhiana,1.0,PM10,134.0,Moderate,"number_of_monitoring_stations in Absolute Number, aqi_value in Indices",,2.0,22.8,29.9,16.8,66,0.0,9.7,984.6
2023-10-28,Punjab,Patiala,1.0,PM2.5,120.0,Moderate,"number_of_monitoring_stations in Absolute Number, aqi_value in Indices",,4.0,22.4,29.9,16.0,66,0.0,9.1,984.0
2023-10-29,Punjab,Amritsar,1.0,PM2.5,134.0,Moderate,"number_of_monitoring_stations in Absolute Number, aqi_value in Indices",,57.0,22.6,28.9,17.1,78,0.0,8.8,987.1
2023-10-29,Punjab,Bathinda,1.0,PM2.5,328.0,Very Poor,"number_of_monitoring_stations in Absolute Number, aqi_value in Indices",,34.0,23.9,30.5,17.3,62,0.0,9.0,989.9
2023-10-29,Punjab,Jalandhar,1.0,PM10,129.0,Moderate,"number_of_monitoring_stations in Absolute Number, aqi_value in Indices",,30.0,22.8,29.1,16.6,73,0.0,7.7,986.0
2023-10-29,Punjab,Ludhiana,1.0,PM2.5,217.0,Poor,"number_of_monitoring_stations in Absolute Number, aqi_value in Indices",,57.0,23.1,30.0,16.8,68,0.0,8.5,984.9
2023-10-29,Punjab,Patiala,1.0,PM2.5,202.0,Poor,"number_of_monitoring_stations in Absolute Number, aqi_value in Indices",,83.0,22.7,30.2,17.1,68,0.0,9.1,984.3
2023-10-29,Punjab,Rupnagar,1.0,PM2.5,201.0,Poor,"number_of_monitoring_stations in Absolute Number, aqi_value in Indices",,5.0,21.0,28.9,12.4,70,0.0,6.1,983.4
2023-10-30,Punjab,Amritsar,1.0,PM2.5,195.0,Moderate,"number_of_monitoring_stations in Absolute Number, aqi_value in Indices",,43.0,22.2,29.2,17.1,78,0.0,8.9,987.9
2023-10-30,Punjab,Bathinda,1.0,PM2.5,381.0,Very Poor,"number_of_monitoring_stations in Absolute Number, aqi_value in Indices",,44.0,24.1,30.5,18.5,66,0.1,9.6,990.8
2023-10-30,Punjab,Jalandhar,1.0,PM2.5,181.0,Moderate,"number_of_monitoring_stations in Absolute Number, aqi_value in Indices",,30.0,22.8,29.1,17.5,74,0.0,8.8,986.8
2023-10-30,Punjab,Ludhiana,1.0,PM2.5,250.0,Poor,"number_of_monitoring_stations in Absolute Number, aqi_value in Indices",,53.0,23.2,30.0,17.2,69,0.0,8.1,985.8
2023-10-30,Punjab,Patiala,1.0,PM2.5,150.0,Moderate,"number_of_monitoring_stations in Absolute Number, aqi_value in Indices",,55.0,22.8,30.3,16.5,68,0.0,8.4,985.1
2023-10-30,Punjab,Rupnagar,1.0,PM2.5,228.0,Poor,"number_of_monitoring_stations in Absolute Number, aqi_value in Indices",,0.0,21.3,29.1,12.6,65,0.0,8.2,984.2
2023-10-31,Punjab,Amritsar,1.0,PM2.5,177.0,Moderate,"number_of_monitoring_stations in Absolute Number, aqi_value in Indices",,64.0,22.7,29.3,16.7,77,0.0,8.2,989.1
2023-10-31,Punjab,Bathinda,1.0,PM2.5,326.0,Very Poor,"number_of_monitoring_stations in Absolute Number, aqi_value in Indices",,70.0,24.3,30.7,18.6,66,0.0,8.6,992.0
2023-10-31,Punjab,Jalandhar,1.0,PM2.5,183.0,Moderate,"number_of_monitoring_stations in Absolute Number, aqi_value in Indices",,64.0,23.1,29.4,18.1,75,0.0,10.3,988.0
2023-10-31,Punjab,Ludhiana,1.0,PM2.5,186.0,Moderate,"number_of_monitoring_stations in Absolute Number, aqi_value in Indices",,69.0,23.3,30.2,17.6,70,0.0,8.5,986.9
2023-10-31,Punjab,Patiala,1.0,PM2.5,254.0,Poor,"number_of_monitoring_stations in Absolute Number, aqi_value in Indices",,84.0,22.8,30.6,16.6,69,0.0,8.9,986.4
2023-10-31,Punjab,Rupnagar,1.0,PM2.5,217.0,Poor,"number_of_monitoring_stations in Absolute Number, aqi_value in Indices",,6.0,20.8,29.4,13.3,67,0.0,8.5,985.3
2023-11-01,Punjab,Amritsar,1.0,PM2.5,227.0,Poor,"number_of_monitoring_stations in Absolute Number, aqi_value in Indices",,86.0,22.3,28.6,17.9,78,0.0,8.4,989.9
2023-11-01,Punjab,Bathinda,1.0,PM2.5,277.0,Poor,"number_of_monitoring_stations in Absolute Number, aqi_value in Indices",,97.0,23.6,30.0,18.2,66,0.0,9.4,992.7
2023-11-01,Punjab,Jalandhar,1.0,PM2.5,144.0,Moderate,"number_of_monitoring_stations in Absolute Number, aqi_value in Indices",,66.0,22.2,28.5,15.9,71,0.0,9.7,988.8
2023-11-01,Punjab,Ludhiana,1.0,PM2.5,245.0,Poor,"number_of_monitoring_stations in Absolute Number, aqi_value in Indices",,75.0,22.6,29.7,15.9,68,0.0,9.0,987.7
2023-11-01,Punjab,Patiala,1.0,PM2.5,161.0,Moderate,"number_of_monitoring_stations in Absolute Number, aqi_value in Indices",,127.0,22.7,30.2,16.5,68,0.0,9.7,987.1
2023-11-02,Punjab,Amritsar,1.0,PM2.5,156.0,Moderate,"number_of_monitoring_stations in Absolute Number, aqi_value in Indices",,57.0,21.2,28.8,16.5,81,1.4,31.0,988.1
2023-11-02,Punjab,Bathinda,1.0,PM2.5,306.0,Very Poor,"number_of_monitoring_stations in Absolute Number, aqi_value in Indices",,111.0,22.7,29.4,18.3,73,0.0,13.7,991.1
2023-11-02,Punjab,Jalandhar,1.0,PM2.5,221.0,Poor,"number_of_monitoring_stations in Absolute Number, aqi_value in Indices",,66.0,22.1,28.9,16.2,72,0.0,10.4,986.8
2023-11-02,Punjab,Ludhiana,1.0,PM2.5,219.0,Poor,"number_of_monitoring_stations in Absolute Number, aqi_value in Indices",,80.0,22.4,29.7,16.3,67,0.0,12.6,985.8
2023-11-02,Punjab,Patiala,1.0,PM2.5,307.0,Very Poor,"number_of_monitoring_stations in Absolute Number, aqi_value in Indices",,88.0,22.6,29.8,16.4,65,0.0,10.9,985.2
2023-11-03,Punjab,Amritsar,1.0,PM2.5,248.0,Poor,"number_of_monitoring_stations in Absolute Number, aqi_value in Indices",,43.0,20.9,27.4,16.3,78,0.1,10.3,985.5
2023-11-03,Punjab,Bathinda,1.0,PM2.5,338.0,Very Poor,"number_of_monitoring_stations in Absolute Number, aqi_value in Indices",,112.0,21.8,29.5,17.7,69,2.6,24.2,988.7
2023-11-03,Punjab,Jalandhar,1.0,PM2.5,268.0,Poor,"number_of_monitoring_stations in Absolute Number, aqi_value in Indices",,77.0,20.7,27.8,16.0,75,0.0,11.5,984.4
2023-11-03,Punjab,Ludhiana,1.0,PM2.5,228.0,Poor,"number_of_monitoring_stations in Absolute Number, aqi_value in Indices",,59.0,21.5,28.6,16.7,67,0.1,10.7,983.4
2023-11-03,Punjab,Patiala,1.0,PM2.5,243.0,Poor,"number_of_monitoring_stations in Absolute Number, aqi_value in Indices",,99.0,21.4,29.0,17.4,69,1.2,17.9,982.8
2023-11-04,Punjab,Amritsar,1.0,PM2.5,282.0,Poor,"number_of_monitoring_stations in Absolute Number, aqi_value in Indices",,23.0,20.8,28.4,14.2,75,0.0,9.3,985.9
2023-11-04,Punjab,Bathinda,1.0,PM2.5,385.0,Very Poor,"number_of_monitoring_stations in Absolute Number, aqi_value in Indices",,112.0,22.3,29.8,16.5,62,0.0,10.7,989.0
2023-11-04,Punjab,Jalandhar,1.0,PM2.5,295.0,Poor,"number_of_monitoring_stations in Absolute Number, aqi_value in Indices",,67.0,21.3,28.8,15.0,69,0.0,11.0,984.8
2023-11-04,Punjab,Ludhiana,1.0,PM2.5,289.0,Poor,"number_of_monitoring_stations in Absolute Number, aqi_value in Indices",,74.0,21.2,29.5,14.3,63,0.0,11.5,983.7
2023-11-04,Punjab,Patiala,1.0,PM2.5,247.0,Poor,"number_of_monitoring_stations in Absolute Number, aqi_value in Indices",,49.0,21.4,29.5,13.8,60,0.0,11.9,983.0
2023-11-05,Punjab,Amritsar,1.0,PM2.5,178.0,Moderate,"number_of_monitoring_stations in Absolute Number, aqi_value in Indices",,56.0,20.9,27.8,14.3,74,0.0,8.9,987.2
2023-11-05,Punjab,Bathinda,1.0,PM2.5,375.0,Very Poor,"number_of_monitoring_stations in Absolute Number, aqi_value in Indices",,247.0,22.5,29.3,16.1,57,0.0,9.7,990.3
2023-11-05,Punjab,Jalandhar,1.0,PM2.5,261.0,Poor,"number_of_monitoring_stations in Absolute Number, aqi_value in Indices",,155.0,21.3,28.3,15.0,70,0.0,11.3,986.1
2023-11-05,Punjab,Ludhiana,1.0,PM2.5,243.0,Poor,"number_of_monitoring_stations in Absolute Number, aqi_value in Indices",,184.0,21.6,29.4,15.3,65,0.0,10.9,985.0
2023-11-05,Punjab,Patiala,1.0,PM2.5,248.0,Poor,"number_of_monitoring_stations in Absolute Number, aqi_value in Indices",,169.0,21.3,29.6,15.6,65,0.0,12.4,984.4
2023-11-06,Punjab,Amritsar,1.0,PM2.5,316.0,Very Poor,"number_of_monitoring_stations in Absolute Number, aqi_value in Indices",,7.0,20.5,27.8,14.3,78,0.0,8.6,988.8
2023-11-06,Punjab,Bathinda,1.0,PM2.5,288.0,Poor,"number_of_monitoring_stations in Absolute Number, aqi_value in Indices",,210.0,22.0,29.3,15.1,55,0.0,10.4,991.7
2023-11-06,Punjab,Jalandhar,1.0,PM2.5,222.0,Poor,"number_of_monitoring_stations in Absolute Number, aqi_value in Indices",,70.0,20.4,27.7,13.9,73,0.0,11.2,987.7
2023-11-06,Punjab,Ludhiana,1.0,PM2.5,282.0,Poor,"number_of_monitoring_stations in Absolute Number, aqi_value in Indices",,89.0,21.0,28.7,14.2,64,0.0,9.4,986.7
2023-11-06,Punjab,Patiala,1.0,PM2.5,219.0,Poor,"number_of_monitoring_stations in Absolute Number, aqi_value in Indices",,89.0,20.9,28.7,14.4,61,0.0,9.8,986.1
2023-11-07,Punjab,Amritsar,1.0,PM2.5,205.0,Poor,"number_of_monitoring_stations in Absolute Number, aqi_value in Indices",,5.0,20.4,27.4,15.6,79,0.4,12.7,988.3
2023-11-07,Punjab,Bathinda,1.0,PM2.5,343.0,Very Poor,"number_of_monitoring_stations in Absolute Number, aqi_value in Indices",,129.0,22.7,29.7,16.7,59,0.0,13.3,991.1
2023-11-07,Punjab,Jalandhar,1.0,PM2.5,252.0,Poor,"number_of_monitoring_stations in Absolute Number, aqi_value in Indices",,50.0,20.6,27.7,15.0,76,0.0,9.4,987.1
2023-11-07,Punjab,Ludhiana,1.0,PM2.5,239.0,Poor,"number_of_monitoring_stations in Absolute Number, aqi_value in Indices",,86.0,21.5,28.8,15.3,69,0.0,10.0,986.0
2023-11-07,Punjab,Patiala,1.0,PM2.5,250.0,Poor,"number_of_monitoring_stations in Absolute Number, aqi_value in Indices",,68.0,21.5,29.2,14.8,64,0.0,10.0,985.4
2023-11-07,Punjab,Rupnagar,1.0,PM2.5,214.0,Poor,"number_of_monitoring_stations in Absolute Number, aqi_value in Indices",,0.0,19.2,28.1,11.3,70,0.0,9.8,984.3
2023-11-08,Punjab,Amritsar,1.0,PM2.5,240.0,Poor,"number_of_monitoring_stations in Absolute Number, aqi_value in Indices",,10.0,19.3,26.8,14.8,81,0.0,14.8,987.2
2023-11-08,Punjab,Bathinda,1.0,PM2.5,348.0,Very Poor,"number_of_monitoring_stations in Absolute Number, aqi_value in Indices",,221.0,22.1,29.2,16.7,68,0.0,9.6,990.2
2023-11-08,Punjab,Jalandhar,1.0,PM2.5,266.0,Poor,"number_of_monitoring_stations in Absolute Number, aqi_value in Indices",,90.0,21.0,27.6,16.3,76,0.0,12.0,986.1
2023-11-08,Punjab,Ludhiana,1.0,PM2.5,292.0,Poor,"number_of_monitoring_stations in Absolute Number, aqi_value in Indices",,96.0,21.8,29.3,16.6,70,0.1,13.6,985.0
2023-11-08,Punjab,Patiala,1.0,PM2.5,267.0,Poor,"number_of_monitoring_stations in Absolute Number, aqi_value in Indices",,106.0,22.3,30.1,16.1,62,0.0,13.2,984.2
2023-11-08,Punjab,Rupnagar,1.0,PM2.5,207.0,Poor,"number_of_monitoring_stations in Absolute Number, aqi_value in Indices",,2.0,19.6,28.8,12.0,70,0.0,14.6,983.2
2023-11-09,Punjab,Amritsar,1.0,PM2.5,229.0,Poor,"number_of_monitoring_stations in Absolute Number, aqi_value in Indices",,5.0,19.6,26.9,14.4,78,1.2,14.7,987.0
2023-11-09,Punjab,Bathinda,1.0,PM2.5,372.0,Very Poor,"number_of_monitoring_stations in Absolute Number, aqi_value in Indices",,17.0,21.8,29.1,16.1,66,0.0,8.7,989.9
2023-11-09,Punjab,Jalandhar,1.0,PM2.5,249.0,Poor,"number_of_monitoring_stations in Absolute Number, aqi_value in Indices",,32.0,20.8,27.8,15.0,71,0.0,9.1,985.8
2023-11-09,Punjab,Ludhiana,1.0,PM2.5,285.0,Poor,"number_of_monitoring_stations in Absolute Number, aqi_value in Indices",,17.0,21.0,28.5,15.2,69,0.0,8.7,984.7
2023-11-09,Punjab,Patiala,1.0,PM2.5,306.0,Very Poor,"number_of_monitoring_stations in Absolute Number, aqi_value in Indices",,29.0,21.6,29.0,15.6,64,0.0,10.0,984.2
2023-11-09,Punjab,Rupnagar,1.0,PM2.5,205.0,Poor,"number_of_monitoring_stations in Absolute Number, aqi_value in Indices",,2.0,19.6,28.3,13.3,70,0.0,6.8,983.1
2023-11-10,Punjab,Amritsar,1.0,PM2.5,212.0,Poor,"number_of_monitoring_stations in Absolute Number, aqi_value in Indices",,0.0,17.0,20.4,13.9,88,8.7,21.1,989.5
2023-11-10,Punjab,Bathinda,1.0,PM10,383.0,Very Poor,"number_of_monitoring_stations in Absolute Number, aqi_value in Indices",,0.0,19.0,24.9,15.0,76,10.0,20.7,991.8
2023-11-10,Punjab,Jalandhar,1.0,PM2.5,221.0,Poor,"number_of_monitoring_stations in Absolute Number, aqi_value in Indices",,0.0,17.1,20.8,14.5,87,9.0,18.3,988.3
2023-11-10,Punjab,Ludhiana,1.0,PM2.5,267.0,Poor,"number_of_monitoring_stations in Absolute Number, aqi_value in Indices",,2.0,17.6,21.6,14.9,82,5.6,19.1,987.1
2023-11-10,Punjab,Patiala,1.0,PM2.5,306.0,Very Poor,"number_of_monitoring_stations in Absolute Number, aqi_value in Indices",,0.0,18.9,24.4,15.2,78,5.7,18.6,986.6
2023-11-10,Punjab,Rupnagar,1.0,PM2.5,225.0,Poor,"number_of_monitoring_stations in Absolute Number, aqi_value in Indices",,0.0,17.1,22.3,13.9,81,15.4,15.6,985.7
2023-11-11,Punjab,Amritsar,1.0,PM2.5,107.0,Moderate,"number_of_monitoring_stations in Absolute Number, aqi_value in Indices",,0.0,17.1,23.9,12.4,81,0.0,9.7,991.3
2023-11-11,Punjab,Bathinda,1.0,PM10,69.0,Satisfactory,"number_of_monitoring_stations in Absolute Number, aqi_value in Indices",,3.0,18.0,24.3,13.9,81,0.0,9.1,994.6
2023-11-11,Punjab,Jalandhar,1.0,PM2.5,52.0,Satisfactory,"number_of_monitoring_stations in Absolute Number, aqi_value in Indices",,0.0,16.8,23.8,12.5,83,0.0,11.2,990.1
2023-11-11,Punjab,Ludhiana,1.0,CO,53.0,Satisfactory,"number_of_monitoring_stations in Absolute Number, aqi_value in Indices",,4.0,17.7,24.5,13.7,80,0.0,11.0,989.0
2023-11-11,Punjab,Patiala,1.0,PM2.5,61.0,Satisfactory,"number_of_monitoring_stations in Absolute Number, aqi_value in Indices",,3.0,18.2,24.8,13.3,77,0.0,9.5,988.3
2023-11-12,Punjab,Amritsar,1.0,PM2.5,112.0,Moderate,"number_of_monitoring_stations in Absolute Number, aqi_value in Indices",,2.0,17.1,23.9,12.0,81,0.0,10.2,991.0
2023-11-12,Punjab,Bathinda,1.0,PM2.5,180.0,Moderate,"number_of_monitoring_stations in Absolute Number, aqi_value in Indices",,75.0,18.5,25.3,13.7,72,0.0,10.9,994.3
2023-11-12,Punjab,Jalandhar,1.0,PM2.5,138.0,Moderate,"number_of_monitoring_stations in Absolute Number, aqi_value in Indices",,2.0,17.0,24.3,11.5,80,0.0,10.4,989.9
2023-11-12,Punjab,Ludhiana,1.0,PM10,79.0,Satisfactory,"number_of_monitoring_stations in Absolute Number, aqi_value in Indices",,143.0,17.7,25.1,13.1,76,0.0,12.2,988.8
2023-11-12,Punjab,Patiala,1.0,PM10,88.0,Satisfactory,"number_of_monitoring_stations in Absolute Number, aqi_value in Indices",,65.0,18.6,25.9,14.1,71,0.0,12.5,988.0
2023-11-12,Punjab,Rupnagar,1.0,PM10,128.0,Moderate,"number_of_monitoring_stations in Absolute Number, aqi_value in Indices",,0.0,17.3,25.0,11.5,79,0.0,12.0,986.9
2023-11-13,Punjab,Amritsar,1.0,PM2.5,256.0,Poor,"number_of_monitoring_stations in Absolute Number, aqi_value in Indices",,12.0,17.3,24.5,12.0,82,0.0,9.7,990.9
2023-11-13,Punjab,Bathinda,1.0,PM2.5,380.0,Very Poor,"number_of_monitoring_stations in Absolute Number, aqi_value in Indices",,272.0,18.7,25.6,13.2,71,0.0,9.7,994.0
2023-11-13,Punjab,Jalandhar,1.0,PM2.5,291.0,Poor,"number_of_monitoring_stations in Absolute Number, aqi_value in Indices",,13.0,17.7,24.4,12.3,80,0.0,9.4,989.8
2023-11-13,Punjab,Ludhiana,1.0,PM2.5,285.0,Poor,"number_of_monitoring_stations in Absolute Number, aqi_value in Indices",,36.0,17.9,25.4,11.7,76,0.0,9.3,988.7
2023-11-13,Punjab,Patiala,1.0,PM2.5,295.0,Poor,"number_of_monitoring_stations in Absolute Number, aqi_value in Indices",,41.0,18.0,25.9,12.2,74,0.0,10.1,988.1
2023-11-13,Punjab,Rupnagar,1.0,PM2.5,143.0,Moderate,"number_of_monitoring_stations in Absolute Number, aqi_value in Indices",,0.0,17.6,24.6,11.9,79,0.0,9.2,987.1
2023-11-14,Punjab,Amritsar,1.0,PM2.5,169.0,Moderate,"number_of_monitoring_stations in Absolute Number, aqi_value in Indices",,15.0,17.5,24.6,12.1,81,0.0,9.5,990.6
2023-11-14,Punjab,Bathinda,1.0,PM2.5,387.0,Very Poor,"number_of_monitoring_stations in Absolute Number, aqi_value in Indices",,258.0,19.0,25.6,13.4,71,0.0,8.4,993.7
2023-11-14,Punjab,Jalandhar,1.0,PM10,231.0,Poor,"number_of_monitoring_stations in Absolute Number, aqi_value in Indices",,31.0,17.4,24.5,12.5,83,0.0,10.5,989.4
2023-11-14,Punjab,Ludhiana,1.0,PM2.5,240.0,Poor,"number_of_monitoring_stations in Absolute Number, aqi_value in Indices",,89.0,17.6,25.5,12.3,80,0.0,9.4,988.3
2023-11-14,Punjab,Patiala,1.0,PM2.5,246.0,Poor,"number_of_monitoring_stations in Absolute Number, aqi_value in Indices",,39.0,18.5,26.1,12.9,72,0.0,8.8,987.6
2023-11-14,Punjab,Rupnagar,1.0,PM10,150.0,Moderate,"number_of_monitoring_stations in Absolute Number, aqi_value in Indices",,1.0,17.8,25.3,12.8,82,0.0,10.1,986.6
2023-11-15,Punjab,Amritsar,1.0,PM2.5,170.0,Moderate,"number_of_monitoring_stations in Absolute Number, aqi_value in Indices",,29.0,17.3,24.6,11.4,82,0.0,9.4,990.1
2023-11-15,Punjab,Bathinda,1.0,PM2.5,365.0,Very Poor,"number_of_monitoring_stations in Absolute Number, aqi_value in Indices",,356.0,18.6,26.1,12.6,70,0.0,9.7,993.3
2023-11-15,Punjab,Jalandhar,1.0,PM2.5,203.0,Poor,"number_of_monitoring_stations in Absolute Number, aqi_value in Indices",,85.0,17.4,24.9,11.6,84,0.0,11.3,988.9
2023-11-15,Punjab,Ludhiana,1.0,PM10,160.0,Moderate,"number_of_monitoring_stations in Absolute Number, aqi_value in Indices",,144.0,18.4,26.4,13.5,77,0.0,10.1,987.8
2023-11-15,Punjab,Patiala,1.0,PM2.5,248.0,Poor,"number_of_monitoring_stations in Absolute Number, aqi_value in Indices",,66.0,18.6,27.1,12.3,76,0.0,9.4,987.1
2023-11-15,Punjab,Rupnagar,1.0,PM10,153.0,Moderate,"number_of_monitoring_stations in Absolute Number, aqi_value in Indices",,0.0,18.1,25.5,11.9,81,0.0,8.9,986.2
2023-11-16,Punjab,Amritsar,1.0,PM2.5,289.0,Poor,"number_of_monitoring_stations in Absolute Number, aqi_value in Indices",,7.0,17.4,24.3,11.0,84,0.0,8.6,991.2
2023-11-16,Punjab,Bathinda,1.0,PM10,343.0,Very Poor,"number_of_monitoring_stations in Absolute Number, aqi_value in Indices",,170.0,19.4,26.2,13.5,67,0.0,9.3,994.2
2023-11-16,Punjab,Jalandhar,1.0,PM2.5,283.0,Poor,"number_of_monitoring_stations in Absolute Number, aqi_value in Indices",,45.0,17.4,24.6,12.2,86,0.0,10.2,990.0
2023-11-16,Punjab,Ludhiana,1.0,PM2.5,245.0,Poor,"number_of_monitoring_stations in Absolute Number, aqi_value in Indices",,110.0,18.2,26.2,13.1,79,0.0,9.3,988.9
2023-11-16,Punjab,Patiala,1.0,PM2.5,249.0,Poor,"number_of_monitoring_stations in Absolute Number, aqi_value in Indices",,30.0,19.1,27.2,13.1,73,0.0,9.0,988.2
2023-11-16,Punjab,Rupnagar,1.0,PM10,175.0,Moderate,"number_of_monitoring_stations in Absolute Number, aqi_value in Indices",,0.0,17.9,25.4,11.0,78,0.0,8.9,987.3
2023-11-17,Punjab,Amritsar,1.0,PM2.5,189.0,Moderate,"number_of_monitoring_stations in Absolute Number, aqi_value in Indices",,11.0,17.5,25.0,12.0,81,0.0,9.4,991.2
2023-11-17,Punjab,Jalandhar,1.0,PM2.5,235.0,Poor,"number_of_monitoring_stations in Absolute Number, aqi_value in Indices",,42.0,17.8,25.4,13.1,84,0.0,11.9,990.0
2023-11-17,Punjab,Ludhiana,1.0,PM2.5,225.0,Poor,"number_of_monitoring_stations in Absolute Number, aqi_value in Indices",,63.0,18.8,27.3,13.2,76,0.0,10.4,988.8
2023-11-17,Punjab,Patiala,1.0,PM2.5,182.0,Moderate,"number_of_monitoring_stations in Absolute Number, aqi_value in Indices",,22.0,19.9,28.3,13.0,69,0.0,10.1,988.1
2023-11-17,Punjab,Rupnagar,1.0,PM10,187.0,Moderate,"number_of_monitoring_stations in Absolute Number, aqi_value in Indices",,1.0,18.1,26.7,10.4,75,0.0,10.5,987.1
2023-11-18,Punjab,Amritsar,1.0,PM2.5,197.0,Moderate,"number_of_monitoring_stations in Absolute Number, aqi_value in Indices",,4.0,17.3,24.4,11.2,78,0.0,9.4,989.1
2023-11-18,Punjab,Bathinda,1.0,PM10,319.0,Very Poor,"number_of_monitoring_stations in Absolute Number, aqi_value in Indices",,57.0,19.5,26.8,14.1,65,0.0,9.0,992.2
2023-11-18,Punjab,Jalandhar,1.0,PM2.5,263.0,Poor,"number_of_monitoring_stations in Absolute Number, aqi_value in Indices",,11.0,17.3,25.4,11.7,79,0.0,12.1,987.9
2023-11-18,Punjab,Ludhiana,1.0,PM2.5,217.0,Poor,"number_of_monitoring_stations in Absolute Number, aqi_value in Indices",,23.0,18.5,27.0,12.8,72,0.0,10.5,986.8
2023-11-18,Punjab,Patiala,1.0,PM2.5,213.0,Poor,"number_of_monitoring_stations in Absolute Number, aqi_value in Indices",,10.0,18.8,27.2,12.7,69,0.0,10.3,986.2
2023-11-18,Punjab,Rupnagar,1.0,PM10,178.0,Moderate,"number_of_monitoring_stations in Absolute Number, aqi_value in Indices",,0.0,17.5,26.3,9.8,76,0.0,9.3,985.2
2023-11-19,Punjab,Amritsar,1.0,PM2.5,212.0,Poor,"number_of_monitoring_stations in Absolute Number, aqi_value in Indices",,15.0,17.1,24.7,12.1,78,0.0,10.4,990.0
2023-11-19,Punjab,Bathinda,1.0,PM2.5,296.0,Poor,"number_of_monitoring_stations in Absolute Number, aqi_value in Indices",,55.0,19.4,26.6,13.3,66,0.0,9.4,992.9
2023-11-19,Punjab,Jalandhar,1.0,PM2.5,200.0,Moderate,"number_of_monitoring_stations in Absolute Number, aqi_value in Indices",,15.0,17.8,25.4,11.6,79,0.0,11.7,988.9
2023-11-19,Punjab,Ludhiana,1.0,PM2.5,237.0,Poor,"number_of_monitoring_stations in Absolute Number, aqi_value in Indices",,23.0,19.1,26.9,11.9,71,0.0,10.9,987.8
2023-11-19,Punjab,Patiala,1.0,PM2.5,229.0,Poor,"number_of_monitoring_stations in Absolute Number, aqi_value in Indices",,12.0,19.2,26.3,12.7,68,0.0,15.8,987.3
2023-11-19,Punjab,Rupnagar,1.0,PM10,248.0,Poor,"number_of_monitoring_stations in Absolute Number, aqi_value in Indices",,0.0,17.8,26.2,10.3,73,0.0,9.5,986.3
2023-11-20,Punjab,Amritsar,1.0,PM2.5,272.0,Poor,"number_of_monitoring_stations in Absolute Number, aqi_value in Indices",,7.0,17.0,24.4,11.8,76,0.0,10.0,990.5
2023-11-20,Punjab,Bathinda,1.0,PM2.5,289.0,Poor,"number_of_monitoring_stations in Absolute Number, aqi_value in Indices",,55.0,19.2,25.9,13.5,64,0.0,9.3,993.5
2023-11-20,Punjab,Jalandhar,1.0,PM2.5,247.0,Poor,"number_of_monitoring_stations in Absolute Number, aqi_value in Indices",,10.0,17.6,25.0,13.0,79,0.0,10.4,989.2
2023-11-20,Punjab,Ludhiana,1.0,PM2.5,218.0,Poor,"number_of_monitoring_stations in Absolute Number, aqi_value in Indices",,11.0,18.7,25.8,13.3,71,0.0,9.4,988.2
2023-11-20,Punjab,Patiala,1.0,PM2.5,208.0,Poor,"number_of_monitoring_stations in Absolute Number, aqi_value in Indices",,4.0,19.2,26.1,14.3,66,0.0,9.4,987.5
2023-11-20,Punjab,Rupnagar,1.0,PM10,227.0,Poor,"number_of_monitoring_stations in Absolute Number, aqi_value in Indices",,0.0,17.5,25.3,11.6,76,0.0,10.1,986.5
2023-11-21,Punjab,Amritsar,1.0,PM2.5,174.0,Moderate,"number_of_monitoring_stations in Absolute Number, aqi_value in Indices",,6.0,16.6,23.7,11.0,75,0.0,12.6,989.4
2023-11-21,Punjab,Bathinda,1.0,PM2.5,400.0,Very Poor,"number_of_monitoring_stations in Absolute Number, aqi_value in Indices",,37.0,18.5,25.1,13.3,60,0.0,13.0,992.8
2023-11-21,Punjab,Jalandhar,1.0,PM2.5,245.0,Poor,"number_of_monitoring_stations in Absolute Number, aqi_value in Indices",,10.0,16.3,24.2,10.7,78,0.0,14.3,988.2
2023-11-21,Punjab,Ludhiana,1.0,PM2.5,236.0,Poor,"number_of_monitoring_stations in Absolute Number, aqi_value in Indices",,16.0,17.8,25.0,12.5,68,0.0,15.5,987.2
2023-11-21,Punjab,Patiala,1.0,PM2.5,189.0,Moderate,"number_of_monitoring_stations in Absolute Number, aqi_value in Indices",,14.0,18.6,25.3,13.4,66,0.0,15.6,986.4
2023-11-21,Punjab,Rupnagar,1.0,PM10,159.0,Moderate,"number_of_monitoring_stations in Absolute Number, aqi_value in Indices",,0.0,17.4,25.1,11.3,74,0.0,14.5,985.3
2023-11-22,Punjab,Amritsar,1.0,PM2.5,224.0,Poor,"number_of_monitoring_stations in Absolute Number, aqi_value in Indices",,4.0,16.4,23.2,10.8,79,0.0,9.0,986.6
2023-11-22,Punjab,Bathinda,1.0,PM2.5,340.0,Very Poor,"number_of_monitoring_stations in Absolute Number, aqi_value in Indices",,40.0,18.0,25.5,12.8,62,0.0,10.5,990.1
2023-11-22,Punjab,Jalandhar,1.0,PM2.5,226.0,Poor,"number_of_monitoring_stations in Absolute Number, aqi_value in Indices",,14.0,16.4,24.0,10.5,77,0.0,10.9,985.6
2023-11-22,Punjab,Ludhiana,1.0,PM2.5,279.0,Poor,"number_of_monitoring_stations in Absolute Number, aqi_value in Indices",,17.0,17.5,25.2,11.8,68,0.0,13.2,984.6
2023-11-22,Punjab,Patiala,1.0,PM2.5,240.0,Poor,"number_of_monitoring_stations in Absolute Number, aqi_value in Indices",,11.0,17.9,25.4,13.2,64,0.0,14.3,984.0
2023-11-23,Punjab,Amritsar,1.0,PM10,188.0,Moderate,"number_of_monitoring_stations in Absolute Number, aqi_value in Indices",,1.0,15.9,23.6,9.9,81,0.0,9.5,986.5
2023-11-23,Punjab,Bathinda,1.0,PM10,353.0,Very Poor,"number_of_monitoring_stations in Absolute Number, aqi_value in Indices",,15.0,17.7,25.4,10.8,63,0.0,10.5,989.4
2023-11-23,Punjab,Jalandhar,1.0,PM2.5,210.0,Poor,"number_of_monitoring_stations in Absolute Number, aqi_value in Indices",,6.0,16.3,23.8,10.2,76,0.0,9.8,985.5
2023-11-23,Punjab,Ludhiana,1.0,PM10,287.0,Poor,"number_of_monitoring_stations in Absolute Number, aqi_value in Indices",,4.0,17.4,24.8,10.6,68,0.0,9.7,984.5
2023-11-23,Punjab,Patiala,1.0,PM2.5,254.0,Poor,"number_of_monitoring_stations in Absolute Number, aqi_value in Indices",,2.0,17.6,24.6,11.0,69,0.0,7.6,984.1
2023-11-23,Punjab,Rupnagar,1.0,PM2.5,222.0,Poor,"number_of_monitoring_stations in Absolute Number, aqi_value in Indices",,0.0,15.8,24.2,7.3,78,0.0,8.9,983.0
2023-11-24,Punjab,Amritsar,1.0,PM2.5,270.0,Poor,"number_of_monitoring_stations in Absolute Number, aqi_value in Indices",,1.0,15.7,23.6,10.5,84,0.0,10.0,989.3
2023-11-24,Punjab,Bathinda,1.0,PM10,384.0,Very Poor,"number_of_monitoring_stations in Absolute Number, aqi_value in Indices",,8.0,17.9,25.5,12.1,69,0.0,10.5,992.2
2023-11-24,Punjab,Jalandhar,1.0,PM2.5,258.0,Poor,"number_of_monitoring_stations in Absolute Number, aqi_value in Indices",,1.0,16.6,23.9,12.3,78,0.0,11.3,988.0
2023-11-24,Punjab,Ludhiana,1.0,PM2.5,236.0,Poor,"number_of_monitoring_stations in Absolute Number, aqi_value in Indices",,6.0,17.5,25.4,12.7,72,0.0,10.9,987.0
2023-11-24,Punjab,Patiala,1.0,PM2.5,166.0,Moderate,"number_of_monitoring_stations in Absolute Number, aqi_value in Indices",,5.0,17.7,25.8,11.4,70,0.0,9.1,986.2
2023-11-24,Punjab,Rupnagar,1.0,PM2.5,227.0,Poor,"number_of_monitoring_stations in Absolute Number, aqi_value in Indices",,0.0,16.2,25.2,9.1,77,0.0,9.9,985.2
2023-11-25,Punjab,Amritsar,1.0,PM2.5,219.0,Poor,"number_of_monitoring_stations in Absolute Number, aqi_value in Indices",,0.0,15.1,22.9,9.1,82,0.0,10.2,989.6
2023-11-25,Punjab,Bathinda,1.0,PM2.5,337.0,Very Poor,"number_of_monitoring_stations in Absolute Number, aqi_value in Indices",,1.0,17.9,24.7,11.4,71,0.0,9.4,992.9
2023-11-25,Punjab,Jalandhar,1.0,PM2.5,266.0,Poor,"number_of_monitoring_stations in Absolute Number, aqi_value in Indices",,0.0,15.8,23.1,10.0,82,0.0,8.0,988.5
2023-11-25,Punjab,Ludhiana,1.0,PM2.5,202.0,Poor,"number_of_monitoring_stations in Absolute Number, aqi_value in Indices",,0.0,16.9,24.9,11.2,76,0.0,9.4,987.5
2023-11-25,Punjab,Patiala,1.0,PM2.5,167.0,Moderate,"number_of_monitoring_stations in Absolute Number, aqi_value in Indices",,0.0,16.9,25.2,11.1,78,0.0,10.0,986.9
2023-11-26,Punjab,Amritsar,1.0,PM2.5,218.0,Poor,"number_of_monitoring_stations in Absolute Number, aqi_value in Indices",,0.0,16.5,23.0,12.3,86,0.0,8.4,990.7
2023-11-26,Punjab,Bathinda,1.0,PM10,296.0,Poor,"number_of_monitoring_stations in Absolute Number, aqi_value in Indices",,1.0,18.6,24.9,13.2,70,0.0,12.5,993.4
2023-11-26,Punjab,Jalandhar,1.0,PM2.5,155.0,Moderate,"number_of_monitoring_stations in Absolute Number, aqi_value in Indices",,0.0,16.9,23.6,12.1,80,0.0,12.0,989.7
2023-11-26,Punjab,Ludhiana,1.0,PM2.5,250.0,Poor,"number_of_monitoring_stations in Absolute Number, aqi_value in Indices",,1.0,18.0,25.0,12.4,73,0.0,8.9,988.6
2023-11-26,Punjab,Patiala,1.0,PM2.5,162.0,Moderate,"number_of_monitoring_stations in Absolute Number, aqi_value in Indices",,1.0,18.1,24.9,13.0,72,0.0,9.4,988.0
2023-11-27,Punjab,Amritsar,1.0,PM2.5,218.0,Poor,"number_of_monitoring_stations in Absolute Number, aqi_value in Indices",,0.0,16.5,23.0,12.7,85,0.5,12.3,989.0
2023-11-27,Punjab,Bathinda,1.0,PM10,355.0,Very Poor,"number_of_monitoring_stations in Absolute Number, aqi_value in Indices",,0.0,17.3,20.9,14.8,75,1.7,13.8,991.6
2023-11-27,Punjab,Jalandhar,1.0,PM2.5,160.0,Moderate,"number_of_monitoring_stations in Absolute Number, aqi_value in Indices",,0.0,16.2,22.4,12.9,81,4.0,15.0,987.8
2023-11-27,Punjab,Ludhiana,1.0,PM2.5,241.0,Poor,"number_of_monitoring_stations in Absolute Number, aqi_value in Indices",,0.0,16.8,22.1,14.2,76,0.7,19.1,986.6
2023-11-27,Punjab,Patiala,1.0,PM2.5,194.0,Moderate,"number_of_monitoring_stations in Absolute Number, aqi_value in Indices",,0.0,16.9,21.5,13.7,77,0.2,15.6,985.9
2023-11-27,Punjab,Rupnagar,1.0,PM2.5,249.0,Poor,"number_of_monitoring_stations in Absolute Number, aqi_value in Indices",,0.0,16.3,22.6,12.5,79,4.4,14.4,985.2
2023-11-28,Punjab,Amritsar,1.0,PM2.5,195.0,Moderate,"number_of_monitoring_stations in Absolute Number, aqi_value in Indices",,0.0,16.6,23.0,11.5,83,0.0,9.9,988.7
2023-11-28,Punjab,Bathinda,1.0,PM2.5,307.0,Very Poor,"number_of_monitoring_stations in Absolute Number, aqi_value in Indices",,2.0,17.9,24.1,14.0,79,1.3,14.6,991.4
2023-11-28,Punjab,Jalandhar,1.0,PM2.5,206.0,Poor,"number_of_monitoring_stations in Absolute Number, aqi_value in Indices",,2.0,16.5,23.4,11.8,82,0.0,11.2,987.4
2023-11-28,Punjab,Ludhiana,1.0,PM2.5,269.0,Poor,"number_of_monitoring_stations in Absolute Number, aqi_value in Indices",,0.0,17.6,24.8,11.7,76,0.0,12.6,986.4
2023-11-28,Punjab,Patiala,1.0,PM2.5,124.0,Moderate,"number_of_monitoring_stations in Absolute Number, aqi_value in Indices",,0.0,18.1,24.6,13.3,78,0.4,9.8,985.8
2023-11-28,Punjab,Rupnagar,1.0,PM2.5,158.0,Moderate,"number_of_monitoring_stations in Absolute Number, aqi_value in Indices",,0.0,16.6,25.1,10.8,76,0.0,10.2,984.8
2023-11-29,Punjab,Amritsar,1.0,PM2.5,198.0,Moderate,"number_of_monitoring_stations in Absolute Number, aqi_value in Indices",,0.0,17.7,23.9,13.0,82,0.0,8.4,988.5
2023-11-29,Punjab,Bathinda,1.0,PM2.5,216.0,Poor,"number_of_monitoring_stations in Absolute Number, aqi_value in Indices",,3.0,18.6,24.3,13.6,75,0.0,7.9,991.5
2023-11-29,Punjab,Jalandhar,1.0,PM2.5,208.0,Poor,"number_of_monitoring_stations in Absolute Number, aqi_value in Indices",,1.0,17.3,23.9,12.0,80,0.0,9.3,987.3
2023-11-29,Punjab,Ludhiana,1.0,PM2.5,185.0,Moderate,"number_of_monitoring_stations in Absolute Number, aqi_value in Indices",,3.0,17.8,24.9,11.9,76,0.0,7.9,986.4
2023-11-29,Punjab,Patiala,1.0,PM2.5,133.0,Moderate,"number_of_monitoring_stations in Absolute Number, aqi_value in Indices",,0.0,18.1,24.5,12.5,75,0.0,8.4,985.9
2023-11-29,Punjab,Rupnagar,1.0,PM10,187.0,Moderate,"number_of_monitoring_stations in Absolute Number, aqi_value in Indices",,0.0,16.6,24.2,10.1,75,0.0,7.9,984.9
2023-11-30,Punjab,Amritsar,1.0,PM2.5,167.0,Moderate,"number_of_monitoring_stations in Absolute Number, aqi_value in Indices",,0.0,15.9,20.4,12.9,89,27.4,17.0,989.9
2023-11-30,Punjab,Bathinda,1.0,PM10,203.0,Poor,"number_of_monitoring_stations in Absolute Number, aqi_value in Indices",,2.0,17.4,22.8,14.5,82,3.6,12.3,992.5
2023-11-30,Punjab,Jalandhar,1.0,PM2.5,165.0,Moderate,"number_of_monitoring_stations in Absolute Number, aqi_value in Indices",,0.0,16.0,20.2,13.7,88,6.6,17.3,988.7
2023-11-30,Punjab,Ludhiana,1.0,PM2.5,176.0,Moderate,"number_of_monitoring_stations in Absolute Number, aqi_value in Indices",,0.0,16.7,22.2,12.8,84,5.2,14.1,987.6
2023-11-30,Punjab,Patiala,1.0,PM2.5,153.0,Moderate,"number_of_monitoring_stations in Absolute Number, aqi_value in Indices",,0.0,16.7,21.9,12.7,84,8.4,15.8,987.0
2023-11-30,Punjab,Rupnagar,1.0,PM10,233.0,Poor,"number_of_monitoring_stations in Absolute Number, aqi_value in Indices",,0.0,16.3,22.5,12.3,82,1.6,10.3,986.2
2023-12-01,Punjab,Amritsar,1.0,PM10,88.0,Satisfactory,"number_of_monitoring_stations in Absolute Number, aqi_value in Indices",,0.0,15.3,21.8,10.8,82,0.0,10.5,990.6
2023-12-01,Punjab,Bathinda,1.0,PM10,133.0,Moderate,"number_of_monitoring_stations in Absolute Number, aqi_value in Indices",,0.0,17.0,23.6,13.7,81,0.0,9.2,993.7
2023-12-01,Punjab,Jalandhar,1.0,PM10,68.0,Satisfactory,"number_of_monitoring_stations in Absolute Number, aqi_value in Indices",,0.0,15.4,22.4,11.5,86,0.0,9.9,989.2
2023-12-01,Punjab,Ludhiana,1.0,PM10,66.0,Satisfactory,"number_of_monitoring_stations in Absolute Number, aqi_value in Indices",,0.0,16.2,23.4,12.1,83,0.0,10.1,988.1
2023-12-01,Punjab,Patiala,1.0,PM10,71.0,Satisfactory,"number_of_monitoring_stations in Absolute Number, aqi_value in Indices",,0.0,16.6,23.7,11.4,82,0.0,9.4,987.3
2023-12-01,Punjab,Rupnagar,1.0,PM10,114.0,Moderate,"number_of_monitoring_stations in Absolute Number, aqi_value in Indices",,0.0,15.7,23.5,9.9,81,0.0,10.0,986.2
2023-12-02,Punjab,Amritsar,1.0,PM2.5,127.0,Moderate,"number_of_monitoring_stations in Absolute Number, aqi_value in Indices",,0.0,14.9,22.1,9.9,84,0.0,10.2,990.0
2023-12-02,Punjab,Bathinda,1.0,PM10,92.0,Satisfactory,"number_of_monitoring_stations in Absolute Number, aqi_value in Indices",,0.0,17.2,24.5,12.0,73,0.0,9.8,993.3
2023-12-02,Punjab,Jalandhar,1.0,PM2.5,126.0,Moderate,"number_of_monitoring_stations in Absolute Number, aqi_value in Indices",,0.0,15.8,22.4,11.0,84,0.0,10.0,988.9
2023-12-02,Punjab,Ludhiana,1.0,PM10,81.0,Satisfactory,"number_of_monitoring_stations in Absolute Number, aqi_value in Indices",,0.0,16.2,23.9,10.8,80,0.0,8.9,987.8
2023-12-02,Punjab,Patiala,1.0,PM10,79.0,Satisfactory,"number_of_monitoring_stations in Absolute Number, aqi_value in Indices",,0.0,16.1,23.7,11.2,82,0.0,10.1,987.3
2023-12-02,Punjab,Rupnagar,1.0,PM10,195.0,Moderate,"number_of_monitoring_stations in Absolute Number, aqi_value in Indices",,0.0,15.8,22.5,9.7,79,0.0,6.2,986.3
2023-12-03,Punjab,Amritsar,1.0,PM2.5,198.0,Moderate,"number_of_monitoring_stations in Absolute Number, aqi_value in Indices",,0.0,15.5,22.0,9.4,84,0.0,9.7,990.3
2023-12-03,Punjab,Bathinda,1.0,PM10,80.0,Satisfactory,"number_of_monitoring_stations in Absolute Number, aqi_value in Indices",,0.0,17.4,24.2,11.6,71,0.0,9.9,993.5
2023-12-03,Punjab,Jalandhar,1.0,PM2.5,219.0,Poor,"number_of_monitoring_stations in Absolute Number, aqi_value in Indices",,0.0,15.6,21.9,10.5,87,0.0,10.2,989.2
2023-12-03,Punjab,Ludhiana,1.0,PM2.5,132.0,Moderate,"number_of_monitoring_stations in Absolute Number, aqi_value in Indices",,0.0,16.0,23.0,10.7,83,0.0,9.3,988.2
2023-12-03,Punjab,Patiala,1.0,PM10,102.0,Moderate,"number_of_monitoring_stations in Absolute Number, aqi_value in Indices",,0.0,15.5,23.1,9.9,82,0.0,10.4,987.6
2023-12-04,Punjab,Amritsar,1.0,PM2.5,184.0,Moderate,"number_of_monitoring_stations in Absolute Number, aqi_value in Indices",,0.0,14.8,21.0,10.0,90,0.0,9.4,989.4
2023-12-04,Punjab,Bathinda,1.0,PM10,110.0,Moderate,"number_of_monitoring_stations in Absolute Number, aqi_value in Indices",,0.0,16.9,23.3,11.2,71,0.0,9.5,992.4
2023-12-04,Punjab,Jalandhar,1.0,PM2.5,167.0,Moderate,"number_of_monitoring_stations in Absolute Number, aqi_value in Indices",,0.0,15.0,21.0,11.0,88,0.0,9.4,988.3
2023-12-04,Punjab,Ludhiana,1.0,PM2.5,188.0,Moderate,"number_of_monitoring_stations in Absolute Number, aqi_value in Indices",,0.0,15.3,21.8,10.3,85,0.0,9.5,987.1
2023-12-04,Punjab,Patiala,1.0,PM2.5,111.0,Moderate,"number_of_monitoring_stations in Absolute Number, aqi_value in Indices",,0.0,15.3,22.3,10.5,78,0.0,9.5,986.4
2023-12-05,Punjab,Amritsar,1.0,PM2.5,140.0,Moderate,"number_of_monitoring_stations in Absolute Number, aqi_value in Indices",,0.0,14.2,20.8,9.8,89,0.0,10.0,989.3
2023-12-05,Punjab,Bathinda,1.0,PM10,151.0,Moderate,"number_of_monitoring_stations in Absolute Number, aqi_value in Indices",,0.0,16.2,22.9,11.0,77,0.0,9.0,992.3
2023-12-05,Punjab,Jalandhar,1.0,PM10,93.0,Satisfactory,"number_of_monitoring_stations in Absolute Number, aqi_value in Indices",,0.0,14.8,21.6,10.7,85,0.0,10.4,988.0
2023-12-05,Punjab,Ludhiana,1.0,PM2.5,126.0,Moderate,"number_of_monitoring_stations in Absolute Number, aqi_value in Indices",,0.0,15.6,22.9,9.5,80,0.0,9.9,986.9
2023-12-05,Punjab,Patiala,1.0,PM2.5,170.0,Moderate,"number_of_monitoring_stations in Absolute Number, aqi_value in Indices",,0.0,15.6,22.7,9.6,76,0.0,11.0,986.0
2023-12-05,Punjab,Rupnagar,1.0,PM10,150.0,Moderate,"number_of_monitoring_stations in Absolute Number, aqi_value in Indices",,0.0,14.1,22.7,8.2,80,0.0,11.0,985.0
2023-12-06,Punjab,Amritsar,1.0,PM2.5,174.0,Moderate,"number_of_monitoring_stations in Absolute Number, aqi_value in Indices",,0.0,14.1,21.6,9.4,86,0.0,10.7,989.5
2023-12-06,Punjab,Bathinda,1.0,PM10,91.0,Satisfactory,"number_of_monitoring_stations in Absolute Number, aqi_value in Indices",,0.0,16.5,24.2,11.5,73,0.0,12.3,992.7
2023-12-06,Punjab,Jalandhar,1.0,PM2.5,133.0,Moderate,"number_of_monitoring_stations in Absolute Number, aqi_value in Indices",,0.0,14.5,21.8,9.8,88,0.0,11.6,988.3
2023-12-06,Punjab,Ludhiana,1.0,PM10,91.0,Satisfactory,"number_of_monitoring_stations in Absolute Number, aqi_value in Indices",,0.0,15.9,23.4,11.9,82,0.0,10.2,987.2
2023-12-06,Punjab,Patiala,1.0,PM10,89.0,Satisfactory,"number_of_monitoring_stations in Absolute Number, aqi_value in Indices",,0.0,16.0,23.4,11.3,83,0.0,9.2,986.4
2023-12-06,Punjab,Rupnagar,1.0,PM10,168.0,Moderate,"number_of_monitoring_stations in Absolute Number, aqi_value in Indices",,0.0,14.4,22.2,8.6,80,0.0,7.4,985.4
2023-12-07,Punjab,Amritsar,1.0,PM2.5,124.0,Moderate,"number_of_monitoring_stations in Absolute Number, aqi_value in Indices",,0.0,14.2,21.2,8.5,82,0.0,10.9,988.6
2023-12-07,Punjab,Bathinda,1.0,PM10,97.0,Satisfactory,"number_of_monitoring_stations in Absolute Number, aqi_value in Indices",,0.0,16.4,24.4,10.6,73,0.0,10.3,991.9
2023-12-07,Punjab,Jalandhar,1.0,PM2.5,143.0,Moderate,"number_of_monitoring_stations in Absolute Number, aqi_value in Indices",,0.0,14.4,21.6,9.6,88,0.0,10.8,987.5
2023-12-07,Punjab,Ludhiana,1.0,PM2.5,176.0,Moderate,"number_of_monitoring_stations in Absolute Number, aqi_value in Indices",,0.0,15.0,22.8,10.4,84,0.0,9.7,986.4
2023-12-07,Punjab,Patiala,1.0,PM10,110.0,Moderate,"number_of_monitoring_stations in Absolute Number, aqi_value in Indices",,0.0,15.1,23.3,10.2,84,0.0,10.1,985.7
2023-12-07,Punjab,Rupnagar,1.0,PM10,224.0,Poor,"number_of_monitoring_stations in Absolute Number, aqi_value in Indices",,0.0,14.4,23.3,7.2,77,0.0,9.9,984.6
2023-12-08,Punjab,Amritsar,1.0,PM2.5,174.0,Moderate,"number_of_monitoring_stations in Absolute Number, aqi_value in Indices",,0.0,14.0,21.3,7.4,82,0.0,10.8,988.0
2023-12-08,Punjab,Bathinda,1.0,PM10,86.0,Satisfactory,"number_of_monitoring_stations in Absolute Number, aqi_value in Indices",,0.0,16.8,23.7,11.8,66,0.0,10.1,991.3
2023-12-08,Punjab,Jalandhar,1.0,PM2.5,157.0,Moderate,"number_of_monitoring_stations in Absolute Number, aqi_value in Indices",,0.0,13.8,20.5,9.3,86,0.0,9.6,986.9
2023-12-08,Punjab,Ludhiana,1.0,PM2.5,219.0,Poor,"number_of_monitoring_stations in Absolute Number, aqi_value in Indices",,0.0,14.0,22.1,9.3,83,0.0,10.7,985.8
2023-12-08,Punjab,Patiala,1.0,PM10,110.0,Moderate,"number_of_monitoring_stations in Absolute Number, aqi_value in Indices",,0.0,14.3,22.1,8.4,82,0.0,12.1,985.1
2023-12-08,Punjab,Rupnagar,1.0,PM2.5,181.0,Moderate,"number_of_monitoring_stations in Absolute Number, aqi_value in Indices",,0.0,13.1,22.5,5.6,80,0.0,10.5,984.0
2023-12-09,Punjab,Amritsar,1.0,PM2.5,147.0,Moderate,"number_of_monitoring_stations in Absolute Number, aqi_value in Indices",,0.0,13.0,20.4,7.7,85,0.0,10.3,989.0
2023-12-09,Punjab,Bathinda,1.0,PM2.5,110.0,Moderate,"number_of_monitoring_stations in Absolute Number, aqi_value in Indices",,0.0,16.0,23.9,9.4,68,0.0,10.9,992.2
2023-12-09,Punjab,Jalandhar,1.0,PM2.5,161.0,Moderate,"number_of_monitoring_stations in Absolute Number, aqi_value in Indices",,0.0,12.9,20.1,8.0,86,0.0,11.8,987.8
2023-12-09,Punjab,Ludhiana,1.0,PM2.5,273.0,Poor,"number_of_monitoring_stations in Absolute Number, aqi_value in Indices",,0.0,13.5,21.8,7.5,81,0.0,12.0,986.7
2023-12-09,Punjab,Patiala,1.0,PM2.5,122.0,Moderate,"number_of_monitoring_stations in Absolute Number, aqi_value in Indices",,0.0,14.9,22.1,10.3,73,0.0,14.0,986.0
2023-12-09,Punjab,Rupnagar,1.0,PM2.5,182.0,Moderate,"number_of_monitoring_stations in Absolute Number, aqi_value in Indices",,0.0,13.1,21.9,6.9,80,0.0,11.5,984.8
2023-12-10,Punjab,Amritsar,1.0,PM2.5,130.0,Moderate,"number_of_monitoring_stations in Absolute Number, aqi_value in Indices",,0.0,12.9,20.2,6.8,80,0.0,11.0,986.8
2023-12-10,Punjab,Bathinda,1.0,PM2.5,127.0,Moderate,"number_of_monitoring_stations in Absolute Number, aqi_value in Indices",,0.0,15.3,23.3,9.3,69,0.0,11.6,990.4
2023-12-10,Punjab,Jalandhar,1.0,PM2.5,126.0,Moderate,"number_of_monitoring_stations in Absolute Number, aqi_value in Indices",,0.0,12.3,19.9,6.6,83,0.0,9.5,985.8
2023-12-10,Punjab,Ludhiana,1.0,PM2.5,242.0,Poor,"number_of_monitoring_stations in Absolute Number, aqi_value in Indices",,0.0,13.9,21.4,8.5,77,0.0,11.4,984.8
2023-12-10,Punjab,Patiala,1.0,PM10,100.0,Satisfactory,"number_of_monitoring_stations in Absolute Number, aqi_value in Indices",,0.0,14.6,21.3,10.9,75,0.0,16.8,984.1
2023-12-10,Punjab,Rupnagar,1.0,PM2.5,210.0,Poor,"number_of_monitoring_stations in Absolute Number, aqi_value in Indices",,0.0,12.9,21.4,6.6,76,0.0,13.9,982.8
2023-12-11,Punjab,Amritsar,1.0,PM2.5,152.0,Moderate,"number_of_monitoring_stations in Absolute Number, aqi_value in Indices",,0.0,12.2,20.0,6.3,84,0.0,8.6,987.2
2023-12-11,Punjab,Bathinda,1.0,PM2.5,144.0,Moderate,"number_of_monitoring_stations in Absolute Number, aqi_value in Indices",,0.0,15.3,22.4,9.1,67,0.0,9.8,990.4
2023-12-11,Punjab,Jalandhar,1.0,PM2.5,130.0,Moderate,"number_of_monitoring_stations in Absolute Number, aqi_value in Indices",,0.0,13.0,20.4,7.3,80,0.0,7.9,986.2
2023-12-11,Punjab,Ludhiana,1.0,PM2.5,297.0,Poor,"number_of_monitoring_stations in Absolute Number, aqi_value in Indices",,0.0,13.8,21.5,7.2,74,0.0,8.3,985.2
2023-12-11,Punjab,Patiala,1.0,PM2.5,121.0,Moderate,"number_of_monitoring_stations in Absolute Number, aqi_value in Indices",,0.0,13.8,21.4,8.9,75,0.0,9.9,984.7
2023-12-11,Punjab,Rupnagar,1.0,PM2.5,261.0,Poor,"number_of_monitoring_stations in Absolute Number, aqi_value in Indices",,0.0,12.1,20.5,4.7,75,0.0,6.4,983.7
2023-12-12,Punjab,Amritsar,1.0,PM2.5,202.0,Poor,"number_of_monitoring_stations in Absolute Number, aqi_value in Indices",,0.0,12.5,20.0,6.7,83,0.0,9.9,987.3
2023-12-12,Punjab,Bathinda,1.0,PM10,158.0,Moderate,"number_of_monitoring_stations in Absolute Number, aqi_value in Indices",,0.0,15.4,23.0,9.8,65,0.0,10.8,990.0
2023-12-12,Punjab,Jalandhar,1.0,PM2.5,204.0,Poor,"number_of_monitoring_stations in Absolute Number, aqi_value in Indices",,0.0,12.9,20.4,7.3,79,0.0,10.5,986.2
2023-12-12,Punjab,Ludhiana,1.0,PM2.5,329.0,Very Poor,"number_of_monitoring_stations in Absolute Number, aqi_value in Indices",,0.0,13.4,21.3,6.9,74,0.0,10.0,985.0
2023-12-12,Punjab,Patiala,1.0,PM2.5,183.0,Moderate,"number_of_monitoring_stations in Absolute Number, aqi_value in Indices",,0.0,13.3,21.5,8.1,76,0.0,9.7,984.4
2023-12-12,Punjab,Rupnagar,1.0,PM2.5,249.0,Poor,"number_of_monitoring_stations in Absolute Number, aqi_value in Indices",,0.0,11.8,20.2,4.1,75,0.0,7.1,983.5
2023-12-13,Punjab,Amritsar,1.0,PM2.5,160.0,Moderate,"number_of_monitoring_stations in Absolute Number, aqi_value in Indices",,0.0,12.3,19.7,6.3,84,0.0,9.7,989.2
2023-12-13,Punjab,Jalandhar,1.0,PM2.5,161.0,Moderate,"number_of_monitoring_stations in Absolute Number, aqi_value in Indices",,0.0,13.1,20.0,6.7,78,0.0,11.7,988.1
2023-12-13,Punjab,Ludhiana,1.0,PM2.5,250.0,Poor,"number_of_monitoring_stations in Absolute Number, aqi_value in Indices",,0.0,13.9,21.2,9.4,72,0.0,11.6,986.9
2023-12-13,Punjab,Patiala,1.0,PM2.5,155.0,Moderate,"number_of_monitoring_stations in Absolute Number, aqi_value in Indices",,0.0,13.3,21.5,7.3,73,0.0,12.6,986.0
2023-12-13,Punjab,Rupnagar,1.0,PM2.5,240.0,Poor,"number_of_monitoring_stations in Absolute Number, aqi_value in Indices",,0.0,12.0,21.6,4.9,73,0.0,11.2,985.0
2023-12-14,Punjab,Amritsar,1.0,PM2.5,184.0,Moderate,"number_of_monitoring_stations in Absolute Number, aqi_value in Indices",,0.0,12.3,19.4,6.3,81,0.0,9.7,989.7
2023-12-14,Punjab,Bathinda,1.0,PM10,167.0,Moderate,"number_of_monitoring_stations in Absolute Number, aqi_value in Indices",,0.0,14.8,22.0,8.8,72,0.0,10.2,993.0
2023-12-14,Punjab,Jalandhar,1.0,PM2.5,155.0,Moderate,"number_of_monitoring_stations in Absolute Number, aqi_value in Indices",,0.0,12.1,19.9,6.6,83,0.0,10.5,988.5
2023-12-14,Punjab,Ludhiana,1.0,PM2.5,170.0,Moderate,"number_of_monitoring_stations in Absolute Number, aqi_value in Indices",,0.0,13.0,20.9,7.4,79,0.0,11.7,987.4
2023-12-14,Punjab,Patiala,1.0,PM10,103.0,Moderate,"number_of_monitoring_stations in Absolute Number, aqi_value in Indices",,0.0,14.0,21.3,9.7,73,0.0,15.4,986.6
2023-12-14,Punjab,Rupnagar,1.0,PM2.5,185.0,Moderate,"number_of_monitoring_stations in Absolute Number, aqi_value in Indices",,0.0,12.3,21.6,6.0,74,0.0,12.0,985.4
2023-12-15,Punjab,Amritsar,1.0,PM2.5,244.0,Poor,"number_of_monitoring_stations in Absolute Number, aqi_value in Indices",,0.0,12.9,19.8,8.1,79,0.0,8.7,990.8
2023-12-15,Punjab,Bathinda,1.0,PM2.5,156.0,Moderate,"number_of_monitoring_stations in Absolute Number, aqi_value in Indices",,0.0,14.8,21.7,7.8,67,0.0,9.2,994.0
2023-12-15,Punjab,Jalandhar,1.0,PM2.5,280.0,Poor,"number_of_monitoring_stations in Absolute Number, aqi_value in Indices",,0.0,12.6,19.2,8.5,81,0.0,10.7,989.7
2023-12-15,Punjab,Ludhiana,1.0,PM2.5,252.0,Poor,"number_of_monitoring_stations in Absolute Number, aqi_value in Indices",,0.0,12.2,20.3,6.6,79,0.0,9.9,988.6
2023-12-15,Punjab,Patiala,1.0,PM2.5,118.0,Moderate,"number_of_monitoring_stations in Absolute Number, aqi_value in Indices",,0.0,12.6,20.2,6.6,78,0.0,9.7,988.0
2023-12-15,Punjab,Rupnagar,1.0,PM2.5,233.0,Poor,"number_of_monitoring_stations in Absolute Number, aqi_value in Indices",,0.0,12.5,19.3,6.3,78,0.0,9.4,987.0
2023-12-16,Punjab,Amritsar,1.0,PM2.5,173.0,Moderate,"number_of_monitoring_stations in Absolute Number, aqi_value in Indices",,0.0,12.2,19.4,6.4,84,0.3,8.7,989.6
2023-12-16,Punjab,Bathinda,1.0,PM2.5,177.0,Moderate,"number_of_monitoring_stations in Absolute Number, aqi_value in Indices",,0.0,14.4,21.9,7.9,69,0.0,10.0,992.7
2023-12-16,Punjab,Jalandhar,1.0,PM2.5,172.0,Moderate,"number_of_monitoring_stations in Absolute Number, aqi_value in Indices",,0.0,12.5,19.1,7.7,83,0.0,10.3,988.6
2023-12-16,Punjab,Ludhiana,1.0,PM2.5,196.0,Moderate,"number_of_monitoring_stations in Absolute Number, aqi_value in Indices",,0.0,12.3,20.2,6.5,82,0.0,11.8,987.4
2023-12-16,Punjab,Patiala,1.0,PM2.5,141.0,Moderate,"number_of_monitoring_stations in Absolute Number, aqi_value in Indices",,0.0,13.0,20.3,6.5,76,0.0,10.6,986.8
2023-12-16,Punjab,Rupnagar,1.0,PM2.5,234.0,Poor,"number_of_monitoring_stations in Absolute Number, aqi_value in Indices",,0.0,11.2,19.3,3.7,82,0.0,10.5,985.7
2023-12-17,Punjab,Amritsar,1.0,PM10,103.0,Moderate,"number_of_monitoring_stations in Absolute Number, aqi_value in Indices",,0.0,11.5,18.6,6.6,87,0.0,10.1,991.1
2023-12-17,Punjab,Bathinda,1.0,PM2.5,162.0,Moderate,"number_of_monitoring_stations in Absolute Number, aqi_value in Indices",,0.0,14.4,21.4,8.7,73,0.0,9.5,994.2
2023-12-17,Punjab,Jalandhar,1.0,PM10,103.0,Moderate,"number_of_monitoring_stations in Absolute Number, aqi_value in Indices",,0.0,12.3,19.4,7.3,79,0.0,11.4,989.8
2023-12-17,Punjab,Ludhiana,1.0,PM2.5,155.0,Moderate,"number_of_monitoring_stations in Absolute Number, aqi_value in Indices",,0.0,13.2,20.3,7.1,74,0.0,11.7,988.7
2023-12-17,Punjab,Patiala,1.0,PM2.5,146.0,Moderate,"number_of_monitoring_stations in Absolute Number, aqi_value in Indices",,0.0,13.6,20.4,7.4,73,0.0,13.9,988.0
2023-12-17,Punjab,Rupnagar,1.0,PM2.5,260.0,Poor,"number_of_monitoring_stations in Absolute Number, aqi_value in Indices",,0.0,11.3,20.6,3.6,78,0.0,10.7,986.7
2023-12-18,Punjab,Amritsar,1.0,PM2.5,161.0,Moderate,"number_of_monitoring_stations in Absolute Number, aqi_value in Indices",,0.0,11.9,18.9,6.8,79,0.0,11.6,992.4
2023-12-18,Punjab,Bathinda,1.0,PM2.5,129.0,Moderate,"number_of_monitoring_stations in Absolute Number, aqi_value in Indices",,0.0,14.1,21.7,8.9,67,0.0,16.0,995.8
2023-12-18,Punjab,Jalandhar,1.0,PM2.5,153.0,Moderate,"number_of_monitoring_stations in Absolute Number, aqi_value in Indices",,0.0,10.8,18.4,5.3,87,0.0,11.6,991.1
2023-12-18,Punjab,Ludhiana,1.0,PM2.5,177.0,Moderate,"number_of_monitoring_stations in Absolute Number, aqi_value in Indices",,0.0,12.4,19.8,7.5,79,0.0,12.2,990.1
2023-12-18,Punjab,Patiala,1.0,PM10,93.0,Satisfactory,"number_of_monitoring_stations in Absolute Number, aqi_value in Indices",,0.0,13.7,20.4,9.0,73,0.0,16.8,989.2
2023-12-18,Punjab,Rupnagar,1.0,PM2.5,229.0,Poor,"number_of_monitoring_stations in Absolute Number, aqi_value in Indices",,0.0,12.3,20.9,6.0,79,0.0,15.0,988.0
2023-12-19,Punjab,Amritsar,1.0,PM2.5,245.0,Poor,"number_of_monitoring_stations in Absolute Number, aqi_value in Indices",,0.0,11.1,18.8,5.2,78,0.0,11.6,992.0
2023-12-19,Punjab,Bathinda,1.0,PM2.5,90.0,Satisfactory,"number_of_monitoring_stations in Absolute Number, aqi_value in Indices",,0.0,14.0,22.0,7.3,66,0.0,14.8,995.6
2023-12-19,Punjab,Jalandhar,1.0,PM2.5,246.0,Poor,"number_of_monitoring_stations in Absolute Number, aqi_value in Indices",,0.0,10.7,18.6,5.3,86,0.0,10.2,990.8
2023-12-19,Punjab,Ludhiana,1.0,PM2.5,236.0,Poor,"number_of_monitoring_stations in Absolute Number, aqi_value in Indices",,0.0,12.1,19.9,6.0,77,0.0,11.9,989.8
2023-12-19,Punjab,Patiala,1.0,PM10,120.0,Moderate,"number_of_monitoring_stations in Absolute Number, aqi_value in Indices",,0.0,13.5,20.4,8.2,73,0.0,15.3,989.0
2023-12-19,Punjab,Rupnagar,1.0,PM2.5,173.0,Moderate,"number_of_monitoring_stations in Absolute Number, aqi_value in Indices",,0.0,11.8,20.2,5.9,81,0.0,12.7,987.7
2023-12-20,Punjab,Amritsar,1.0,PM2.5,252.0,Poor,"number_of_monitoring_stations in Absolute Number, aqi_value in Indices",,0.0,11.2,18.4,4.8,79,0.0,10.6,991.3
2023-12-20,Punjab,Bathinda,1.0,PM2.5,77.0,Satisfactory,"number_of_monitoring_stations in Absolute Number, aqi_value in Indices",,0.0,13.9,22.4,7.7,66,0.0,10.9,994.8
2023-12-20,Punjab,Jalandhar,1.0,PM2.5,209.0,Poor,"number_of_monitoring_stations in Absolute Number, aqi_value in Indices",,0.0,11.1,18.3,5.6,83,0.0,9.7,990.3
2023-12-20,Punjab,Ludhiana,1.0,PM2.5,237.0,Poor,"number_of_monitoring_stations in Absolute Number, aqi_value in Indices",,0.0,12.2,20.2,6.0,79,0.0,10.0,989.3
2023-12-20,Punjab,Patiala,1.0,PM10,123.0,Moderate,"number_of_monitoring_stations in Absolute Number, aqi_value in Indices",,0.0,12.4,19.8,6.8,80,0.0,10.5,988.8
2023-12-20,Punjab,Rupnagar,1.0,PM2.5,253.0,Poor,"number_of_monitoring_stations in Absolute Number, aqi_value in Indices",,0.0,11.4,19.5,5.6,82,0.0,7.9,987.7
2023-12-21,Punjab,Amritsar,1.0,PM2.5,278.0,Poor,"number_of_monitoring_stations in Absolute Number, aqi_value in Indices",,0.0,11.0,18.3,4.5,88,0.0,7.7,990.2
2023-12-21,Punjab,Bathinda,1.0,PM2.5,107.0,Moderate,"number_of_monitoring_stations in Absolute Number, aqi_value in Indices",,0.0,13.8,22.0,7.0,68,0.0,10.6,993.4
2023-12-21,Punjab,Jalandhar,1.0,PM2.5,167.0,Moderate,"number_of_monitoring_stations in Absolute Number, aqi_value in Indices",,0.0,11.5,19.0,5.0,84,0.0,7.1,989.2
2023-12-21,Punjab,Ludhiana,1.0,PM2.5,298.0,Poor,"number_of_monitoring_stations in Absolute Number, aqi_value in Indices",,0.0,12.0,20.7,4.5,80,0.0,10.1,988.1
2023-12-21,Punjab,Patiala,1.0,PM2.5,234.0,Poor,"number_of_monitoring_stations in Absolute Number, aqi_value in Indices",,0.0,12.0,20.5,5.6,83,0.0,10.5,987.4
2023-12-21,Punjab,Rupnagar,1.0,PM2.5,311.0,Very Poor,"number_of_monitoring_stations in Absolute Number, aqi_value in Indices",,0.0,12.0,19.5,4.8,74,0.0,9.2,986.4
2023-12-22,Punjab,Amritsar,1.0,PM2.5,231.0,Poor,"number_of_monitoring_stations in Absolute Number, aqi_value in Indices",,0.0,11.1,17.8,5.9,92,0.0,8.8,990.0
2023-12-22,Punjab,Bathinda,1.0,PM2.5,173.0,Moderate,"number_of_monitoring_stations in Absolute Number, aqi_value in Indices",,0.0,14.3,21.8,7.3,71,0.0,10.5,993.1
2023-12-22,Punjab,Jalandhar,1.0,PM2.5,296.0,Poor,"number_of_monitoring_stations in Absolute Number, aqi_value in Indices",,0.0,11.1,18.2,4.5,90,0.0,10.5,988.9
2023-12-22,Punjab,Ludhiana,1.0,PM2.5,251.0,Poor,"number_of_monitoring_stations in Absolute Number, aqi_value in Indices",,0.0,11.8,19.2,5.2,86,0.0,10.3,987.8
2023-12-22,Punjab,Patiala,1.0,PM2.5,185.0,Moderate,"number_of_monitoring_stations in Absolute Number, aqi_value in Indices",,0.0,12.3,20.6,5.6,81,0.0,10.6,987.0
2023-12-22,Punjab,Rupnagar,1.0,PM2.5,325.0,Very Poor,"number_of_monitoring_stations in Absolute Number, aqi_value in Indices",,0.0,11.5,20.1,5.4,79,0.0,8.8,986.0
2023-12-23,Punjab,Amritsar,1.0,PM2.5,164.0,Moderate,"number_of_monitoring_stations in Absolute Number, aqi_value in Indices",,0.0,13.8,19.9,9.6,87,0.0,12.8,992.4
2023-12-23,Punjab,Bathinda,1.0,PM2.5,208.0,Poor,"number_of_monitoring_stations in Absolute Number, aqi_value in Indices",,0.0,15.2,23.1,9.1,76,0.0,15.7,995.2
2023-12-23,Punjab,Jalandhar,1.0,PM10,150.0,Moderate,"number_of_monitoring_stations in Absolute Number, aqi_value in Indices",,0.0,13.9,21.7,7.2,83,0.0,13.9,991.3
2023-12-23,Punjab,Ludhiana,1.0,PM2.5,275.0,Poor,"number_of_monitoring_stations in Absolute Number, aqi_value in Indices",,0.0,15.0,22.2,8.4,75,0.0,10.8,990.3
2023-12-23,Punjab,Patiala,1.0,PM2.5,198.0,Moderate,"number_of_monitoring_stations in Absolute Number, aqi_value in Indices",,0.0,14.6,22.0,8.6,75,0.0,10.9,989.6
2023-12-23,Punjab,Rupnagar,1.0,PM2.5,306.0,Very Poor,"number_of_monitoring_stations in Absolute Number, aqi_value in Indices",,0.0,14.6,22.4,6.8,72,0.0,10.3,988.8
2023-12-24,Punjab,Amritsar,1.0,PM2.5,199.0,Moderate,"number_of_monitoring_stations in Absolute Number, aqi_value in Indices",,0.0,12.8,19.8,7.0,91,0.0,8.3,993.9
2023-12-24,Punjab,Bathinda,1.0,PM2.5,144.0,Moderate,"number_of_monitoring_stations in Absolute Number, aqi_value in Indices",,0.0,14.9,22.8,8.5,77,0.0,10.1,996.9
2023-12-24,Punjab,Jalandhar,1.0,PM2.5,240.0,Poor,"number_of_monitoring_stations in Absolute Number, aqi_value in Indices",,0.0,13.2,20.5,7.1,85,0.0,11.2,992.7
2023-12-24,Punjab,Ludhiana,1.0,PM2.5,278.0,Poor,"number_of_monitoring_stations in Absolute Number, aqi_value in Indices",,0.0,14.4,21.5,9.6,79,0.0,9.9,991.6
2023-12-24,Punjab,Patiala,1.0,PM2.5,133.0,Moderate,"number_of_monitoring_stations in Absolute Number, aqi_value in Indices",,0.0,14.3,22.0,7.9,78,0.0,10.3,990.8
2023-12-24,Punjab,Rupnagar,1.0,PM2.5,264.0,Poor,"number_of_monitoring_stations in Absolute Number, aqi_value in Indices",,0.0,13.3,21.5,5.2,79,0.0,12.0,989.7
2023-12-25,Punjab,Amritsar,1.0,PM2.5,160.0,Moderate,"number_of_monitoring_stations in Absolute Number, aqi_value in Indices",,0.0,12.7,19.7,7.5,85,0.0,6.5,991.5
2023-12-25,Punjab,Bathinda,1.0,PM10,96.0,Satisfactory,"number_of_monitoring_stations in Absolute Number, aqi_value in Indices",,0.0,15.1,23.6,10.1,81,0.0,9.8,994.8
2023-12-25,Punjab,Jalandhar,1.0,PM2.5,235.0,Poor,"number_of_monitoring_stations in Absolute Number, aqi_value in Indices",,0.0,13.2,19.3,9.1,82,0.0,11.1,990.5
2023-12-25,Punjab,Ludhiana,1.0,PM2.5,174.0,Moderate,"number_of_monitoring_stations in Absolute Number, aqi_value in Indices",,0.0,13.8,20.8,10.2,82,0.0,8.6,989.5
2023-12-25,Punjab,Patiala,1.0,PM10,106.0,Moderate,"number_of_monitoring_stations in Absolute Number, aqi_value in Indices",,0.0,13.8,21.4,10.1,83,0.0,10.6,988.6
2023-12-25,Punjab,Rupnagar,1.0,PM2.5,215.0,Poor,"number_of_monitoring_stations in Absolute Number, aqi_value in Indices",,0.0,13.4,20.6,7.3,82,0.0,7.3,987.6
2023-12-26,Punjab,Amritsar,1.0,PM2.5,140.0,Moderate,"number_of_monitoring_stations in Absolute Number, aqi_value in Indices",,0.0,11.7,19.7,6.1,89,0.0,8.7,991.0
2023-12-26,Punjab,Bathinda,1.0,PM2.5,118.0,Moderate,"number_of_monitoring_stations in Absolute Number, aqi_value in Indices",,0.0,15.6,23.7,10.0,75,0.0,10.0,994.3
2023-12-26,Punjab,Jalandhar,1.0,PM2.5,161.0,Moderate,"number_of_monitoring_stations in Absolute Number, aqi_value in Indices",,0.0,13.0,20.3,6.5,84,0.0,7.3,990.1
2023-12-26,Punjab,Ludhiana,1.0,PM2.5,200.0,Moderate,"number_of_monitoring_stations in Absolute Number, aqi_value in Indices",,0.0,13.8,22.3,7.5,78,0.0,9.6,989.0
2023-12-26,Punjab,Patiala,1.0,PM2.5,138.0,Moderate,"number_of_monitoring_stations in Absolute Number, aqi_value in Indices",,0.0,13.4,21.4,8.0,79,0.0,9.5,988.4
2023-12-26,Punjab,Rupnagar,1.0,PM2.5,161.0,Moderate,"number_of_monitoring_stations in Absolute Number, aqi_value in Indices",,0.0,12.6,20.5,8.1,80,0.0,8.6,987.4
2023-12-27,Punjab,Amritsar,1.0,PM2.5,117.0,Moderate,"number_of_monitoring_stations in Absolute Number, aqi_value in Indices",,0.0,11.1,18.9,5.9,93,0.0,9.4,992.8
2023-12-27,Punjab,Bathinda,1.0,PM2.5,61.0,Satisfactory,"number_of_monitoring_stations in Absolute Number, aqi_value in Indices",,0.0,14.5,22.7,8.7,81,0.0,9.9,996.0
2023-12-27,Punjab,Jalandhar,1.0,PM10,134.0,Moderate,"number_of_monitoring_stations in Absolute Number, aqi_value in Indices",,0.0,11.2,19.6,5.4,89,0.0,10.8,991.6
2023-12-27,Punjab,Ludhiana,1.0,PM10,178.0,Moderate,"number_of_monitoring_stations in Absolute Number, aqi_value in Indices",,0.0,13.6,21.3,8.2,81,0.0,7.9,990.6
2023-12-27,Punjab,Patiala,1.0,PM2.5,127.0,Moderate,"number_of_monitoring_stations in Absolute Number, aqi_value in Indices",,0.0,13.4,21.7,6.6,80,0.0,9.8,989.8
2023-12-27,Punjab,Rupnagar,1.0,PM2.5,213.0,Poor,"number_of_monitoring_stations in Absolute Number, aqi_value in Indices",,0.0,12.5,21.1,4.8,78,0.0,10.1,988.8
2023-12-28,Punjab,Amritsar,1.0,PM10,94.0,Satisfactory,"number_of_monitoring_stations in Absolute Number, aqi_value in Indices",,0.0,11.3,17.3,8.1,94,0.0,9.5,991.2
2023-12-28,Punjab,Bathinda,1.0,PM10,86.0,Satisfactory,"number_of_monitoring_stations in Absolute Number, aqi_value in Indices",,0.0,13.3,21.1,9.9,89,0.0,9.0,994.3
2023-12-28,Punjab,Jalandhar,1.0,PM2.5,77.0,Satisfactory,"number_of_monitoring_stations in Absolute Number, aqi_value in Indices",,0.0,11.5,17.4,7.7,94,0.0,9.0,990.2
2023-12-28,Punjab,Ludhiana,1.0,PM10,110.0,Moderate,"number_of_monitoring_stations in Absolute Number, aqi_value in Indices",,0.0,12.4,19.4,9.3,92,0.0,6.9,989.1
2023-12-28,Punjab,Patiala,1.0,PM2.5,119.0,Moderate,"number_of_monitoring_stations in Absolute Number, aqi_value in Indices",,0.0,12.7,19.6,9.1,90,0.0,8.3,988.5
2023-12-28,Punjab,Rupnagar,1.0,PM2.5,105.0,Moderate,"number_of_monitoring_stations in Absolute Number, aqi_value in Indices",,0.0,12.5,19.8,8.4,87,0.0,6.3,987.5
2023-12-29,Punjab,Amritsar,1.0,PM2.5,116.0,Moderate,"number_of_monitoring_stations in Absolute Number, aqi_value in Indices",,0.0,10.9,16.9,7.8,95,0.0,9.7,992.5
2023-12-29,Punjab,Bathinda,1.0,PM2.5,124.0,Moderate,"number_of_monitoring_stations in Absolute Number, aqi_value in Indices",,0.0,12.2,18.8,8.8,91,0.0,9.7,995.3
2023-12-29,Punjab,Jalandhar,1.0,PM2.5,219.0,Poor,"number_of_monitoring_stations in Absolute Number, aqi_value in Indices",,0.0,10.9,17.5,7.9,94,0.0,10.8,991.3
2023-12-29,Punjab,Ludhiana,1.0,PM2.5,298.0,Poor,"number_of_monitoring_stations in Absolute Number, aqi_value in Indices",,0.0,11.8,18.7,8.3,91,0.0,8.3,990.1
2023-12-29,Punjab,Patiala,1.0,PM2.5,128.0,Moderate,"number_of_monitoring_stations in Absolute Number, aqi_value in Indices",,0.0,12.1,19.0,8.7,92,0.0,10.1,989.4
2023-12-29,Punjab,Rupnagar,1.0,PM10,83.0,Satisfactory,"number_of_monitoring_stations in Absolute Number, aqi_value in Indices",,0.0,11.8,20.1,5.5,86,0.0,9.3,988.3
2023-12-30,Punjab,Amritsar,1.0,PM2.5,118.0,Moderate,"number_of_monitoring_stations in Absolute Number, aqi_value in Indices",,0.0,10.2,15.6,7.2,94,0.0,7.8,991.4
2023-12-30,Punjab,Bathinda,1.0,PM2.5,166.0,Moderate,"number_of_monitoring_stations in Absolute Number, aqi_value in Indices",,0.0,10.8,17.3,7.2,91,0.0,8.6,994.3
2023-12-30,Punjab,Jalandhar,1.0,PM2.5,156.0,Moderate,"number_of_monitoring_stations in Absolute Number, aqi_value in Indices",,0.0,10.8,16.8,8.1,93,0.0,8.9,990.1
2023-12-30,Punjab,Ludhiana,1.0,PM10,106.0,Moderate,"number_of_monitoring_stations in Absolute Number, aqi_value in Indices",,0.0,11.1,18.0,8.0,90,0.0,8.7,988.9
2023-12-30,Punjab,Patiala,1.0,PM2.5,90.0,Satisfactory,"number_of_monitoring_stations in Absolute Number, aqi_value in Indices",,0.0,11.4,18.2,8.3,92,0.0,10.1,988.1
2023-12-30,Punjab,Rupnagar,1.0,PM2.5,104.0,Moderate,"number_of_monitoring_stations in Absolute Number, aqi_value in Indices",,0.0,11.5,18.8,6.8,88,0.0,9.1,987.0
2023-12-31,Punjab,Amritsar,1.0,PM2.5,131.0,Moderate,"number_of_monitoring_stations in Absolute Number, aqi_value in Indices",,0.0,9.4,15.0,6.7,94,0.0,5.4,991.1
2023-12-31,Punjab,Bathinda,1.0,PM2.5,234.0,Poor,"number_of_monitoring_stations in Absolute Number, aqi_value in Indices",,0.0,9.6,16.4,6.4,89,0.0,9.7,994.1
2023-12-31,Punjab,Jalandhar,1.0,PM10,106.0,Moderate,"number_of_monitoring_stations in Absolute Number, aqi_value in Indices",,0.0,10.3,15.5,7.7,93,0.0,7.8,990.0
2023-12-31,Punjab,Ludhiana,1.0,PM2.5,122.0,Moderate,"number_of_monitoring_stations in Absolute Number, aqi_value in Indices",,0.0,10.4,16.0,7.5,91,0.0,7.6,988.8
2023-12-31,Punjab,Patiala,1.0,PM10,63.0,Satisfactory,"number_of_monitoring_stations in Absolute Number, aqi_value in Indices",,0.0,10.2,16.3,6.1,92,0.0,8.2,988.0
2023-12-31,Punjab,Rupnagar,1.0,PM2.5,94.0,Satisfactory,"number_of_monitoring_stations in Absolute Number, aqi_value in Indices",,0.0,10.8,16.8,7.4,92,0.0,7.3,987.1
2024-01-01,Punjab,Amritsar,1.0,PM2.5,186.0,Moderate,"number_of_monitoring_stations in Absolute Number, aqi_value in Indices",,0.0,9.3,14.5,5.7,94,0.0,6.5,991.4
2024-01-01,Punjab,Bathinda,1.0,PM2.5,172.0,Moderate,"number_of_monitoring_stations in Absolute Number, aqi_value in Indices",,0.0,9.3,16.3,5.4,90,0.0,7.6,994.4
2024-01-01,Punjab,Jalandhar,1.0,PM2.5,93.0,Satisfactory,"number_of_monitoring_stations in Absolute Number, aqi_value in Indices",,0.0,9.4,14.7,5.5,93,0.0,10.7,990.1
2024-01-01,Punjab,Ludhiana,1.0,PM10,99.0,Satisfactory,"number_of_monitoring_stations in Absolute Number, aqi_value in Indices",,0.0,9.3,15.5,6.0,91,0.0,7.4,989.0
2024-01-01,Punjab,Patiala,1.0,PM2.5,102.0,Moderate,"number_of_monitoring_stations in Absolute Number, aqi_value in Indices",,0.0,9.2,15.3,5.7,92,0.0,7.8,988.2
2024-01-01,Punjab,Rupnagar,1.0,PM2.5,217.0,Poor,"number_of_monitoring_stations in Absolute Number, aqi_value in Indices",,0.0,10.0,16.1,6.4,91,0.0,9.0,987.1
2024-01-02,Punjab,Amritsar,1.0,PM2.5,138.0,Moderate,"number_of_monitoring_stations in Absolute Number, aqi_value in Indices",,0.0,8.5,13.8,4.7,93,0.0,9.0,990.5
2024-01-02,Punjab,Bathinda,1.0,PM2.5,117.0,Moderate,"number_of_monitoring_stations in Absolute Number, aqi_value in Indices",,0.0,8.8,15.1,5.2,90,0.0,8.6,993.7
2024-01-02,Punjab,Jalandhar,1.0,PM10,100.0,Satisfactory,"number_of_monitoring_stations in Absolute Number, aqi_value in Indices",,0.0,9.4,14.3,5.2,91,0.0,9.7,989.3
2024-01-02,Punjab,Ludhiana,1.0,PM10,107.0,Moderate,"number_of_monitoring_stations in Absolute Number, aqi_value in Indices",,0.0,8.4,14.1,4.4,92,0.0,8.2,988.3
2024-01-02,Punjab,Patiala,1.0,PM10,68.0,Satisfactory,"number_of_monitoring_stations in Absolute Number, aqi_value in Indices",,0.0,8.6,13.6,4.3,91,0.0,9.0,987.6
2024-01-02,Punjab,Rupnagar,1.0,PM2.5,125.0,Moderate,"number_of_monitoring_stations in Absolute Number, aqi_value in Indices",,0.0,9.5,15.1,6.4,92,0.0,8.3,986.5
2024-01-03,Punjab,Amritsar,1.0,PM2.5,142.0,Moderate,"number_of_monitoring_stations in Absolute Number, aqi_value in Indices",,0.0,7.2,13.6,4.1,94,0.0,8.6,990.6
2024-01-03,Punjab,Bathinda,1.0,PM10,97.0,Satisfactory,"number_of_monitoring_stations in Absolute Number, aqi_value in Indices",,0.0,9.6,15.6,5.0,85,0.0,9.5,993.6
2024-01-03,Punjab,Jalandhar,1.0,PM2.5,142.0,Moderate,"number_of_monitoring_stations in Absolute Number, aqi_value in Indices",,0.0,8.3,13.8,5.2,93,0.0,11.0,989.4
2024-01-03,Punjab,Ludhiana,1.0,PM2.5,187.0,Moderate,"number_of_monitoring_stations in Absolute Number, aqi_value in Indices",,0.0,8.3,14.2,5.2,92,0.0,8.7,988.3
2024-01-03,Punjab,Patiala,1.0,PM2.5,131.0,Moderate,"number_of_monitoring_stations in Absolute Number, aqi_value in Indices",,0.0,8.5,15.2,4.6,92,0.0,7.9,987.4
2024-01-03,Punjab,Rupnagar,1.0,PM2.5,257.0,Poor,"number_of_monitoring_stations in Absolute Number, aqi_value in Indices",,0.0,9.5,15.9,5.5,91,0.0,8.7,986.5
2024-01-04,Punjab,Amritsar,1.0,PM10,127.0,Moderate,"number_of_monitoring_stations in Absolute Number, aqi_value in Indices",,0.0,7.9,15.0,3.3,94,0.0,7.9,990.6
2024-01-04,Punjab,Bathinda,1.0,PM2.5,109.0,Moderate,"number_of_monitoring_stations in Absolute Number, aqi_value in Indices",,0.0,8.6,16.4,4.3,85,0.0,9.0,993.7
2024-01-04,Punjab,Jalandhar,1.0,PM2.5,93.0,Satisfactory,"number_of_monitoring_stations in Absolute Number, aqi_value in Indices",,0.0,8.8,16.0,4.3,92,0.0,9.8,989.4
2024-01-04,Punjab,Ludhiana,1.0,PM2.5,122.0,Moderate,"number_of_monitoring_stations in Absolute Number, aqi_value in Indices",,0.0,8.5,16.4,5.0,90,0.0,9.9,988.2
2024-01-04,Punjab,Rupnagar,1.0,PM2.5,137.0,Moderate,"number_of_monitoring_stations in Absolute Number, aqi_value in Indices",,0.0,9.4,16.9,5.4,91,0.0,10.1,986.4
2024-01-05,Punjab,Amritsar,1.0,PM10,136.0,Moderate,"number_of_monitoring_stations in Absolute Number, aqi_value in Indices",,0.0,7.4,13.0,4.6,95,0.0,7.8,990.8
2024-01-05,Punjab,Bathinda,1.0,PM2.5,146.0,Moderate,"number_of_monitoring_stations in Absolute Number, aqi_value in Indices",,0.0,8.6,15.1,5.0,87,0.0,8.7,993.9
2024-01-05,Punjab,Jalandhar,1.0,PM2.5,96.0,Satisfactory,"number_of_monitoring_stations in Absolute Number, aqi_value in Indices",,0.0,7.9,13.3,5.3,93,0.0,8.2,989.6
2024-01-05,Punjab,Ludhiana,1.0,PM10,91.0,Satisfactory,"number_of_monitoring_stations in Absolute Number, aqi_value in Indices",,0.0,8.1,14.3,5.0,89,0.0,7.8,988.5
2024-01-05,Punjab,Patiala,1.0,PM2.5,103.0,Moderate,"number_of_monitoring_stations in Absolute Number, aqi_value in Indices",,0.0,8.5,15.1,4.5,91,0.0,9.5,987.7
2024-01-05,Punjab,Rupnagar,1.0,PM2.5,106.0,Moderate,"number_of_monitoring_stations in Absolute Number, aqi_value in Indices",,0.0,8.9,15.7,5.3,90,0.0,9.6,986.6
2024-01-06,Punjab,Amritsar,1.0,PM10,124.0,Moderate,"number_of_monitoring_stations in Absolute Number, aqi_value in Indices",,0.0,7.5,13.2,3.8,94,0.0,7.9,992.5
2024-01-06,Punjab,Bathinda,1.0,PM10,88.0,Satisfactory,"number_of_monitoring_stations in Absolute Number, aqi_value in Indices",,0.0,8.9,16.9,4.3,87,0.0,11.5,995.3
2024-01-06,Punjab,Jalandhar,1.0,PM2.5,146.0,Moderate,"number_of_monitoring_stations in Absolute Number, aqi_value in Indices",,0.0,8.0,14.1,4.0,93,0.0,10.3,991.2
2024-01-06,Punjab,Ludhiana,1.0,PM10,115.0,Moderate,"number_of_monitoring_stations in Absolute Number, aqi_value in Indices",,0.0,8.5,15.5,4.3,89,0.0,10.7,990.0
2024-01-06,Punjab,Patiala,1.0,PM2.5,138.0,Moderate,"number_of_monitoring_stations in Absolute Number, aqi_value in Indices",,0.0,9.4,17.0,4.9,88,0.0,9.6,989.0
2024-01-06,Punjab,Rupnagar,1.0,CO,88.0,Satisfactory,"number_of_monitoring_stations in Absolute Number, aqi_value in Indices",,0.0,9.1,17.0,4.8,87,0.0,8.2,988.1
2024-01-07,Punjab,Amritsar,1.0,PM10,116.0,Moderate,"number_of_monitoring_stations in Absolute Number, aqi_value in Indices",,0.0,7.1,13.0,3.4,95,0.0,6.8,992.9
2024-01-07,Punjab,Bathinda,1.0,PM2.5,86.0,Satisfactory,"number_of_monitoring_stations in Absolute Number, aqi_value in Indices",,0.0,9.3,16.6,4.4,88,0.0,9.4,995.8
2024-01-07,Punjab,Jalandhar,1.0,PM10,76.0,Satisfactory,"number_of_monitoring_stations in Absolute Number, aqi_value in Indices",,0.0,7.5,14.0,3.4,94,0.0,9.5,991.6
2024-01-07,Punjab,Ludhiana,1.0,PM2.5,104.0,Moderate,"number_of_monitoring_stations in Absolute Number, aqi_value in Indices",,0.0,7.8,14.6,4.8,91,0.0,7.0,990.6
2024-01-07,Punjab,Patiala,1.0,PM10,86.0,Satisfactory,"number_of_monitoring_stations in Absolute Number, aqi_value in Indices",,0.0,8.8,15.8,4.7,92,0.0,8.7,989.7
2024-01-07,Punjab,Rupnagar,1.0,PM2.5,97.0,Satisfactory,"number_of_monitoring_stations in Absolute Number, aqi_value in Indices",,0.0,8.9,16.3,4.9,91,0.0,7.9,988.7
2024-01-08,Punjab,Amritsar,1.0,PM10,134.0,Moderate,"number_of_monitoring_stations in Absolute Number, aqi_value in Indices",,0.0,6.8,13.2,3.4,94,0.0,8.4,992.6
2024-01-08,Punjab,Bathinda,1.0,PM2.5,92.0,Satisfactory,"number_of_monitoring_stations in Absolute Number, aqi_value in Indices",,0.0,9.8,16.7,5.3,87,0.0,8.9,995.4
2024-01-08,Punjab,Jalandhar,1.0,PM2.5,82.0,Satisfactory,"number_of_monitoring_stations in Absolute Number, aqi_value in Indices",,0.0,7.2,14.2,3.4,91,0.0,8.1,991.5
2024-01-08,Punjab,Ludhiana,1.0,PM2.5,140.0,Moderate,"number_of_monitoring_stations in Absolute Number, aqi_value in Indices",,0.0,8.1,15.5,4.6,89,0.0,7.2,990.4
2024-01-08,Punjab,Patiala,1.0,PM10,84.0,Satisfactory,"number_of_monitoring_stations in Absolute Number, aqi_value in Indices",,0.0,9.4,16.8,5.5,90,0.0,8.0,989.4
2024-01-08,Punjab,Rupnagar,1.0,PM2.5,151.0,Moderate,"number_of_monitoring_stations in Absolute Number, aqi_value in Indices",,0.0,8.4,16.0,4.7,90,0.0,8.0,988.6
2024-01-09,Punjab,Amritsar,1.0,PM2.5,180.0,Moderate,"number_of_monitoring_stations in Absolute Number, aqi_value in Indices",,0.0,6.8,12.7,3.8,94,0.6,8.3,993.1
2024-01-09,Punjab,Bathinda,1.0,PM10,88.0,Satisfactory,"number_of_monitoring_stations in Absolute Number, aqi_value in Indices",,0.0,8.9,15.2,4.9,85,0.0,10.5,996.1
2024-01-09,Punjab,Jalandhar,1.0,PM2.5,159.0,Moderate,"number_of_monitoring_stations in Absolute Number, aqi_value in Indices",,0.0,7.1,13.3,3.6,91,0.0,9.3,991.8
2024-01-09,Punjab,Ludhiana,1.0,PM2.5,179.0,Moderate,"number_of_monitoring_stations in Absolute Number, aqi_value in Indices",,0.0,7.4,13.4,4.0,88,0.0,9.5,990.7
2024-01-09,Punjab,Patiala,1.0,PM10,82.0,Satisfactory,"number_of_monitoring_stations in Absolute Number, aqi_value in Indices",,0.0,7.6,13.8,4.4,91,0.0,12.1,989.7
2024-01-09,Punjab,Rupnagar,1.0,PM2.5,130.0,Moderate,"number_of_monitoring_stations in Absolute Number, aqi_value in Indices",,0.0,8.5,15.3,4.6,89,0.0,10.8,988.7
2024-01-10,Punjab,Amritsar,1.0,PM10,134.0,Moderate,"number_of_monitoring_stations in Absolute Number, aqi_value in Indices",,0.0,6.5,13.0,2.7,94,0.0,11.2,991.4
2024-01-10,Punjab,Bathinda,1.0,PM2.5,142.0,Moderate,"number_of_monitoring_stations in Absolute Number, aqi_value in Indices",,0.0,8.2,16.0,3.3,87,0.0,11.5,994.6
2024-01-10,Punjab,Jalandhar,1.0,PM10,94.0,Satisfactory,"number_of_monitoring_stations in Absolute Number, aqi_value in Indices",,0.0,7.4,14.0,3.3,92,0.0,12.5,990.1
2024-01-10,Punjab,Ludhiana,1.0,PM2.5,100.0,Satisfactory,"number_of_monitoring_stations in Absolute Number, aqi_value in Indices",,0.0,7.9,14.8,3.9,91,0.0,13.6,988.9
2024-01-10,Punjab,Patiala,1.0,PM2.5,127.0,Moderate,"number_of_monitoring_stations in Absolute Number, aqi_value in Indices",,0.0,8.0,15.5,3.5,90,0.0,14.9,987.9
2024-01-10,Punjab,Rupnagar,1.0,PM2.5,112.0,Moderate,"number_of_monitoring_stations in Absolute Number, aqi_value in Indices",,0.0,9.2,17.7,4.7,86,0.0,15.3,986.7
2024-01-11,Punjab,Amritsar,1.0,PM10,133.0,Moderate,"number_of_monitoring_stations in Absolute Number, aqi_value in Indices",,0.0,6.9,13.0,3.6,94,0.0,10.7,991.5
2024-01-11,Punjab,Bathinda,1.0,PM2.5,99.0,Satisfactory,"number_of_monitoring_stations in Absolute Number, aqi_value in Indices",,0.0,9.2,15.9,4.8,90,0.0,8.3,994.7
2024-01-11,Punjab,Jalandhar,1.0,PM2.5,160.0,Moderate,"number_of_monitoring_stations in Absolute Number, aqi_value in Indices",,0.0,6.6,12.9,3.3,94,0.0,11.0,990.3
2024-01-11,Punjab,Ludhiana,1.0,PM2.5,244.0,Poor,"number_of_monitoring_stations in Absolute Number, aqi_value in Indices",,0.0,7.7,13.8,4.9,92,0.0,9.6,989.2
2024-01-11,Punjab,Patiala,1.0,PM2.5,205.0,Poor,"number_of_monitoring_stations in Absolute Number, aqi_value in Indices",,0.0,7.9,14.1,2.8,92,0.0,13.3,988.4
2024-01-11,Punjab,Rupnagar,1.0,PM2.5,140.0,Moderate,"number_of_monitoring_stations in Absolute Number, aqi_value in Indices",,0.0,8.3,15.5,3.6,89,0.0,9.9,987.2
2024-01-12,Punjab,Amritsar,1.0,PM2.5,144.0,Moderate,"number_of_monitoring_stations in Absolute Number, aqi_value in Indices",,0.0,7.0,13.5,2.6,94,0.0,9.7,990.3
2024-01-12,Punjab,Bathinda,1.0,PM2.5,90.0,Satisfactory,"number_of_monitoring_stations in Absolute Number, aqi_value in Indices",,0.0,8.9,16.2,4.6,91,0.0,10.8,993.5
2024-01-12,Punjab,Jalandhar,1.0,PM2.5,108.0,Moderate,"number_of_monitoring_stations in Absolute Number, aqi_value in Indices",,0.0,7.0,13.8,1.9,93,0.0,9.7,989.1
2024-01-12,Punjab,Ludhiana,1.0,PM2.5,182.0,Moderate,"number_of_monitoring_stations in Absolute Number, aqi_value in Indices",,0.0,8.0,15.0,4.0,90,0.0,10.7,988.0
2024-01-12,Punjab,Patiala,1.0,PM2.5,158.0,Moderate,"number_of_monitoring_stations in Absolute Number, aqi_value in Indices",,0.0,9.0,15.6,4.7,88,0.0,13.0,987.1
2024-01-12,Punjab,Rupnagar,1.0,PM2.5,97.0,Satisfactory,"number_of_monitoring_stations in Absolute Number, aqi_value in Indices",,0.0,8.9,16.0,3.9,87,0.0,8.7,986.0
2024-01-13,Punjab,Amritsar,1.0,PM2.5,193.0,Moderate,"number_of_monitoring_stations in Absolute Number, aqi_value in Indices",,0.0,7.7,14.0,3.5,94,0.0,7.9,989.6
2024-01-13,Punjab,Bathinda,1.0,PM2.5,97.0,Satisfactory,"number_of_monitoring_stations in Absolute Number, aqi_value in Indices",,0.0,9.0,17.4,5.1,89,0.0,9.4,992.5
2024-01-13,Punjab,Jalandhar,1.0,PM2.5,109.0,Moderate,"number_of_monitoring_stations in Absolute Number, aqi_value in Indices",,0.0,7.9,14.7,4.4,92,0.0,10.8,988.5
2024-01-13,Punjab,Ludhiana,1.0,PM10,328.0,Very Poor,"number_of_monitoring_stations in Absolute Number, aqi_value in Indices",,0.0,8.9,15.9,4.7,90,0.0,8.7,987.4
2024-01-13,Punjab,Patiala,1.0,PM2.5,243.0,Poor,"number_of_monitoring_stations in Absolute Number, aqi_value in Indices",,0.0,8.4,15.3,5.0,92,0.0,10.4,986.6
2024-01-13,Punjab,Rupnagar,1.0,PM2.5,274.0,Poor,"number_of_monitoring_stations in Absolute Number, aqi_value in Indices",,0.0,8.9,15.6,5.0,88,0.0,10.0,985.6
2024-01-14,Punjab,Amritsar,1.0,PM2.5,206.0,Poor,"number_of_monitoring_stations in Absolute Number, aqi_value in Indices",,0.0,6.6,13.0,2.7,94,0.0,10.1,990.2
2024-01-14,Punjab,Jalandhar,1.0,PM2.5,153.0,Moderate,"number_of_monitoring_stations in Absolute Number, aqi_value in Indices",,0.0,7.3,13.6,4.1,90,0.0,11.2,989.1
2024-01-14,Punjab,Ludhiana,1.0,PM2.5,183.0,Moderate,"number_of_monitoring_stations in Absolute Number, aqi_value in Indices",,0.0,7.4,14.3,4.1,90,0.0,7.9,988.0
2024-01-14,Punjab,Patiala,1.0,PM2.5,169.0,Moderate,"number_of_monitoring_stations in Absolute Number, aqi_value in Indices",,0.0,7.7,14.9,4.3,91,0.0,8.9,987.0
2024-01-14,Punjab,Rupnagar,1.0,PM2.5,187.0,Moderate,"number_of_monitoring_stations in Absolute Number, aqi_value in Indices",,0.0,7.9,15.5,3.2,88,0.0,10.5,985.9
2024-01-15,Punjab,Amritsar,1.0,PM2.5,161.0,Moderate,"number_of_monitoring_stations in Absolute Number, aqi_value in Indices",,0.0,6.9,12.8,3.2,94,0.0,9.2,989.4
2024-01-15,Punjab,Jalandhar,1.0,PM2.5,148.0,Moderate,"number_of_monitoring_stations in Absolute Number, aqi_value in Indices",,0.0,7.4,13.4,4.3,94,0.0,8.2,988.4
2024-01-15,Punjab,Ludhiana,1.0,PM2.5,169.0,Moderate,"number_of_monitoring_stations in Absolute Number, aqi_value in Indices",,0.0,7.5,13.2,4.3,92,0.0,7.8,987.3
2024-01-15,Punjab,Patiala,1.0,PM2.5,75.0,Satisfactory,"number_of_monitoring_stations in Absolute Number, aqi_value in Indices",,0.0,7.1,13.2,4.0,94,0.0,8.7,986.5
2024-01-15,Punjab,Rupnagar,1.0,CO,101.0,Moderate,"number_of_monitoring_stations in Absolute Number, aqi_value in Indices",,0.0,7.9,14.9,3.8,91,0.0,7.6,985.4
2024-01-16,Punjab,Amritsar,1.0,PM2.5,172.0,Moderate,"number_of_monitoring_stations in Absolute Number, aqi_value in Indices",,0.0,6.4,12.7,1.6,93,0.0,7.0,987.3
2024-01-16,Punjab,Bathinda,1.0,PM10,97.0,Satisfactory,"number_of_monitoring_stations in Absolute Number, aqi_value in Indices",,0.0,8.2,15.1,4.8,90,0.0,7.9,990.3
2024-01-16,Punjab,Jalandhar,1.0,PM2.5,206.0,Poor,"number_of_monitoring_stations in Absolute Number, aqi_value in Indices",,0.0,7.8,14.4,2.6,89,0.0,7.4,986.2
2024-01-16,Punjab,Ludhiana,1.0,PM10,131.0,Moderate,"number_of_monitoring_stations in Absolute Number, aqi_value in Indices",,0.0,7.6,14.8,3.3,91,0.0,7.7,985.1
2024-01-16,Punjab,Patiala,1.0,PM2.5,168.0,Moderate,"number_of_monitoring_stations in Absolute Number, aqi_value in Indices",,0.0,8.3,14.8,4.5,92,0.0,8.7,984.4
2024-01-17,Punjab,Amritsar,1.0,PM2.5,155.0,Moderate,"number_of_monitoring_stations in Absolute Number, aqi_value in Indices",,0.0,8.7,15.5,3.4,92,0.0,5.5,987.6
2024-01-17,Punjab,Bathinda,1.0,PM2.5,96.0,Satisfactory,"number_of_monitoring_stations in Absolute Number, aqi_value in Indices",,0.0,8.9,16.7,4.6,90,0.0,10.3,990.4
2024-01-17,Punjab,Jalandhar,1.0,PM2.5,224.0,Poor,"number_of_monitoring_stations in Absolute Number, aqi_value in Indices",,0.0,9.6,16.3,4.6,92,0.0,7.0,986.5
2024-01-17,Punjab,Ludhiana,1.0,PM2.5,284.0,Poor,"number_of_monitoring_stations in Absolute Number, aqi_value in Indices",,0.0,10.4,16.7,5.9,89,0.0,4.8,985.4
2024-01-17,Punjab,Patiala,1.0,PM2.5,157.0,Moderate,"number_of_monitoring_stations in Absolute Number, aqi_value in Indices",,0.0,10.3,16.9,4.1,90,0.0,10.0,984.6
2024-01-17,Punjab,Rupnagar,1.0,PM2.5,228.0,Poor,"number_of_monitoring_stations in Absolute Number, aqi_value in Indices",,0.0,10.2,17.9,3.4,87,0.0,8.2,983.6
2024-01-18,Punjab,Amritsar,1.0,PM2.5,153.0,Moderate,"number_of_monitoring_stations in Absolute Number, aqi_value in Indices",,0.0,9.2,15.8,4.3,95,0.0,9.4,989.4
2024-01-18,Punjab,Bathinda,1.0,PM2.5,72.0,Satisfactory,"number_of_monitoring_stations in Absolute Number, aqi_value in Indices",,0.0,9.3,16.1,4.6,91,0.0,9.7,992.4
2024-01-18,Punjab,Jalandhar,1.0,PM2.5,184.0,Moderate,"number_of_monitoring_stations in Absolute Number, aqi_value in Indices",,0.0,10.0,16.6,5.8,95,0.0,9.7,988.2
2024-01-18,Punjab,Ludhiana,1.0,PM2.5,231.0,Poor,"number_of_monitoring_stations in Absolute Number, aqi_value in Indices",,0.0,10.4,16.7,6.8,93,0.0,8.8,987.2
2024-01-18,Punjab,Patiala,1.0,PM2.5,194.0,Moderate,"number_of_monitoring_stations in Absolute Number, aqi_value in Indices",,0.0,9.9,16.2,6.8,95,0.0,10.2,986.4
2024-01-18,Punjab,Rupnagar,1.0,PM2.5,225.0,Poor,"number_of_monitoring_stations in Absolute Number, aqi_value in Indices",,0.0,10.2,17.6,4.2,91,0.0,10.3,985.3
2024-01-19,Punjab,Amritsar,1.0,PM10,132.0,Moderate,"number_of_monitoring_stations in Absolute Number, aqi_value in Indices",,0.0,8.7,13.8,5.1,95,0.0,9.7,990.5
2024-01-19,Punjab,Bathinda,1.0,PM10,77.0,Satisfactory,"number_of_monitoring_stations in Absolute Number, aqi_value in Indices",,0.0,9.2,15.8,5.0,91,0.0,10.6,993.6
2024-01-19,Punjab,Ludhiana,1.0,PM10,115.0,Moderate,"number_of_monitoring_stations in Absolute Number, aqi_value in Indices",,0.0,9.6,15.6,6.3,92,0.0,7.7,988.4
2024-01-19,Punjab,Patiala,1.0,PM2.5,165.0,Moderate,"number_of_monitoring_stations in Absolute Number, aqi_value in Indices",,0.0,9.3,15.0,5.8,94,0.0,10.0,987.8
2024-01-19,Punjab,Rupnagar,1.0,PM2.5,228.0,Poor,"number_of_monitoring_stations in Absolute Number, aqi_value in Indices",,0.0,10.0,16.4,5.9,91,0.0,9.0,986.8
2024-01-20,Punjab,Amritsar,1.0,PM10,128.0,Moderate,"number_of_monitoring_stations in Absolute Number, aqi_value in Indices",,0.0,8.7,14.3,4.9,92,0.0,7.4,991.7
2024-01-20,Punjab,Bathinda,1.0,PM10,86.0,Satisfactory,"number_of_monitoring_stations in Absolute Number, aqi_value in Indices",,0.0,9.5,16.7,4.9,88,0.0,10.7,994.4
2024-01-20,Punjab,Jalandhar,1.0,PM2.5,172.0,Moderate,"number_of_monitoring_stations in Absolute Number, aqi_value in Indices",,0.0,8.6,14.3,5.3,91,0.0,9.8,990.6
2024-01-20,Punjab,Ludhiana,1.0,PM2.5,261.0,Poor,"number_of_monitoring_stations in Absolute Number, aqi_value in Indices",,0.0,8.9,15.4,5.2,90,0.0,8.2,989.4
2024-01-20,Punjab,Patiala,1.0,PM2.5,167.0,Moderate,"number_of_monitoring_stations in Absolute Number, aqi_value in Indices",,0.0,8.5,14.5,5.4,92,0.0,8.7,988.6
2024-01-20,Punjab,Rupnagar,1.0,PM2.5,325.0,Very Poor,"number_of_monitoring_stations in Absolute Number, aqi_value in Indices",,0.0,9.8,15.6,5.8,87,0.0,9.7,987.6
2024-01-21,Punjab,Amritsar,1.0,PM10,132.0,Moderate,"number_of_monitoring_stations in Absolute Number, aqi_value in Indices",,0.0,7.6,14.5,3.8,92,0.0,10.1,990.8
2024-01-21,Punjab,Bathinda,1.0,PM10,75.0,Satisfactory,"number_of_monitoring_stations in Absolute Number, aqi_value in Indices",,0.0,8.2,15.5,3.9,90,0.0,9.3,994.0
2024-01-21,Punjab,Jalandhar,1.0,PM2.5,178.0,Moderate,"number_of_monitoring_stations in Absolute Number, aqi_value in Indices",,0.0,8.1,14.6,4.3,90,0.0,10.9,989.6
2024-01-21,Punjab,Ludhiana,1.0,PM2.5,166.0,Moderate,"number_of_monitoring_stations in Absolute Number, aqi_value in Indices",,0.0,8.3,15.3,4.3,90,0.0,10.6,988.4
2024-01-21,Punjab,Patiala,1.0,PM2.5,186.0,Moderate,"number_of_monitoring_stations in Absolute Number, aqi_value in Indices",,0.0,8.4,15.0,4.7,91,0.0,12.2,987.5
2024-01-21,Punjab,Rupnagar,1.0,PM2.5,145.0,Moderate,"number_of_monitoring_stations in Absolute Number, aqi_value in Indices",,0.0,8.6,15.7,4.7,89,0.0,12.6,986.4
2024-01-22,Punjab,Amritsar,1.0,PM10,132.0,Moderate,"number_of_monitoring_stations in Absolute Number, aqi_value in Indices",,0.0,7.1,13.1,3.3,93,0.0,9.0,991.4
2024-01-22,Punjab,Bathinda,1.0,PM2.5,96.0,Satisfactory,"number_of_monitoring_stations in Absolute Number, aqi_value in Indices",,0.0,7.6,14.9,1.8,89,0.0,10.7,994.3
2024-01-22,Punjab,Jalandhar,1.0,PM2.5,123.0,Moderate,"number_of_monitoring_stations in Absolute Number, aqi_value in Indices",,0.0,7.0,13.2,3.7,92,0.0,7.2,990.3
2024-01-22,Punjab,Ludhiana,1.0,PM2.5,174.0,Moderate,"number_of_monitoring_stations in Absolute Number, aqi_value in Indices",,0.0,7.1,13.2,3.6,91,0.0,8.2,989.2
2024-01-22,Punjab,Patiala,1.0,PM2.5,216.0,Poor,"number_of_monitoring_stations in Absolute Number, aqi_value in Indices",,0.0,7.1,13.4,3.4,93,0.0,10.2,988.5
2024-01-22,Punjab,Rupnagar,1.0,PM2.5,178.0,Moderate,"number_of_monitoring_stations in Absolute Number, aqi_value in Indices",,0.0,7.2,13.3,3.7,91,0.0,7.5,987.6
2024-01-23,Punjab,Amritsar,1.0,PM2.5,155.0,Moderate,"number_of_monitoring_stations in Absolute Number, aqi_value in Indices",,0.0,6.8,13.4,2.0,93,0.0,7.9,991.4
2024-01-23,Punjab,Bathinda,1.0,PM2.5,72.0,Satisfactory,"number_of_monitoring_stations in Absolute Number, aqi_value in Indices",,0.0,8.9,16.3,3.8,88,0.0,9.0,994.2
2024-01-23,Punjab,Jalandhar,1.0,PM2.5,150.0,Moderate,"number_of_monitoring_stations in Absolute Number, aqi_value in Indices",,0.0,7.0,14.0,2.9,92,0.0,10.7,990.1
2024-01-23,Punjab,Ludhiana,1.0,PM2.5,279.0,Poor,"number_of_monitoring_stations in Absolute Number, aqi_value in Indices",,0.0,7.4,14.8,2.7,91,0.0,8.9,988.9
2024-01-23,Punjab,Patiala,1.0,PM2.5,165.0,Moderate,"number_of_monitoring_stations in Absolute Number, aqi_value in Indices",,0.0,7.8,14.9,3.2,92,0.0,8.4,988.1
2024-01-23,Punjab,Rupnagar,1.0,PM2.5,323.0,Very Poor,"number_of_monitoring_stations in Absolute Number, aqi_value in Indices",,0.0,7.6,15.7,2.0,87,0.0,10.2,987.1
2024-01-24,Punjab,Amritsar,1.0,PM2.5,185.0,Moderate,"number_of_monitoring_stations in Absolute Number, aqi_value in Indices",,0.0,7.5,14.7,3.1,94,0.0,7.8,991.2
2024-01-24,Punjab,Bathinda,1.0,PM10,61.0,Satisfactory,"number_of_monitoring_stations in Absolute Number, aqi_value in Indices",,0.0,9.0,16.6,5.3,90,0.0,8.4,994.4
2024-01-24,Punjab,Jalandhar,1.0,PM2.5,110.0,Moderate,"number_of_monitoring_stations in Absolute Number, aqi_value in Indices",,0.0,7.8,15.0,3.6,93,0.0,10.4,990.0
2024-01-24,Punjab,Ludhiana,1.0,PM2.5,126.0,Moderate,"number_of_monitoring_stations in Absolute Number, aqi_value in Indices",,0.0,8.0,15.6,4.6,92,0.0,10.1,988.9
2024-01-24,Punjab,Patiala,1.0,PM2.5,151.0,Moderate,"number_of_monitoring_stations in Absolute Number, aqi_value in Indices",,0.0,7.7,15.2,3.6,93,0.0,9.0,988.1
2024-01-24,Punjab,Rupnagar,1.0,PM2.5,181.0,Moderate,"number_of_monitoring_stations in Absolute Number, aqi_value in Indices",,0.0,8.6,16.2,4.9,91,0.0,10.8,987.1
2024-01-25,Punjab,Amritsar,1.0,PM2.5,146.0,Moderate,"number_of_monitoring_stations in Absolute Number, aqi_value in Indices",,0.0,7.7,12.4,3.5,94,0.0,7.8,993.2
2024-01-25,Punjab,Bathinda,1.0,PM2.5,177.0,Moderate,"number_of_monitoring_stations in Absolute Number, aqi_value in Indices",,0.0,8.9,14.7,4.8,90,0.0,10.2,996.2
2024-01-25,Punjab,Jalandhar,1.0,PM2.5,130.0,Moderate,"number_of_monitoring_stations in Absolute Number, aqi_value in Indices",,0.0,8.4,13.4,3.1,93,0.0,10.0,991.9
2024-01-25,Punjab,Ludhiana,1.0,PM2.5,142.0,Moderate,"number_of_monitoring_stations in Absolute Number, aqi_value in Indices",,0.0,8.1,14.1,4.1,92,0.0,8.1,990.8
2024-01-25,Punjab,Patiala,1.0,PM2.5,129.0,Moderate,"number_of_monitoring_stations in Absolute Number, aqi_value in Indices",,0.0,8.4,14.7,3.1,92,0.0,10.2,990.0
2024-01-26,Punjab,Amritsar,1.0,PM2.5,138.0,Moderate,"number_of_monitoring_stations in Absolute Number, aqi_value in Indices",,0.0,10.8,17.6,5.2,86,0.0,10.7,993.6
2024-01-26,Punjab,Bathinda,1.0,PM2.5,78.0,Satisfactory,"number_of_monitoring_stations in Absolute Number, aqi_value in Indices",,0.0,10.7,17.9,6.1,87,0.0,8.6,996.8
2024-01-26,Punjab,Jalandhar,1.0,PM2.5,182.0,Moderate,"number_of_monitoring_stations in Absolute Number, aqi_value in Indices",,0.0,11.2,17.9,7.1,87,0.0,11.5,992.3
2024-01-26,Punjab,Patiala,1.0,PM2.5,130.0,Moderate,"number_of_monitoring_stations in Absolute Number, aqi_value in Indices",,0.0,10.0,17.1,5.0,90,0.0,9.3,990.5
2024-01-26,Punjab,Rupnagar,1.0,PM2.5,233.0,Poor,"number_of_monitoring_stations in Absolute Number, aqi_value in Indices",,0.0,11.6,18.5,7.6,83,0.0,11.8,989.4
2024-01-27,Punjab,Amritsar,1.0,PM10,130.0,Moderate,"number_of_monitoring_stations in Absolute Number, aqi_value in Indices",,0.0,11.1,19.1,5.0,84,0.0,10.9,991.7
2024-01-27,Punjab,Bathinda,1.0,PM10,73.0,Satisfactory,"number_of_monitoring_stations in Absolute Number, aqi_value in Indices",,0.0,12.4,19.8,6.2,82,0.0,10.8,995.3
2024-01-27,Punjab,Jalandhar,1.0,PM2.5,185.0,Moderate,"number_of_monitoring_stations in Absolute Number, aqi_value in Indices",,0.0,11.9,19.1,5.0,85,0.0,10.3,990.6
2024-01-27,Punjab,Ludhiana,1.0,PM2.5,96.0,Satisfactory,"number_of_monitoring_stations in Absolute Number, aqi_value in Indices",,0.0,11.4,19.3,6.4,86,0.0,12.7,989.4
2024-01-27,Punjab,Patiala,1.0,PM2.5,105.0,Moderate,"number_of_monitoring_stations in Absolute Number, aqi_value in Indices",,0.0,12.5,19.1,8.3,83,0.0,16.6,988.6
2024-01-27,Punjab,Rupnagar,1.0,PM2.5,210.0,Poor,"number_of_monitoring_stations in Absolute Number, aqi_value in Indices",,0.0,11.6,20.6,4.5,80,0.0,17.4,987.3
2024-01-28,Punjab,Amritsar,1.0,PM2.5,155.0,Moderate,"number_of_monitoring_stations in Absolute Number, aqi_value in Indices",,0.0,12.0,19.2,6.9,85,0.0,10.7,989.6
2024-01-28,Punjab,Bathinda,1.0,PM2.5,64.0,Satisfactory,"number_of_monitoring_stations in Absolute Number, aqi_value in Indices",,0.0,12.9,19.3,7.6,82,0.0,9.7,992.9
2024-01-28,Punjab,Jalandhar,1.0,PM2.5,210.0,Poor,"number_of_monitoring_stations in Absolute Number, aqi_value in Indices",,0.0,12.1,19.5,6.4,86,0.0,10.3,988.8
2024-01-28,Punjab,Ludhiana,1.0,PM2.5,203.0,Poor,"number_of_monitoring_stations in Absolute Number, aqi_value in Indices",,0.0,11.9,19.2,6.0,87,0.0,9.7,987.8
2024-01-28,Punjab,Patiala,1.0,PM2.5,110.0,Moderate,"number_of_monitoring_stations in Absolute Number, aqi_value in Indices",,0.0,11.9,18.5,6.3,88,0.0,11.5,987.4
2024-01-28,Punjab,Rupnagar,1.0,PM2.5,223.0,Poor,"number_of_monitoring_stations in Absolute Number, aqi_value in Indices",,0.0,11.5,19.3,4.5,82,0.0,10.9,986.4
2024-01-29,Punjab,Amritsar,1.0,PM2.5,147.0,Moderate,"number_of_monitoring_stations in Absolute Number, aqi_value in Indices",,0.0,12.3,18.8,6.8,87,0.0,8.7,990.8
2024-01-29,Punjab,Bathinda,1.0,PM10,129.0,Moderate,"number_of_monitoring_stations in Absolute Number, aqi_value in Indices",,0.0,13.6,20.4,9.1,87,0.0,9.7,993.5
2024-01-29,Punjab,Jalandhar,1.0,PM2.5,124.0,Moderate,"number_of_monitoring_stations in Absolute Number, aqi_value in Indices",,0.0,12.2,19.5,6.5,85,0.0,11.0,989.6
2024-01-29,Punjab,Ludhiana,1.0,PM2.5,239.0,Poor,"number_of_monitoring_stations in Absolute Number, aqi_value in Indices",,0.0,12.3,19.5,7.0,87,0.0,9.3,988.5
2024-01-29,Punjab,Patiala,1.0,PM2.5,157.0,Moderate,"number_of_monitoring_stations in Absolute Number, aqi_value in Indices",,0.0,13.4,19.4,8.8,88,0.0,11.4,987.8
2024-01-29,Punjab,Rupnagar,1.0,PM2.5,238.0,Poor,"number_of_monitoring_stations in Absolute Number, aqi_value in Indices",,0.0,11.7,20.0,4.8,77,0.0,11.6,986.8
2024-01-30,Punjab,Amritsar,1.0,PM10,126.0,Moderate,"number_of_monitoring_stations in Absolute Number, aqi_value in Indices",,0.0,12.1,17.4,7.1,86,1.1,11.8,989.2
2024-01-30,Punjab,Bathinda,1.0,PM10,142.0,Moderate,"number_of_monitoring_stations in Absolute Number, aqi_value in Indices",,0.0,13.2,19.9,8.5,89,0.0,10.3,992.2
2024-01-30,Punjab,Jalandhar,1.0,O3,224.0,Poor,"number_of_monitoring_stations in Absolute Number, aqi_value in Indices",,0.0,12.2,19.2,6.4,85,0.0,12.6,987.9
2024-01-30,Punjab,Ludhiana,1.0,PM2.5,200.0,Moderate,"number_of_monitoring_stations in Absolute Number, aqi_value in Indices",,0.0,12.6,19.9,6.9,86,0.0,9.2,986.8
2024-01-30,Punjab,Patiala,1.0,PM2.5,114.0,Moderate,"number_of_monitoring_stations in Absolute Number, aqi_value in Indices",,0.0,12.9,19.5,7.3,88,0.0,8.8,986.3
2024-01-30,Punjab,Rupnagar,1.0,PM2.5,187.0,Moderate,"number_of_monitoring_stations in Absolute Number, aqi_value in Indices",,0.0,11.9,20.7,5.5,85,0.0,8.7,985.1
2024-01-31,Punjab,Amritsar,1.0,PM10,129.0,Moderate,"number_of_monitoring_stations in Absolute Number, aqi_value in Indices",,0.0,13.5,17.5,10.3,86,4.3,15.8,987.5
2024-01-31,Punjab,Bathinda,1.0,PM2.5,85.0,Satisfactory,"number_of_monitoring_stations in Absolute Number, aqi_value in Indices",,0.0,13.9,18.4,10.5,92,24.9,14.5,990.5
2024-01-31,Punjab,Ludhiana,1.0,PM2.5,149.0,Moderate,"number_of_monitoring_stations in Absolute Number, aqi_value in Indices",,0.0,12.9,17.7,8.8,89,2.3,13.7,985.7
2024-01-31,Punjab,Patiala,1.0,PM2.5,91.0,Satisfactory,"number_of_monitoring_stations in Absolute Number, aqi_value in Indices",,0.0,12.8,16.1,9.6,93,12.5,15.9,985.4
2024-01-31,Punjab,Rupnagar,1.0,PM2.5,234.0,Poor,"number_of_monitoring_stations in Absolute Number, aqi_value in Indices",,0.0,12.5,18.0,8.0,84,2.0,16.8,984.5
2024-02-01,Punjab,Amritsar,1.0,PM10,88.0,Satisfactory,"number_of_monitoring_stations in Absolute Number, aqi_value in Indices",,0.0,11.8,14.5,9.2,91,20.9,20.1,987.6
2024-02-01,Punjab,Bathinda,1.0,PM10,121.0,Moderate,"number_of_monitoring_stations in Absolute Number, aqi_value in Indices",,0.0,14.5,20.0,9.4,79,11.8,18.7,990.1
2024-02-01,Punjab,Jalandhar,1.0,PM2.5,178.0,Moderate,"number_of_monitoring_stations in Absolute Number, aqi_value in Indices",,0.0,12.7,16.1,10.2,89,22.8,22.7,986.5
2024-02-01,Punjab,Ludhiana,1.0,PM2.5,137.0,Moderate,"number_of_monitoring_stations in Absolute Number, aqi_value in Indices",,0.0,13.2,16.9,9.2,90,15.6,23.8,985.4
2024-02-01,Punjab,Patiala,1.0,PM2.5,165.0,Moderate,"number_of_monitoring_stations in Absolute Number, aqi_value in Indices",,0.0,13.4,16.7,11.0,90,2.4,29.0,985.3
2024-02-01,Punjab,Rupnagar,1.0,PM10,91.0,Satisfactory,"number_of_monitoring_stations in Absolute Number, aqi_value in Indices",,0.0,12.5,17.8,9.1,81,25.7,31.1,984.1
2024-02-02,Punjab,Amritsar,1.0,PM10,69.0,Satisfactory,"number_of_monitoring_stations in Absolute Number, aqi_value in Indices",,0.0,10.8,17.1,5.7,83,0.0,9.2,992.7
2024-02-02,Punjab,Bathinda,1.0,PM10,82.0,Satisfactory,"number_of_monitoring_stations in Absolute Number, aqi_value in Indices",,0.0,12.6,18.5,9.4,85,0.0,9.7,995.6
2024-02-02,Punjab,Jalandhar,1.0,PM10,65.0,Satisfactory,"number_of_monitoring_stations in Absolute Number, aqi_value in Indices",,0.0,10.7,16.7,6.6,85,0.0,11.5,991.3
2024-02-02,Punjab,Ludhiana,1.0,PM10,79.0,Satisfactory,"number_of_monitoring_stations in Absolute Number, aqi_value in Indices",,0.0,10.8,17.1,6.0,85,0.0,12.8,990.1
2024-02-02,Punjab,Patiala,1.0,PM10,50.0,Good,"number_of_monitoring_stations in Absolute Number, aqi_value in Indices",,0.0,11.7,17.1,6.8,82,0.0,16.3,989.2
2024-02-02,Punjab,Rupnagar,1.0,PM10,159.0,Moderate,"number_of_monitoring_stations in Absolute Number, aqi_value in Indices",,0.0,11.0,18.1,6.4,79,0.3,16.1,988.2
2024-02-03,Punjab,Amritsar,1.0,PM10,88.0,Satisfactory,"number_of_monitoring_stations in Absolute Number, aqi_value in Indices",,0.0,11.6,15.3,9.2,75,1.1,11.1,990.5
2024-02-03,Punjab,Bathinda,1.0,PM10,91.0,Satisfactory,"number_of_monitoring_stations in Absolute Number, aqi_value in Indices",,0.0,13.7,18.4,9.4,70,0.2,13.8,993.3
2024-02-03,Punjab,Jalandhar,1.0,PM10,99.0,Satisfactory,"number_of_monitoring_stations in Absolute Number, aqi_value in Indices",,0.0,11.2,16.5,6.3,81,0.5,11.1,989.2
2024-02-03,Punjab,Ludhiana,1.0,PM10,64.0,Satisfactory,"number_of_monitoring_stations in Absolute Number, aqi_value in Indices",,0.0,12.0,17.1,7.6,77,0.9,11.9,988.0
2024-02-03,Punjab,Patiala,1.0,PM10,55.0,Satisfactory,"number_of_monitoring_stations in Absolute Number, aqi_value in Indices",,0.0,12.7,18.4,8.7,74,1.5,12.2,987.2
2024-02-03,Punjab,Rupnagar,1.0,PM10,186.0,Moderate,"number_of_monitoring_stations in Absolute Number, aqi_value in Indices",,0.0,11.4,17.3,4.7,75,0.6,14.3,986.1
2024-02-04,Punjab,Bathinda,1.0,PM10,90.0,Satisfactory,"number_of_monitoring_stations in Absolute Number, aqi_value in Indices",,0.0,13.2,16.4,10.6,85,15.2,14.8,991.3
2024-02-04,Punjab,Jalandhar,1.0,PM10,75.0,Satisfactory,"number_of_monitoring_stations in Absolute Number, aqi_value in Indices",,0.0,12.1,16.1,9.5,86,2.8,9.6,987.6
2024-02-04,Punjab,Ludhiana,1.0,PM10,90.0,Satisfactory,"number_of_monitoring_stations in Absolute Number, aqi_value in Indices",,0.0,11.9,15.2,10.1,92,18.6,10.8,986.5
2024-02-04,Punjab,Patiala,1.0,PM2.5,57.0,Satisfactory,"number_of_monitoring_stations in Absolute Number, aqi_value in Indices",,0.0,13.2,16.6,10.8,91,14.0,14.7,985.7
2024-02-04,Punjab,Rupnagar,1.0,PM10,172.0,Moderate,"number_of_monitoring_stations in Absolute Number, aqi_value in Indices",,0.0,10.9,13.8,7.6,91,35.3,13.9,985.0
2024-02-05,Punjab,Amritsar,1.0,PM10,87.0,Satisfactory,"number_of_monitoring_stations in Absolute Number, aqi_value in Indices",,0.0,10.0,16.8,4.7,84,0.1,9.1,990.8
2024-02-05,Punjab,Bathinda,1.0,PM10,74.0,Satisfactory,"number_of_monitoring_stations in Absolute Number, aqi_value in Indices",,0.0,11.6,17.4,8.5,86,0.0,10.5,993.9
2024-02-05,Punjab,Jalandhar,1.0,PM10,43.0,Good,"number_of_monitoring_stations in Absolute Number, aqi_value in Indices",,0.0,11.3,16.6,8.0,86,0.0,9.4,989.6
2024-02-05,Punjab,Ludhiana,1.0,PM10,44.0,Good,"number_of_monitoring_stations in Absolute Number, aqi_value in Indices",,0.0,12.1,17.1,7.0,87,0.1,10.8,988.5
2024-02-05,Punjab,Patiala,1.0,PM2.5,43.0,Good,"number_of_monitoring_stations in Absolute Number, aqi_value in Indices",,0.0,13.1,17.7,7.9,85,0.2,8.7,987.7
2024-02-06,Punjab,Bathinda,1.0,CO,66.0,Satisfactory,"number_of_monitoring_stations in Absolute Number, aqi_value in Indices",,0.0,11.5,18.0,5.7,74,0.0,10.7,995.3
2024-02-06,Punjab,Jalandhar,1.0,PM10,103.0,Moderate,"number_of_monitoring_stations in Absolute Number, aqi_value in Indices",,0.0,10.2,17.3,4.2,76,0.0,12.9,990.8
2024-02-06,Punjab,Ludhiana,1.0,PM2.5,61.0,Satisfactory,"number_of_monitoring_stations in Absolute Number, aqi_value in Indices",,0.0,10.2,17.1,5.3,77,0.0,13.7,989.7
2024-02-06,Punjab,Patiala,1.0,PM10,68.0,Satisfactory,"number_of_monitoring_stations in Absolute Number, aqi_value in Indices",,0.0,10.8,17.0,6.7,77,0.0,14.6,988.9
2024-02-06,Punjab,Rupnagar,1.0,PM10,98.0,Satisfactory,"number_of_monitoring_stations in Absolute Number, aqi_value in Indices",,0.0,10.4,17.5,4.4,79,0.0,13.8,987.8
2024-02-07,Punjab,Amritsar,1.0,PM10,109.0,Moderate,"number_of_monitoring_stations in Absolute Number, aqi_value in Indices",,0.0,10.2,17.4,3.7,72,0.0,14.4,992.9
2024-02-07,Punjab,Jalandhar,1.0,PM2.5,128.0,Moderate,"number_of_monitoring_stations in Absolute Number, aqi_value in Indices",,0.0,9.7,17.1,3.7,75,0.0,15.6,991.6
2024-02-07,Punjab,Ludhiana,1.0,PM10,105.0,Moderate,"number_of_monitoring_stations in Absolute Number, aqi_value in Indices",,0.0,10.1,17.0,3.3,73,0.0,16.3,990.6
2024-02-07,Punjab,Patiala,1.0,PM10,73.0,Satisfactory,"number_of_monitoring_stations in Absolute Number, aqi_value in Indices",,0.0,10.5,16.6,5.2,72,0.0,21.1,989.7
2024-02-07,Punjab,Rupnagar,1.0,PM10,230.0,Poor,"number_of_monitoring_stations in Absolute Number, aqi_value in Indices",,0.0,9.9,16.8,4.1,73,0.0,18.1,988.5
2024-02-08,Punjab,Amritsar,1.0,PM10,102.0,Moderate,"number_of_monitoring_stations in Absolute Number, aqi_value in Indices",,0.0,11.3,18.0,6.4,64,0.0,12.8,991.0
2024-02-08,Punjab,Bathinda,1.0,PM10,75.0,Satisfactory,"number_of_monitoring_stations in Absolute Number, aqi_value in Indices",,0.0,13.2,19.7,8.5,66,0.0,19.7,994.9
2024-02-08,Punjab,Jalandhar,1.0,PM2.5,103.0,Moderate,"number_of_monitoring_stations in Absolute Number, aqi_value in Indices",,0.0,9.6,16.9,3.5,76,0.0,12.8,989.9
2024-02-08,Punjab,Ludhiana,1.0,PM10,106.0,Moderate,"number_of_monitoring_stations in Absolute Number, aqi_value in Indices",,0.0,10.0,17.0,5.0,75,0.0,15.7,988.9
2024-02-08,Punjab,Patiala,1.0,PM10,77.0,Satisfactory,"number_of_monitoring_stations in Absolute Number, aqi_value in Indices",,0.0,10.8,16.7,7.0,73,0.0,20.0,988.0
2024-02-08,Punjab,Rupnagar,1.0,PM10,107.0,Moderate,"number_of_monitoring_stations in Absolute Number, aqi_value in Indices",,0.0,10.3,17.9,5.0,76,0.0,17.1,986.6
2024-02-09,Punjab,Amritsar,1.0,PM10,106.0,Moderate,"number_of_monitoring_stations in Absolute Number, aqi_value in Indices",,0.0,11.2,19.2,3.9,76,0.0,10.3,990.3
2024-02-09,Punjab,Bathinda,1.0,PM10,103.0,Moderate,"number_of_monitoring_stations in Absolute Number, aqi_value in Indices",,0.0,13.5,21.2,7.3,69,0.0,11.3,993.8
2024-02-09,Punjab,Jalandhar,1.0,PM2.5,123.0,Moderate,"number_of_monitoring_stations in Absolute Number, aqi_value in Indices",,0.0,10.7,18.9,3.6,77,0.0,9.5,989.4
2024-02-09,Punjab,Ludhiana,1.0,PM10,99.0,Satisfactory,"number_of_monitoring_stations in Absolute Number, aqi_value in Indices",,0.0,11.4,19.6,4.7,77,0.0,8.9,988.5
2024-02-09,Punjab,Patiala,1.0,PM10,72.0,Satisfactory,"number_of_monitoring_stations in Absolute Number, aqi_value in Indices",,0.0,12.0,19.3,6.2,77,0.0,10.3,988.0
2024-02-09,Punjab,Rupnagar,1.0,PM10,112.0,Moderate,"number_of_monitoring_stations in Absolute Number, aqi_value in Indices",,0.0,10.9,19.2,5.1,81,0.0,8.0,986.9
2024-02-10,Punjab,Amritsar,1.0,PM10,114.0,Moderate,"number_of_monitoring_stations in Absolute Number, aqi_value in Indices",,0.0,12.8,19.8,5.1,79,0.0,9.5,993.8
2024-02-10,Punjab,Bathinda,1.0,PM10,146.0,Moderate,"number_of_monitoring_stations in Absolute Number, aqi_value in Indices",,0.0,13.2,20.9,6.6,72,0.0,10.5,996.8
2024-02-10,Punjab,Jalandhar,1.0,PM2.5,166.0,Moderate,"number_of_monitoring_stations in Absolute Number, aqi_value in Indices",,0.0,12.5,19.8,5.7,78,0.0,8.4,992.7
2024-02-10,Punjab,Ludhiana,1.0,PM2.5,231.0,Poor,"number_of_monitoring_stations in Absolute Number, aqi_value in Indices",,0.0,11.8,20.0,5.0,79,0.0,10.7,991.5
2024-02-10,Punjab,Patiala,1.0,PM2.5,129.0,Moderate,"number_of_monitoring_stations in Absolute Number, aqi_value in Indices",,0.0,11.8,19.1,5.7,85,0.0,11.1,990.9
2024-02-10,Punjab,Rupnagar,1.0,PM10,172.0,Moderate,"number_of_monitoring_stations in Absolute Number, aqi_value in Indices",,0.0,11.2,20.1,4.2,79,0.0,11.0,989.9
2024-02-11,Punjab,Amritsar,1.0,PM2.5,138.0,Moderate,"number_of_monitoring_stations in Absolute Number, aqi_value in Indices",,0.0,13.4,20.6,6.2,77,0.0,9.7,993.3
2024-02-11,Punjab,Bathinda,1.0,PM10,134.0,Moderate,"number_of_monitoring_stations in Absolute Number, aqi_value in Indices",,0.0,14.2,21.2,7.3,70,0.0,10.5,996.5
2024-02-11,Punjab,Jalandhar,1.0,PM2.5,204.0,Poor,"number_of_monitoring_stations in Absolute Number, aqi_value in Indices",,0.0,13.4,20.8,6.3,78,0.0,12.0,992.1
2024-02-11,Punjab,Ludhiana,1.0,PM10,112.0,Moderate,"number_of_monitoring_stations in Absolute Number, aqi_value in Indices",,0.0,13.0,20.9,6.8,79,0.0,10.7,990.9
2024-02-11,Punjab,Patiala,1.0,PM2.5,121.0,Moderate,"number_of_monitoring_stations in Absolute Number, aqi_value in Indices",,0.0,12.8,20.4,7.2,82,0.0,8.7,990.2
2024-02-11,Punjab,Rupnagar,1.0,PM10,146.0,Moderate,"number_of_monitoring_stations in Absolute Number, aqi_value in Indices",,0.0,12.9,21.8,5.8,80,0.0,12.0,989.1
2024-02-12,Punjab,Amritsar,1.0,PM2.5,143.0,Moderate,"number_of_monitoring_stations in Absolute Number, aqi_value in Indices",,0.0,14.2,20.2,6.5,79,0.0,9.1,992.1
2024-02-12,Punjab,Bathinda,1.0,PM2.5,147.0,Moderate,"number_of_monitoring_stations in Absolute Number, aqi_value in Indices",,0.0,14.4,20.7,7.5,70,0.0,9.7,995.3
2024-02-12,Punjab,Jalandhar,1.0,PM10,98.0,Satisfactory,"number_of_monitoring_stations in Absolute Number, aqi_value in Indices",,0.0,13.6,20.6,6.4,83,0.0,9.4,990.9
2024-02-12,Punjab,Ludhiana,1.0,PM2.5,125.0,Moderate,"number_of_monitoring_stations in Absolute Number, aqi_value in Indices",,0.0,13.6,20.5,7.1,80,0.0,10.0,989.8
2024-02-12,Punjab,Patiala,1.0,PM10,103.0,Moderate,"number_of_monitoring_stations in Absolute Number, aqi_value in Indices",,0.0,13.2,20.7,6.6,85,0.0,11.0,989.2
2024-02-12,Punjab,Rupnagar,1.0,PM10,114.0,Moderate,"number_of_monitoring_stations in Absolute Number, aqi_value in Indices",,0.0,13.2,21.5,5.4,83,0.0,8.3,988.1
2024-02-13,Punjab,Amritsar,1.0,PM2.5,148.0,Moderate,"number_of_monitoring_stations in Absolute Number, aqi_value in Indices",,0.0,14.8,20.9,9.1,79,0.0,8.7,991.6
2024-02-13,Punjab,Bathinda,1.0,PM2.5,149.0,Moderate,"number_of_monitoring_stations in Absolute Number, aqi_value in Indices",,0.0,14.5,20.6,8.7,70,0.0,8.8,994.7
2024-02-13,Punjab,Jalandhar,1.0,PM10,144.0,Moderate,"number_of_monitoring_stations in Absolute Number, aqi_value in Indices",,0.0,14.1,21.4,8.0,81,0.0,8.7,990.4
2024-02-13,Punjab,Ludhiana,1.0,PM2.5,148.0,Moderate,"number_of_monitoring_stations in Absolute Number, aqi_value in Indices",,0.0,14.3,21.5,9.0,76,0.0,11.2,989.3
2024-02-13,Punjab,Patiala,1.0,PM2.5,116.0,Moderate,"number_of_monitoring_stations in Absolute Number, aqi_value in Indices",,0.0,14.5,21.2,10.0,81,0.0,9.0,988.6
2024-02-13,Punjab,Rupnagar,1.0,PM10,124.0,Moderate,"number_of_monitoring_stations in Absolute Number, aqi_value in Indices",,0.0,15.3,22.1,9.8,75,0.0,10.7,987.7
2024-02-14,Punjab,Amritsar,1.0,PM2.5,134.0,Moderate,"number_of_monitoring_stations in Absolute Number, aqi_value in Indices",,0.0,13.7,21.1,7.6,75,0.0,12.6,991.3
2024-02-14,Punjab,Bathinda,1.0,PM2.5,131.0,Moderate,"number_of_monitoring_stations in Absolute Number, aqi_value in Indices",,0.0,14.9,22.4,8.7,71,0.0,11.4,994.6
2024-02-14,Punjab,Jalandhar,1.0,PM10,109.0,Moderate,"number_of_monitoring_stations in Absolute Number, aqi_value in Indices",,0.0,14.0,21.7,7.3,75,0.0,12.0,990.2
2024-02-14,Punjab,Ludhiana,1.0,PM10,116.0,Moderate,"number_of_monitoring_stations in Absolute Number, aqi_value in Indices",,0.0,13.9,21.9,8.0,76,0.0,12.7,989.1
2024-02-14,Punjab,Patiala,1.0,PM2.5,187.0,Moderate,"number_of_monitoring_stations in Absolute Number, aqi_value in Indices",,0.0,14.1,21.7,8.4,79,0.0,12.7,988.3
2024-02-14,Punjab,Rupnagar,1.0,PM10,116.0,Moderate,"number_of_monitoring_stations in Absolute Number, aqi_value in Indices",,0.0,14.3,23.1,7.8,76,0.0,13.4,987.2
2024-02-15,Punjab,Amritsar,1.0,PM2.5,173.0,Moderate,"number_of_monitoring_stations in Absolute Number, aqi_value in Indices",,0.0,13.9,21.6,6.5,71,0.0,12.3,991.7
2024-02-15,Punjab,Bathinda,1.0,PM2.5,147.0,Moderate,"number_of_monitoring_stations in Absolute Number, aqi_value in Indices",,0.0,15.9,23.2,8.7,66,0.0,10.9,995.2
2024-02-15,Punjab,Jalandhar,1.0,PM10,117.0,Moderate,"number_of_monitoring_stations in Absolute Number, aqi_value in Indices",,0.0,14.1,22.0,6.5,75,0.0,8.9,990.7
2024-02-15,Punjab,Ludhiana,1.0,PM2.5,138.0,Moderate,"number_of_monitoring_stations in Absolute Number, aqi_value in Indices",,0.0,14.0,22.5,8.1,73,0.0,11.3,989.6
2024-02-15,Punjab,Patiala,1.0,PM2.5,109.0,Moderate,"number_of_monitoring_stations in Absolute Number, aqi_value in Indices",,0.0,13.8,21.9,8.1,79,0.0,11.1,988.9
2024-02-15,Punjab,Rupnagar,1.0,PM10,106.0,Moderate,"number_of_monitoring_stations in Absolute Number, aqi_value in Indices",,0.0,14.2,23.2,7.1,72,0.0,12.4,987.9
2024-02-16,Punjab,Amritsar,1.0,PM2.5,163.0,Moderate,"number_of_monitoring_stations in Absolute Number, aqi_value in Indices",,0.0,14.7,22.6,7.0,73,0.0,11.6,992.1
2024-02-16,Punjab,Bathinda,1.0,PM10,163.0,Moderate,"number_of_monitoring_stations in Absolute Number, aqi_value in Indices",,0.0,16.5,23.5,8.0,62,0.0,9.6,995.5
2024-02-16,Punjab,Jalandhar,1.0,PM10,131.0,Moderate,"number_of_monitoring_stations in Absolute Number, aqi_value in Indices",,0.0,14.9,23.0,6.9,73,0.0,8.7,991.1
2024-02-16,Punjab,Ludhiana,1.0,PM2.5,123.0,Moderate,"number_of_monitoring_stations in Absolute Number, aqi_value in Indices",,0.0,14.2,23.2,7.1,72,0.0,11.5,989.9
2024-02-16,Punjab,Patiala,1.0,PM2.5,137.0,Moderate,"number_of_monitoring_stations in Absolute Number, aqi_value in Indices",,0.0,14.2,22.5,8.2,73,0.0,12.1,989.3
2024-02-16,Punjab,Rupnagar,1.0,PM10,117.0,Moderate,"number_of_monitoring_stations in Absolute Number, aqi_value in Indices",,0.0,14.7,23.4,7.1,71,0.0,12.3,988.2
2024-02-17,Punjab,Amritsar,1.0,PM2.5,158.0,Moderate,"number_of_monitoring_stations in Absolute Number, aqi_value in Indices",,0.0,15.6,22.8,8.1,74,0.0,9.5,987.5
2024-02-17,Punjab,Bathinda,1.0,PM2.5,92.0,Satisfactory,"number_of_monitoring_stations in Absolute Number, aqi_value in Indices",,0.0,16.7,24.2,10.7,63,0.0,9.1,990.8
2024-02-17,Punjab,Jalandhar,1.0,PM10,133.0,Moderate,"number_of_monitoring_stations in Absolute Number, aqi_value in Indices",,0.0,15.6,23.4,8.5,72,0.0,12.0,986.4
2024-02-17,Punjab,Ludhiana,1.0,PM10,116.0,Moderate,"number_of_monitoring_stations in Absolute Number, aqi_value in Indices",,0.0,15.3,23.6,8.3,69,0.0,13.2,985.3
2024-02-17,Punjab,Patiala,1.0,PM10,93.0,Satisfactory,"number_of_monitoring_stations in Absolute Number, aqi_value in Indices",,0.0,15.1,22.7,9.0,72,0.0,15.8,984.6
2024-02-17,Punjab,Rupnagar,1.0,PM10,113.0,Moderate,"number_of_monitoring_stations in Absolute Number, aqi_value in Indices",,0.0,15.8,24.1,8.6,70,0.0,19.3,983.4
2024-02-18,Punjab,Amritsar,1.0,PM2.5,152.0,Moderate,"number_of_monitoring_stations in Absolute Number, aqi_value in Indices",,0.0,15.3,20.4,9.4,80,0.1,18.6,983.6
2024-02-18,Punjab,Bathinda,1.0,PM2.5,88.0,Satisfactory,"number_of_monitoring_stations in Absolute Number, aqi_value in Indices",,0.0,18.2,26.6,10.4,64,0.0,21.1,986.4
2024-02-18,Punjab,Jalandhar,1.0,PM10,144.0,Moderate,"number_of_monitoring_stations in Absolute Number, aqi_value in Indices",,0.0,16.2,23.5,9.7,78,0.0,13.5,982.9
2024-02-18,Punjab,Ludhiana,1.0,PM2.5,202.0,Poor,"number_of_monitoring_stations in Absolute Number, aqi_value in Indices",,0.0,17.1,24.3,9.5,74,0.0,16.2,982.0
2024-02-18,Punjab,Patiala,1.0,PM2.5,123.0,Moderate,"number_of_monitoring_stations in Absolute Number, aqi_value in Indices",,0.0,16.6,23.8,9.5,75,0.0,16.6,981.8
2024-02-18,Punjab,Rupnagar,1.0,PM2.5,134.0,Moderate,"number_of_monitoring_stations in Absolute Number, aqi_value in Indices",,0.0,16.4,23.1,8.1,75,0.0,12.1,980.9
2024-02-19,Punjab,Amritsar,1.0,PM2.5,138.0,Moderate,"number_of_monitoring_stations in Absolute Number, aqi_value in Indices",,0.0,17.5,22.4,13.9,73,16.9,26.9,980.4
2024-02-19,Punjab,Bathinda,1.0,PM2.5,115.0,Moderate,"number_of_monitoring_stations in Absolute Number, aqi_value in Indices",,0.0,19.9,26.1,16.5,60,0.5,26.3,983.2
2024-02-19,Punjab,Jalandhar,1.0,PM10,134.0,Moderate,"number_of_monitoring_stations in Absolute Number, aqi_value in Indices",,0.0,18.5,23.3,14.9,69,12.0,32.4,980.0
2024-02-19,Punjab,Ludhiana,1.0,PM2.5,223.0,Poor,"number_of_monitoring_stations in Absolute Number, aqi_value in Indices",,0.0,19.4,24.5,15.9,63,5.1,32.8,979.2
2024-02-19,Punjab,Rupnagar,1.0,PM2.5,135.0,Moderate,"number_of_monitoring_stations in Absolute Number, aqi_value in Indices",,0.0,19.7,24.5,14.5,53,11.9,36.4,978.3
2024-02-20,Punjab,Amritsar,1.0,PM2.5,148.0,Moderate,"number_of_monitoring_stations in Absolute Number, aqi_value in Indices",,0.0,15.8,21.7,11.5,83,1.0,24.7,982.3
2024-02-20,Punjab,Bathinda,1.0,PM2.5,66.0,Satisfactory,"number_of_monitoring_stations in Absolute Number, aqi_value in Indices",,0.0,17.2,24.2,12.1,69,0.0,17.3,985.3
2024-02-20,Punjab,Jalandhar,1.0,PM10,104.0,Moderate,"number_of_monitoring_stations in Absolute Number, aqi_value in Indices",,0.0,16.7,23.1,12.9,74,2.2,29.0,981.6
2024-02-20,Punjab,Ludhiana,1.0,PM10,102.0,Moderate,"number_of_monitoring_stations in Absolute Number, aqi_value in Indices",,0.0,17.2,23.2,11.6,74,0.8,26.9,980.6
2024-02-20,Punjab,Patiala,1.0,PM10,86.0,Satisfactory,"number_of_monitoring_stations in Absolute Number, aqi_value in Indices",,0.0,17.1,23.4,11.6,74,6.4,24.2,980.4
2024-02-20,Punjab,Rupnagar,1.0,PM10,60.0,Satisfactory,"number_of_monitoring_stations in Absolute Number, aqi_value in Indices",,0.0,17.0,23.2,12.1,73,8.2,32.6,979.4
2024-02-21,Punjab,Amritsar,1.0,PM2.5,120.0,Moderate,"number_of_monitoring_stations in Absolute Number, aqi_value in Indices",,0.0,13.2,20.2,8.6,78,0.0,9.4,984.2
2024-02-21,Punjab,Bathinda,1.0,PM10,133.0,Moderate,"number_of_monitoring_stations in Absolute Number, aqi_value in Indices",,0.0,15.5,22.4,10.0,67,0.0,13.6,986.9
2024-02-21,Punjab,Jalandhar,1.0,PM10,106.0,Moderate,"number_of_monitoring_stations in Absolute Number, aqi_value in Indices",,0.0,14.5,20.7,9.0,69,0.1,12.0,982.9
2024-02-21,Punjab,Ludhiana,1.0,PM10,110.0,Moderate,"number_of_monitoring_stations in Absolute Number, aqi_value in Indices",,0.0,14.4,21.4,7.8,73,0.2,16.2,981.7
2024-02-21,Punjab,Patiala,1.0,PM2.5,73.0,Satisfactory,"number_of_monitoring_stations in Absolute Number, aqi_value in Indices",,0.0,15.2,21.9,9.4,73,0.0,16.2,981.0
2024-02-21,Punjab,Rupnagar,1.0,PM10,76.0,Satisfactory,"number_of_monitoring_stations in Absolute Number, aqi_value in Indices",,0.0,14.3,21.8,7.5,67,0.0,16.3,980.1
2024-02-22,Punjab,Amritsar,1.0,PM10,79.0,Satisfactory,"number_of_monitoring_stations in Absolute Number, aqi_value in Indices",,0.0,12.6,20.1,6.0,67,0.0,10.3,986.5
2024-02-22,Punjab,Bathinda,1.0,PM10,93.0,Satisfactory,"number_of_monitoring_stations in Absolute Number, aqi_value in Indices",,0.0,14.6,21.7,8.4,62,0.0,11.0,989.6
2024-02-22,Punjab,Jalandhar,1.0,PM10,97.0,Satisfactory,"number_of_monitoring_stations in Absolute Number, aqi_value in Indices",,0.0,13.3,20.5,6.9,63,0.0,11.5,985.2
2024-02-22,Punjab,Ludhiana,1.0,PM10,68.0,Satisfactory,"number_of_monitoring_stations in Absolute Number, aqi_value in Indices",,0.0,13.6,21.0,7.7,62,0.0,10.9,984.1
2024-02-22,Punjab,Patiala,1.0,PM10,78.0,Satisfactory,"number_of_monitoring_stations in Absolute Number, aqi_value in Indices",,0.0,13.6,20.6,7.2,64,0.0,11.7,983.3
2024-02-22,Punjab,Rupnagar,1.0,PM10,104.0,Moderate,"number_of_monitoring_stations in Absolute Number, aqi_value in Indices",,0.0,12.5,21.3,6.1,64,0.0,11.4,982.3
2024-02-23,Punjab,Amritsar,1.0,PM10,92.0,Satisfactory,"number_of_monitoring_stations in Absolute Number, aqi_value in Indices",,0.0,12.3,19.9,5.9,66,0.0,10.8,988.3
2024-02-23,Punjab,Bathinda,1.0,PM2.5,36.0,Good,"number_of_monitoring_stations in Absolute Number, aqi_value in Indices",,0.0,14.6,21.2,9.0,54,0.0,12.1,991.6
2024-02-23,Punjab,Jalandhar,1.0,PM10,74.0,Satisfactory,"number_of_monitoring_stations in Absolute Number, aqi_value in Indices",,0.0,13.3,20.3,7.7,61,0.0,10.9,987.2
2024-02-23,Punjab,Ludhiana,1.0,PM10,62.0,Satisfactory,"number_of_monitoring_stations in Absolute Number, aqi_value in Indices",,0.0,13.2,20.7,6.8,58,0.0,10.3,986.1
2024-02-23,Punjab,Patiala,1.0,PM10,68.0,Satisfactory,"number_of_monitoring_stations in Absolute Number, aqi_value in Indices",,0.0,13.7,20.3,8.9,55,0.0,11.6,985.5
2024-02-23,Punjab,Rupnagar,1.0,PM10,76.0,Satisfactory,"number_of_monitoring_stations in Absolute Number, aqi_value in Indices",,0.0,12.4,21.0,4.8,65,0.0,11.4,984.2
2024-02-24,Punjab,Amritsar,1.0,PM10,68.0,Satisfactory,"number_of_monitoring_stations in Absolute Number, aqi_value in Indices",,0.0,13.3,20.0,6.2,58,0.0,10.2,988.8
2024-02-24,Punjab,Bathinda,1.0,SO2,61.0,Satisfactory,"number_of_monitoring_stations in Absolute Number, aqi_value in Indices",,0.0,14.5,21.7,7.7,51,0.0,11.7,991.8
2024-02-24,Punjab,Jalandhar,1.0,PM10,100.0,Satisfactory,"number_of_monitoring_stations in Absolute Number, aqi_value in Indices",,0.0,12.8,20.5,6.7,60,0.0,10.2,987.5
2024-02-24,Punjab,Ludhiana,1.0,PM10,95.0,Satisfactory,"number_of_monitoring_stations in Absolute Number, aqi_value in Indices",,0.0,13.1,20.9,6.1,58,0.0,10.0,986.4
2024-02-24,Punjab,Patiala,1.0,PM10,72.0,Satisfactory,"number_of_monitoring_stations in Absolute Number, aqi_value in Indices",,0.0,13.1,20.5,6.9,59,0.0,11.3,985.9
2024-02-24,Punjab,Rupnagar,1.0,PM10,96.0,Satisfactory,"number_of_monitoring_stations in Absolute Number, aqi_value in Indices",,0.0,12.3,20.5,4.4,61,0.0,11.8,984.9
2024-02-25,Punjab,Amritsar,1.0,CO,58.0,Satisfactory,"number_of_monitoring_stations in Absolute Number, aqi_value in Indices",,0.0,12.8,20.4,4.9,66,0.0,10.9,991.6
2024-02-25,Punjab,Bathinda,1.0,PM10,103.0,Moderate,"number_of_monitoring_stations in Absolute Number, aqi_value in Indices",,0.0,14.8,22.3,7.9,51,0.0,10.8,994.4
2024-02-25,Punjab,Jalandhar,1.0,PM10,105.0,Moderate,"number_of_monitoring_stations in Absolute Number, aqi_value in Indices",,0.0,13.1,20.9,7.2,61,0.0,12.2,990.3
2024-02-25,Punjab,Ludhiana,1.0,PM10,119.0,Moderate,"number_of_monitoring_stations in Absolute Number, aqi_value in Indices",,0.0,13.1,21.5,6.1,60,0.0,12.3,989.1
2024-02-25,Punjab,Patiala,1.0,PM10,77.0,Satisfactory,"number_of_monitoring_stations in Absolute Number, aqi_value in Indices",,0.0,13.8,20.9,7.4,58,0.0,10.4,988.5
2024-02-25,Punjab,Rupnagar,1.0,PM10,134.0,Moderate,"number_of_monitoring_stations in Absolute Number, aqi_value in Indices",,0.0,12.7,21.3,5.0,59,0.0,10.5,987.5
2024-02-26,Punjab,Amritsar,1.0,CO,64.0,Satisfactory,"number_of_monitoring_stations in Absolute Number, aqi_value in Indices",,0.0,13.2,20.8,6.1,63,0.0,8.9,991.2
2024-02-26,Punjab,Bathinda,1.0,PM10,99.0,Satisfactory,"number_of_monitoring_stations in Absolute Number, aqi_value in Indices",,0.0,16.3,22.9,10.3,47,0.0,11.8,994.1
2024-02-26,Punjab,Jalandhar,1.0,PM10,98.0,Satisfactory,"number_of_monitoring_stations in Absolute Number, aqi_value in Indices",,0.0,14.2,21.8,8.0,58,0.0,12.0,989.9
2024-02-26,Punjab,Ludhiana,1.0,PM10,79.0,Satisfactory,"number_of_monitoring_stations in Absolute Number, aqi_value in Indices",,0.0,14.9,22.7,7.2,54,0.0,11.4,988.8
2024-02-26,Punjab,Patiala,1.0,PM10,76.0,Satisfactory,"number_of_monitoring_stations in Absolute Number, aqi_value in Indices",,0.0,15.1,22.1,9.5,56,0.0,9.8,988.0
2024-02-26,Punjab,Rupnagar,1.0,PM10,91.0,Satisfactory,"number_of_monitoring_stations in Absolute Number, aqi_value in Indices",,0.0,14.3,23.0,5.8,60,0.0,11.0,986.9
2024-02-27,Punjab,Amritsar,1.0,PM10,82.0,Satisfactory,"number_of_monitoring_stations in Absolute Number, aqi_value in Indices",,0.0,15.7,21.3,11.5,58,0.0,14.0,991.0
2024-02-27,Punjab,Bathinda,1.0,PM2.5,44.0,Good,"number_of_monitoring_stations in Absolute Number, aqi_value in Indices",,0.0,15.8,20.1,11.6,62,1.9,15.4,994.4
2024-02-27,Punjab,Jalandhar,1.0,PM10,93.0,Satisfactory,"number_of_monitoring_stations in Absolute Number, aqi_value in Indices",,0.0,15.0,21.0,10.7,60,0.0,14.7,989.6
2024-02-27,Punjab,Ludhiana,1.0,PM10,82.0,Satisfactory,"number_of_monitoring_stations in Absolute Number, aqi_value in Indices",,0.0,15.8,21.1,12.2,54,0.0,14.5,988.7
2024-02-27,Punjab,Patiala,1.0,PM10,66.0,Satisfactory,"number_of_monitoring_stations in Absolute Number, aqi_value in Indices",,0.0,15.6,19.9,12.9,61,0.5,13.9,987.9
2024-02-27,Punjab,Rupnagar,1.0,PM10,76.0,Satisfactory,"number_of_monitoring_stations in Absolute Number, aqi_value in Indices",,0.0,15.8,22.0,12.1,61,0.3,10.1,986.6
2024-02-29,Punjab,Amritsar,1.0,PM10,134.0,Moderate,"number_of_monitoring_stations in Absolute Number, aqi_value in Indices",,0.0,15.7,23.2,8.4,70,0.0,10.5,987.4
2024-02-29,Punjab,Bathinda,1.0,PM2.5,54.0,Satisfactory,"number_of_monitoring_stations in Absolute Number, aqi_value in Indices",,0.0,17.3,25.1,9.9,63,0.0,10.5,990.5
2024-02-29,Punjab,Jalandhar,1.0,PM10,104.0,Moderate,"number_of_monitoring_stations in Absolute Number, aqi_value in Indices",,0.0,16.0,24.0,8.5,70,0.0,12.8,986.2
2024-02-29,Punjab,Ludhiana,1.0,PM10,114.0,Moderate,"number_of_monitoring_stations in Absolute Number, aqi_value in Indices",,0.0,16.7,25.0,9.6,64,0.0,10.9,985.1
2024-02-29,Punjab,Patiala,1.0,PM10,90.0,Satisfactory,"number_of_monitoring_stations in Absolute Number, aqi_value in Indices",,0.0,16.5,24.0,10.8,66,0.0,11.8,984.5
2024-02-29,Punjab,Rupnagar,1.0,PM10,105.0,Moderate,"number_of_monitoring_stations in Absolute Number, aqi_value in Indices",,0.0,17.0,25.4,9.8,65,0.0,14.3,983.2
2024-03-01,Punjab,Amritsar,1.0,PM10,85.0,Satisfactory,"number_of_monitoring_stations in Absolute Number, aqi_value in Indices",,0.0,16.7,21.2,13.5,75,6.3,16.6,986.4
2024-03-01,Punjab,Bathinda,1.0,PM10,121.0,Moderate,"number_of_monitoring_stations in Absolute Number, aqi_value in Indices",,0.0,18.8,23.0,14.3,59,1.5,27.7,988.8
2024-03-01,Punjab,Jalandhar,1.0,PM10,96.0,Satisfactory,"number_of_monitoring_stations in Absolute Number, aqi_value in Indices",,0.0,17.0,22.7,12.8,76,2.5,19.7,985.4
2024-03-01,Punjab,Ludhiana,1.0,PM10,104.0,Moderate,"number_of_monitoring_stations in Absolute Number, aqi_value in Indices",,0.0,17.7,22.1,13.6,71,1.7,25.7,984.3
2024-03-01,Punjab,Patiala,1.0,PM2.5,106.0,Moderate,"number_of_monitoring_stations in Absolute Number, aqi_value in Indices",,0.0,18.0,22.8,12.4,70,0.8,33.1,983.8
2024-03-01,Punjab,Rupnagar,1.0,PM10,230.0,Poor,"number_of_monitoring_stations in Absolute Number, aqi_value in Indices",,0.0,17.0,20.8,12.6,70,1.7,19.3,982.9
2024-03-02,Punjab,Amritsar,1.0,PM10,96.0,Satisfactory,"number_of_monitoring_stations in Absolute Number, aqi_value in Indices",,0.0,16.9,21.4,13.9,82,22.3,34.0,980.3
2024-03-02,Punjab,Bathinda,1.0,PM10,134.0,Moderate,"number_of_monitoring_stations in Absolute Number, aqi_value in Indices",,0.0,18.9,24.3,14.1,66,3.1,29.0,984.0
2024-03-02,Punjab,Jalandhar,1.0,PM10,35.0,Good,"number_of_monitoring_stations in Absolute Number, aqi_value in Indices",,0.0,17.4,22.0,14.8,79,13.3,38.2,980.5
2024-03-02,Punjab,Ludhiana,1.0,PM10,105.0,Moderate,"number_of_monitoring_stations in Absolute Number, aqi_value in Indices",,0.0,17.5,20.8,15.2,80,26.3,35.5,980.0
2024-03-02,Punjab,Patiala,1.0,PM10,83.0,Satisfactory,"number_of_monitoring_stations in Absolute Number, aqi_value in Indices",,0.0,17.6,22.0,15.6,80,31.5,33.4,980.4
2024-03-02,Punjab,Rupnagar,1.0,PM10,96.0,Satisfactory,"number_of_monitoring_stations in Absolute Number, aqi_value in Indices",,0.0,18.1,23.0,15.5,70,32.4,34.0,979.1
2024-03-03,Punjab,Amritsar,1.0,PM2.5,139.0,Moderate,"number_of_monitoring_stations in Absolute Number, aqi_value in Indices",,0.0,12.9,17.9,7.9,70,0.0,21.9,984.0
2024-03-03,Punjab,Bathinda,1.0,PM10,95.0,Satisfactory,"number_of_monitoring_stations in Absolute Number, aqi_value in Indices",,0.0,13.0,20.2,6.4,40,0.0,18.8,987.4
2024-03-03,Punjab,Jalandhar,1.0,PM10,64.0,Satisfactory,"number_of_monitoring_stations in Absolute Number, aqi_value in Indices",,0.0,14.7,20.3,8.4,71,0.0,21.9,983.2
2024-03-03,Punjab,Ludhiana,1.0,PM10,86.0,Satisfactory,"number_of_monitoring_stations in Absolute Number, aqi_value in Indices",,0.0,14.8,20.3,10.1,67,0.0,21.2,982.3
2024-03-03,Punjab,Patiala,1.0,PM10,64.0,Satisfactory,"number_of_monitoring_stations in Absolute Number, aqi_value in Indices",,0.0,14.9,20.0,9.3,77,0.9,21.4,982.0
2024-03-04,Punjab,Amritsar,1.0,PM10,95.0,Satisfactory,"number_of_monitoring_stations in Absolute Number, aqi_value in Indices",,0.0,11.0,17.8,4.6,64,0.0,10.5,989.6
2024-03-04,Punjab,Bathinda,1.0,PM10,63.0,Satisfactory,"number_of_monitoring_stations in Absolute Number, aqi_value in Indices",,0.0,12.4,19.3,6.5,54,0.0,13.7,992.7
2024-03-04,Punjab,Jalandhar,1.0,O3,66.0,Satisfactory,"number_of_monitoring_stations in Absolute Number, aqi_value in Indices",,0.0,11.6,17.9,6.5,65,0.0,10.4,988.3
2024-03-04,Punjab,Ludhiana,1.0,PM10,57.0,Satisfactory,"number_of_monitoring_stations in Absolute Number, aqi_value in Indices",,0.0,12.4,18.6,7.5,58,0.0,11.0,987.2
2024-03-04,Punjab,Patiala,1.0,PM10,71.0,Satisfactory,"number_of_monitoring_stations in Absolute Number, aqi_value in Indices",,0.0,12.6,18.6,8.1,68,0.0,12.2,986.3
2024-03-05,Punjab,Amritsar,1.0,PM10,92.0,Satisfactory,"number_of_monitoring_stations in Absolute Number, aqi_value in Indices",,0.0,11.7,19.3,6.4,65,0.0,10.9,990.1
2024-03-05,Punjab,Bathinda,1.0,PM10,60.0,Satisfactory,"number_of_monitoring_stations in Absolute Number, aqi_value in Indices",,0.0,13.3,19.8,7.9,51,0.0,12.2,993.5
2024-03-05,Punjab,Jalandhar,1.0,CO,46.0,Good,"number_of_monitoring_stations in Absolute Number, aqi_value in Indices",,0.0,11.0,18.4,4.9,70,0.0,11.7,988.8
2024-03-05,Punjab,Ludhiana,1.0,PM10,79.0,Satisfactory,"number_of_monitoring_stations in Absolute Number, aqi_value in Indices",,0.0,11.8,19.3,6.3,62,0.0,13.9,987.8
2024-03-05,Punjab,Patiala,1.0,PM10,62.0,Satisfactory,"number_of_monitoring_stations in Absolute Number, aqi_value in Indices",,0.0,12.5,19.0,7.0,63,0.0,13.4,986.9
2024-03-05,Punjab,Rupnagar,1.0,PM10,182.0,Moderate,"number_of_monitoring_stations in Absolute Number, aqi_value in Indices",,0.0,12.9,20.6,6.1,67,0.0,14.4,985.7
2024-03-06,Punjab,Amritsar,1.0,PM10,104.0,Moderate,"number_of_monitoring_stations in Absolute Number, aqi_value in Indices",,0.0,12.8,20.4,5.5,63,0.0,10.4,987.4
2024-03-06,Punjab,Bathinda,1.0,PM10,57.0,Satisfactory,"number_of_monitoring_stations in Absolute Number, aqi_value in Indices",,0.0,14.4,22.3,7.1,53,0.0,11.6,990.9
2024-03-06,Punjab,Jalandhar,1.0,PM2.5,48.0,Good,"number_of_monitoring_stations in Absolute Number, aqi_value in Indices",,0.0,12.6,20.3,5.5,63,0.0,10.9,986.4
2024-03-06,Punjab,Ludhiana,1.0,PM2.5,73.0,Satisfactory,"number_of_monitoring_stations in Absolute Number, aqi_value in Indices",,0.0,13.0,20.8,5.2,59,0.0,10.8,985.4
2024-03-06,Punjab,Patiala,1.0,CO,91.0,Satisfactory,"number_of_monitoring_stations in Absolute Number, aqi_value in Indices",,0.0,12.6,20.2,6.1,63,0.0,12.0,984.8
2024-03-06,Punjab,Rupnagar,1.0,PM10,159.0,Moderate,"number_of_monitoring_stations in Absolute Number, aqi_value in Indices",,0.0,13.5,21.4,7.2,67,0.0,12.8,983.6
2024-03-07,Punjab,Amritsar,1.0,PM10,104.0,Moderate,"number_of_monitoring_stations in Absolute Number, aqi_value in Indices",,0.0,14.9,21.6,8.9,64,0.2,14.0,987.9
2024-03-07,Punjab,Bathinda,1.0,PM10,142.0,Moderate,"number_of_monitoring_stations in Absolute Number, aqi_value in Indices",,0.0,16.6,23.8,9.6,53,0.0,11.9,990.8
2024-03-07,Punjab,Jalandhar,1.0,PM10,65.0,Satisfactory,"number_of_monitoring_stations in Absolute Number, aqi_value in Indices",,0.0,15.0,22.3,8.1,62,0.0,13.3,986.6
2024-03-07,Punjab,Ludhiana,1.0,PM2.5,77.0,Satisfactory,"number_of_monitoring_stations in Absolute Number, aqi_value in Indices",,0.0,15.5,23.0,9.2,58,0.0,12.7,985.6
2024-03-07,Punjab,Patiala,1.0,PM10,75.0,Satisfactory,"number_of_monitoring_stations in Absolute Number, aqi_value in Indices",,0.0,14.8,22.4,7.0,62,0.0,14.0,984.8
2024-03-07,Punjab,Rupnagar,1.0,PM10,216.0,Poor,"number_of_monitoring_stations in Absolute Number, aqi_value in Indices",,0.0,15.4,23.4,8.1,62,0.0,14.6,983.7
2024-03-08,Punjab,Amritsar,1.0,PM10,92.0,Satisfactory,"number_of_monitoring_stations in Absolute Number, aqi_value in Indices",,0.0,14.6,22.4,8.4,68,0.0,11.3,988.7
2024-03-08,Punjab,Bathinda,1.0,PM10,70.0,Satisfactory,"number_of_monitoring_stations in Absolute Number, aqi_value in Indices",,0.0,16.6,23.9,10.3,56,0.0,12.6,992.0
2024-03-08,Punjab,Jalandhar,1.0,PM10,90.0,Satisfactory,"number_of_monitoring_stations in Absolute Number, aqi_value in Indices",,0.0,14.8,22.3,8.6,65,0.0,12.7,987.5
2024-03-08,Punjab,Ludhiana,1.0,PM10,83.0,Satisfactory,"number_of_monitoring_stations in Absolute Number, aqi_value in Indices",,0.0,15.2,22.8,8.9,62,0.0,13.6,986.5
2024-03-08,Punjab,Patiala,1.0,PM10,87.0,Satisfactory,"number_of_monitoring_stations in Absolute Number, aqi_value in Indices",,0.0,15.7,22.4,10.8,61,0.0,14.0,985.7
2024-03-08,Punjab,Rupnagar,1.0,PM10,219.0,Poor,"number_of_monitoring_stations in Absolute Number, aqi_value in Indices",,0.0,14.9,23.3,6.8,66,0.0,13.2,984.5
2024-03-09,Punjab,Bathinda,1.0,PM10,73.0,Satisfactory,"number_of_monitoring_stations in Absolute Number, aqi_value in Indices",,0.0,16.9,25.2,10.3,53,0.0,16.1,991.6
2024-03-09,Punjab,Jalandhar,1.0,PM2.5,105.0,Moderate,"number_of_monitoring_stations in Absolute Number, aqi_value in Indices",,0.0,15.6,24.2,7.9,67,0.0,12.1,986.9
2024-03-09,Punjab,Ludhiana,1.0,PM10,74.0,Satisfactory,"number_of_monitoring_stations in Absolute Number, aqi_value in Indices",,0.0,15.8,24.7,9.1,60,0.0,13.0,985.8
2024-03-09,Punjab,Patiala,1.0,PM10,77.0,Satisfactory,"number_of_monitoring_stations in Absolute Number, aqi_value in Indices",,0.0,15.9,23.8,10.2,62,0.0,16.2,985.1
2024-03-09,Punjab,Rupnagar,1.0,PM10,260.0,Poor,"number_of_monitoring_stations in Absolute Number, aqi_value in Indices",,0.0,16.6,25.0,9.8,65,0.0,16.1,983.9
2024-03-10,Punjab,Bathinda,1.0,PM10,74.0,Satisfactory,"number_of_monitoring_stations in Absolute Number, aqi_value in Indices",,0.0,19.4,27.0,11.7,49,0.0,11.0,990.6
2024-03-10,Punjab,Jalandhar,1.0,PM2.5,118.0,Moderate,"number_of_monitoring_stations in Absolute Number, aqi_value in Indices",,0.0,17.5,25.1,8.4,62,0.0,10.3,986.2
2024-03-10,Punjab,Ludhiana,1.0,PM2.5,70.0,Satisfactory,"number_of_monitoring_stations in Absolute Number, aqi_value in Indices",,0.0,17.7,26.6,9.4,56,0.0,11.9,985.1
2024-03-10,Punjab,Patiala,1.0,PM10,78.0,Satisfactory,"number_of_monitoring_stations in Absolute Number, aqi_value in Indices",,0.0,17.8,24.9,10.7,60,0.0,10.9,984.7
2024-03-10,Punjab,Rupnagar,1.0,PM10,259.0,Poor,"number_of_monitoring_stations in Absolute Number, aqi_value in Indices",,0.0,17.4,26.5,9.3,66,0.0,11.8,983.4
2024-03-11,Punjab,Bathinda,1.0,PM10,102.0,Moderate,"number_of_monitoring_stations in Absolute Number, aqi_value in Indices",,0.0,19.8,27.3,12.3,51,0.0,26.0,992.2
2024-03-11,Punjab,Jalandhar,1.0,PM2.5,106.0,Moderate,"number_of_monitoring_stations in Absolute Number, aqi_value in Indices",,0.0,17.6,25.4,11.4,66,1.5,20.7,988.3
2024-03-11,Punjab,Ludhiana,1.0,PM2.5,104.0,Moderate,"number_of_monitoring_stations in Absolute Number, aqi_value in Indices",,0.0,18.5,26.3,11.0,59,0.0,26.2,987.2
2024-03-11,Punjab,Patiala,1.0,PM10,97.0,Satisfactory,"number_of_monitoring_stations in Absolute Number, aqi_value in Indices",,0.0,19.1,25.8,11.6,61,0.6,14.2,986.5
2024-03-11,Punjab,Rupnagar,1.0,PM10,222.0,Poor,"number_of_monitoring_stations in Absolute Number, aqi_value in Indices",,0.0,19.0,26.0,11.4,61,0.2,12.5,985.7
2024-03-12,Punjab,Amritsar,1.0,PM2.5,146.0,Moderate,"number_of_monitoring_stations in Absolute Number, aqi_value in Indices",,0.0,17.5,25.2,9.8,70,0.0,11.1,987.7
2024-03-12,Punjab,Bathinda,1.0,PM10,83.0,Satisfactory,"number_of_monitoring_stations in Absolute Number, aqi_value in Indices",,0.0,19.7,27.1,12.3,56,0.0,12.0,990.8
2024-03-12,Punjab,Jalandhar,1.0,PM10,102.0,Moderate,"number_of_monitoring_stations in Absolute Number, aqi_value in Indices",,0.0,18.3,26.0,11.4,69,0.0,10.9,986.4
2024-03-12,Punjab,Ludhiana,1.0,PM10,118.0,Moderate,"number_of_monitoring_stations in Absolute Number, aqi_value in Indices",,0.0,19.0,26.7,12.2,64,0.0,10.6,985.3
2024-03-12,Punjab,Patiala,1.0,PM10,106.0,Moderate,"number_of_monitoring_stations in Absolute Number, aqi_value in Indices",,0.0,19.2,26.2,12.6,62,0.0,13.3,984.6
2024-03-12,Punjab,Rupnagar,1.0,PM10,234.0,Poor,"number_of_monitoring_stations in Absolute Number, aqi_value in Indices",,0.0,19.4,27.2,10.9,61,0.0,11.5,983.6
2024-03-13,Punjab,Amritsar,1.0,PM10,110.0,Moderate,"number_of_monitoring_stations in Absolute Number, aqi_value in Indices",,0.0,16.2,21.7,12.9,77,2.1,13.7,984.7
2024-03-13,Punjab,Bathinda,1.0,PM10,90.0,Satisfactory,"number_of_monitoring_stations in Absolute Number, aqi_value in Indices",,0.0,17.9,22.8,13.0,62,1.1,15.8,987.7
2024-03-13,Punjab,Jalandhar,1.0,PM10,89.0,Satisfactory,"number_of_monitoring_stations in Absolute Number, aqi_value in Indices",,0.0,16.7,23.7,12.1,74,0.4,18.2,983.7
2024-03-13,Punjab,Ludhiana,1.0,PM2.5,112.0,Moderate,"number_of_monitoring_stations in Absolute Number, aqi_value in Indices",,0.0,16.8,25.4,12.3,71,1.0,19.1,982.7
2024-03-13,Punjab,Patiala,1.0,PM10,90.0,Satisfactory,"number_of_monitoring_stations in Absolute Number, aqi_value in Indices",,0.0,17.1,25.1,12.0,73,1.7,23.4,982.2
2024-03-13,Punjab,Rupnagar,1.0,PM10,176.0,Moderate,"number_of_monitoring_stations in Absolute Number, aqi_value in Indices",,0.0,17.5,25.8,10.9,67,4.3,18.6,981.1
2024-03-14,Punjab,Amritsar,1.0,PM2.5,76.0,Satisfactory,"number_of_monitoring_stations in Absolute Number, aqi_value in Indices",,0.0,17.7,24.8,11.5,63,0.1,15.6,989.0
2024-03-14,Punjab,Bathinda,1.0,PM10,84.0,Satisfactory,"number_of_monitoring_stations in Absolute Number, aqi_value in Indices",,0.0,19.0,26.8,11.9,59,0.0,14.2,991.4
2024-03-14,Punjab,Jalandhar,1.0,PM10,81.0,Satisfactory,"number_of_monitoring_stations in Absolute Number, aqi_value in Indices",,0.0,17.6,25.8,10.3,64,0.0,15.0,987.3
2024-03-14,Punjab,Ludhiana,1.0,PM10,107.0,Moderate,"number_of_monitoring_stations in Absolute Number, aqi_value in Indices",,0.0,18.1,26.6,10.1,62,0.0,14.0,986.1
2024-03-14,Punjab,Patiala,1.0,PM10,116.0,Moderate,"number_of_monitoring_stations in Absolute Number, aqi_value in Indices",,0.0,18.9,26.2,11.3,57,0.0,15.1,985.2
2024-03-14,Punjab,Rupnagar,1.0,PM10,189.0,Moderate,"number_of_monitoring_stations in Absolute Number, aqi_value in Indices",,0.0,18.2,27.2,9.3,57,0.0,14.5,984.2
2024-03-15,Punjab,Amritsar,1.0,PM10,67.0,Satisfactory,"number_of_monitoring_stations in Absolute Number, aqi_value in Indices",,0.0,17.2,25.4,11.5,56,0.0,12.5,986.9
2024-03-15,Punjab,Bathinda,1.0,PM10,91.0,Satisfactory,"number_of_monitoring_stations in Absolute Number, aqi_value in Indices",,0.0,18.8,26.5,12.9,47,0.0,14.3,990.4
2024-03-15,Punjab,Jalandhar,1.0,O3,54.0,Satisfactory,"number_of_monitoring_stations in Absolute Number, aqi_value in Indices",,0.0,16.6,25.9,9.4,61,0.0,14.4,985.6
2024-03-15,Punjab,Ludhiana,1.0,PM10,54.0,Satisfactory,"number_of_monitoring_stations in Absolute Number, aqi_value in Indices",,0.0,17.7,26.7,11.1,51,0.0,14.3,984.5
2024-03-15,Punjab,Patiala,1.0,PM10,64.0,Satisfactory,"number_of_monitoring_stations in Absolute Number, aqi_value in Indices",,0.0,18.0,26.2,12.3,54,0.0,15.1,983.7
2024-03-15,Punjab,Rupnagar,1.0,PM10,143.0,Moderate,"number_of_monitoring_stations in Absolute Number, aqi_value in Indices",,0.0,18.1,27.5,8.8,57,0.0,14.5,982.4
2024-03-16,Punjab,Amritsar,1.0,PM10,91.0,Satisfactory,"number_of_monitoring_stations in Absolute Number, aqi_value in Indices",,0.0,17.9,26.6,9.0,61,0.0,10.4,988.4
2024-03-16,Punjab,Bathinda,1.0,PM10,116.0,Moderate,"number_of_monitoring_stations in Absolute Number, aqi_value in Indices",,0.0,19.2,27.7,12.2,48,0.0,10.6,991.6
2024-03-16,Punjab,Jalandhar,1.0,PM10,80.0,Satisfactory,"number_of_monitoring_stations in Absolute Number, aqi_value in Indices",,0.0,18.7,27.2,9.6,56,0.0,12.8,987.3
2024-03-16,Punjab,Ludhiana,1.0,PM2.5,98.0,Satisfactory,"number_of_monitoring_stations in Absolute Number, aqi_value in Indices",,0.0,18.4,27.8,10.7,51,0.0,12.0,986.2
2024-03-16,Punjab,Patiala,1.0,PM10,82.0,Satisfactory,"number_of_monitoring_stations in Absolute Number, aqi_value in Indices",,0.0,17.8,26.9,9.6,58,0.0,11.5,985.5
2024-03-16,Punjab,Rupnagar,1.0,PM10,133.0,Moderate,"number_of_monitoring_stations in Absolute Number, aqi_value in Indices",,0.0,19.1,28.3,11.7,55,0.0,11.6,984.5
2024-03-17,Punjab,Amritsar,1.0,PM10,82.0,Satisfactory,"number_of_monitoring_stations in Absolute Number, aqi_value in Indices",,0.0,18.5,26.9,10.4,60,0.0,10.4,988.1
2024-03-17,Punjab,Bathinda,1.0,PM10,89.0,Satisfactory,"number_of_monitoring_stations in Absolute Number, aqi_value in Indices",,0.0,20.3,28.4,12.4,47,0.0,13.4,991.3
2024-03-17,Punjab,Jalandhar,1.0,PM10,80.0,Satisfactory,"number_of_monitoring_stations in Absolute Number, aqi_value in Indices",,0.0,19.4,27.8,10.6,51,0.0,11.5,986.9
2024-03-17,Punjab,Ludhiana,1.0,PM10,85.0,Satisfactory,"number_of_monitoring_stations in Absolute Number, aqi_value in Indices",,0.0,19.5,28.5,12.0,46,0.0,10.2,985.8
2024-03-17,Punjab,Patiala,1.0,PM10,88.0,Satisfactory,"number_of_monitoring_stations in Absolute Number, aqi_value in Indices",,0.0,19.1,27.8,12.9,51,0.0,10.8,985.1
2024-03-17,Punjab,Rupnagar,1.0,PM10,177.0,Moderate,"number_of_monitoring_stations in Absolute Number, aqi_value in Indices",,0.0,19.9,29.4,11.4,50,0.0,11.7,984.0
2024-03-18,Punjab,Amritsar,1.0,PM10,86.0,Satisfactory,"number_of_monitoring_stations in Absolute Number, aqi_value in Indices",,0.0,19.4,28.0,10.7,56,0.0,9.7,986.0
2024-03-18,Punjab,Bathinda,1.0,PM10,92.0,Satisfactory,"number_of_monitoring_stations in Absolute Number, aqi_value in Indices",,0.0,20.5,29.4,12.7,51,0.0,15.5,989.3
2024-03-18,Punjab,Jalandhar,1.0,PM10,94.0,Satisfactory,"number_of_monitoring_stations in Absolute Number, aqi_value in Indices",,0.0,20.7,28.4,11.7,50,0.0,11.2,985.0
2024-03-18,Punjab,Ludhiana,1.0,PM2.5,121.0,Moderate,"number_of_monitoring_stations in Absolute Number, aqi_value in Indices",,0.0,20.4,29.0,12.0,50,0.0,9.7,983.9
2024-03-18,Punjab,Patiala,1.0,PM10,90.0,Satisfactory,"number_of_monitoring_stations in Absolute Number, aqi_value in Indices",,0.0,19.2,28.1,11.1,56,0.0,11.2,983.3
2024-03-18,Punjab,Rupnagar,1.0,PM10,155.0,Moderate,"number_of_monitoring_stations in Absolute Number, aqi_value in Indices",,0.0,20.7,29.2,13.3,49,0.0,10.4,982.2
2024-03-19,Punjab,Amritsar,1.0,PM10,97.0,Satisfactory,"number_of_monitoring_stations in Absolute Number, aqi_value in Indices",,0.0,20.2,28.8,11.2,57,0.0,8.4,986.0
2024-03-19,Punjab,Bathinda,1.0,PM10,77.0,Satisfactory,"number_of_monitoring_stations in Absolute Number, aqi_value in Indices",,0.0,22.0,29.9,14.0,48,0.0,14.0,989.0
2024-03-19,Punjab,Jalandhar,1.0,PM2.5,140.0,Moderate,"number_of_monitoring_stations in Absolute Number, aqi_value in Indices",,0.0,21.0,29.6,12.8,47,0.0,12.0,984.9
2024-03-19,Punjab,Ludhiana,1.0,PM2.5,132.0,Moderate,"number_of_monitoring_stations in Absolute Number, aqi_value in Indices",,0.0,21.0,29.8,12.4,47,0.0,13.7,983.9
2024-03-19,Punjab,Patiala,1.0,PM10,102.0,Moderate,"number_of_monitoring_stations in Absolute Number, aqi_value in Indices",,0.0,19.8,29.1,11.0,54,0.0,11.8,983.0
2024-03-19,Punjab,Rupnagar,1.0,PM10,159.0,Moderate,"number_of_monitoring_stations in Absolute Number, aqi_value in Indices",,0.0,20.4,30.3,10.4,51,0.0,9.3,982.0
2024-03-20,Punjab,Amritsar,1.0,PM10,103.0,Moderate,"number_of_monitoring_stations in Absolute Number, aqi_value in Indices",,0.0,20.9,30.0,12.1,62,0.0,11.4,986.3
2024-03-20,Punjab,Bathinda,1.0,PM10,113.0,Moderate,"number_of_monitoring_stations in Absolute Number, aqi_value in Indices",,0.0,21.8,30.3,13.4,54,0.0,12.3,989.6
2024-03-20,Punjab,Jalandhar,1.0,PM10,110.0,Moderate,"number_of_monitoring_stations in Absolute Number, aqi_value in Indices",,0.0,21.6,30.3,13.2,56,0.0,13.8,985.4
2024-03-20,Punjab,Ludhiana,1.0,PM2.5,104.0,Moderate,"number_of_monitoring_stations in Absolute Number, aqi_value in Indices",,0.0,22.0,30.7,13.6,52,0.0,13.3,984.3
2024-03-20,Punjab,Patiala,1.0,PM10,104.0,Moderate,"number_of_monitoring_stations in Absolute Number, aqi_value in Indices",,0.0,21.0,30.0,12.9,56,0.0,11.6,983.6
2024-03-20,Punjab,Rupnagar,1.0,PM10,168.0,Moderate,"number_of_monitoring_stations in Absolute Number, aqi_value in Indices",,0.0,21.3,31.2,12.1,48,0.0,15.5,982.5
2024-03-21,Punjab,Amritsar,1.0,PM10,106.0,Moderate,"number_of_monitoring_stations in Absolute Number, aqi_value in Indices",,0.0,22.5,29.0,17.1,59,0.2,15.6,985.2
2024-03-21,Punjab,Bathinda,1.0,PM10,123.0,Moderate,"number_of_monitoring_stations in Absolute Number, aqi_value in Indices",,0.0,22.7,29.2,17.1,57,0.0,16.6,988.1
2024-03-21,Punjab,Jalandhar,1.0,PM10,94.0,Satisfactory,"number_of_monitoring_stations in Absolute Number, aqi_value in Indices",,0.0,22.2,28.7,16.6,61,0.3,18.2,984.5
2024-03-21,Punjab,Ludhiana,1.0,PM10,118.0,Moderate,"number_of_monitoring_stations in Absolute Number, aqi_value in Indices",,0.0,21.6,27.7,16.8,63,0.0,19.3,983.7
2024-03-21,Punjab,Patiala,1.0,PM10,107.0,Moderate,"number_of_monitoring_stations in Absolute Number, aqi_value in Indices",,0.0,20.8,26.6,15.9,66,0.0,23.4,983.5
2024-03-21,Punjab,Rupnagar,1.0,PM10,141.0,Moderate,"number_of_monitoring_stations in Absolute Number, aqi_value in Indices",,0.0,21.5,27.1,14.6,59,0.0,27.9,982.5
2024-03-22,Punjab,Amritsar,1.0,PM10,112.0,Moderate,"number_of_monitoring_stations in Absolute Number, aqi_value in Indices",,0.0,22.0,27.1,18.2,68,0.2,16.3,983.6
2024-03-22,Punjab,Bathinda,1.0,PM10,132.0,Moderate,"number_of_monitoring_stations in Absolute Number, aqi_value in Indices",,0.0,23.7,30.7,18.9,59,0.0,18.5,985.6
2024-03-22,Punjab,Jalandhar,1.0,PM10,81.0,Satisfactory,"number_of_monitoring_stations in Absolute Number, aqi_value in Indices",,0.0,22.5,29.0,17.9,64,0.2,13.7,982.4
2024-03-22,Punjab,Ludhiana,1.0,PM2.5,146.0,Moderate,"number_of_monitoring_stations in Absolute Number, aqi_value in Indices",,0.0,22.9,28.6,18.1,60,0.1,15.5,981.3
2024-03-22,Punjab,Patiala,1.0,PM10,108.0,Moderate,"number_of_monitoring_stations in Absolute Number, aqi_value in Indices",,0.0,22.5,28.6,17.7,63,0.2,15.3,980.7
2024-03-22,Punjab,Rupnagar,1.0,PM10,191.0,Moderate,"number_of_monitoring_stations in Absolute Number, aqi_value in Indices",,0.0,22.5,29.2,16.2,61,0.1,11.5,979.8
2024-03-23,Punjab,Amritsar,1.0,PM10,85.0,Satisfactory,"number_of_monitoring_stations in Absolute Number, aqi_value in Indices",,0.0,22.5,30.4,15.5,57,0.0,12.0,982.0
2024-03-23,Punjab,Bathinda,1.0,PM10,104.0,Moderate,"number_of_monitoring_stations in Absolute Number, aqi_value in Indices",,0.0,24.3,31.9,17.8,55,0.0,10.8,985.0
2024-03-23,Punjab,Jalandhar,1.0,PM10,85.0,Satisfactory,"number_of_monitoring_stations in Absolute Number, aqi_value in Indices",,0.0,22.0,30.4,14.0,63,0.0,15.8,980.8
2024-03-23,Punjab,Ludhiana,1.0,PM10,96.0,Satisfactory,"number_of_monitoring_stations in Absolute Number, aqi_value in Indices",,0.0,23.0,30.7,15.7,60,0.0,16.6,979.8
2024-03-23,Punjab,Patiala,1.0,PM10,102.0,Moderate,"number_of_monitoring_stations in Absolute Number, aqi_value in Indices",,0.0,23.1,30.4,17.1,60,0.0,16.1,979.0
2024-03-24,Punjab,Amritsar,1.0,PM10,79.0,Satisfactory,"number_of_monitoring_stations in Absolute Number, aqi_value in Indices",,0.0,22.1,28.5,17.6,66,0.8,22.1,984.2
2024-03-24,Punjab,Bathinda,1.0,PM10,95.0,Satisfactory,"number_of_monitoring_stations in Absolute Number, aqi_value in Indices",,0.0,23.3,30.0,17.4,55,0.4,14.8,987.1
2024-03-24,Punjab,Jalandhar,1.0,PM10,78.0,Satisfactory,"number_of_monitoring_stations in Absolute Number, aqi_value in Indices",,0.0,21.6,28.9,16.8,63,1.8,14.8,983.0
2024-03-24,Punjab,Ludhiana,1.0,PM10,82.0,Satisfactory,"number_of_monitoring_stations in Absolute Number, aqi_value in Indices",,0.0,22.4,29.5,16.9,57,0.4,21.6,982.0
2024-03-24,Punjab,Patiala,1.0,PM10,101.0,Moderate,"number_of_monitoring_stations in Absolute Number, aqi_value in Indices",,0.0,22.5,28.0,18.5,53,0.3,25.9,981.3
2024-03-24,Punjab,Rupnagar,1.0,PM10,222.0,Poor,"number_of_monitoring_stations in Absolute Number, aqi_value in Indices",,0.0,21.1,29.7,12.5,61,0.2,21.1,980.3
2024-03-25,Punjab,Amritsar,1.0,PM10,91.0,Satisfactory,"number_of_monitoring_stations in Absolute Number, aqi_value in Indices",,0.0,23.0,30.9,16.2,56,0.0,10.8,985.7
2024-03-25,Punjab,Bathinda,1.0,PM10,73.0,Satisfactory,"number_of_monitoring_stations in Absolute Number, aqi_value in Indices",,0.0,23.8,31.3,16.3,57,0.0,13.2,988.9
2024-03-25,Punjab,Jalandhar,1.0,PM10,71.0,Satisfactory,"number_of_monitoring_stations in Absolute Number, aqi_value in Indices",,0.0,22.9,30.9,15.5,60,0.0,15.0,984.6
2024-03-25,Punjab,Ludhiana,1.0,PM10,66.0,Satisfactory,"number_of_monitoring_stations in Absolute Number, aqi_value in Indices",,0.0,23.0,31.1,16.1,58,0.0,15.3,983.5
2024-03-25,Punjab,Patiala,1.0,PM10,77.0,Satisfactory,"number_of_monitoring_stations in Absolute Number, aqi_value in Indices",,0.0,22.6,30.7,15.7,60,0.0,16.6,982.8
2024-03-25,Punjab,Rupnagar,1.0,PM10,263.0,Poor,"number_of_monitoring_stations in Absolute Number, aqi_value in Indices",,0.0,22.1,31.4,13.2,56,0.0,19.4,981.7
2024-03-26,Punjab,Amritsar,1.0,PM10,93.0,Satisfactory,"number_of_monitoring_stations in Absolute Number, aqi_value in Indices",,0.0,22.4,28.9,16.1,62,0.0,9.9,984.2
2024-03-26,Punjab,Jalandhar,1.0,PM10,72.0,Satisfactory,"number_of_monitoring_stations in Absolute Number, aqi_value in Indices",,0.0,22.3,28.8,14.0,63,0.0,9.8,983.2
2024-03-26,Punjab,Ludhiana,1.0,PM10,67.0,Satisfactory,"number_of_monitoring_stations in Absolute Number, aqi_value in Indices",,0.0,22.6,30.8,15.7,63,0.0,10.7,982.1
2024-03-26,Punjab,Patiala,1.0,PM10,76.0,Satisfactory,"number_of_monitoring_stations in Absolute Number, aqi_value in Indices",,0.0,23.3,30.6,16.7,59,0.0,12.1,981.6
2024-03-27,Punjab,Amritsar,1.0,PM10,104.0,Moderate,"number_of_monitoring_stations in Absolute Number, aqi_value in Indices",,0.0,23.6,29.4,19.4,69,0.2,17.2,987.3
2024-03-27,Punjab,Jalandhar,1.0,PM10,106.0,Moderate,"number_of_monitoring_stations in Absolute Number, aqi_value in Indices",,0.0,24.6,31.1,19.5,63,0.0,17.1,985.7
2024-03-27,Punjab,Ludhiana,1.0,PM10,109.0,Moderate,"number_of_monitoring_stations in Absolute Number, aqi_value in Indices",,0.0,24.8,32.3,18.2,61,0.5,20.4,984.5
2024-03-27,Punjab,Patiala,1.0,PM10,107.0,Moderate,"number_of_monitoring_stations in Absolute Number, aqi_value in Indices",,0.0,25.8,32.5,19.3,55,0.0,16.1,983.7
2024-03-28,Punjab,Amritsar,1.0,PM10,82.0,Satisfactory,"number_of_monitoring_stations in Absolute Number, aqi_value in Indices",,0.0,24.1,30.4,20.3,59,0.0,23.0,984.8
2024-03-28,Punjab,Jalandhar,1.0,PM10,82.0,Satisfactory,"number_of_monitoring_stations in Absolute Number, aqi_value in Indices",,0.0,24.7,32.2,18.3,59,0.0,19.9,983.2
2024-03-28,Punjab,Ludhiana,1.0,PM10,71.0,Satisfactory,"number_of_monitoring_stations in Absolute Number, aqi_value in Indices",,0.0,25.8,34.2,19.4,56,0.0,17.0,981.9
2024-03-28,Punjab,Patiala,1.0,PM10,89.0,Satisfactory,"number_of_monitoring_stations in Absolute Number, aqi_value in Indices",,0.0,27.2,35.2,21.2,50,0.0,17.4,980.8
2024-03-28,Punjab,Rupnagar,1.0,PM10,204.0,Poor,"number_of_monitoring_stations in Absolute Number, aqi_value in Indices",,0.0,25.6,35.1,17.7,52,0.0,17.4,979.8
2024-03-29,Punjab,Amritsar,1.0,PM10,82.0,Satisfactory,"number_of_monitoring_stations in Absolute Number, aqi_value in Indices",,0.0,24.0,30.5,18.3,61,0.0,15.6,983.0
2024-03-29,Punjab,Bathinda,1.0,PM2.5,46.0,Good,"number_of_monitoring_stations in Absolute Number, aqi_value in Indices",,0.0,25.5,32.9,18.5,59,0.0,14.7,985.5
2024-03-29,Punjab,Jalandhar,1.0,PM10,69.0,Satisfactory,"number_of_monitoring_stations in Absolute Number, aqi_value in Indices",,0.0,24.0,31.9,16.5,60,0.0,10.4,981.5
2024-03-29,Punjab,Ludhiana,1.0,PM10,72.0,Satisfactory,"number_of_monitoring_stations in Absolute Number, aqi_value in Indices",,0.0,24.7,33.2,17.0,60,0.0,11.0,980.4
2024-03-29,Punjab,Patiala,1.0,PM10,78.0,Satisfactory,"number_of_monitoring_stations in Absolute Number, aqi_value in Indices",,0.0,25.4,33.5,17.9,58,0.0,11.3,979.9
2024-03-29,Punjab,Rupnagar,1.0,PM10,208.0,Poor,"number_of_monitoring_stations in Absolute Number, aqi_value in Indices",,0.0,24.0,33.5,15.8,57,0.0,17.4,978.9
2024-03-30,Punjab,Amritsar,1.0,NO2,84.0,Satisfactory,"number_of_monitoring_stations in Absolute Number, aqi_value in Indices",,0.0,22.7,29.3,17.3,64,7.5,20.6,984.2
2024-03-30,Punjab,Jalandhar,1.0,PM10,81.0,Satisfactory,"number_of_monitoring_stations in Absolute Number, aqi_value in Indices",,0.0,23.2,29.8,18.4,60,3.0,21.1,983.2
2024-03-30,Punjab,Ludhiana,1.0,PM2.5,87.0,Satisfactory,"number_of_monitoring_stations in Absolute Number, aqi_value in Indices",,0.0,23.3,30.2,18.5,64,3.7,22.9,982.0
2024-03-30,Punjab,Patiala,1.0,PM10,77.0,Satisfactory,"number_of_monitoring_stations in Absolute Number, aqi_value in Indices",,0.0,24.0,30.6,19.2,61,2.5,24.0,981.2
2024-03-30,Punjab,Rupnagar,1.0,PM10,212.0,Poor,"number_of_monitoring_stations in Absolute Number, aqi_value in Indices",,0.0,22.8,30.0,18.3,59,9.3,22.9,980.8
2024-03-31,Punjab,Amritsar,1.0,PM10,86.0,Satisfactory,"number_of_monitoring_stations in Absolute Number, aqi_value in Indices",,0.0,21.7,28.5,16.5,57,0.0,19.0,985.9
2024-03-31,Punjab,Ludhiana,1.0,PM10,74.0,Satisfactory,"number_of_monitoring_stations in Absolute Number, aqi_value in Indices",,0.0,23.2,30.3,17.3,52,0.0,13.3,983.0
2024-03-31,Punjab,Patiala,1.0,PM10,58.0,Satisfactory,"number_of_monitoring_stations in Absolute Number, aqi_value in Indices",,0.0,23.6,31.2,15.9,52,0.0,14.5,982.2
2024-03-31,Punjab,Rupnagar,1.0,PM10,125.0,Moderate,"number_of_monitoring_stations in Absolute Number, aqi_value in Indices",,0.0,22.8,31.0,14.4,49,0.0,18.2,981.3
2024-04-01,Punjab,Bathinda,1.0,PM10,84.0,Satisfactory,"number_of_monitoring_stations in Absolute Number, aqi_value in Indices",,0.0,22.4,29.5,16.5,50,0.0,14.5,985.8
2024-04-01,Punjab,Jalandhar,1.0,PM10,59.0,Satisfactory,"number_of_monitoring_stations in Absolute Number, aqi_value in Indices",,3.0,20.1,27.6,15.3,59,0.0,12.4,981.3
2024-04-01,Punjab,Ludhiana,1.0,PM10,51.0,Satisfactory,"number_of_monitoring_stations in Absolute Number, aqi_value in Indices",,0.0,20.8,28.5,15.8,55,0.0,13.8,980.3
2024-04-01,Punjab,Patiala,1.0,PM10,61.0,Satisfactory,"number_of_monitoring_stations in Absolute Number, aqi_value in Indices",,0.0,21.7,28.7,16.5,52,0.0,15.9,979.6
2024-04-01,Punjab,Rupnagar,1.0,PM10,102.0,Moderate,"number_of_monitoring_stations in Absolute Number, aqi_value in Indices",,0.0,21.1,28.9,15.0,58,0.0,15.5,978.4
2024-04-02,Punjab,Amritsar,1.0,PM10,128.0,Moderate,"number_of_monitoring_stations in Absolute Number, aqi_value in Indices",,0.0,21.6,29.4,14.3,55,0.0,11.4,980.9
2024-04-02,Punjab,Bathinda,1.0,PM10,73.0,Satisfactory,"number_of_monitoring_stations in Absolute Number, aqi_value in Indices",,0.0,23.8,31.0,17.8,41,0.0,10.8,984.1
2024-04-02,Punjab,Jalandhar,1.0,PM10,84.0,Satisfactory,"number_of_monitoring_stations in Absolute Number, aqi_value in Indices",,2.0,21.3,29.3,12.5,54,0.0,12.2,979.9
2024-04-02,Punjab,Ludhiana,1.0,PM10,82.0,Satisfactory,"number_of_monitoring_stations in Absolute Number, aqi_value in Indices",,1.0,22.0,29.7,13.1,48,0.0,13.5,979.0
2024-04-02,Punjab,Patiala,1.0,PM10,74.0,Satisfactory,"number_of_monitoring_stations in Absolute Number, aqi_value in Indices",,0.0,21.4,29.7,13.4,50,0.0,16.8,978.3
2024-04-02,Punjab,Rupnagar,1.0,PM10,120.0,Moderate,"number_of_monitoring_stations in Absolute Number, aqi_value in Indices",,0.0,21.6,30.0,13.0,54,0.0,16.1,977.2
2024-04-03,Punjab,Amritsar,1.0,PM10,128.0,Moderate,"number_of_monitoring_stations in Absolute Number, aqi_value in Indices",,1.0,22.9,31.6,14.9,51,0.2,13.0,981.8
2024-04-03,Punjab,Bathinda,1.0,PM10,96.0,Satisfactory,"number_of_monitoring_stations in Absolute Number, aqi_value in Indices",,0.0,24.9,33.6,17.8,37,0.0,12.7,984.5
2024-04-03,Punjab,Jalandhar,1.0,PM10,100.0,Satisfactory,"number_of_monitoring_stations in Absolute Number, aqi_value in Indices",,1.0,23.2,31.7,14.1,49,0.0,10.4,980.7
2024-04-03,Punjab,Ludhiana,1.0,PM10,94.0,Satisfactory,"number_of_monitoring_stations in Absolute Number, aqi_value in Indices",,0.0,23.7,32.5,15.0,49,0.0,13.1,979.6
2024-04-03,Punjab,Patiala,1.0,PM10,90.0,Satisfactory,"number_of_monitoring_stations in Absolute Number, aqi_value in Indices",,1.0,24.2,32.2,17.8,40,0.0,11.9,979.1
2024-04-03,Punjab,Rupnagar,1.0,PM10,199.0,Moderate,"number_of_monitoring_stations in Absolute Number, aqi_value in Indices",,0.0,22.5,32.9,12.4,52,0.0,10.6,978.1
2024-04-04,Punjab,Amritsar,1.0,PM10,75.0,Satisfactory,"number_of_monitoring_stations in Absolute Number, aqi_value in Indices",,0.0,23.2,31.9,14.8,48,0.0,10.9,982.5
2024-04-04,Punjab,Bathinda,1.0,PM10,107.0,Moderate,"number_of_monitoring_stations in Absolute Number, aqi_value in Indices",,0.0,26.6,34.1,18.8,36,0.0,11.6,985.2
2024-04-04,Punjab,Jalandhar,1.0,PM10,91.0,Satisfactory,"number_of_monitoring_stations in Absolute Number, aqi_value in Indices",,1.0,23.5,32.5,15.8,49,0.0,12.1,981.2
2024-04-04,Punjab,Ludhiana,1.0,PM10,86.0,Satisfactory,"number_of_monitoring_stations in Absolute Number, aqi_value in Indices",,0.0,24.8,33.0,17.9,41,0.0,12.2,980.2
2024-04-04,Punjab,Patiala,1.0,PM10,102.0,Moderate,"number_of_monitoring_stations in Absolute Number, aqi_value in Indices",,0.0,24.8,33.2,17.2,41,0.0,13.4,979.5
2024-04-04,Punjab,Rupnagar,1.0,PM10,222.0,Poor,"number_of_monitoring_stations in Absolute Number, aqi_value in Indices",,0.0,23.2,33.1,14.7,44,0.0,12.4,978.4
2024-04-05,Punjab,Amritsar,1.0,PM10,77.0,Satisfactory,"number_of_monitoring_stations in Absolute Number, aqi_value in Indices",,0.0,23.3,31.6,16.7,43,0.0,12.0,982.1
2024-04-05,Punjab,Bathinda,1.0,PM10,70.0,Satisfactory,"number_of_monitoring_stations in Absolute Number, aqi_value in Indices",,0.0,25.4,33.1,18.3,35,0.0,13.7,985.1
2024-04-05,Punjab,Jalandhar,1.0,PM10,81.0,Satisfactory,"number_of_monitoring_stations in Absolute Number, aqi_value in Indices",,0.0,22.4,31.6,14.8,50,0.0,14.3,980.8
2024-04-05,Punjab,Ludhiana,1.0,PM10,69.0,Satisfactory,"number_of_monitoring_stations in Absolute Number, aqi_value in Indices",,0.0,23.3,32.2,16.0,44,0.0,15.5,979.8
2024-04-05,Punjab,Patiala,1.0,PM10,106.0,Moderate,"number_of_monitoring_stations in Absolute Number, aqi_value in Indices",,0.0,24.8,32.5,18.6,37,0.0,18.5,979.1
2024-04-05,Punjab,Rupnagar,1.0,PM2.5,61.0,Satisfactory,"number_of_monitoring_stations in Absolute Number, aqi_value in Indices",,0.0,23.0,32.4,13.5,44,0.0,14.2,978.0
2024-04-06,Punjab,Bathinda,1.0,PM10,100.0,Satisfactory,"number_of_monitoring_stations in Absolute Number, aqi_value in Indices",,0.0,25.5,33.0,17.3,30,0.0,15.8,984.9
2024-04-06,Punjab,Ludhiana,1.0,PM10,79.0,Satisfactory,"number_of_monitoring_stations in Absolute Number, aqi_value in Indices",,0.0,23.2,32.4,14.9,37,0.0,15.2,979.4
2024-04-06,Punjab,Patiala,1.0,PM10,90.0,Satisfactory,"number_of_monitoring_stations in Absolute Number, aqi_value in Indices",,1.0,24.4,32.7,16.6,31,0.0,17.8,978.8
2024-04-06,Punjab,Rupnagar,1.0,PM2.5,101.0,Moderate,"number_of_monitoring_stations in Absolute Number, aqi_value in Indices",,0.0,23.0,32.7,12.7,40,0.0,19.2,977.6
2024-04-07,Punjab,Amritsar,1.0,O3,57.0,Satisfactory,"number_of_monitoring_stations in Absolute Number, aqi_value in Indices",,0.0,23.3,32.8,14.6,38,0.0,13.8,981.3
2024-04-07,Punjab,Bathinda,1.0,PM10,122.0,Moderate,"number_of_monitoring_stations in Absolute Number, aqi_value in Indices",,0.0,25.7,34.9,16.3,31,0.0,21.4,984.4
2024-04-07,Punjab,Jalandhar,1.0,PM10,89.0,Satisfactory,"number_of_monitoring_stations in Absolute Number, aqi_value in Indices",,0.0,23.2,32.3,15.5,42,0.0,15.5,980.1
2024-04-07,Punjab,Ludhiana,1.0,PM10,75.0,Satisfactory,"number_of_monitoring_stations in Absolute Number, aqi_value in Indices",,0.0,23.4,32.6,14.2,39,0.0,19.1,979.1
2024-04-07,Punjab,Patiala,1.0,PM10,89.0,Satisfactory,"number_of_monitoring_stations in Absolute Number, aqi_value in Indices",,1.0,24.1,32.9,14.4,35,0.0,20.1,978.6
2024-04-07,Punjab,Rupnagar,1.0,PM2.5,85.0,Satisfactory,"number_of_monitoring_stations in Absolute Number, aqi_value in Indices",,0.0,23.1,32.4,13.5,38,0.0,16.4,977.5
2024-04-08,Punjab,Amritsar,1.0,O3,58.0,Satisfactory,"number_of_monitoring_stations in Absolute Number, aqi_value in Indices",,0.0,23.5,33.1,14.3,45,0.0,10.4,982.4
2024-04-08,Punjab,Bathinda,1.0,PM10,92.0,Satisfactory,"number_of_monitoring_stations in Absolute Number, aqi_value in Indices",,0.0,26.3,34.7,18.8,29,0.0,12.4,985.5
2024-04-08,Punjab,Jalandhar,1.0,PM10,77.0,Satisfactory,"number_of_monitoring_stations in Absolute Number, aqi_value in Indices",,0.0,24.1,32.9,15.0,42,0.0,12.4,981.3
2024-04-08,Punjab,Ludhiana,1.0,PM2.5,81.0,Satisfactory,"number_of_monitoring_stations in Absolute Number, aqi_value in Indices",,3.0,24.5,33.5,15.9,37,0.0,15.2,980.3
2024-04-08,Punjab,Patiala,1.0,PM10,78.0,Satisfactory,"number_of_monitoring_stations in Absolute Number, aqi_value in Indices",,0.0,24.7,34.1,16.5,33,0.0,18.1,979.8
2024-04-08,Punjab,Rupnagar,1.0,PM2.5,104.0,Moderate,"number_of_monitoring_stations in Absolute Number, aqi_value in Indices",,0.0,23.7,33.3,13.1,37,0.0,18.1,978.8
2024-04-09,Punjab,Bathinda,1.0,PM10,113.0,Moderate,"number_of_monitoring_stations in Absolute Number, aqi_value in Indices",,0.0,26.8,35.4,17.9,25,0.0,12.2,986.0
2024-04-09,Punjab,Jalandhar,1.0,PM10,90.0,Satisfactory,"number_of_monitoring_stations in Absolute Number, aqi_value in Indices",,0.0,24.8,33.5,15.0,38,0.0,14.3,982.0
2024-04-09,Punjab,Ludhiana,1.0,PM10,94.0,Satisfactory,"number_of_monitoring_stations in Absolute Number, aqi_value in Indices",,0.0,25.0,34.1,15.9,35,0.0,12.5,981.1
2024-04-09,Punjab,Patiala,1.0,PM10,92.0,Satisfactory,"number_of_monitoring_stations in Absolute Number, aqi_value in Indices",,0.0,24.9,34.3,15.9,31,0.0,13.7,980.5
2024-04-09,Punjab,Rupnagar,1.0,PM2.5,83.0,Satisfactory,"number_of_monitoring_stations in Absolute Number, aqi_value in Indices",,0.0,24.6,34.3,14.0,35,0.0,13.1,979.6
2024-04-10,Punjab,Amritsar,1.0,PM2.5,159.0,Moderate,"number_of_monitoring_stations in Absolute Number, aqi_value in Indices",,0.0,24.8,34.4,17.0,40,0.0,17.3,983.4
2024-04-10,Punjab,Bathinda,1.0,PM10,112.0,Moderate,"number_of_monitoring_stations in Absolute Number, aqi_value in Indices",,0.0,27.7,36.7,18.1,26,0.0,16.3,985.8
2024-04-10,Punjab,Jalandhar,1.0,PM10,88.0,Satisfactory,"number_of_monitoring_stations in Absolute Number, aqi_value in Indices",,0.0,24.9,34.3,15.2,39,0.0,13.1,982.3
2024-04-10,Punjab,Ludhiana,1.0,PM2.5,109.0,Moderate,"number_of_monitoring_stations in Absolute Number, aqi_value in Indices",,0.0,25.7,34.8,16.3,34,0.0,16.4,981.2
2024-04-10,Punjab,Patiala,1.0,O3,105.0,Moderate,"number_of_monitoring_stations in Absolute Number, aqi_value in Indices",,0.0,26.8,36.2,18.2,28,0.0,15.8,980.6
2024-04-10,Punjab,Rupnagar,1.0,PM10,78.0,Satisfactory,"number_of_monitoring_stations in Absolute Number, aqi_value in Indices",,0.0,24.4,34.6,13.7,38,0.0,14.8,979.7
2024-04-11,Punjab,Amritsar,1.0,PM2.5,88.0,Satisfactory,"number_of_monitoring_stations in Absolute Number, aqi_value in Indices",,0.0,25.4,32.7,17.2,40,0.0,17.1,985.0
2024-04-11,Punjab,Bathinda,1.0,PM2.5,151.0,Moderate,"number_of_monitoring_stations in Absolute Number, aqi_value in Indices",,0.0,28.8,36.4,21.0,26,0.0,20.1,987.3
2024-04-11,Punjab,Jalandhar,1.0,PM10,62.0,Satisfactory,"number_of_monitoring_stations in Absolute Number, aqi_value in Indices",,0.0,25.6,33.5,18.6,37,0.0,16.3,983.8
2024-04-11,Punjab,Ludhiana,1.0,PM10,66.0,Satisfactory,"number_of_monitoring_stations in Absolute Number, aqi_value in Indices",,0.0,26.5,34.4,18.7,32,0.0,13.2,982.7
2024-04-11,Punjab,Patiala,1.0,PM10,81.0,Satisfactory,"number_of_monitoring_stations in Absolute Number, aqi_value in Indices",,0.0,27.5,35.1,20.1,28,0.0,19.7,982.0
2024-04-11,Punjab,Rupnagar,1.0,PM10,70.0,Satisfactory,"number_of_monitoring_stations in Absolute Number, aqi_value in Indices",,0.0,24.9,33.6,15.8,37,0.0,20.7,981.2
2024-04-12,Punjab,Amritsar,1.0,PM2.5,85.0,Satisfactory,"number_of_monitoring_stations in Absolute Number, aqi_value in Indices",,0.0,26.1,34.5,17.4,42,0.0,11.9,983.7
2024-04-12,Punjab,Bathinda,1.0,PM2.5,158.0,Moderate,"number_of_monitoring_stations in Absolute Number, aqi_value in Indices",,0.0,29.4,37.5,21.1,25,0.0,15.6,986.1
2024-04-12,Punjab,Jalandhar,1.0,PM10,99.0,Satisfactory,"number_of_monitoring_stations in Absolute Number, aqi_value in Indices",,0.0,26.0,34.8,17.2,39,0.0,12.7,982.5
2024-04-12,Punjab,Ludhiana,1.0,PM2.5,75.0,Satisfactory,"number_of_monitoring_stations in Absolute Number, aqi_value in Indices",,0.0,27.2,35.5,16.9,34,0.0,15.0,981.5
2024-04-12,Punjab,Patiala,1.0,PM10,91.0,Satisfactory,"number_of_monitoring_stations in Absolute Number, aqi_value in Indices",,0.0,28.0,36.5,20.4,28,0.0,12.3,980.8
2024-04-12,Punjab,Rupnagar,1.0,PM2.5,96.0,Satisfactory,"number_of_monitoring_stations in Absolute Number, aqi_value in Indices",,0.0,25.1,35.4,15.1,42,0.0,13.5,979.9
2024-04-13,Punjab,Amritsar,1.0,PM2.5,98.0,Satisfactory,"number_of_monitoring_stations in Absolute Number, aqi_value in Indices",,0.0,25.0,32.7,20.2,48,1.7,19.0,983.6
2024-04-13,Punjab,Bathinda,1.0,PM2.5,158.0,Moderate,"number_of_monitoring_stations in Absolute Number, aqi_value in Indices",,0.0,26.5,32.4,21.3,39,1.1,25.4,986.2
2024-04-13,Punjab,Jalandhar,1.0,PM10,104.0,Moderate,"number_of_monitoring_stations in Absolute Number, aqi_value in Indices",,0.0,25.7,34.6,20.4,43,0.2,19.6,982.4
2024-04-13,Punjab,Ludhiana,1.0,PM2.5,183.0,Moderate,"number_of_monitoring_stations in Absolute Number, aqi_value in Indices",,0.0,26.3,34.3,20.5,41,0.7,21.7,981.5
2024-04-13,Punjab,Patiala,1.0,PM10,94.0,Satisfactory,"number_of_monitoring_stations in Absolute Number, aqi_value in Indices",,0.0,27.4,35.6,20.3,36,0.2,24.1,980.9
2024-04-13,Punjab,Rupnagar,1.0,PM2.5,138.0,Moderate,"number_of_monitoring_stations in Absolute Number, aqi_value in Indices",,0.0,26.2,35.4,17.1,40,0.2,21.5,979.9
2024-04-14,Punjab,Amritsar,1.0,PM2.5,90.0,Satisfactory,"number_of_monitoring_stations in Absolute Number, aqi_value in Indices",,0.0,23.7,29.1,18.9,61,1.1,13.2,985.8
2024-04-14,Punjab,Bathinda,1.0,PM10,92.0,Satisfactory,"number_of_monitoring_stations in Absolute Number, aqi_value in Indices",,0.0,25.1,32.2,20.2,57,1.5,21.4,988.1
2024-04-14,Punjab,Jalandhar,1.0,PM10,74.0,Satisfactory,"number_of_monitoring_stations in Absolute Number, aqi_value in Indices",,0.0,24.0,30.9,19.3,61,0.1,16.5,984.6
2024-04-14,Punjab,Ludhiana,1.0,PM2.5,103.0,Moderate,"number_of_monitoring_stations in Absolute Number, aqi_value in Indices",,0.0,24.9,31.6,20.0,58,1.2,12.2,983.5
2024-04-14,Punjab,Patiala,1.0,PM10,81.0,Satisfactory,"number_of_monitoring_stations in Absolute Number, aqi_value in Indices",,0.0,25.8,31.7,21.1,54,0.2,20.2,983.0
2024-04-14,Punjab,Rupnagar,1.0,PM10,54.0,Satisfactory,"number_of_monitoring_stations in Absolute Number, aqi_value in Indices",,0.0,25.3,32.1,20.6,55,0.9,19.8,982.3
2024-04-15,Punjab,Amritsar,1.0,PM2.5,92.0,Satisfactory,"number_of_monitoring_stations in Absolute Number, aqi_value in Indices",,0.0,23.2,31.4,19.2,69,10.6,26.0,985.0
2024-04-15,Punjab,Bathinda,1.0,PM2.5,144.0,Moderate,"number_of_monitoring_stations in Absolute Number, aqi_value in Indices",,0.0,26.6,32.2,21.6,57,1.2,19.2,987.2
2024-04-15,Punjab,Jalandhar,1.0,PM10,66.0,Satisfactory,"number_of_monitoring_stations in Absolute Number, aqi_value in Indices",,0.0,23.5,30.3,19.6,70,44.0,23.6,983.8
2024-04-15,Punjab,Ludhiana,1.0,PM2.5,91.0,Satisfactory,"number_of_monitoring_stations in Absolute Number, aqi_value in Indices",,0.0,24.4,31.4,19.9,67,12.5,27.4,982.5
2024-04-15,Punjab,Patiala,1.0,PM10,101.0,Moderate,"number_of_monitoring_stations in Absolute Number, aqi_value in Indices",,0.0,26.9,32.4,21.7,53,0.1,26.8,981.9
2024-04-15,Punjab,Rupnagar,1.0,PM2.5,76.0,Satisfactory,"number_of_monitoring_stations in Absolute Number, aqi_value in Indices",,0.0,24.1,32.0,18.6,65,16.9,22.4,981.1
2024-04-16,Punjab,Amritsar,1.0,PM2.5,82.0,Satisfactory,"number_of_monitoring_stations in Absolute Number, aqi_value in Indices",,0.0,23.1,30.2,16.7,67,0.0,11.8,984.7
2024-04-16,Punjab,Bathinda,1.0,PM10,87.0,Satisfactory,"number_of_monitoring_stations in Absolute Number, aqi_value in Indices",,0.0,26.2,32.9,19.8,54,0.0,18.3,987.6
2024-04-16,Punjab,Jalandhar,1.0,PM10,76.0,Satisfactory,"number_of_monitoring_stations in Absolute Number, aqi_value in Indices",,0.0,23.8,30.2,16.9,64,0.0,16.1,983.2
2024-04-16,Punjab,Ludhiana,1.0,PM10,62.0,Satisfactory,"number_of_monitoring_stations in Absolute Number, aqi_value in Indices",,0.0,25.1,31.3,18.1,59,0.2,16.7,982.0
2024-04-16,Punjab,Patiala,1.0,PM10,84.0,Satisfactory,"number_of_monitoring_stations in Absolute Number, aqi_value in Indices",,0.0,26.6,33.5,19.3,49,0.0,19.6,981.0
2024-04-16,Punjab,Rupnagar,1.0,PM2.5,85.0,Satisfactory,"number_of_monitoring_stations in Absolute Number, aqi_value in Indices",,0.0,24.7,31.2,19.1,60,1.9,17.5,980.0
2024-04-17,Punjab,Amritsar,1.0,PM2.5,82.0,Satisfactory,"number_of_monitoring_stations in Absolute Number, aqi_value in Indices",,0.0,24.3,31.5,16.8,53,0.0,15.2,982.1
2024-04-17,Punjab,Jalandhar,1.0,PM10,70.0,Satisfactory,"number_of_monitoring_stations in Absolute Number, aqi_value in Indices",,0.0,23.8,31.7,15.1,57,0.0,14.9,981.0
2024-04-17,Punjab,Ludhiana,1.0,PM10,63.0,Satisfactory,"number_of_monitoring_stations in Absolute Number, aqi_value in Indices",,0.0,24.9,32.6,16.8,46,0.0,18.8,980.1
2024-04-17,Punjab,Patiala,1.0,PM10,68.0,Satisfactory,"number_of_monitoring_stations in Absolute Number, aqi_value in Indices",,0.0,26.8,33.6,19.0,37,0.0,22.9,979.4
2024-04-17,Punjab,Rupnagar,1.0,PM10,57.0,Satisfactory,"number_of_monitoring_stations in Absolute Number, aqi_value in Indices",,0.0,24.4,31.2,17.4,53,0.0,17.7,978.2
2024-04-18,Punjab,Amritsar,1.0,PM2.5,92.0,Satisfactory,"number_of_monitoring_stations in Absolute Number, aqi_value in Indices",,0.0,24.8,28.6,19.7,54,0.0,20.6,980.6
2024-04-18,Punjab,Bathinda,1.0,PM10,150.0,Moderate,"number_of_monitoring_stations in Absolute Number, aqi_value in Indices",,0.0,29.4,36.2,21.4,33,0.0,22.2,983.0
2024-04-18,Punjab,Jalandhar,1.0,PM10,86.0,Satisfactory,"number_of_monitoring_stations in Absolute Number, aqi_value in Indices",,0.0,25.2,31.7,19.0,50,0.0,12.6,979.4
2024-04-18,Punjab,Ludhiana,1.0,PM10,66.0,Satisfactory,"number_of_monitoring_stations in Absolute Number, aqi_value in Indices",,0.0,26.3,32.7,18.6,42,0.0,13.8,978.4
2024-04-18,Punjab,Patiala,1.0,PM10,80.0,Satisfactory,"number_of_monitoring_stations in Absolute Number, aqi_value in Indices",,0.0,28.1,35.2,20.5,33,0.0,16.6,977.9
2024-04-18,Punjab,Rupnagar,1.0,PM10,54.0,Satisfactory,"number_of_monitoring_stations in Absolute Number, aqi_value in Indices",,1.0,24.8,32.0,17.8,54,0.0,11.9,976.8
2024-04-19,Punjab,Amritsar,1.0,PM2.5,74.0,Satisfactory,"number_of_monitoring_stations in Absolute Number, aqi_value in Indices",,0.0,24.1,31.7,20.8,58,9.8,26.6,978.0
2024-04-19,Punjab,Bathinda,1.0,PM10,163.0,Moderate,"number_of_monitoring_stations in Absolute Number, aqi_value in Indices",,0.0,29.4,35.3,24.3,36,0.0,33.1,980.5
2024-04-19,Punjab,Jalandhar,1.0,PM10,74.0,Satisfactory,"number_of_monitoring_stations in Absolute Number, aqi_value in Indices",,0.0,24.9,32.5,20.1,53,6.1,29.2,977.2
2024-04-19,Punjab,Ludhiana,1.0,PM2.5,92.0,Satisfactory,"number_of_monitoring_stations in Absolute Number, aqi_value in Indices",,0.0,26.7,34.0,21.2,45,5.4,23.1,976.0
2024-04-19,Punjab,Rupnagar,1.0,PM2.5,81.0,Satisfactory,"number_of_monitoring_stations in Absolute Number, aqi_value in Indices",,0.0,26.6,34.2,19.8,46,0.8,26.0,974.9
2024-04-20,Punjab,Amritsar,1.0,PM2.5,81.0,Satisfactory,"number_of_monitoring_stations in Absolute Number, aqi_value in Indices",,0.0,23.8,30.5,17.8,56,0.4,14.2,978.9
2024-04-20,Punjab,Bathinda,1.0,PM10,160.0,Moderate,"number_of_monitoring_stations in Absolute Number, aqi_value in Indices",,0.0,26.9,33.1,20.7,48,0.0,17.4,981.8
2024-04-20,Punjab,Jalandhar,1.0,PM10,70.0,Satisfactory,"number_of_monitoring_stations in Absolute Number, aqi_value in Indices",,0.0,24.7,30.9,18.2,51,0.1,15.5,977.5
2024-04-20,Punjab,Ludhiana,1.0,PM2.5,93.0,Satisfactory,"number_of_monitoring_stations in Absolute Number, aqi_value in Indices",,0.0,25.8,32.7,19.0,47,1.6,14.3,976.4
2024-04-20,Punjab,Patiala,1.0,PM10,80.0,Satisfactory,"number_of_monitoring_stations in Absolute Number, aqi_value in Indices",,0.0,28.1,34.6,20.1,35,0.0,16.5,975.6
2024-04-20,Punjab,Rupnagar,1.0,PM10,41.0,Good,"number_of_monitoring_stations in Absolute Number, aqi_value in Indices",,0.0,26.0,32.1,19.0,43,0.0,13.6,974.7
2024-04-21,Punjab,Amritsar,1.0,PM2.5,81.0,Satisfactory,"number_of_monitoring_stations in Absolute Number, aqi_value in Indices",,0.0,24.8,32.8,17.8,53,0.0,16.9,979.9
2024-04-21,Punjab,Bathinda,1.0,PM2.5,39.0,Good,"number_of_monitoring_stations in Absolute Number, aqi_value in Indices",,0.0,27.6,34.5,20.8,37,0.0,16.4,982.8
2024-04-21,Punjab,Jalandhar,1.0,PM10,59.0,Satisfactory,"number_of_monitoring_stations in Absolute Number, aqi_value in Indices",,0.0,25.1,33.1,17.7,53,0.0,10.4,978.5
2024-04-21,Punjab,Ludhiana,1.0,PM2.5,86.0,Satisfactory,"number_of_monitoring_stations in Absolute Number, aqi_value in Indices",,0.0,26.9,34.6,19.1,39,0.0,20.1,977.4
2024-04-21,Punjab,Patiala,1.0,PM10,78.0,Satisfactory,"number_of_monitoring_stations in Absolute Number, aqi_value in Indices",,1.0,28.4,35.7,21.2,31,0.0,17.8,976.8
2024-04-21,Punjab,Rupnagar,1.0,PM10,45.0,Good,"number_of_monitoring_stations in Absolute Number, aqi_value in Indices",,0.0,25.5,33.5,17.1,46,0.0,11.4,975.7
2024-04-22,Punjab,Amritsar,1.0,PM2.5,81.0,Satisfactory,"number_of_monitoring_stations in Absolute Number, aqi_value in Indices",,0.0,25.3,33.4,17.3,47,0.2,14.8,980.5
2024-04-22,Punjab,Bathinda,1.0,PM2.5,34.0,Good,"number_of_monitoring_stations in Absolute Number, aqi_value in Indices",,0.0,28.5,35.4,20.8,29,0.0,19.3,983.1
2024-04-22,Punjab,Jalandhar,1.0,PM10,78.0,Satisfactory,"number_of_monitoring_stations in Absolute Number, aqi_value in Indices",,1.0,25.5,33.3,17.8,47,0.0,12.5,979.0
2024-04-22,Punjab,Ludhiana,1.0,PM10,78.0,Satisfactory,"number_of_monitoring_stations in Absolute Number, aqi_value in Indices",,0.0,27.0,35.4,18.0,40,0.0,18.7,977.9
2024-04-22,Punjab,Patiala,1.0,PM10,100.0,Satisfactory,"number_of_monitoring_stations in Absolute Number, aqi_value in Indices",,0.0,28.5,35.8,20.2,27,0.0,13.2,977.4
2024-04-22,Punjab,Rupnagar,1.0,PM10,48.0,Good,"number_of_monitoring_stations in Absolute Number, aqi_value in Indices",,0.0,24.8,33.3,16.6,47,0.0,10.4,976.4
2024-04-23,Punjab,Amritsar,1.0,PM2.5,77.0,Satisfactory,"number_of_monitoring_stations in Absolute Number, aqi_value in Indices",,0.0,25.0,32.0,18.2,48,0.4,17.9,980.2
2024-04-23,Punjab,Bathinda,1.0,PM10,115.0,Moderate,"number_of_monitoring_stations in Absolute Number, aqi_value in Indices",,0.0,29.0,36.3,22.0,28,0.0,21.8,982.7
2024-04-23,Punjab,Jalandhar,1.0,PM10,77.0,Satisfactory,"number_of_monitoring_stations in Absolute Number, aqi_value in Indices",,0.0,25.4,32.5,19.7,44,0.1,12.0,979.1
2024-04-23,Punjab,Ludhiana,1.0,PM2.5,105.0,Moderate,"number_of_monitoring_stations in Absolute Number, aqi_value in Indices",,0.0,26.3,33.9,20.1,37,0.0,20.2,978.1
2024-04-23,Punjab,Patiala,1.0,PM10,93.0,Satisfactory,"number_of_monitoring_stations in Absolute Number, aqi_value in Indices",,0.0,27.2,35.3,19.7,32,0.0,16.2,977.5
2024-04-23,Punjab,Rupnagar,1.0,PM2.5,83.0,Satisfactory,"number_of_monitoring_stations in Absolute Number, aqi_value in Indices",,0.0,24.5,32.6,17.0,48,0.2,17.6,976.6
2024-04-24,Punjab,Amritsar,1.0,PM2.5,73.0,Satisfactory,"number_of_monitoring_stations in Absolute Number, aqi_value in Indices",,0.0,25.0,32.6,17.4,48,0.0,18.0,980.0
2024-04-24,Punjab,Bathinda,1.0,PM10,151.0,Moderate,"number_of_monitoring_stations in Absolute Number, aqi_value in Indices",,3.0,28.4,35.3,21.0,31,0.0,18.2,982.7
2024-04-24,Punjab,Jalandhar,1.0,PM10,62.0,Satisfactory,"number_of_monitoring_stations in Absolute Number, aqi_value in Indices",,0.0,26.1,32.4,18.5,42,0.0,14.2,978.8
2024-04-24,Punjab,Ludhiana,1.0,PM2.5,135.0,Moderate,"number_of_monitoring_stations in Absolute Number, aqi_value in Indices",,1.0,27.2,35.1,19.8,37,0.1,13.7,977.6
2024-04-24,Punjab,Patiala,1.0,O3,98.0,Satisfactory,"number_of_monitoring_stations in Absolute Number, aqi_value in Indices",,0.0,27.8,35.8,19.7,33,0.0,16.6,976.9
2024-04-24,Punjab,Rupnagar,1.0,PM10,66.0,Satisfactory,"number_of_monitoring_stations in Absolute Number, aqi_value in Indices",,0.0,25.1,33.1,16.9,45,0.0,11.4,976.1
2024-04-25,Punjab,Amritsar,1.0,PM2.5,79.0,Satisfactory,"number_of_monitoring_stations in Absolute Number, aqi_value in Indices",,0.0,26.7,35.7,17.1,44,0.0,13.0,980.0
2024-04-25,Punjab,Bathinda,1.0,PM10,138.0,Moderate,"number_of_monitoring_stations in Absolute Number, aqi_value in Indices",,2.0,30.3,38.6,21.5,24,0.0,17.2,982.8
2024-04-25,Punjab,Jalandhar,1.0,PM10,65.0,Satisfactory,"number_of_monitoring_stations in Absolute Number, aqi_value in Indices",,0.0,27.0,35.9,16.8,41,0.0,19.7,978.8
2024-04-25,Punjab,Ludhiana,1.0,PM2.5,143.0,Moderate,"number_of_monitoring_stations in Absolute Number, aqi_value in Indices",,0.0,28.8,37.2,18.7,31,0.0,22.7,977.8
2024-04-25,Punjab,Patiala,1.0,PM10,107.0,Moderate,"number_of_monitoring_stations in Absolute Number, aqi_value in Indices",,1.0,29.0,37.5,19.9,29,0.0,25.0,977.1
2024-04-25,Punjab,Rupnagar,1.0,PM2.5,82.0,Satisfactory,"number_of_monitoring_stations in Absolute Number, aqi_value in Indices",,0.0,26.5,36.2,16.9,42,0.0,21.9,976.1
2024-04-26,Punjab,Amritsar,1.0,PM10,83.0,Satisfactory,"number_of_monitoring_stations in Absolute Number, aqi_value in Indices",,0.0,27.0,35.4,18.9,41,0.4,16.9,978.3
2024-04-26,Punjab,Bathinda,1.0,PM2.5,36.0,Good,"number_of_monitoring_stations in Absolute Number, aqi_value in Indices",,1.0,30.8,39.5,23.0,26,0.0,15.7,980.7
2024-04-26,Punjab,Jalandhar,1.0,PM10,84.0,Satisfactory,"number_of_monitoring_stations in Absolute Number, aqi_value in Indices",,1.0,28.8,36.7,19.6,33,0.0,13.3,977.1
2024-04-26,Punjab,Ludhiana,1.0,PM10,139.0,Moderate,"number_of_monitoring_stations in Absolute Number, aqi_value in Indices",,3.0,30.9,38.7,21.9,26,0.0,18.7,976.0
2024-04-26,Punjab,Patiala,1.0,PM10,100.0,Satisfactory,"number_of_monitoring_stations in Absolute Number, aqi_value in Indices",,2.0,31.0,38.8,21.8,24,0.0,21.1,975.4
2024-04-26,Punjab,Rupnagar,1.0,PM2.5,105.0,Moderate,"number_of_monitoring_stations in Absolute Number, aqi_value in Indices",,0.0,27.9,38.0,17.5,36,0.0,20.0,974.4
2024-04-27,Punjab,Amritsar,1.0,PM2.5,79.0,Satisfactory,"number_of_monitoring_stations in Absolute Number, aqi_value in Indices",,0.0,26.3,32.5,21.3,40,0.3,23.5,979.6
2024-04-27,Punjab,Bathinda,1.0,PM10,113.0,Moderate,"number_of_monitoring_stations in Absolute Number, aqi_value in Indices",,7.0,28.0,35.1,21.5,36,0.0,23.0,982.2
2024-04-27,Punjab,Jalandhar,1.0,O3,60.0,Satisfactory,"number_of_monitoring_stations in Absolute Number, aqi_value in Indices",,0.0,26.9,31.8,21.7,43,2.0,23.8,978.5
2024-04-27,Punjab,Ludhiana,1.0,PM10,86.0,Satisfactory,"number_of_monitoring_stations in Absolute Number, aqi_value in Indices",,0.0,28.0,35.0,22.4,35,1.6,21.9,977.5
2024-04-27,Punjab,Patiala,1.0,PM10,82.0,Satisfactory,"number_of_monitoring_stations in Absolute Number, aqi_value in Indices",,0.0,29.5,36.7,24.1,31,1.8,20.3,977.1
2024-04-27,Punjab,Rupnagar,1.0,PM2.5,89.0,Satisfactory,"number_of_monitoring_stations in Absolute Number, aqi_value in Indices",,0.0,26.2,33.8,20.0,42,2.0,15.7,976.3
2024-04-29,Punjab,Amritsar,1.0,PM2.5,86.0,Satisfactory,"number_of_monitoring_stations in Absolute Number, aqi_value in Indices",,0.0,23.2,30.0,18.3,55,2.4,23.7,981.2
2024-04-29,Punjab,Bathinda,1.0,PM10,146.0,Moderate,"number_of_monitoring_stations in Absolute Number, aqi_value in Indices",,1.0,27.1,34.0,21.7,36,1.4,26.4,983.7
2024-04-29,Punjab,Jalandhar,1.0,PM10,88.0,Satisfactory,"number_of_monitoring_stations in Absolute Number, aqi_value in Indices",,0.0,24.2,28.7,20.2,49,1.8,25.3,980.1
2024-04-29,Punjab,Ludhiana,1.0,PM10,49.0,Good,"number_of_monitoring_stations in Absolute Number, aqi_value in Indices",,0.0,25.1,29.5,21.7,45,1.2,17.8,979.0
2024-04-29,Punjab,Patiala,1.0,PM10,105.0,Moderate,"number_of_monitoring_stations in Absolute Number, aqi_value in Indices",,0.0,26.5,30.4,23.2,37,0.3,23.7,978.2
2024-04-29,Punjab,Rupnagar,1.0,PM10,62.0,Satisfactory,"number_of_monitoring_stations in Absolute Number, aqi_value in Indices",,0.0,23.8,29.8,18.7,48,0.2,24.7,977.4
2024-04-30,Punjab,Amritsar,1.0,PM2.5,72.0,Satisfactory,"number_of_monitoring_stations in Absolute Number, aqi_value in Indices",,0.0,22.6,31.3,16.1,52,0.9,26.4,980.1
2024-04-30,Punjab,Bathinda,1.0,PM10,78.0,Satisfactory,"number_of_monitoring_stations in Absolute Number, aqi_value in Indices",,5.0,25.8,33.7,17.7,42,0.0,24.8,982.5
2024-04-30,Punjab,Jalandhar,1.0,PM10,51.0,Satisfactory,"number_of_monitoring_stations in Absolute Number, aqi_value in Indices",,2.0,23.9,31.9,15.7,47,0.0,25.0,978.5
2024-04-30,Punjab,Ludhiana,1.0,PM10,42.0,Good,"number_of_monitoring_stations in Absolute Number, aqi_value in Indices",,0.0,24.8,33.0,16.8,41,0.0,26.5,977.3
2024-04-30,Punjab,Patiala,1.0,PM10,72.0,Satisfactory,"number_of_monitoring_stations in Absolute Number, aqi_value in Indices",,1.0,26.2,34.1,18.8,35,0.0,24.1,976.4
2024-04-30,Punjab,Rupnagar,1.0,PM10,66.0,Satisfactory,"number_of_monitoring_stations in Absolute Number, aqi_value in Indices",,0.0,24.4,32.9,16.1,42,0.0,22.4,975.4
2024-05-01,Punjab,Amritsar,1.0,O3,50.0,Good,"number_of_monitoring_stations in Absolute Number, aqi_value in Indices",,0.0,21.1,28.0,14.1,53,0.0,11.6,977.6
2024-05-01,Punjab,Bathinda,1.0,PM10,158.0,Moderate,"number_of_monitoring_stations in Absolute Number, aqi_value in Indices",,29.0,23.5,30.2,16.9,38,0.0,20.3,980.9
2024-05-01,Punjab,Jalandhar,1.0,PM10,76.0,Satisfactory,"number_of_monitoring_stations in Absolute Number, aqi_value in Indices",,1.0,21.4,29.0,13.5,50,0.0,13.8,976.3
2024-05-01,Punjab,Ludhiana,1.0,PM10,83.0,Satisfactory,"number_of_monitoring_stations in Absolute Number, aqi_value in Indices",,2.0,22.3,29.3,14.9,43,0.0,15.5,975.3
2024-05-01,Punjab,Patiala,1.0,PM10,95.0,Satisfactory,"number_of_monitoring_stations in Absolute Number, aqi_value in Indices",,0.0,23.6,29.6,17.3,34,0.0,20.6,974.7
2024-05-01,Punjab,Rupnagar,1.0,PM2.5,124.0,Moderate,"number_of_monitoring_stations in Absolute Number, aqi_value in Indices",,0.0,21.9,28.5,14.4,45,0.0,16.6,973.5
2024-05-02,Punjab,Amritsar,1.0,PM2.5,62.0,Satisfactory,"number_of_monitoring_stations in Absolute Number, aqi_value in Indices",,0.0,24.2,32.4,14.8,44,0.0,14.9,978.6
2024-05-02,Punjab,Bathinda,1.0,PM10,107.0,Moderate,"number_of_monitoring_stations in Absolute Number, aqi_value in Indices",,27.0,26.2,34.0,17.5,33,0.0,16.3,981.7
2024-05-02,Punjab,Jalandhar,1.0,PM10,77.0,Satisfactory,"number_of_monitoring_stations in Absolute Number, aqi_value in Indices",,0.0,24.7,32.2,17.4,41,0.0,21.2,977.5
2024-05-02,Punjab,Ludhiana,1.0,PM10,114.0,Moderate,"number_of_monitoring_stations in Absolute Number, aqi_value in Indices",,14.0,24.9,33.0,16.2,38,0.0,20.7,976.4
2024-05-02,Punjab,Patiala,1.0,PM10,112.0,Moderate,"number_of_monitoring_stations in Absolute Number, aqi_value in Indices",,12.0,26.0,33.7,18.0,32,0.0,20.9,975.7
2024-05-02,Punjab,Rupnagar,1.0,PM2.5,122.0,Moderate,"number_of_monitoring_stations in Absolute Number, aqi_value in Indices",,0.0,23.6,32.7,13.2,48,0.0,19.5,974.5
2024-05-03,Punjab,Amritsar,1.0,PM2.5,48.0,Good,"number_of_monitoring_stations in Absolute Number, aqi_value in Indices",,0.0,26.0,35.1,16.6,42,0.0,10.7,978.9
2024-05-03,Punjab,Bathinda,1.0,PM10,155.0,Moderate,"number_of_monitoring_stations in Absolute Number, aqi_value in Indices",,0.0,28.9,37.1,20.5,26,0.0,11.6,982.0
2024-05-03,Punjab,Jalandhar,1.0,PM10,105.0,Moderate,"number_of_monitoring_stations in Absolute Number, aqi_value in Indices",,0.0,27.0,35.7,18.5,36,0.0,15.1,977.9
2024-05-03,Punjab,Ludhiana,1.0,PM10,147.0,Moderate,"number_of_monitoring_stations in Absolute Number, aqi_value in Indices",,7.0,27.6,36.4,17.8,30,0.0,17.9,976.9
2024-05-03,Punjab,Patiala,1.0,PM10,127.0,Moderate,"number_of_monitoring_stations in Absolute Number, aqi_value in Indices",,0.0,28.2,37.2,18.8,28,0.0,20.2,976.2
2024-05-03,Punjab,Rupnagar,1.0,PM2.5,197.0,Moderate,"number_of_monitoring_stations in Absolute Number, aqi_value in Indices",,0.0,26.5,35.9,15.5,41,0.0,15.9,975.0
2024-05-04,Punjab,Amritsar,1.0,PM2.5,105.0,Moderate,"number_of_monitoring_stations in Absolute Number, aqi_value in Indices",,0.0,28.4,34.8,20.4,38,0.0,14.4,980.0
2024-05-04,Punjab,Bathinda,1.0,PM10,178.0,Moderate,"number_of_monitoring_stations in Absolute Number, aqi_value in Indices",,10.0,31.3,38.5,23.9,26,0.0,16.3,982.0
2024-05-04,Punjab,Jalandhar,1.0,PM10,95.0,Satisfactory,"number_of_monitoring_stations in Absolute Number, aqi_value in Indices",,10.0,29.1,37.1,21.9,35,0.0,22.6,978.3
2024-05-04,Punjab,Ludhiana,1.0,PM10,110.0,Moderate,"number_of_monitoring_stations in Absolute Number, aqi_value in Indices",,4.0,30.2,38.8,22.5,30,0.0,20.9,977.1
2024-05-04,Punjab,Patiala,1.0,PM10,116.0,Moderate,"number_of_monitoring_stations in Absolute Number, aqi_value in Indices",,14.0,32.0,39.5,24.6,23,0.0,17.6,976.3
2024-05-04,Punjab,Rupnagar,1.0,PM2.5,134.0,Moderate,"number_of_monitoring_stations in Absolute Number, aqi_value in Indices",,0.0,30.4,38.2,23.3,30,0.0,25.6,975.3
2024-05-05,Punjab,Amritsar,1.0,PM2.5,87.0,Satisfactory,"number_of_monitoring_stations in Absolute Number, aqi_value in Indices",,0.0,29.1,36.9,20.5,37,0.0,16.1,976.5
2024-05-05,Punjab,Bathinda,1.0,PM10,110.0,Moderate,"number_of_monitoring_stations in Absolute Number, aqi_value in Indices",,13.0,31.3,38.5,24.0,28,0.0,18.6,979.4
2024-05-05,Punjab,Jalandhar,1.0,PM10,101.0,Moderate,"number_of_monitoring_stations in Absolute Number, aqi_value in Indices",,0.0,29.0,37.1,20.0,36,0.0,19.4,975.1
2024-05-05,Punjab,Ludhiana,1.0,PM10,91.0,Satisfactory,"number_of_monitoring_stations in Absolute Number, aqi_value in Indices",,5.0,30.1,38.0,22.0,31,0.0,20.4,974.0
2024-05-05,Punjab,Patiala,1.0,PM10,104.0,Moderate,"number_of_monitoring_stations in Absolute Number, aqi_value in Indices",,24.0,31.8,38.9,24.2,24,0.0,21.5,973.2
2024-05-05,Punjab,Rupnagar,1.0,PM2.5,182.0,Moderate,"number_of_monitoring_stations in Absolute Number, aqi_value in Indices",,3.0,28.6,38.0,19.0,36,0.0,23.1,972.0
2024-05-06,Punjab,Amritsar,1.0,PM2.5,89.0,Satisfactory,"number_of_monitoring_stations in Absolute Number, aqi_value in Indices",,0.0,29.5,38.3,21.2,38,0.0,14.0,977.0
2024-05-06,Punjab,Bathinda,1.0,PM10,132.0,Moderate,"number_of_monitoring_stations in Absolute Number, aqi_value in Indices",,5.0,32.3,39.6,24.1,27,0.0,18.6,980.0
2024-05-06,Punjab,Jalandhar,1.0,PM10,120.0,Moderate,"number_of_monitoring_stations in Absolute Number, aqi_value in Indices",,7.0,30.1,38.5,23.0,32,0.0,13.0,975.8
2024-05-06,Punjab,Ludhiana,1.0,PM2.5,142.0,Moderate,"number_of_monitoring_stations in Absolute Number, aqi_value in Indices",,1.0,30.7,39.1,22.9,30,0.0,15.9,974.9
2024-05-06,Punjab,Patiala,1.0,PM10,161.0,Moderate,"number_of_monitoring_stations in Absolute Number, aqi_value in Indices",,8.0,31.8,39.3,23.6,26,0.0,18.9,974.4
2024-05-06,Punjab,Rupnagar,1.0,PM2.5,209.0,Poor,"number_of_monitoring_stations in Absolute Number, aqi_value in Indices",,0.0,29.9,38.7,21.0,33,0.0,12.8,973.3
2024-05-07,Punjab,Amritsar,1.0,PM2.5,104.0,Moderate,"number_of_monitoring_stations in Absolute Number, aqi_value in Indices",,7.0,30.8,39.6,21.2,31,0.0,10.5,978.4
2024-05-07,Punjab,Bathinda,1.0,PM10,131.0,Moderate,"number_of_monitoring_stations in Absolute Number, aqi_value in Indices",,92.0,33.4,41.1,26.0,23,0.0,18.2,981.4
2024-05-07,Punjab,Jalandhar,1.0,PM10,99.0,Satisfactory,"number_of_monitoring_stations in Absolute Number, aqi_value in Indices",,20.0,31.0,39.5,22.9,31,0.0,11.3,977.3
2024-05-07,Punjab,Ludhiana,1.0,PM2.5,154.0,Moderate,"number_of_monitoring_stations in Absolute Number, aqi_value in Indices",,15.0,32.0,40.4,23.6,25,0.0,15.9,976.5
2024-05-07,Punjab,Patiala,1.0,PM10,126.0,Moderate,"number_of_monitoring_stations in Absolute Number, aqi_value in Indices",,23.0,32.2,40.5,22.4,24,0.0,19.6,976.1
2024-05-07,Punjab,Rupnagar,1.0,PM2.5,156.0,Moderate,"number_of_monitoring_stations in Absolute Number, aqi_value in Indices",,0.0,30.4,38.7,20.3,32,0.0,16.2,975.2
2024-05-08,Punjab,Amritsar,1.0,PM2.5,109.0,Moderate,"number_of_monitoring_stations in Absolute Number, aqi_value in Indices",,25.0,30.8,39.6,21.4,34,0.0,13.0,978.1
2024-05-08,Punjab,Bathinda,1.0,PM2.5,173.0,Moderate,"number_of_monitoring_stations in Absolute Number, aqi_value in Indices",,106.0,33.2,40.9,24.2,24,0.0,16.3,981.2
2024-05-08,Punjab,Jalandhar,1.0,PM10,129.0,Moderate,"number_of_monitoring_stations in Absolute Number, aqi_value in Indices",,7.0,31.1,38.3,21.3,32,0.0,18.4,977.4
2024-05-08,Punjab,Ludhiana,1.0,PM2.5,167.0,Moderate,"number_of_monitoring_stations in Absolute Number, aqi_value in Indices",,13.0,31.3,39.4,23.2,34,0.0,21.2,976.6
2024-05-08,Punjab,Patiala,1.0,PM2.5,141.0,Moderate,"number_of_monitoring_stations in Absolute Number, aqi_value in Indices",,23.0,31.2,38.8,23.7,37,0.0,21.6,976.6
2024-05-08,Punjab,Rupnagar,1.0,PM2.5,187.0,Moderate,"number_of_monitoring_stations in Absolute Number, aqi_value in Indices",,4.0,29.4,35.6,20.2,42,0.0,25.1,975.6
2024-05-09,Punjab,Amritsar,1.0,PM2.5,110.0,Moderate,"number_of_monitoring_stations in Absolute Number, aqi_value in Indices",,15.0,31.0,38.7,23.6,38,0.0,19.5,977.5
2024-05-09,Punjab,Bathinda,1.0,PM2.5,95.0,Satisfactory,"number_of_monitoring_stations in Absolute Number, aqi_value in Indices",,52.0,33.1,40.7,26.6,29,0.0,22.5,980.1
2024-05-09,Punjab,Jalandhar,1.0,PM2.5,130.0,Moderate,"number_of_monitoring_stations in Absolute Number, aqi_value in Indices",,13.0,30.7,37.7,24.8,42,0.0,19.1,976.9
2024-05-09,Punjab,Ludhiana,1.0,PM10,133.0,Moderate,"number_of_monitoring_stations in Absolute Number, aqi_value in Indices",,7.0,31.5,38.6,26.2,40,0.0,22.0,976.1
2024-05-09,Punjab,Patiala,1.0,PM10,145.0,Moderate,"number_of_monitoring_stations in Absolute Number, aqi_value in Indices",,18.0,31.3,38.6,25.3,42,0.0,23.2,976.1
2024-05-09,Punjab,Rupnagar,1.0,PM2.5,88.0,Satisfactory,"number_of_monitoring_stations in Absolute Number, aqi_value in Indices",,0.0,31.1,37.0,25.4,41,0.0,23.5,975.1
2024-05-10,Punjab,Amritsar,1.0,PM2.5,104.0,Moderate,"number_of_monitoring_stations in Absolute Number, aqi_value in Indices",,47.0,30.0,38.9,23.8,44,0.4,21.7,978.8
2024-05-10,Punjab,Bathinda,1.0,PM10,126.0,Moderate,"number_of_monitoring_stations in Absolute Number, aqi_value in Indices",,48.0,32.6,41.5,27.0,37,0.0,23.1,981.3
2024-05-10,Punjab,Jalandhar,1.0,PM10,131.0,Moderate,"number_of_monitoring_stations in Absolute Number, aqi_value in Indices",,27.0,29.9,36.7,24.2,50,0.0,16.8,978.0
2024-05-10,Punjab,Ludhiana,1.0,PM10,133.0,Moderate,"number_of_monitoring_stations in Absolute Number, aqi_value in Indices",,42.0,30.5,37.6,25.3,50,0.4,20.9,977.1
2024-05-10,Punjab,Patiala,1.0,PM10,127.0,Moderate,"number_of_monitoring_stations in Absolute Number, aqi_value in Indices",,36.0,31.1,37.1,25.7,44,0.0,23.8,977.0
2024-05-10,Punjab,Rupnagar,1.0,PM2.5,142.0,Moderate,"number_of_monitoring_stations in Absolute Number, aqi_value in Indices",,1.0,30.7,35.9,24.9,45,0.0,24.1,976.0
2024-05-11,Punjab,Amritsar,1.0,PM2.5,85.0,Satisfactory,"number_of_monitoring_stations in Absolute Number, aqi_value in Indices",,0.0,29.2,36.3,23.0,48,0.4,9.8,981.2
2024-05-11,Punjab,Bathinda,1.0,PM10,194.0,Moderate,"number_of_monitoring_stations in Absolute Number, aqi_value in Indices",,1.0,31.4,38.9,25.2,43,1.1,17.7,984.0
2024-05-11,Punjab,Jalandhar,1.0,PM10,128.0,Moderate,"number_of_monitoring_stations in Absolute Number, aqi_value in Indices",,0.0,29.2,36.3,22.9,48,0.0,13.1,980.0
2024-05-11,Punjab,Ludhiana,1.0,PM10,142.0,Moderate,"number_of_monitoring_stations in Absolute Number, aqi_value in Indices",,1.0,29.8,36.2,22.8,50,0.8,15.4,979.1
2024-05-11,Punjab,Patiala,1.0,PM10,193.0,Moderate,"number_of_monitoring_stations in Absolute Number, aqi_value in Indices",,3.0,30.9,37.1,24.6,44,0.0,18.1,978.7
2024-05-11,Punjab,Rupnagar,1.0,PM2.5,290.0,Poor,"number_of_monitoring_stations in Absolute Number, aqi_value in Indices",,0.0,28.8,35.2,22.7,54,2.2,12.3,977.6
2024-05-12,Punjab,Bathinda,1.0,PM10,70.0,Satisfactory,"number_of_monitoring_stations in Absolute Number, aqi_value in Indices",,68.0,31.0,38.2,24.7,38,0.0,22.8,983.9
2024-05-12,Punjab,Jalandhar,1.0,PM10,87.0,Satisfactory,"number_of_monitoring_stations in Absolute Number, aqi_value in Indices",,21.0,28.1,33.5,22.7,50,2.6,21.8,980.8
2024-05-12,Punjab,Ludhiana,1.0,PM10,104.0,Moderate,"number_of_monitoring_stations in Absolute Number, aqi_value in Indices",,92.0,29.0,34.1,23.5,45,0.5,22.1,979.7
2024-05-12,Punjab,Patiala,1.0,PM10,127.0,Moderate,"number_of_monitoring_stations in Absolute Number, aqi_value in Indices",,96.0,30.2,35.4,23.1,39,0.5,13.7,979.0
2024-05-12,Punjab,Rupnagar,1.0,PM2.5,266.0,Poor,"number_of_monitoring_stations in Absolute Number, aqi_value in Indices",,5.0,28.1,34.8,19.9,51,1.9,15.9,978.3
2024-05-13,Punjab,Amritsar,1.0,PM10,85.0,Satisfactory,"number_of_monitoring_stations in Absolute Number, aqi_value in Indices",,311.0,29.1,37.3,20.9,36,0.0,13.9,982.3
2024-05-13,Punjab,Bathinda,1.0,PM10,86.0,Satisfactory,"number_of_monitoring_stations in Absolute Number, aqi_value in Indices",,42.0,31.2,39.0,23.3,31,0.0,14.9,985.0
2024-05-13,Punjab,Jalandhar,1.0,O3,65.0,Satisfactory,"number_of_monitoring_stations in Absolute Number, aqi_value in Indices",,34.0,29.1,37.3,20.8,37,0.0,17.4,980.9
2024-05-13,Punjab,Ludhiana,1.0,PM10,98.0,Satisfactory,"number_of_monitoring_stations in Absolute Number, aqi_value in Indices",,107.0,30.4,38.4,22.2,32,0.0,16.9,979.9
2024-05-13,Punjab,Patiala,1.0,PM10,105.0,Moderate,"number_of_monitoring_stations in Absolute Number, aqi_value in Indices",,46.0,31.4,38.8,22.8,28,0.0,18.5,979.2
2024-05-13,Punjab,Rupnagar,1.0,PM2.5,270.0,Poor,"number_of_monitoring_stations in Absolute Number, aqi_value in Indices",,5.0,29.1,37.9,20.6,37,0.0,19.2,978.1
2024-05-14,Punjab,Amritsar,1.0,PM2.5,130.0,Moderate,"number_of_monitoring_stations in Absolute Number, aqi_value in Indices",,115.0,29.6,37.9,20.5,30,0.0,12.4,981.6
2024-05-14,Punjab,Bathinda,1.0,PM10,100.0,Satisfactory,"number_of_monitoring_stations in Absolute Number, aqi_value in Indices",,31.0,31.6,39.2,24.2,27,0.0,19.2,984.8
2024-05-14,Punjab,Jalandhar,1.0,PM2.5,147.0,Moderate,"number_of_monitoring_stations in Absolute Number, aqi_value in Indices",,24.0,29.4,37.4,22.5,32,0.0,13.8,980.4
2024-05-14,Punjab,Ludhiana,1.0,PM2.5,146.0,Moderate,"number_of_monitoring_stations in Absolute Number, aqi_value in Indices",,90.0,30.2,38.4,21.7,29,0.0,15.6,979.5
2024-05-14,Punjab,Patiala,1.0,PM10,126.0,Moderate,"number_of_monitoring_stations in Absolute Number, aqi_value in Indices",,51.0,31.3,39.1,21.9,24,0.0,18.4,978.9
2024-05-14,Punjab,Rupnagar,1.0,PM2.5,253.0,Poor,"number_of_monitoring_stations in Absolute Number, aqi_value in Indices",,7.0,29.0,38.1,20.3,33,0.0,14.9,977.7
2024-05-15,Punjab,Amritsar,1.0,PM2.5,164.0,Moderate,"number_of_monitoring_stations in Absolute Number, aqi_value in Indices",,114.0,30.8,40.0,21.5,33,0.0,13.8,981.1
2024-05-15,Punjab,Bathinda,1.0,PM10,104.0,Moderate,"number_of_monitoring_stations in Absolute Number, aqi_value in Indices",,5.0,32.7,41.0,24.4,27,0.0,13.7,984.2
2024-05-15,Punjab,Jalandhar,1.0,PM2.5,142.0,Moderate,"number_of_monitoring_stations in Absolute Number, aqi_value in Indices",,21.0,30.6,39.6,20.3,32,0.0,18.2,980.0
2024-05-15,Punjab,Ludhiana,1.0,PM2.5,208.0,Poor,"number_of_monitoring_stations in Absolute Number, aqi_value in Indices",,22.0,32.0,41.0,22.0,24,0.0,16.3,979.1
2024-05-15,Punjab,Patiala,1.0,PM10,139.0,Moderate,"number_of_monitoring_stations in Absolute Number, aqi_value in Indices",,24.0,31.7,41.2,21.2,23,0.0,17.2,978.7
2024-05-15,Punjab,Rupnagar,1.0,PM2.5,106.0,Moderate,"number_of_monitoring_stations in Absolute Number, aqi_value in Indices",,2.0,30.4,39.8,18.8,31,0.0,15.0,977.7
2024-05-16,Punjab,Amritsar,1.0,PM2.5,200.0,Moderate,"number_of_monitoring_stations in Absolute Number, aqi_value in Indices",,24.0,32.1,40.3,22.7,30,0.0,14.5,980.9
2024-05-16,Punjab,Bathinda,1.0,CO,51.0,Satisfactory,"number_of_monitoring_stations in Absolute Number, aqi_value in Indices",,2.0,34.0,42.2,24.8,24,0.0,15.8,983.5
2024-05-16,Punjab,Jalandhar,1.0,PM2.5,113.0,Moderate,"number_of_monitoring_stations in Absolute Number, aqi_value in Indices",,9.0,31.3,39.8,21.6,32,0.0,12.6,979.7
2024-05-16,Punjab,Ludhiana,1.0,PM2.5,162.0,Moderate,"number_of_monitoring_stations in Absolute Number, aqi_value in Indices",,14.0,32.7,41.6,22.8,27,0.0,17.3,978.7
2024-05-16,Punjab,Patiala,1.0,PM10,136.0,Moderate,"number_of_monitoring_stations in Absolute Number, aqi_value in Indices",,3.0,33.1,41.7,23.8,23,0.0,17.7,978.3
2024-05-16,Punjab,Rupnagar,1.0,PM2.5,120.0,Moderate,"number_of_monitoring_stations in Absolute Number, aqi_value in Indices",,2.0,31.0,40.6,19.9,31,0.0,15.1,977.3
2024-05-17,Punjab,Bathinda,1.0,PM10,145.0,Moderate,"number_of_monitoring_stations in Absolute Number, aqi_value in Indices",,22.0,33.9,42.6,25.3,27,0.0,25.4,981.0
2024-05-17,Punjab,Jalandhar,1.0,PM2.5,131.0,Moderate,"number_of_monitoring_stations in Absolute Number, aqi_value in Indices",,35.0,32.4,41.0,23.0,32,0.0,15.9,976.7
2024-05-17,Punjab,Ludhiana,1.0,PM2.5,211.0,Poor,"number_of_monitoring_stations in Absolute Number, aqi_value in Indices",,63.0,34.4,42.8,24.5,24,0.0,19.5,975.9
2024-05-17,Punjab,Patiala,1.0,PM10,159.0,Moderate,"number_of_monitoring_stations in Absolute Number, aqi_value in Indices",,14.0,34.1,42.8,25.0,24,0.0,19.5,975.5
2024-05-17,Punjab,Rupnagar,1.0,PM2.5,142.0,Moderate,"number_of_monitoring_stations in Absolute Number, aqi_value in Indices",,2.0,32.7,41.9,23.4,30,0.0,19.3,974.4
2024-05-18,Punjab,Amritsar,1.0,CO,163.0,Moderate,"number_of_monitoring_stations in Absolute Number, aqi_value in Indices",,144.0,33.9,42.5,24.6,27,0.0,16.4,975.7
2024-05-18,Punjab,Bathinda,1.0,CO,78.0,Satisfactory,"number_of_monitoring_stations in Absolute Number, aqi_value in Indices",,25.0,35.5,43.6,27.2,22,0.0,20.4,978.6
2024-05-18,Punjab,Jalandhar,1.0,PM2.5,160.0,Moderate,"number_of_monitoring_stations in Absolute Number, aqi_value in Indices",,84.0,32.6,42.0,24.1,32,0.0,23.9,974.4
2024-05-18,Punjab,Ludhiana,1.0,PM2.5,176.0,Moderate,"number_of_monitoring_stations in Absolute Number, aqi_value in Indices",,117.0,34.5,43.1,24.8,24,0.0,24.3,973.6
2024-05-18,Punjab,Patiala,1.0,PM10,178.0,Moderate,"number_of_monitoring_stations in Absolute Number, aqi_value in Indices",,34.0,35.4,43.4,25.3,23,0.0,23.8,972.9
2024-05-18,Punjab,Rupnagar,1.0,PM2.5,166.0,Moderate,"number_of_monitoring_stations in Absolute Number, aqi_value in Indices",,15.0,34.1,42.8,24.3,26,0.0,26.8,971.9
2024-05-19,Punjab,Amritsar,1.0,CO,164.0,Moderate,"number_of_monitoring_stations in Absolute Number, aqi_value in Indices",,45.0,33.9,42.0,25.1,26,0.0,17.6,974.0
2024-05-19,Punjab,Bathinda,1.0,PM10,116.0,Moderate,"number_of_monitoring_stations in Absolute Number, aqi_value in Indices",,22.0,35.2,43.6,26.9,24,0.0,21.9,977.0
2024-05-19,Punjab,Jalandhar,1.0,PM10,117.0,Moderate,"number_of_monitoring_stations in Absolute Number, aqi_value in Indices",,30.0,33.4,42.3,24.6,28,0.0,26.4,972.8
2024-05-19,Punjab,Ludhiana,1.0,PM10,132.0,Moderate,"number_of_monitoring_stations in Absolute Number, aqi_value in Indices",,94.0,35.1,43.7,25.6,22,0.0,22.0,971.9
2024-05-19,Punjab,Patiala,1.0,PM10,162.0,Moderate,"number_of_monitoring_stations in Absolute Number, aqi_value in Indices",,37.0,36.4,43.7,27.0,18,0.0,23.1,971.4
2024-05-19,Punjab,Rupnagar,1.0,PM2.5,103.0,Moderate,"number_of_monitoring_stations in Absolute Number, aqi_value in Indices",,1.0,34.9,42.6,24.8,23,0.0,23.7,970.3
2024-05-20,Punjab,Amritsar,1.0,CO,177.0,Moderate,"number_of_monitoring_stations in Absolute Number, aqi_value in Indices",,9.0,33.7,41.8,26.4,28,0.0,19.9,974.5
2024-05-20,Punjab,Bathinda,1.0,PM10,106.0,Moderate,"number_of_monitoring_stations in Absolute Number, aqi_value in Indices",,0.0,35.4,43.7,27.0,23,0.0,21.5,977.3
2024-05-20,Punjab,Jalandhar,1.0,PM10,108.0,Moderate,"number_of_monitoring_stations in Absolute Number, aqi_value in Indices",,6.0,33.5,40.9,24.9,26,0.0,15.5,973.5
2024-05-20,Punjab,Ludhiana,1.0,PM2.5,142.0,Moderate,"number_of_monitoring_stations in Absolute Number, aqi_value in Indices",,12.0,34.6,42.2,25.6,22,0.0,18.4,972.6
2024-05-20,Punjab,Patiala,1.0,PM10,134.0,Moderate,"number_of_monitoring_stations in Absolute Number, aqi_value in Indices",,6.0,34.6,42.3,26.5,22,0.0,22.2,972.2
2024-05-20,Punjab,Rupnagar,1.0,PM2.5,96.0,Satisfactory,"number_of_monitoring_stations in Absolute Number, aqi_value in Indices",,4.0,33.2,40.5,24.5,27,0.0,13.3,971.3
2024-05-21,Punjab,Amritsar,1.0,CO,151.0,Moderate,"number_of_monitoring_stations in Absolute Number, aqi_value in Indices",,8.0,34.1,42.1,25.3,26,0.0,12.2,975.1
2024-05-21,Punjab,Bathinda,1.0,PM10,110.0,Moderate,"number_of_monitoring_stations in Absolute Number, aqi_value in Indices",,1.0,35.7,43.4,26.4,21,0.0,18.0,977.9
2024-05-21,Punjab,Jalandhar,1.0,PM2.5,136.0,Moderate,"number_of_monitoring_stations in Absolute Number, aqi_value in Indices",,11.0,33.4,41.2,25.2,28,0.0,16.3,974.1
2024-05-21,Punjab,Ludhiana,1.0,PM2.5,177.0,Moderate,"number_of_monitoring_stations in Absolute Number, aqi_value in Indices",,24.0,34.0,42.3,25.9,25,0.0,15.6,973.2
2024-05-21,Punjab,Patiala,1.0,PM10,142.0,Moderate,"number_of_monitoring_stations in Absolute Number, aqi_value in Indices",,4.0,33.4,42.2,25.2,31,0.0,19.5,972.9
2024-05-21,Punjab,Rupnagar,1.0,PM2.5,84.0,Satisfactory,"number_of_monitoring_stations in Absolute Number, aqi_value in Indices",,4.0,32.5,40.9,22.3,34,0.0,23.5,971.9
2024-05-22,Punjab,Amritsar,1.0,CO,158.0,Moderate,"number_of_monitoring_stations in Absolute Number, aqi_value in Indices",,4.0,34.2,42.2,25.2,30,0.0,14.3,975.0
2024-05-22,Punjab,Bathinda,1.0,PM10,125.0,Moderate,"number_of_monitoring_stations in Absolute Number, aqi_value in Indices",,2.0,35.8,43.8,27.5,26,0.0,16.6,977.7
2024-05-22,Punjab,Jalandhar,1.0,PM2.5,149.0,Moderate,"number_of_monitoring_stations in Absolute Number, aqi_value in Indices",,16.0,34.1,41.1,25.4,33,0.0,15.9,974.3
2024-05-22,Punjab,Ludhiana,1.0,PM10,125.0,Moderate,"number_of_monitoring_stations in Absolute Number, aqi_value in Indices",,6.0,34.6,40.7,26.4,31,0.0,18.8,973.5
2024-05-22,Punjab,Patiala,1.0,PM10,140.0,Moderate,"number_of_monitoring_stations in Absolute Number, aqi_value in Indices",,5.0,34.2,40.3,27.9,37,0.0,23.8,973.4
2024-05-22,Punjab,Rupnagar,1.0,PM2.5,88.0,Satisfactory,"number_of_monitoring_stations in Absolute Number, aqi_value in Indices",,0.0,33.5,40.4,25.3,37,0.0,24.6,972.4
2024-05-23,Punjab,Amritsar,1.0,CO,158.0,Moderate,"number_of_monitoring_stations in Absolute Number, aqi_value in Indices",,14.0,33.6,40.5,25.8,36,0.0,19.5,974.9
2024-05-23,Punjab,Bathinda,1.0,PM2.5,85.0,Satisfactory,"number_of_monitoring_stations in Absolute Number, aqi_value in Indices",,8.0,36.0,42.3,29.8,32,0.0,19.6,977.4
2024-05-23,Punjab,Jalandhar,1.0,PM10,128.0,Moderate,"number_of_monitoring_stations in Absolute Number, aqi_value in Indices",,22.0,33.3,39.4,26.8,40,0.1,21.8,974.3
2024-05-23,Punjab,Ludhiana,1.0,PM10,117.0,Moderate,"number_of_monitoring_stations in Absolute Number, aqi_value in Indices",,23.0,34.3,40.2,28.6,38,0.0,22.9,973.4
2024-05-23,Punjab,Patiala,1.0,PM10,122.0,Moderate,"number_of_monitoring_stations in Absolute Number, aqi_value in Indices",,12.0,33.7,39.6,28.9,43,0.0,31.0,973.3
2024-05-24,Punjab,Amritsar,1.0,PM10,177.0,Moderate,"number_of_monitoring_stations in Absolute Number, aqi_value in Indices",,8.0,33.8,40.7,26.9,39,0.0,16.8,975.0
2024-05-24,Punjab,Bathinda,1.0,PM10,122.0,Moderate,"number_of_monitoring_stations in Absolute Number, aqi_value in Indices",,3.0,36.4,43.1,30.9,31,0.0,17.3,977.5
2024-05-24,Punjab,Jalandhar,1.0,PM10,120.0,Moderate,"number_of_monitoring_stations in Absolute Number, aqi_value in Indices",,35.0,34.0,39.3,28.0,39,0.5,18.8,974.2
2024-05-24,Punjab,Ludhiana,1.0,PM2.5,147.0,Moderate,"number_of_monitoring_stations in Absolute Number, aqi_value in Indices",,31.0,35.1,40.6,29.3,36,0.3,21.3,973.3
2024-05-24,Punjab,Patiala,1.0,PM10,118.0,Moderate,"number_of_monitoring_stations in Absolute Number, aqi_value in Indices",,19.0,34.7,40.6,28.9,39,0.0,20.9,973.0
2024-05-24,Punjab,Rupnagar,1.0,PM10,154.0,Moderate,"number_of_monitoring_stations in Absolute Number, aqi_value in Indices",,1.0,33.9,39.9,27.7,41,0.0,19.5,972.0
2024-05-25,Punjab,Amritsar,1.0,PM10,194.0,Moderate,"number_of_monitoring_stations in Absolute Number, aqi_value in Indices",,4.0,34.7,42.7,26.0,27,0.0,18.8,973.3
2024-05-25,Punjab,Bathinda,1.0,PM10,184.0,Moderate,"number_of_monitoring_stations in Absolute Number, aqi_value in Indices",,1.0,35.9,43.6,28.4,28,0.0,20.2,976.4
2024-05-25,Punjab,Jalandhar,1.0,PM10,69.0,Satisfactory,"number_of_monitoring_stations in Absolute Number, aqi_value in Indices",,17.0,34.4,42.4,26.0,29,0.0,22.5,972.1
2024-05-25,Punjab,Ludhiana,1.0,PM2.5,93.0,Satisfactory,"number_of_monitoring_stations in Absolute Number, aqi_value in Indices",,17.0,35.9,43.4,26.3,26,0.0,23.9,971.2
2024-05-25,Punjab,Patiala,1.0,O3,170.0,Moderate,"number_of_monitoring_stations in Absolute Number, aqi_value in Indices",,5.0,35.9,43.6,27.4,26,0.0,26.0,970.7
2024-05-25,Punjab,Rupnagar,1.0,PM10,145.0,Moderate,"number_of_monitoring_stations in Absolute Number, aqi_value in Indices",,0.0,33.5,43.2,24.3,35,0.0,27.9,969.6
2024-05-26,Punjab,Amritsar,1.0,PM10,136.0,Moderate,"number_of_monitoring_stations in Absolute Number, aqi_value in Indices",,0.0,35.8,44.2,25.8,25,0.0,15.3,971.5
2024-05-26,Punjab,Bathinda,1.0,PM10,153.0,Moderate,"number_of_monitoring_stations in Absolute Number, aqi_value in Indices",,1.0,36.7,44.9,27.7,24,0.0,19.3,974.4
2024-05-26,Punjab,Jalandhar,1.0,PM10,139.0,Moderate,"number_of_monitoring_stations in Absolute Number, aqi_value in Indices",,3.0,35.2,43.7,27.7,26,0.0,18.2,970.5
2024-05-26,Punjab,Ludhiana,1.0,PM10,115.0,Moderate,"number_of_monitoring_stations in Absolute Number, aqi_value in Indices",,4.0,36.2,44.5,26.0,22,0.0,18.6,969.6
2024-05-26,Punjab,Patiala,1.0,O3,161.0,Moderate,"number_of_monitoring_stations in Absolute Number, aqi_value in Indices",,2.0,36.1,44.7,26.3,22,0.0,23.1,969.2
2024-05-26,Punjab,Rupnagar,1.0,PM10,127.0,Moderate,"number_of_monitoring_stations in Absolute Number, aqi_value in Indices",,1.0,34.2,44.1,21.7,28,0.0,22.7,968.0
2024-05-27,Punjab,Amritsar,1.0,PM2.5,158.0,Moderate,"number_of_monitoring_stations in Absolute Number, aqi_value in Indices",,0.0,35.1,44.0,25.4,20,0.0,16.6,969.0
2024-05-27,Punjab,Bathinda,1.0,PM10,104.0,Moderate,"number_of_monitoring_stations in Absolute Number, aqi_value in Indices",,1.0,37.2,45.7,28.3,20,0.0,23.7,971.8
2024-05-27,Punjab,Jalandhar,1.0,PM10,144.0,Moderate,"number_of_monitoring_stations in Absolute Number, aqi_value in Indices",,0.0,34.7,43.5,25.9,24,0.0,17.2,968.0
2024-05-27,Punjab,Ludhiana,1.0,PM10,111.0,Moderate,"number_of_monitoring_stations in Absolute Number, aqi_value in Indices",,1.0,36.4,44.5,27.4,19,0.0,18.0,967.1
2024-05-27,Punjab,Patiala,1.0,PM10,133.0,Moderate,"number_of_monitoring_stations in Absolute Number, aqi_value in Indices",,0.0,36.2,44.3,27.9,20,0.0,19.2,966.6
2024-05-27,Punjab,Rupnagar,1.0,PM10,184.0,Moderate,"number_of_monitoring_stations in Absolute Number, aqi_value in Indices",,0.0,34.2,43.1,22.4,26,0.0,16.1,965.7
2024-05-29,Punjab,Amritsar,1.0,PM2.5,212.0,Poor,"number_of_monitoring_stations in Absolute Number, aqi_value in Indices",,1.0,36.8,45.8,26.7,15,0.0,13.7,967.5
2024-05-29,Punjab,Bathinda,1.0,PM2.5,78.0,Satisfactory,"number_of_monitoring_stations in Absolute Number, aqi_value in Indices",,6.0,37.6,46.2,27.7,15,0.0,21.0,970.2
2024-05-29,Punjab,Jalandhar,1.0,PM10,151.0,Moderate,"number_of_monitoring_stations in Absolute Number, aqi_value in Indices",,7.0,35.7,45.0,25.0,15,0.0,15.8,966.6
2024-05-29,Punjab,Ludhiana,1.0,PM10,123.0,Moderate,"number_of_monitoring_stations in Absolute Number, aqi_value in Indices",,4.0,36.6,45.4,26.0,14,0.0,15.5,965.8
2024-05-29,Punjab,Patiala,1.0,PM2.5,168.0,Moderate,"number_of_monitoring_stations in Absolute Number, aqi_value in Indices",,6.0,36.1,45.6,28.0,17,0.0,18.3,965.5
2024-05-29,Punjab,Rupnagar,1.0,PM10,193.0,Moderate,"number_of_monitoring_stations in Absolute Number, aqi_value in Indices",,1.0,34.3,44.0,22.0,20,0.0,12.9,964.7
2024-05-30,Punjab,Amritsar,1.0,PM2.5,226.0,Poor,"number_of_monitoring_stations in Absolute Number, aqi_value in Indices",,3.0,35.9,44.3,26.7,16,0.0,22.3,970.8
2024-05-30,Punjab,Bathinda,1.0,PM2.5,150.0,Moderate,"number_of_monitoring_stations in Absolute Number, aqi_value in Indices",,7.0,37.3,45.9,28.8,14,0.0,16.7,973.8
2024-05-30,Punjab,Jalandhar,1.0,PM10,113.0,Moderate,"number_of_monitoring_stations in Absolute Number, aqi_value in Indices",,1.0,35.8,44.7,27.4,17,0.0,17.6,969.7
2024-05-30,Punjab,Ludhiana,1.0,PM10,128.0,Moderate,"number_of_monitoring_stations in Absolute Number, aqi_value in Indices",,1.0,36.8,45.5,27.0,14,0.0,18.9,968.8
2024-05-30,Punjab,Patiala,1.0,PM10,140.0,Moderate,"number_of_monitoring_stations in Absolute Number, aqi_value in Indices",,4.0,37.5,45.3,28.3,13,0.0,17.3,968.6
2024-05-30,Punjab,Rupnagar,1.0,PM10,146.0,Moderate,"number_of_monitoring_stations in Absolute Number, aqi_value in Indices",,9.0,35.4,44.8,26.4,16,0.0,13.5,967.7
2024-05-31,Punjab,Amritsar,1.0,PM2.5,150.0,Moderate,"number_of_monitoring_stations in Absolute Number, aqi_value in Indices",,7.0,35.6,44.1,26.1,18,0.0,11.2,973.1
2024-05-31,Punjab,Bathinda,1.0,PM10,99.0,Satisfactory,"number_of_monitoring_stations in Absolute Number, aqi_value in Indices",,8.0,37.0,44.7,28.0,14,0.0,17.1,975.9
2024-05-31,Punjab,Jalandhar,1.0,PM2.5,160.0,Moderate,"number_of_monitoring_stations in Absolute Number, aqi_value in Indices",,1.0,35.4,43.4,26.3,18,0.0,18.0,972.1
2024-05-31,Punjab,Ludhiana,1.0,PM2.5,189.0,Moderate,"number_of_monitoring_stations in Absolute Number, aqi_value in Indices",,0.0,36.1,44.6,26.6,16,0.0,12.5,971.1
2024-05-31,Punjab,Patiala,1.0,PM10,128.0,Moderate,"number_of_monitoring_stations in Absolute Number, aqi_value in Indices",,2.0,36.1,44.3,28.6,14,0.0,13.8,970.8
2024-05-31,Punjab,Rupnagar,1.0,PM10,165.0,Moderate,"number_of_monitoring_stations in Absolute Number, aqi_value in Indices",,1.0,34.4,44.0,23.0,19,0.0,18.4,969.7
2024-06-01,Punjab,Amritsar,1.0,PM2.5,140.0,Moderate,"number_of_monitoring_stations in Absolute Number, aqi_value in Indices",,0.0,35.6,44.4,26.5,16,0.0,21.7,973.7
2024-06-01,Punjab,Bathinda,1.0,PM2.5,165.0,Moderate,"number_of_monitoring_stations in Absolute Number, aqi_value in Indices",,0.0,37.3,44.3,31.6,19,0.0,30.7,976.9
2024-06-01,Punjab,Jalandhar,1.0,PM2.5,179.0,Moderate,"number_of_monitoring_stations in Absolute Number, aqi_value in Indices",,0.0,35.3,43.3,25.8,18,0.0,21.0,972.6
2024-06-01,Punjab,Ludhiana,1.0,PM2.5,184.0,Moderate,"number_of_monitoring_stations in Absolute Number, aqi_value in Indices",,0.0,36.4,44.6,27.7,16,0.0,28.5,971.8
2024-06-01,Punjab,Patiala,1.0,PM2.5,206.0,Poor,"number_of_monitoring_stations in Absolute Number, aqi_value in Indices",,0.0,36.3,44.2,27.6,17,0.0,30.1,971.7
2024-06-01,Punjab,Rupnagar,1.0,PM10,208.0,Poor,"number_of_monitoring_stations in Absolute Number, aqi_value in Indices",,0.0,34.0,43.5,22.5,20,0.0,19.7,970.5
2024-06-02,Punjab,Amritsar,1.0,PM2.5,165.0,Moderate,"number_of_monitoring_stations in Absolute Number, aqi_value in Indices",,0.0,35.6,42.8,27.7,21,0.0,16.8,975.4
2024-06-02,Punjab,Jalandhar,1.0,PM10,157.0,Moderate,"number_of_monitoring_stations in Absolute Number, aqi_value in Indices",,0.0,34.6,42.5,25.8,26,0.0,16.3,974.4
2024-06-02,Punjab,Ludhiana,1.0,PM2.5,149.0,Moderate,"number_of_monitoring_stations in Absolute Number, aqi_value in Indices",,0.0,35.5,42.9,27.0,25,0.0,15.4,973.5
2024-06-02,Punjab,Patiala,1.0,PM10,127.0,Moderate,"number_of_monitoring_stations in Absolute Number, aqi_value in Indices",,0.0,35.2,42.5,27.3,27,0.0,16.3,973.2
2024-06-02,Punjab,Rupnagar,1.0,PM10,152.0,Moderate,"number_of_monitoring_stations in Absolute Number, aqi_value in Indices",,0.0,33.9,41.7,26.3,29,0.0,16.1,972.2
2024-06-03,Punjab,Amritsar,1.0,PM2.5,138.0,Moderate,"number_of_monitoring_stations in Absolute Number, aqi_value in Indices",,0.0,37.0,44.8,29.5,18,0.0,15.7,974.0
2024-06-03,Punjab,Bathinda,1.0,PM2.5,130.0,Moderate,"number_of_monitoring_stations in Absolute Number, aqi_value in Indices",,0.0,37.0,44.9,29.5,20,0.0,18.3,977.3
2024-06-03,Punjab,Jalandhar,1.0,PM2.5,157.0,Moderate,"number_of_monitoring_stations in Absolute Number, aqi_value in Indices",,0.0,36.0,43.9,27.5,20,0.0,18.3,973.1
2024-06-03,Punjab,Ludhiana,1.0,PM2.5,154.0,Moderate,"number_of_monitoring_stations in Absolute Number, aqi_value in Indices",,0.0,36.2,44.4,27.0,18,0.0,17.7,972.2
2024-06-03,Punjab,Patiala,1.0,PM10,154.0,Moderate,"number_of_monitoring_stations in Absolute Number, aqi_value in Indices",,0.0,36.0,43.9,26.8,19,0.0,16.7,972.0
2024-06-03,Punjab,Rupnagar,1.0,PM10,192.0,Moderate,"number_of_monitoring_stations in Absolute Number, aqi_value in Indices",,0.0,34.2,43.1,22.7,26,0.0,17.8,970.9
2024-06-04,Punjab,Bathinda,1.0,PM2.5,337.0,Very Poor,"number_of_monitoring_stations in Absolute Number, aqi_value in Indices",,0.0,37.4,43.9,30.6,18,0.0,19.6,976.8
2024-06-04,Punjab,Jalandhar,1.0,PM10,110.0,Moderate,"number_of_monitoring_stations in Absolute Number, aqi_value in Indices",,0.0,34.4,42.8,27.3,24,1.0,22.5,973.0
2024-06-04,Punjab,Ludhiana,1.0,PM2.5,226.0,Poor,"number_of_monitoring_stations in Absolute Number, aqi_value in Indices",,0.0,36.3,42.5,29.3,19,0.0,19.7,972.0
2024-06-04,Punjab,Patiala,1.0,PM10,170.0,Moderate,"number_of_monitoring_stations in Absolute Number, aqi_value in Indices",,0.0,35.5,42.4,27.9,21,0.0,24.6,971.7
2024-06-04,Punjab,Rupnagar,1.0,PM2.5,161.0,Moderate,"number_of_monitoring_stations in Absolute Number, aqi_value in Indices",,0.0,34.3,42.4,23.9,24,0.0,22.6,970.6
2024-06-05,Punjab,Amritsar,1.0,PM10,145.0,Moderate,"number_of_monitoring_stations in Absolute Number, aqi_value in Indices",,0.0,32.3,40.4,26.9,34,0.3,24.8,975.8
2024-06-05,Punjab,Bathinda,1.0,PM2.5,382.0,Very Poor,"number_of_monitoring_stations in Absolute Number, aqi_value in Indices",,0.0,35.5,39.8,31.5,25,0.2,20.3,978.4
2024-06-05,Punjab,Jalandhar,1.0,PM2.5,170.0,Moderate,"number_of_monitoring_stations in Absolute Number, aqi_value in Indices",,0.0,33.6,40.4,27.1,30,0.1,24.5,974.8
2024-06-05,Punjab,Ludhiana,1.0,PM2.5,241.0,Poor,"number_of_monitoring_stations in Absolute Number, aqi_value in Indices",,0.0,33.6,40.4,27.7,29,2.0,27.6,973.6
2024-06-05,Punjab,Patiala,1.0,PM2.5,161.0,Moderate,"number_of_monitoring_stations in Absolute Number, aqi_value in Indices",,0.0,35.0,41.4,28.1,24,0.1,21.5,973.1
2024-06-05,Punjab,Rupnagar,1.0,PM2.5,285.0,Poor,"number_of_monitoring_stations in Absolute Number, aqi_value in Indices",,0.0,33.4,40.5,26.2,28,0.0,19.4,972.3
