date,state,area,number_of_monitoring_stations,prominent_pollutants,aqi_value,air_quality_status,unit,note,fireCount
2022-04-01,Punjab,Amritsar,1.0,PM10,101.0,Moderate,"number_of_monitoring_stations in Absolute Number, aqi_value in Indices",,0.0
2022-04-01,Punjab,Bathinda,1.0,PM10,60.0,Satisfactory,"number_of_monitoring_stations in Absolute Number, aqi_value in Indices",,0.0
2022-04-01,Punjab,Jalandhar,1.0,PM10,117.0,Moderate,"number_of_monitoring_stations in Absolute Number, aqi_value in Indices",,0.0
2022-04-01,Punjab,Ludhiana,1.0,PM10,126.0,Moderate,"number_of_monitoring_stations in Absolute Number, aqi_value in Indices",,0.0
2022-04-01,Punjab,Patiala,1.0,PM10,130.0,Moderate,"number_of_monitoring_stations in Absolute Number, aqi_value in Indices",,0.0
2022-04-01,Punjab,Rupnagar,1.0,PM10,103.0,Moderate,"number_of_monitoring_stations in Absolute Number, aqi_value in Indices",,0.0
2022-04-02,Punjab,Amritsar,1.0,PM10,116.0,Moderate,"number_of_monitoring_stations in Absolute Number, aqi_value in Indices",,0.0
2022-04-02,Punjab,Bathinda,1.0,PM10,74.0,Satisfactory,"number_of_monitoring_stations in Absolute Number, aqi_value in Indices",,0.0
2022-04-02,Punjab,Jalandhar,1.0,PM10,125.0,Moderate,"number_of_monitoring_stations in Absolute Number, aqi_value in Indices",,0.0
2022-04-02,Punjab,Ludhiana,1.0,PM10,165.0,Moderate,"number_of_monitoring_stations in Absolute Number, aqi_value in Indices",,0.0
2022-04-02,Punjab,Patiala,1.0,PM10,125.0,Moderate,"number_of_monitoring_stations in Absolute Number, aqi_value in Indices",,1.0
2022-04-02,Punjab,Rupnagar,1.0,PM10,151.0,Moderate,"number_of_monitoring_stations in Absolute Number, aqi_value in Indices",,0.0
2022-04-03,Punjab,Amritsar,1.0,PM10,97.0,Satisfactory,"number_of_monitoring_stations in Absolute Number, aqi_value in Indices",,1.0
2022-04-03,Punjab,Bathinda,1.0,PM10,87.0,Satisfactory,"number_of_monitoring_stations in Absolute Number, aqi_value in Indices",,0.0
2022-04-03,Punjab,Jalandhar,1.0,PM10,76.0,Satisfactory,"number_of_monitoring_stations in Absolute Number, aqi_value in Indices",,1.0
2022-04-03,Punjab,Ludhiana,1.0,PM10,152.0,Moderate,"number_of_monitoring_stations in Absolute Number, aqi_value in Indices",,0.0
2022-04-03,Punjab,Patiala,1.0,O3,177.0,Moderate,"number_of_monitoring_stations in Absolute Number, aqi_value in Indices",,0.0
2022-04-03,Punjab,Rupnagar,1.0,PM10,153.0,Moderate,"number_of_monitoring_stations in Absolute Number, aqi_value in Indices",,0.0
2022-04-04,Punjab,Amritsar,1.0,PM10,121.0,Moderate,"number_of_monitoring_stations in Absolute Number, aqi_value in Indices",,0.0
2022-04-04,Punjab,Bathinda,1.0,PM10,84.0,Satisfactory,"number_of_monitoring_stations in Absolute Number, aqi_value in Indices",,0.0
2022-04-04,Punjab,Jalandhar,1.0,PM10,107.0,Moderate,"number_of_monitoring_stations in Absolute Number, aqi_value in Indices",,0.0
2022-04-04,Punjab,Ludhiana,1.0,PM10,140.0,Moderate,"number_of_monitoring_stations in Absolute Number, aqi_value in Indices",,0.0
2022-04-04,Punjab,Patiala,1.0,PM10,160.0,Moderate,"number_of_monitoring_stations in Absolute Number, aqi_value in Indices",,0.0
2022-04-04,Punjab,Rupnagar,1.0,PM10,134.0,Moderate,"number_of_monitoring_stations in Absolute Number, aqi_value in Indices",,0.0
2022-04-05,Punjab,Amritsar,1.0,PM10,111.0,Moderate,"number_of_monitoring_stations in Absolute Number, aqi_value in Indices",,0.0
2022-04-05,Punjab,Bathinda,1.0,PM10,87.0,Satisfactory,"number_of_monitoring_stations in Absolute Number, aqi_value in Indices",,0.0
2022-04-05,Punjab,Jalandhar,1.0,PM10,120.0,Moderate,"number_of_monitoring_stations in Absolute Number, aqi_value in Indices",,0.0
2022-04-05,Punjab,Ludhiana,1.0,PM10,116.0,Moderate,"number_of_monitoring_stations in Absolute Number, aqi_value in Indices",,0.0
2022-04-05,Punjab,Patiala,1.0,O3,157.0,Moderate,"number_of_monitoring_stations in Absolute Number, aqi_value in Indices",,0.0
2022-04-05,Punjab,Rupnagar,1.0,PM10,127.0,Moderate,"number_of_monitoring_stations in Absolute Number, aqi_value in Indices",,1.0
2022-04-06,Punjab,Amritsar,1.0,PM10,112.0,Moderate,"number_of_monitoring_stations in Absolute Number, aqi_value in Indices",,0.0
2022-04-06,Punjab,Bathinda,1.0,PM10,92.0,Satisfactory,"number_of_monitoring_stations in Absolute Number, aqi_value in Indices",,0.0
2022-04-06,Punjab,Jalandhar,1.0,PM10,147.0,Moderate,"number_of_monitoring_stations in Absolute Number, aqi_value in Indices",,0.0
2022-04-06,Punjab,Ludhiana,1.0,PM10,131.0,Moderate,"number_of_monitoring_stations in Absolute Number, aqi_value in Indices",,0.0
2022-04-06,Punjab,Patiala,1.0,O3,150.0,Moderate,"number_of_monitoring_stations in Absolute Number, aqi_value in Indices",,0.0
2022-04-06,Punjab,Rupnagar,1.0,PM10,117.0,Moderate,"number_of_monitoring_stations in Absolute Number, aqi_value in Indices",,0.0
2022-04-07,Punjab,Amritsar,1.0,PM10,138.0,Moderate,"number_of_monitoring_stations in Absolute Number, aqi_value in Indices",,0.0
2022-04-07,Punjab,Jalandhar,1.0,PM10,147.0,Moderate,"number_of_monitoring_stations in Absolute Number, aqi_value in Indices",,0.0
2022-04-07,Punjab,Ludhiana,1.0,PM10,163.0,Moderate,"number_of_monitoring_stations in Absolute Number, aqi_value in Indices",,0.0
2022-04-07,Punjab,Patiala,1.0,PM10,144.0,Moderate,"number_of_monitoring_stations in Absolute Number, aqi_value in Indices",,0.0
2022-04-07,Punjab,Rupnagar,1.0,PM10,114.0,Moderate,"number_of_monitoring_stations in Absolute Number, aqi_value in Indices",,0.0
2022-04-08,Punjab,Amritsar,1.0,PM10,143.0,Moderate,"number_of_monitoring_stations in Absolute Number, aqi_value in Indices",,0.0
2022-04-08,Punjab,Bathinda,1.0,PM10,121.0,Moderate,"number_of_monitoring_stations in Absolute Number, aqi_value in Indices",,0.0
2022-04-08,Punjab,Jalandhar,1.0,PM10,149.0,Moderate,"number_of_monitoring_stations in Absolute Number, aqi_value in Indices",,1.0
2022-04-08,Punjab,Ludhiana,1.0,PM10,132.0,Moderate,"number_of_monitoring_stations in Absolute Number, aqi_value in Indices",,0.0
2022-04-08,Punjab,Patiala,1.0,PM10,140.0,Moderate,"number_of_monitoring_stations in Absolute Number, aqi_value in Indices",,0.0
2022-04-08,Punjab,Rupnagar,1.0,PM10,122.0,Moderate,"number_of_monitoring_stations in Absolute Number, aqi_value in Indices",,0.0
2022-04-09,Punjab,Amritsar,1.0,PM10,143.0,Moderate,"number_of_monitoring_stations in Absolute Number, aqi_value in Indices",,0.0
2022-04-09,Punjab,Bathinda,1.0,PM10,121.0,Moderate,"number_of_monitoring_stations in Absolute Number, aqi_value in Indices",,0.0
2022-04-09,Punjab,Jalandhar,1.0,PM10,135.0,Moderate,"number_of_monitoring_stations in Absolute Number, aqi_value in Indices",,0.0
2022-04-09,Punjab,Ludhiana,1.0,PM10,153.0,Moderate,"number_of_monitoring_stations in Absolute Number, aqi_value in Indices",,0.0
2022-04-09,Punjab,Patiala,1.0,O3,154.0,Moderate,"number_of_monitoring_stations in Absolute Number, aqi_value in Indices",,0.0
2022-04-09,Punjab,Rupnagar,1.0,PM10,178.0,Moderate,"number_of_monitoring_stations in Absolute Number, aqi_value in Indices",,0.0
2022-04-10,Punjab,Amritsar,1.0,PM10,112.0,Moderate,"number_of_monitoring_stations in Absolute Number, aqi_value in Indices",,0.0
2022-04-10,Punjab,Bathinda,1.0,PM10,77.0,Satisfactory,"number_of_monitoring_stations in Absolute Number, aqi_value in Indices",,0.0
2022-04-10,Punjab,Jalandhar,1.0,PM10,137.0,Moderate,"number_of_monitoring_stations in Absolute Number, aqi_value in Indices",,0.0
2022-04-10,Punjab,Ludhiana,1.0,PM2.5,138.0,Moderate,"number_of_monitoring_stations in Absolute Number, aqi_value in Indices",,0.0
2022-04-10,Punjab,Patiala,1.0,PM2.5,160.0,Moderate,"number_of_monitoring_stations in Absolute Number, aqi_value in Indices",,1.0
2022-04-10,Punjab,Rupnagar,1.0,PM10,142.0,Moderate,"number_of_monitoring_stations in Absolute Number, aqi_value in Indices",,0.0
2022-04-11,Punjab,Amritsar,1.0,PM10,115.0,Moderate,"number_of_monitoring_stations in Absolute Number, aqi_value in Indices",,0.0
2022-04-11,Punjab,Jalandhar,1.0,PM10,124.0,Moderate,"number_of_monitoring_stations in Absolute Number, aqi_value in Indices",,0.0
2022-04-11,Punjab,Patiala,1.0,PM10,129.0,Moderate,"number_of_monitoring_stations in Absolute Number, aqi_value in Indices",,0.0
2022-04-11,Punjab,Rupnagar,1.0,PM10,128.0,Moderate,"number_of_monitoring_stations in Absolute Number, aqi_value in Indices",,0.0
2022-04-12,Punjab,Amritsar,1.0,PM10,128.0,Moderate,"number_of_monitoring_stations in Absolute Number, aqi_value in Indices",,0.0
2022-04-12,Punjab,Bathinda,1.0,PM10,108.0,Moderate,"number_of_monitoring_stations in Absolute Number, aqi_value in Indices",,0.0
2022-04-12,Punjab,Jalandhar,1.0,PM10,174.0,Moderate,"number_of_monitoring_stations in Absolute Number, aqi_value in Indices",,0.0
2022-04-12,Punjab,Ludhiana,1.0,PM2.5,201.0,Poor,"number_of_monitoring_stations in Absolute Number, aqi_value in Indices",,0.0
2022-04-12,Punjab,Patiala,1.0,PM10,153.0,Moderate,"number_of_monitoring_stations in Absolute Number, aqi_value in Indices",,0.0
2022-04-12,Punjab,Rupnagar,1.0,PM10,132.0,Moderate,"number_of_monitoring_stations in Absolute Number, aqi_value in Indices",,0.0
2022-04-13,Punjab,Amritsar,1.0,PM10,137.0,Moderate,"number_of_monitoring_stations in Absolute Number, aqi_value in Indices",,0.0
2022-04-13,Punjab,Bathinda,1.0,PM2.5,185.0,Moderate,"number_of_monitoring_stations in Absolute Number, aqi_value in Indices",,0.0
2022-04-13,Punjab,Jalandhar,1.0,PM10,147.0,Moderate,"number_of_monitoring_stations in Absolute Number, aqi_value in Indices",,0.0
2022-04-13,Punjab,Ludhiana,1.0,PM10,166.0,Moderate,"number_of_monitoring_stations in Absolute Number, aqi_value in Indices",,0.0
2022-04-13,Punjab,Patiala,1.0,PM10,181.0,Moderate,"number_of_monitoring_stations in Absolute Number, aqi_value in Indices",,2.0
2022-04-14,Punjab,Amritsar,1.0,PM10,102.0,Moderate,"number_of_monitoring_stations in Absolute Number, aqi_value in Indices",,0.0
2022-04-14,Punjab,Bathinda,1.0,PM10,102.0,Moderate,"number_of_monitoring_stations in Absolute Number, aqi_value in Indices",,1.0
2022-04-14,Punjab,Jalandhar,1.0,PM10,93.0,Satisfactory,"number_of_monitoring_stations in Absolute Number, aqi_value in Indices",,0.0
2022-04-14,Punjab,Ludhiana,1.0,PM10,130.0,Moderate,"number_of_monitoring_stations in Absolute Number, aqi_value in Indices",,0.0
2022-04-14,Punjab,Patiala,1.0,PM10,142.0,Moderate,"number_of_monitoring_stations in Absolute Number, aqi_value in Indices",,0.0
2022-04-14,Punjab,Rupnagar,1.0,PM10,93.0,Satisfactory,"number_of_monitoring_stations in Absolute Number, aqi_value in Indices",,0.0
2022-04-15,Punjab,Amritsar,1.0,PM10,90.0,Satisfactory,"number_of_monitoring_stations in Absolute Number, aqi_value in Indices",,0.0
2022-04-15,Punjab,Bathinda,1.0,PM10,128.0,Moderate,"number_of_monitoring_stations in Absolute Number, aqi_value in Indices",,0.0
2022-04-15,Punjab,Jalandhar,1.0,PM10,115.0,Moderate,"number_of_monitoring_stations in Absolute Number, aqi_value in Indices",,0.0
2022-04-15,Punjab,Ludhiana,1.0,PM10,118.0,Moderate,"number_of_monitoring_stations in Absolute Number, aqi_value in Indices",,0.0
2022-04-15,Punjab,Patiala,1.0,O3,155.0,Moderate,"number_of_monitoring_stations in Absolute Number, aqi_value in Indices",,0.0
2022-04-15,Punjab,Rupnagar,1.0,PM10,83.0,Satisfactory,"number_of_monitoring_stations in Absolute Number, aqi_value in Indices",,0.0
2022-04-16,Punjab,Amritsar,1.0,PM10,90.0,Satisfactory,"number_of_monitoring_stations in Absolute Number, aqi_value in Indices",,2.0
2022-04-16,Punjab,Bathinda,1.0,PM10,80.0,Satisfactory,"number_of_monitoring_stations in Absolute Number, aqi_value in Indices",,0.0
2022-04-16,Punjab,Jalandhar,1.0,PM10,123.0,Moderate,"number_of_monitoring_stations in Absolute Number, aqi_value in Indices",,0.0
2022-04-16,Punjab,Ludhiana,1.0,PM10,103.0,Moderate,"number_of_monitoring_stations in Absolute Number, aqi_value in Indices",,2.0
2022-04-16,Punjab,Patiala,1.0,O3,111.0,Moderate,"number_of_monitoring_stations in Absolute Number, aqi_value in Indices",,0.0
2022-04-16,Punjab,Rupnagar,1.0,PM10,115.0,Moderate,"number_of_monitoring_stations in Absolute Number, aqi_value in Indices",,0.0
2022-04-17,Punjab,Amritsar,1.0,PM10,73.0,Satisfactory,"number_of_monitoring_stations in Absolute Number, aqi_value in Indices",,0.0
2022-04-17,Punjab,Bathinda,1.0,PM10,87.0,Satisfactory,"number_of_monitoring_stations in Absolute Number, aqi_value in Indices",,3.0
2022-04-17,Punjab,Jalandhar,1.0,PM10,106.0,Moderate,"number_of_monitoring_stations in Absolute Number, aqi_value in Indices",,0.0
2022-04-17,Punjab,Ludhiana,1.0,PM10,74.0,Satisfactory,"number_of_monitoring_stations in Absolute Number, aqi_value in Indices",,1.0
2022-04-17,Punjab,Patiala,1.0,O3,159.0,Moderate,"number_of_monitoring_stations in Absolute Number, aqi_value in Indices",,0.0
2022-04-17,Punjab,Rupnagar,1.0,PM10,127.0,Moderate,"number_of_monitoring_stations in Absolute Number, aqi_value in Indices",,0.0
2022-04-18,Punjab,Amritsar,1.0,PM10,109.0,Moderate,"number_of_monitoring_stations in Absolute Number, aqi_value in Indices",,0.0
2022-04-18,Punjab,Bathinda,1.0,PM10,88.0,Satisfactory,"number_of_monitoring_stations in Absolute Number, aqi_value in Indices",,0.0
2022-04-18,Punjab,Jalandhar,1.0,PM10,145.0,Moderate,"number_of_monitoring_stations in Absolute Number, aqi_value in Indices",,1.0
2022-04-18,Punjab,Ludhiana,1.0,O3,98.0,Satisfactory,"number_of_monitoring_stations in Absolute Number, aqi_value in Indices",,4.0
2022-04-18,Punjab,Patiala,1.0,O3,150.0,Moderate,"number_of_monitoring_stations in Absolute Number, aqi_value in Indices",,2.0
2022-04-18,Punjab,Rupnagar,1.0,PM10,122.0,Moderate,"number_of_monitoring_stations in Absolute Number, aqi_value in Indices",,0.0
2022-04-19,Punjab,Amritsar,1.0,PM10,197.0,Moderate,"number_of_monitoring_stations in Absolute Number, aqi_value in Indices",,1.0
2022-04-19,Punjab,Bathinda,1.0,PM10,184.0,Moderate,"number_of_monitoring_stations in Absolute Number, aqi_value in Indices",,0.0
2022-04-19,Punjab,Jalandhar,1.0,PM10,221.0,Poor,"number_of_monitoring_stations in Absolute Number, aqi_value in Indices",,2.0
2022-04-19,Punjab,Ludhiana,1.0,PM10,154.0,Moderate,"number_of_monitoring_stations in Absolute Number, aqi_value in Indices",,1.0
2022-04-19,Punjab,Patiala,1.0,PM10,147.0,Moderate,"number_of_monitoring_stations in Absolute Number, aqi_value in Indices",,3.0
2022-04-19,Punjab,Rupnagar,1.0,PM10,142.0,Moderate,"number_of_monitoring_stations in Absolute Number, aqi_value in Indices",,0.0
2022-04-20,Punjab,Amritsar,1.0,PM10,114.0,Moderate,"number_of_monitoring_stations in Absolute Number, aqi_value in Indices",,2.0
2022-04-20,Punjab,Bathinda,1.0,PM10,199.0,Moderate,"number_of_monitoring_stations in Absolute Number, aqi_value in Indices",,0.0
2022-04-20,Punjab,Jalandhar,1.0,PM10,147.0,Moderate,"number_of_monitoring_stations in Absolute Number, aqi_value in Indices",,3.0
2022-04-20,Punjab,Ludhiana,1.0,PM10,125.0,Moderate,"number_of_monitoring_stations in Absolute Number, aqi_value in Indices",,1.0
2022-04-20,Punjab,Patiala,1.0,PM10,163.0,Moderate,"number_of_monitoring_stations in Absolute Number, aqi_value in Indices",,11.0
2022-04-20,Punjab,Rupnagar,1.0,PM10,122.0,Moderate,"number_of_monitoring_stations in Absolute Number, aqi_value in Indices",,0.0
2022-04-21,Punjab,Amritsar,1.0,PM10,122.0,Moderate,"number_of_monitoring_stations in Absolute Number, aqi_value in Indices",,0.0
2022-04-21,Punjab,Bathinda,1.0,PM10,267.0,Poor,"number_of_monitoring_stations in Absolute Number, aqi_value in Indices",,0.0
2022-04-21,Punjab,Jalandhar,1.0,PM10,146.0,Moderate,"number_of_monitoring_stations in Absolute Number, aqi_value in Indices",,0.0
2022-04-21,Punjab,Ludhiana,1.0,PM10,128.0,Moderate,"number_of_monitoring_stations in Absolute Number, aqi_value in Indices",,0.0
2022-04-21,Punjab,Patiala,1.0,PM10,157.0,Moderate,"number_of_monitoring_stations in Absolute Number, aqi_value in Indices",,0.0
2022-04-22,Punjab,Amritsar,1.0,PM10,72.0,Satisfactory,"number_of_monitoring_stations in Absolute Number, aqi_value in Indices",,0.0
2022-04-22,Punjab,Bathinda,1.0,PM10,67.0,Satisfactory,"number_of_monitoring_stations in Absolute Number, aqi_value in Indices",,6.0
2022-04-22,Punjab,Jalandhar,1.0,PM10,80.0,Satisfactory,"number_of_monitoring_stations in Absolute Number, aqi_value in Indices",,4.0
2022-04-22,Punjab,Ludhiana,1.0,PM10,94.0,Satisfactory,"number_of_monitoring_stations in Absolute Number, aqi_value in Indices",,1.0
2022-04-22,Punjab,Patiala,1.0,PM10,119.0,Moderate,"number_of_monitoring_stations in Absolute Number, aqi_value in Indices",,0.0
2022-04-22,Punjab,Rupnagar,1.0,PM10,98.0,Satisfactory,"number_of_monitoring_stations in Absolute Number, aqi_value in Indices",,0.0
2022-04-23,Punjab,Amritsar,1.0,NO2,96.0,Satisfactory,"number_of_monitoring_stations in Absolute Number, aqi_value in Indices",,1.0
2022-04-23,Punjab,Bathinda,1.0,PM10,69.0,Satisfactory,"number_of_monitoring_stations in Absolute Number, aqi_value in Indices",,0.0
2022-04-23,Punjab,Jalandhar,1.0,PM10,130.0,Moderate,"number_of_monitoring_stations in Absolute Number, aqi_value in Indices",,0.0
2022-04-23,Punjab,Ludhiana,1.0,PM10,114.0,Moderate,"number_of_monitoring_stations in Absolute Number, aqi_value in Indices",,2.0
2022-04-23,Punjab,Patiala,1.0,PM10,147.0,Moderate,"number_of_monitoring_stations in Absolute Number, aqi_value in Indices",,3.0
2022-04-23,Punjab,Rupnagar,1.0,PM10,95.0,Satisfactory,"number_of_monitoring_stations in Absolute Number, aqi_value in Indices",,0.0
2022-04-24,Punjab,Amritsar,1.0,NO2,140.0,Moderate,"number_of_monitoring_stations in Absolute Number, aqi_value in Indices",,15.0
2022-04-24,Punjab,Jalandhar,1.0,PM10,103.0,Moderate,"number_of_monitoring_stations in Absolute Number, aqi_value in Indices",,31.0
2022-04-24,Punjab,Ludhiana,1.0,PM10,114.0,Moderate,"number_of_monitoring_stations in Absolute Number, aqi_value in Indices",,8.0
2022-04-24,Punjab,Patiala,1.0,PM10,130.0,Moderate,"number_of_monitoring_stations in Absolute Number, aqi_value in Indices",,15.0
2022-04-24,Punjab,Rupnagar,1.0,PM10,95.0,Satisfactory,"number_of_monitoring_stations in Absolute Number, aqi_value in Indices",,0.0
2022-04-25,Punjab,Amritsar,1.0,NO2,115.0,Moderate,"number_of_monitoring_stations in Absolute Number, aqi_value in Indices",,1.0
2022-04-25,Punjab,Bathinda,1.0,PM2.5,194.0,Moderate,"number_of_monitoring_stations in Absolute Number, aqi_value in Indices",,4.0
2022-04-25,Punjab,Jalandhar,1.0,PM10,136.0,Moderate,"number_of_monitoring_stations in Absolute Number, aqi_value in Indices",,12.0
2022-04-25,Punjab,Ludhiana,1.0,PM10,132.0,Moderate,"number_of_monitoring_stations in Absolute Number, aqi_value in Indices",,3.0
2022-04-25,Punjab,Patiala,1.0,PM10,140.0,Moderate,"number_of_monitoring_stations in Absolute Number, aqi_value in Indices",,4.0
2022-04-25,Punjab,Rupnagar,1.0,PM10,112.0,Moderate,"number_of_monitoring_stations in Absolute Number, aqi_value in Indices",,0.0
2022-04-26,Punjab,Amritsar,1.0,NO2,104.0,Moderate,"number_of_monitoring_stations in Absolute Number, aqi_value in Indices",,4.0
2022-04-26,Punjab,Bathinda,1.0,PM10,139.0,Moderate,"number_of_monitoring_stations in Absolute Number, aqi_value in Indices",,53.0
2022-04-26,Punjab,Jalandhar,1.0,PM10,152.0,Moderate,"number_of_monitoring_stations in Absolute Number, aqi_value in Indices",,6.0
2022-04-26,Punjab,Ludhiana,1.0,PM10,131.0,Moderate,"number_of_monitoring_stations in Absolute Number, aqi_value in Indices",,9.0
2022-04-26,Punjab,Patiala,1.0,PM10,132.0,Moderate,"number_of_monitoring_stations in Absolute Number, aqi_value in Indices",,14.0
2022-04-26,Punjab,Rupnagar,1.0,PM10,115.0,Moderate,"number_of_monitoring_stations in Absolute Number, aqi_value in Indices",,0.0
2022-04-27,Punjab,Amritsar,1.0,PM10,100.0,Satisfactory,"number_of_monitoring_stations in Absolute Number, aqi_value in Indices",,41.0
2022-04-27,Punjab,Bathinda,1.0,PM10,152.0,Moderate,"number_of_monitoring_stations in Absolute Number, aqi_value in Indices",,93.0
2022-04-27,Punjab,Jalandhar,1.0,PM10,182.0,Moderate,"number_of_monitoring_stations in Absolute Number, aqi_value in Indices",,28.0
2022-04-27,Punjab,Ludhiana,1.0,O3,154.0,Moderate,"number_of_monitoring_stations in Absolute Number, aqi_value in Indices",,37.0
2022-04-27,Punjab,Patiala,1.0,PM10,131.0,Moderate,"number_of_monitoring_stations in Absolute Number, aqi_value in Indices",,58.0
2022-04-27,Punjab,Rupnagar,1.0,PM10,98.0,Satisfactory,"number_of_monitoring_stations in Absolute Number, aqi_value in Indices",,4.0
2022-04-28,Punjab,Amritsar,1.0,PM2.5,156.0,Moderate,"number_of_monitoring_stations in Absolute Number, aqi_value in Indices",,37.0
2022-04-28,Punjab,Bathinda,1.0,PM10,160.0,Moderate,"number_of_monitoring_stations in Absolute Number, aqi_value in Indices",,65.0
2022-04-28,Punjab,Jalandhar,1.0,PM10,162.0,Moderate,"number_of_monitoring_stations in Absolute Number, aqi_value in Indices",,25.0
2022-04-28,Punjab,Ludhiana,1.0,PM2.5,178.0,Moderate,"number_of_monitoring_stations in Absolute Number, aqi_value in Indices",,38.0
2022-04-28,Punjab,Patiala,1.0,PM10,163.0,Moderate,"number_of_monitoring_stations in Absolute Number, aqi_value in Indices",,32.0
2022-04-28,Punjab,Rupnagar,1.0,PM10,108.0,Moderate,"number_of_monitoring_stations in Absolute Number, aqi_value in Indices",,5.0
2022-04-29,Punjab,Amritsar,1.0,PM10,111.0,Moderate,"number_of_monitoring_stations in Absolute Number, aqi_value in Indices",,86.0
2022-04-29,Punjab,Bathinda,1.0,PM10,194.0,Moderate,"number_of_monitoring_stations in Absolute Number, aqi_value in Indices",,41.0
2022-04-29,Punjab,Jalandhar,1.0,PM10,119.0,Moderate,"number_of_monitoring_stations in Absolute Number, aqi_value in Indices",,8.0
2022-04-29,Punjab,Ludhiana,1.0,PM2.5,152.0,Moderate,"number_of_monitoring_stations in Absolute Number, aqi_value in Indices",,64.0
2022-04-29,Punjab,Patiala,1.0,PM2.5,178.0,Moderate,"number_of_monitoring_stations in Absolute Number, aqi_value in Indices",,52.0
2022-04-29,Punjab,Rupnagar,1.0,PM10,100.0,Satisfactory,"number_of_monitoring_stations in Absolute Number, aqi_value in Indices",,0.0
2022-04-30,Punjab,Amritsar,1.0,PM2.5,136.0,Moderate,"number_of_monitoring_stations in Absolute Number, aqi_value in Indices",,87.0
2022-04-30,Punjab,Bathinda,1.0,PM10,165.0,Moderate,"number_of_monitoring_stations in Absolute Number, aqi_value in Indices",,42.0
2022-04-30,Punjab,Jalandhar,1.0,PM10,148.0,Moderate,"number_of_monitoring_stations in Absolute Number, aqi_value in Indices",,9.0
2022-04-30,Punjab,Ludhiana,1.0,PM2.5,140.0,Moderate,"number_of_monitoring_stations in Absolute Number, aqi_value in Indices",,23.0
2022-04-30,Punjab,Patiala,1.0,PM10,162.0,Moderate,"number_of_monitoring_stations in Absolute Number, aqi_value in Indices",,32.0
2022-04-30,Punjab,Rupnagar,1.0,PM10,102.0,Moderate,"number_of_monitoring_stations in Absolute Number, aqi_value in Indices",,2.0
2022-05-01,Punjab,Amritsar,1.0,PM10,127.0,Moderate,"number_of_monitoring_stations in Absolute Number, aqi_value in Indices",,61.0
2022-05-01,Punjab,Bathinda,1.0,PM10,298.0,Poor,"number_of_monitoring_stations in Absolute Number, aqi_value in Indices",,53.0
2022-05-01,Punjab,Jalandhar,1.0,PM10,136.0,Moderate,"number_of_monitoring_stations in Absolute Number, aqi_value in Indices",,11.0
2022-05-01,Punjab,Ludhiana,1.0,PM10,203.0,Poor,"number_of_monitoring_stations in Absolute Number, aqi_value in Indices",,26.0
2022-05-01,Punjab,Patiala,1.0,PM10,195.0,Moderate,"number_of_monitoring_stations in Absolute Number, aqi_value in Indices",,11.0
2022-05-01,Punjab,Rupnagar,1.0,PM10,100.0,Satisfactory,"number_of_monitoring_stations in Absolute Number, aqi_value in Indices",,0.0
2022-05-02,Punjab,Amritsar,1.0,PM10,131.0,Moderate,"number_of_monitoring_stations in Absolute Number, aqi_value in Indices",,263.0
2022-05-02,Punjab,Bathinda,1.0,PM10,274.0,Poor,"number_of_monitoring_stations in Absolute Number, aqi_value in Indices",,155.0
2022-05-02,Punjab,Jalandhar,1.0,PM10,144.0,Moderate,"number_of_monitoring_stations in Absolute Number, aqi_value in Indices",,26.0
2022-05-02,Punjab,Ludhiana,1.0,PM2.5,153.0,Moderate,"number_of_monitoring_stations in Absolute Number, aqi_value in Indices",,114.0
2022-05-02,Punjab,Patiala,1.0,PM10,154.0,Moderate,"number_of_monitoring_stations in Absolute Number, aqi_value in Indices",,12.0
2022-05-02,Punjab,Rupnagar,1.0,PM10,94.0,Satisfactory,"number_of_monitoring_stations in Absolute Number, aqi_value in Indices",,1.0
2022-05-03,Punjab,Amritsar,1.0,PM10,124.0,Moderate,"number_of_monitoring_stations in Absolute Number, aqi_value in Indices",,57.0
2022-05-03,Punjab,Bathinda,1.0,PM10,125.0,Moderate,"number_of_monitoring_stations in Absolute Number, aqi_value in Indices",,84.0
2022-05-03,Punjab,Jalandhar,1.0,PM10,136.0,Moderate,"number_of_monitoring_stations in Absolute Number, aqi_value in Indices",,4.0
2022-05-03,Punjab,Ludhiana,1.0,PM2.5,175.0,Moderate,"number_of_monitoring_stations in Absolute Number, aqi_value in Indices",,17.0
2022-05-03,Punjab,Patiala,1.0,PM10,149.0,Moderate,"number_of_monitoring_stations in Absolute Number, aqi_value in Indices",,8.0
2022-05-03,Punjab,Rupnagar,1.0,PM10,81.0,Satisfactory,"number_of_monitoring_stations in Absolute Number, aqi_value in Indices",,1.0
2022-05-04,Punjab,Amritsar,1.0,PM10,121.0,Moderate,"number_of_monitoring_stations in Absolute Number, aqi_value in Indices",,134.0
2022-05-04,Punjab,Bathinda,1.0,PM10,95.0,Satisfactory,"number_of_monitoring_stations in Absolute Number, aqi_value in Indices",,54.0
2022-05-04,Punjab,Jalandhar,1.0,PM10,126.0,Moderate,"number_of_monitoring_stations in Absolute Number, aqi_value in Indices",,27.0
2022-05-04,Punjab,Ludhiana,1.0,PM2.5,182.0,Moderate,"number_of_monitoring_stations in Absolute Number, aqi_value in Indices",,26.0
2022-05-04,Punjab,Patiala,1.0,PM10,156.0,Moderate,"number_of_monitoring_stations in Absolute Number, aqi_value in Indices",,18.0
2022-05-04,Punjab,Rupnagar,1.0,PM10,103.0,Moderate,"number_of_monitoring_stations in Absolute Number, aqi_value in Indices",,0.0
2022-05-05,Punjab,Amritsar,1.0,PM10,108.0,Moderate,"number_of_monitoring_stations in Absolute Number, aqi_value in Indices",,146.0
2022-05-05,Punjab,Bathinda,1.0,CO,46.0,Good,"number_of_monitoring_stations in Absolute Number, aqi_value in Indices",,37.0
2022-05-05,Punjab,Jalandhar,1.0,PM10,91.0,Satisfactory,"number_of_monitoring_stations in Absolute Number, aqi_value in Indices",,59.0
2022-05-05,Punjab,Ludhiana,1.0,PM10,135.0,Moderate,"number_of_monitoring_stations in Absolute Number, aqi_value in Indices",,50.0
2022-05-05,Punjab,Patiala,1.0,PM10,63.0,Satisfactory,"number_of_monitoring_stations in Absolute Number, aqi_value in Indices",,5.0
2022-05-05,Punjab,Rupnagar,1.0,PM10,65.0,Satisfactory,"number_of_monitoring_stations in Absolute Number, aqi_value in Indices",,2.0
2022-05-06,Punjab,Amritsar,1.0,PM10,133.0,Moderate,"number_of_monitoring_stations in Absolute Number, aqi_value in Indices",,31.0
2022-05-06,Punjab,Bathinda,1.0,PM10,103.0,Moderate,"number_of_monitoring_stations in Absolute Number, aqi_value in Indices",,8.0
2022-05-06,Punjab,Jalandhar,1.0,PM10,133.0,Moderate,"number_of_monitoring_stations in Absolute Number, aqi_value in Indices",,5.0
2022-05-06,Punjab,Ludhiana,1.0,PM2.5,199.0,Moderate,"number_of_monitoring_stations in Absolute Number, aqi_value in Indices",,6.0
2022-05-06,Punjab,Patiala,1.0,O3,170.0,Moderate,"number_of_monitoring_stations in Absolute Number, aqi_value in Indices",,0.0
2022-05-06,Punjab,Rupnagar,1.0,PM10,137.0,Moderate,"number_of_monitoring_stations in Absolute Number, aqi_value in Indices",,0.0
2022-05-07,Punjab,Amritsar,1.0,PM10,90.0,Satisfactory,"number_of_monitoring_stations in Absolute Number, aqi_value in Indices",,93.0
2022-05-07,Punjab,Bathinda,1.0,PM10,82.0,Satisfactory,"number_of_monitoring_stations in Absolute Number, aqi_value in Indices",,28.0
2022-05-07,Punjab,Jalandhar,1.0,PM10,96.0,Satisfactory,"number_of_monitoring_stations in Absolute Number, aqi_value in Indices",,94.0
2022-05-07,Punjab,Ludhiana,1.0,PM2.5,129.0,Moderate,"number_of_monitoring_stations in Absolute Number, aqi_value in Indices",,110.0
2022-05-07,Punjab,Patiala,1.0,PM10,119.0,Moderate,"number_of_monitoring_stations in Absolute Number, aqi_value in Indices",,24.0
2022-05-07,Punjab,Rupnagar,1.0,PM10,73.0,Satisfactory,"number_of_monitoring_stations in Absolute Number, aqi_value in Indices",,9.0
2022-05-08,Punjab,Amritsar,1.0,PM10,108.0,Moderate,"number_of_monitoring_stations in Absolute Number, aqi_value in Indices",,72.0
2022-05-08,Punjab,Bathinda,1.0,PM10,81.0,Satisfactory,"number_of_monitoring_stations in Absolute Number, aqi_value in Indices",,36.0
2022-05-08,Punjab,Jalandhar,1.0,PM10,183.0,Moderate,"number_of_monitoring_stations in Absolute Number, aqi_value in Indices",,108.0
2022-05-08,Punjab,Ludhiana,1.0,PM10,194.0,Moderate,"number_of_monitoring_stations in Absolute Number, aqi_value in Indices",,138.0
2022-05-08,Punjab,Patiala,1.0,O3,175.0,Moderate,"number_of_monitoring_stations in Absolute Number, aqi_value in Indices",,60.0
2022-05-08,Punjab,Rupnagar,1.0,PM10,77.0,Satisfactory,"number_of_monitoring_stations in Absolute Number, aqi_value in Indices",,12.0
2022-05-09,Punjab,Amritsar,1.0,PM2.5,107.0,Moderate,"number_of_monitoring_stations in Absolute Number, aqi_value in Indices",,30.0
2022-05-09,Punjab,Bathinda,1.0,PM10,113.0,Moderate,"number_of_monitoring_stations in Absolute Number, aqi_value in Indices",,6.0
2022-05-09,Punjab,Jalandhar,1.0,PM10,170.0,Moderate,"number_of_monitoring_stations in Absolute Number, aqi_value in Indices",,37.0
2022-05-09,Punjab,Ludhiana,1.0,PM2.5,178.0,Moderate,"number_of_monitoring_stations in Absolute Number, aqi_value in Indices",,41.0
2022-05-09,Punjab,Patiala,1.0,PM10,117.0,Moderate,"number_of_monitoring_stations in Absolute Number, aqi_value in Indices",,10.0
2022-05-09,Punjab,Rupnagar,1.0,PM10,97.0,Satisfactory,"number_of_monitoring_stations in Absolute Number, aqi_value in Indices",,4.0
2022-05-10,Punjab,Amritsar,1.0,PM10,152.0,Moderate,"number_of_monitoring_stations in Absolute Number, aqi_value in Indices",,14.0
2022-05-10,Punjab,Bathinda,1.0,PM10,115.0,Moderate,"number_of_monitoring_stations in Absolute Number, aqi_value in Indices",,22.0
2022-05-10,Punjab,Jalandhar,1.0,PM10,137.0,Moderate,"number_of_monitoring_stations in Absolute Number, aqi_value in Indices",,66.0
2022-05-10,Punjab,Ludhiana,1.0,PM2.5,147.0,Moderate,"number_of_monitoring_stations in Absolute Number, aqi_value in Indices",,53.0
2022-05-10,Punjab,Patiala,1.0,PM10,102.0,Moderate,"number_of_monitoring_stations in Absolute Number, aqi_value in Indices",,22.0
2022-05-10,Punjab,Rupnagar,1.0,PM10,68.0,Satisfactory,"number_of_monitoring_stations in Absolute Number, aqi_value in Indices",,9.0
2022-05-11,Punjab,Amritsar,1.0,PM10,97.0,Satisfactory,"number_of_monitoring_stations in Absolute Number, aqi_value in Indices",,4.0
2022-05-11,Punjab,Bathinda,1.0,PM10,81.0,Satisfactory,"number_of_monitoring_stations in Absolute Number, aqi_value in Indices",,3.0
2022-05-11,Punjab,Jalandhar,1.0,PM2.5,204.0,Poor,"number_of_monitoring_stations in Absolute Number, aqi_value in Indices",,11.0
2022-05-11,Punjab,Ludhiana,1.0,PM2.5,114.0,Moderate,"number_of_monitoring_stations in Absolute Number, aqi_value in Indices",,4.0
2022-05-11,Punjab,Patiala,1.0,PM10,94.0,Satisfactory,"number_of_monitoring_stations in Absolute Number, aqi_value in Indices",,0.0
2022-05-11,Punjab,Rupnagar,1.0,PM10,71.0,Satisfactory,"number_of_monitoring_stations in Absolute Number, aqi_value in Indices",,1.0
2022-05-12,Punjab,Amritsar,1.0,PM10,108.0,Moderate,"number_of_monitoring_stations in Absolute Number, aqi_value in Indices",,12.0
2022-05-12,Punjab,Bathinda,1.0,PM10,82.0,Satisfactory,"number_of_monitoring_stations in Absolute Number, aqi_value in Indices",,8.0
2022-05-12,Punjab,Jalandhar,1.0,PM10,111.0,Moderate,"number_of_monitoring_stations in Absolute Number, aqi_value in Indices",,46.0
2022-05-12,Punjab,Ludhiana,1.0,PM2.5,185.0,Moderate,"number_of_monitoring_stations in Absolute Number, aqi_value in Indices",,37.0
2022-05-12,Punjab,Patiala,1.0,PM10,123.0,Moderate,"number_of_monitoring_stations in Absolute Number, aqi_value in Indices",,19.0
2022-05-12,Punjab,Rupnagar,1.0,PM10,90.0,Satisfactory,"number_of_monitoring_stations in Absolute Number, aqi_value in Indices",,2.0
2022-05-13,Punjab,Amritsar,1.0,PM10,83.0,Satisfactory,"number_of_monitoring_stations in Absolute Number, aqi_value in Indices",,22.0
2022-05-13,Punjab,Bathinda,1.0,PM10,78.0,Satisfactory,"number_of_monitoring_stations in Absolute Number, aqi_value in Indices",,3.0
2022-05-13,Punjab,Jalandhar,1.0,O3,89.0,Satisfactory,"number_of_monitoring_stations in Absolute Number, aqi_value in Indices",,51.0
2022-05-13,Punjab,Ludhiana,1.0,PM10,100.0,Satisfactory,"number_of_monitoring_stations in Absolute Number, aqi_value in Indices",,48.0
2022-05-13,Punjab,Patiala,1.0,PM10,124.0,Moderate,"number_of_monitoring_stations in Absolute Number, aqi_value in Indices",,5.0
2022-05-13,Punjab,Rupnagar,1.0,PM10,97.0,Satisfactory,"number_of_monitoring_stations in Absolute Number, aqi_value in Indices",,6.0
2022-05-14,Punjab,Amritsar,1.0,PM10,96.0,Satisfactory,"number_of_monitoring_stations in Absolute Number, aqi_value in Indices",,8.0
2022-05-14,Punjab,Bathinda,1.0,PM10,81.0,Satisfactory,"number_of_monitoring_stations in Absolute Number, aqi_value in Indices",,2.0
2022-05-14,Punjab,Jalandhar,1.0,O3,63.0,Satisfactory,"number_of_monitoring_stations in Absolute Number, aqi_value in Indices",,86.0
2022-05-14,Punjab,Ludhiana,1.0,PM2.5,105.0,Moderate,"number_of_monitoring_stations in Absolute Number, aqi_value in Indices",,43.0
2022-05-14,Punjab,Patiala,1.0,PM10,140.0,Moderate,"number_of_monitoring_stations in Absolute Number, aqi_value in Indices",,7.0
2022-05-14,Punjab,Rupnagar,1.0,PM10,99.0,Satisfactory,"number_of_monitoring_stations in Absolute Number, aqi_value in Indices",,4.0
2022-05-15,Punjab,Amritsar,1.0,PM10,114.0,Moderate,"number_of_monitoring_stations in Absolute Number, aqi_value in Indices",,3.0
2022-05-15,Punjab,Bathinda,1.0,PM10,81.0,Satisfactory,"number_of_monitoring_stations in Absolute Number, aqi_value in Indices",,1.0
2022-05-15,Punjab,Jalandhar,1.0,PM2.5,119.0,Moderate,"number_of_monitoring_stations in Absolute Number, aqi_value in Indices",,9.0
2022-05-15,Punjab,Ludhiana,1.0,PM10,148.0,Moderate,"number_of_monitoring_stations in Absolute Number, aqi_value in Indices",,6.0
2022-05-15,Punjab,Patiala,1.0,O3,154.0,Moderate,"number_of_monitoring_stations in Absolute Number, aqi_value in Indices",,3.0
2022-05-15,Punjab,Rupnagar,1.0,PM10,124.0,Moderate,"number_of_monitoring_stations in Absolute Number, aqi_value in Indices",,1.0
2022-05-16,Punjab,Amritsar,1.0,PM10,120.0,Moderate,"number_of_monitoring_stations in Absolute Number, aqi_value in Indices",,1.0
2022-05-16,Punjab,Bathinda,1.0,PM10,114.0,Moderate,"number_of_monitoring_stations in Absolute Number, aqi_value in Indices",,0.0
2022-05-16,Punjab,Jalandhar,1.0,PM2.5,115.0,Moderate,"number_of_monitoring_stations in Absolute Number, aqi_value in Indices",,0.0
2022-05-16,Punjab,Ludhiana,1.0,PM10,144.0,Moderate,"number_of_monitoring_stations in Absolute Number, aqi_value in Indices",,3.0
2022-05-16,Punjab,Patiala,1.0,PM10,150.0,Moderate,"number_of_monitoring_stations in Absolute Number, aqi_value in Indices",,1.0
2022-05-16,Punjab,Rupnagar,1.0,PM10,112.0,Moderate,"number_of_monitoring_stations in Absolute Number, aqi_value in Indices",,2.0
2022-05-17,Punjab,Amritsar,1.0,PM10,123.0,Moderate,"number_of_monitoring_stations in Absolute Number, aqi_value in Indices",,1.0
2022-05-17,Punjab,Bathinda,1.0,PM10,108.0,Moderate,"number_of_monitoring_stations in Absolute Number, aqi_value in Indices",,1.0
2022-05-17,Punjab,Jalandhar,1.0,PM2.5,76.0,Satisfactory,"number_of_monitoring_stations in Absolute Number, aqi_value in Indices",,13.0
2022-05-17,Punjab,Ludhiana,1.0,PM10,150.0,Moderate,"number_of_monitoring_stations in Absolute Number, aqi_value in Indices",,9.0
2022-05-17,Punjab,Patiala,1.0,PM10,117.0,Moderate,"number_of_monitoring_stations in Absolute Number, aqi_value in Indices",,3.0
2022-05-17,Punjab,Rupnagar,1.0,PM2.5,81.0,Satisfactory,"number_of_monitoring_stations in Absolute Number, aqi_value in Indices",,0.0
2022-05-18,Punjab,Amritsar,1.0,PM10,110.0,Moderate,"number_of_monitoring_stations in Absolute Number, aqi_value in Indices",,2.0
2022-05-18,Punjab,Bathinda,1.0,PM10,125.0,Moderate,"number_of_monitoring_stations in Absolute Number, aqi_value in Indices",,2.0
2022-05-18,Punjab,Jalandhar,1.0,PM10,104.0,Moderate,"number_of_monitoring_stations in Absolute Number, aqi_value in Indices",,23.0
2022-05-18,Punjab,Ludhiana,1.0,PM10,185.0,Moderate,"number_of_monitoring_stations in Absolute Number, aqi_value in Indices",,8.0
2022-05-18,Punjab,Patiala,1.0,PM10,151.0,Moderate,"number_of_monitoring_stations in Absolute Number, aqi_value in Indices",,7.0
2022-05-18,Punjab,Rupnagar,1.0,PM10,82.0,Satisfactory,"number_of_monitoring_stations in Absolute Number, aqi_value in Indices",,5.0
2022-05-19,Punjab,Amritsar,1.0,PM10,112.0,Moderate,"number_of_monitoring_stations in Absolute Number, aqi_value in Indices",,1.0
2022-05-19,Punjab,Bathinda,1.0,PM10,113.0,Moderate,"number_of_monitoring_stations in Absolute Number, aqi_value in Indices",,1.0
2022-05-19,Punjab,Jalandhar,1.0,PM10,144.0,Moderate,"number_of_monitoring_stations in Absolute Number, aqi_value in Indices",,7.0
2022-05-19,Punjab,Ludhiana,1.0,PM10,152.0,Moderate,"number_of_monitoring_stations in Absolute Number, aqi_value in Indices",,7.0
2022-05-19,Punjab,Patiala,1.0,O3,97.0,Satisfactory,"number_of_monitoring_stations in Absolute Number, aqi_value in Indices",,3.0
2022-05-19,Punjab,Rupnagar,1.0,PM10,91.0,Satisfactory,"number_of_monitoring_stations in Absolute Number, aqi_value in Indices",,0.0
2022-05-20,Punjab,Amritsar,1.0,PM10,126.0,Moderate,"number_of_monitoring_stations in Absolute Number, aqi_value in Indices",,0.0
2022-05-20,Punjab,Jalandhar,1.0,PM10,167.0,Moderate,"number_of_monitoring_stations in Absolute Number, aqi_value in Indices",,4.0
2022-05-20,Punjab,Ludhiana,1.0,PM2.5,187.0,Moderate,"number_of_monitoring_stations in Absolute Number, aqi_value in Indices",,1.0
2022-05-20,Punjab,Patiala,1.0,PM10,161.0,Moderate,"number_of_monitoring_stations in Absolute Number, aqi_value in Indices",,1.0
2022-05-20,Punjab,Rupnagar,1.0,PM10,110.0,Moderate,"number_of_monitoring_stations in Absolute Number, aqi_value in Indices",,3.0
2022-05-21,Punjab,Amritsar,1.0,PM10,121.0,Moderate,"number_of_monitoring_stations in Absolute Number, aqi_value in Indices",,1.0
2022-05-21,Punjab,Bathinda,1.0,PM10,121.0,Moderate,"number_of_monitoring_stations in Absolute Number, aqi_value in Indices",,0.0
2022-05-21,Punjab,Jalandhar,1.0,PM10,131.0,Moderate,"number_of_monitoring_stations in Absolute Number, aqi_value in Indices",,4.0
2022-05-21,Punjab,Ludhiana,1.0,PM10,143.0,Moderate,"number_of_monitoring_stations in Absolute Number, aqi_value in Indices",,3.0
2022-05-21,Punjab,Patiala,1.0,PM10,164.0,Moderate,"number_of_monitoring_stations in Absolute Number, aqi_value in Indices",,4.0
2022-05-21,Punjab,Rupnagar,1.0,PM10,112.0,Moderate,"number_of_monitoring_stations in Absolute Number, aqi_value in Indices",,0.0
2022-05-22,Punjab,Amritsar,1.0,O3,150.0,Moderate,"number_of_monitoring_stations in Absolute Number, aqi_value in Indices",,1.0
2022-05-22,Punjab,Bathinda,1.0,PM10,112.0,Moderate,"number_of_monitoring_stations in Absolute Number, aqi_value in Indices",,0.0
2022-05-22,Punjab,Jalandhar,1.0,PM10,137.0,Moderate,"number_of_monitoring_stations in Absolute Number, aqi_value in Indices",,2.0
2022-05-22,Punjab,Ludhiana,1.0,PM2.5,227.0,Poor,"number_of_monitoring_stations in Absolute Number, aqi_value in Indices",,0.0
2022-05-22,Punjab,Patiala,1.0,PM10,114.0,Moderate,"number_of_monitoring_stations in Absolute Number, aqi_value in Indices",,0.0
2022-05-22,Punjab,Rupnagar,1.0,PM10,95.0,Satisfactory,"number_of_monitoring_stations in Absolute Number, aqi_value in Indices",,0.0
2022-05-23,Punjab,Amritsar,1.0,O3,193.0,Moderate,"number_of_monitoring_stations in Absolute Number, aqi_value in Indices",,1.0
2022-05-23,Punjab,Bathinda,1.0,PM10,287.0,Poor,"number_of_monitoring_stations in Absolute Number, aqi_value in Indices",,0.0
2022-05-23,Punjab,Jalandhar,1.0,PM10,90.0,Satisfactory,"number_of_monitoring_stations in Absolute Number, aqi_value in Indices",,1.0
2022-05-23,Punjab,Ludhiana,1.0,PM10,132.0,Moderate,"number_of_monitoring_stations in Absolute Number, aqi_value in Indices",,2.0
2022-05-23,Punjab,Patiala,1.0,PM10,92.0,Satisfactory,"number_of_monitoring_stations in Absolute Number, aqi_value in Indices",,0.0
2022-05-23,Punjab,Rupnagar,1.0,PM10,74.0,Satisfactory,"number_of_monitoring_stations in Absolute Number, aqi_value in Indices",,0.0
2022-05-24,Punjab,Amritsar,1.0,O3,117.0,Moderate,"number_of_monitoring_stations in Absolute Number, aqi_value in Indices",,1.0
2022-05-24,Punjab,Jalandhar,1.0,CO,60.0,Satisfactory,"number_of_monitoring_stations in Absolute Number, aqi_value in Indices",,0.0
2022-05-24,Punjab,Ludhiana,1.0,PM10,48.0,Good,"number_of_monitoring_stations in Absolute Number, aqi_value in Indices",,0.0
2022-05-24,Punjab,Patiala,1.0,PM10,49.0,Good,"number_of_monitoring_stations in Absolute Number, aqi_value in Indices",,0.0
2022-05-24,Punjab,Rupnagar,1.0,CO,35.0,Good,"number_of_monitoring_stations in Absolute Number, aqi_value in Indices",,0.0
2022-05-25,Punjab,Amritsar,1.0,O3,97.0,Satisfactory,"number_of_monitoring_stations in Absolute Number, aqi_value in Indices",,4.0
2022-05-25,Punjab,Bathinda,1.0,CO,36.0,Good,"number_of_monitoring_stations in Absolute Number, aqi_value in Indices",,0.0
2022-05-25,Punjab,Jalandhar,1.0,PM10,77.0,Satisfactory,"number_of_monitoring_stations in Absolute Number, aqi_value in Indices",,0.0
2022-05-25,Punjab,Ludhiana,1.0,O3,80.0,Satisfactory,"number_of_monitoring_stations in Absolute Number, aqi_value in Indices",,0.0
2022-05-25,Punjab,Patiala,1.0,PM10,73.0,Satisfactory,"number_of_monitoring_stations in Absolute Number, aqi_value in Indices",,0.0
2022-05-25,Punjab,Rupnagar,1.0,PM10,37.0,Good,"number_of_monitoring_stations in Absolute Number, aqi_value in Indices",,0.0
2022-05-26,Punjab,Amritsar,1.0,O3,94.0,Satisfactory,"number_of_monitoring_stations in Absolute Number, aqi_value in Indices",,2.0
2022-05-26,Punjab,Bathinda,1.0,CO,38.0,Good,"number_of_monitoring_stations in Absolute Number, aqi_value in Indices",,0.0
2022-05-26,Punjab,Jalandhar,1.0,PM10,112.0,Moderate,"number_of_monitoring_stations in Absolute Number, aqi_value in Indices",,5.0
2022-05-26,Punjab,Ludhiana,1.0,O3,154.0,Moderate,"number_of_monitoring_stations in Absolute Number, aqi_value in Indices",,0.0
2022-05-26,Punjab,Patiala,1.0,O3,78.0,Satisfactory,"number_of_monitoring_stations in Absolute Number, aqi_value in Indices",,1.0
2022-05-26,Punjab,Rupnagar,1.0,PM10,64.0,Satisfactory,"number_of_monitoring_stations in Absolute Number, aqi_value in Indices",,0.0
2022-05-27,Punjab,Amritsar,1.0,PM10,80.0,Satisfactory,"number_of_monitoring_stations in Absolute Number, aqi_value in Indices",,0.0
2022-05-27,Punjab,Bathinda,1.0,PM10,47.0,Good,"number_of_monitoring_stations in Absolute Number, aqi_value in Indices",,0.0
2022-05-27,Punjab,Jalandhar,1.0,PM10,134.0,Moderate,"number_of_monitoring_stations in Absolute Number, aqi_value in Indices",,0.0
2022-05-27,Punjab,Ludhiana,1.0,PM2.5,84.0,Satisfactory,"number_of_monitoring_stations in Absolute Number, aqi_value in Indices",,0.0
2022-05-27,Punjab,Patiala,1.0,PM10,93.0,Satisfactory,"number_of_monitoring_stations in Absolute Number, aqi_value in Indices",,0.0
2022-05-27,Punjab,Rupnagar,1.0,PM10,110.0,Moderate,"number_of_monitoring_stations in Absolute Number, aqi_value in Indices",,0.0
2022-05-28,Punjab,Amritsar,1.0,PM10,107.0,Moderate,"number_of_monitoring_stations in Absolute Number, aqi_value in Indices",,2.0
2022-05-28,Punjab,Bathinda,1.0,PM10,101.0,Moderate,"number_of_monitoring_stations in Absolute Number, aqi_value in Indices",,1.0
2022-05-28,Punjab,Jalandhar,1.0,PM2.5,212.0,Poor,"number_of_monitoring_stations in Absolute Number, aqi_value in Indices",,4.0
2022-05-28,Punjab,Ludhiana,1.0,PM2.5,127.0,Moderate,"number_of_monitoring_stations in Absolute Number, aqi_value in Indices",,3.0
2022-05-28,Punjab,Patiala,1.0,PM10,121.0,Moderate,"number_of_monitoring_stations in Absolute Number, aqi_value in Indices",,1.0
2022-05-28,Punjab,Rupnagar,1.0,PM10,262.0,Poor,"number_of_monitoring_stations in Absolute Number, aqi_value in Indices",,1.0
2022-05-29,Punjab,Bathinda,1.0,PM10,84.0,Satisfactory,"number_of_monitoring_stations in Absolute Number, aqi_value in Indices",,0.0
2022-05-29,Punjab,Jalandhar,1.0,PM2.5,126.0,Moderate,"number_of_monitoring_stations in Absolute Number, aqi_value in Indices",,1.0
2022-05-29,Punjab,Ludhiana,1.0,PM10,132.0,Moderate,"number_of_monitoring_stations in Absolute Number, aqi_value in Indices",,1.0
2022-05-29,Punjab,Patiala,1.0,PM10,102.0,Moderate,"number_of_monitoring_stations in Absolute Number, aqi_value in Indices",,0.0
2022-05-29,Punjab,Rupnagar,1.0,PM10,85.0,Satisfactory,"number_of_monitoring_stations in Absolute Number, aqi_value in Indices",,0.0
2022-05-30,Punjab,Amritsar,1.0,PM10,78.0,Satisfactory,"number_of_monitoring_stations in Absolute Number, aqi_value in Indices",,0.0
2022-05-30,Punjab,Bathinda,1.0,PM10,92.0,Satisfactory,"number_of_monitoring_stations in Absolute Number, aqi_value in Indices",,0.0
2022-05-30,Punjab,Jalandhar,1.0,PM10,167.0,Moderate,"number_of_monitoring_stations in Absolute Number, aqi_value in Indices",,0.0
2022-05-30,Punjab,Ludhiana,1.0,PM10,152.0,Moderate,"number_of_monitoring_stations in Absolute Number, aqi_value in Indices",,0.0
2022-05-30,Punjab,Patiala,1.0,PM10,146.0,Moderate,"number_of_monitoring_stations in Absolute Number, aqi_value in Indices",,0.0
2022-05-30,Punjab,Rupnagar,1.0,PM10,88.0,Satisfactory,"number_of_monitoring_stations in Absolute Number, aqi_value in Indices",,0.0
2022-05-31,Punjab,Amritsar,1.0,PM2.5,81.0,Satisfactory,"number_of_monitoring_stations in Absolute Number, aqi_value in Indices",,0.0
2022-05-31,Punjab,Bathinda,1.0,CO,135.0,Moderate,"number_of_monitoring_stations in Absolute Number, aqi_value in Indices",,0.0
2022-05-31,Punjab,Jalandhar,1.0,PM10,167.0,Moderate,"number_of_monitoring_stations in Absolute Number, aqi_value in Indices",,0.0
2022-05-31,Punjab,Ludhiana,1.0,O3,131.0,Moderate,"number_of_monitoring_stations in Absolute Number, aqi_value in Indices",,0.0
2022-05-31,Punjab,Patiala,1.0,PM10,148.0,Moderate,"number_of_monitoring_stations in Absolute Number, aqi_value in Indices",,0.0
2022-05-31,Punjab,Rupnagar,1.0,PM10,105.0,Moderate,"number_of_monitoring_stations in Absolute Number, aqi_value in Indices",,0.0
2022-06-01,Punjab,Amritsar,1.0,PM2.5,69.0,Satisfactory,"number_of_monitoring_stations in Absolute Number, aqi_value in Indices",,0.0
2022-06-01,Punjab,Bathinda,1.0,PM10,135.0,Moderate,"number_of_monitoring_stations in Absolute Number, aqi_value in Indices",,0.0
2022-06-01,Punjab,Jalandhar,1.0,PM10,153.0,Moderate,"number_of_monitoring_stations in Absolute Number, aqi_value in Indices",,0.0
2022-06-01,Punjab,Ludhiana,1.0,PM10,117.0,Moderate,"number_of_monitoring_stations in Absolute Number, aqi_value in Indices",,0.0
2022-06-01,Punjab,Patiala,1.0,PM10,126.0,Moderate,"number_of_monitoring_stations in Absolute Number, aqi_value in Indices",,0.0
2022-06-01,Punjab,Rupnagar,1.0,PM10,122.0,Moderate,"number_of_monitoring_stations in Absolute Number, aqi_value in Indices",,0.0
2022-06-02,Punjab,Amritsar,1.0,PM2.5,75.0,Satisfactory,"number_of_monitoring_stations in Absolute Number, aqi_value in Indices",,0.0
2022-06-02,Punjab,Bathinda,1.0,PM10,112.0,Moderate,"number_of_monitoring_stations in Absolute Number, aqi_value in Indices",,0.0
2022-06-02,Punjab,Jalandhar,1.0,PM10,167.0,Moderate,"number_of_monitoring_stations in Absolute Number, aqi_value in Indices",,0.0
2022-06-02,Punjab,Ludhiana,1.0,PM10,101.0,Moderate,"number_of_monitoring_stations in Absolute Number, aqi_value in Indices",,0.0
2022-06-02,Punjab,Patiala,1.0,PM10,134.0,Moderate,"number_of_monitoring_stations in Absolute Number, aqi_value in Indices",,0.0
2022-06-02,Punjab,Rupnagar,1.0,PM10,99.0,Satisfactory,"number_of_monitoring_stations in Absolute Number, aqi_value in Indices",,0.0
2022-06-03,Punjab,Bathinda,1.0,PM10,82.0,Satisfactory,"number_of_monitoring_stations in Absolute Number, aqi_value in Indices",,0.0
2022-06-03,Punjab,Jalandhar,1.0,PM10,107.0,Moderate,"number_of_monitoring_stations in Absolute Number, aqi_value in Indices",,0.0
2022-06-03,Punjab,Ludhiana,1.0,O3,72.0,Satisfactory,"number_of_monitoring_stations in Absolute Number, aqi_value in Indices",,0.0
2022-06-03,Punjab,Patiala,1.0,PM10,114.0,Moderate,"number_of_monitoring_stations in Absolute Number, aqi_value in Indices",,0.0
2022-06-03,Punjab,Rupnagar,1.0,PM10,92.0,Satisfactory,"number_of_monitoring_stations in Absolute Number, aqi_value in Indices",,0.0
2022-06-04,Punjab,Bathinda,1.0,PM10,100.0,Satisfactory,"number_of_monitoring_stations in Absolute Number, aqi_value in Indices",,0.0
2022-06-04,Punjab,Jalandhar,1.0,PM10,113.0,Moderate,"number_of_monitoring_stations in Absolute Number, aqi_value in Indices",,0.0
2022-06-04,Punjab,Ludhiana,1.0,O3,79.0,Satisfactory,"number_of_monitoring_stations in Absolute Number, aqi_value in Indices",,0.0
2022-06-04,Punjab,Patiala,1.0,PM10,108.0,Moderate,"number_of_monitoring_stations in Absolute Number, aqi_value in Indices",,0.0
2022-06-04,Punjab,Rupnagar,1.0,PM10,90.0,Satisfactory,"number_of_monitoring_stations in Absolute Number, aqi_value in Indices",,0.0
2022-06-05,Punjab,Amritsar,1.0,PM2.5,69.0,Satisfactory,"number_of_monitoring_stations in Absolute Number, aqi_value in Indices",,0.0
2022-06-05,Punjab,Bathinda,1.0,PM10,64.0,Satisfactory,"number_of_monitoring_stations in Absolute Number, aqi_value in Indices",,0.0
2022-06-05,Punjab,Jalandhar,1.0,PM10,113.0,Moderate,"number_of_monitoring_stations in Absolute Number, aqi_value in Indices",,0.0
2022-06-05,Punjab,Ludhiana,1.0,O3,99.0,Satisfactory,"number_of_monitoring_stations in Absolute Number, aqi_value in Indices",,0.0
2022-06-05,Punjab,Patiala,1.0,PM10,112.0,Moderate,"number_of_monitoring_stations in Absolute Number, aqi_value in Indices",,0.0
2022-06-05,Punjab,Rupnagar,1.0,PM10,96.0,Satisfactory,"number_of_monitoring_stations in Absolute Number, aqi_value in Indices",,0.0
2022-06-06,Punjab,Amritsar,1.0,PM2.5,146.0,Moderate,"number_of_monitoring_stations in Absolute Number, aqi_value in Indices",,0.0
2022-06-06,Punjab,Bathinda,1.0,PM10,116.0,Moderate,"number_of_monitoring_stations in Absolute Number, aqi_value in Indices",,0.0
2022-06-06,Punjab,Jalandhar,1.0,PM10,115.0,Moderate,"number_of_monitoring_stations in Absolute Number, aqi_value in Indices",,0.0
2022-06-06,Punjab,Ludhiana,1.0,PM10,159.0,Moderate,"number_of_monitoring_stations in Absolute Number, aqi_value in Indices",,0.0
2022-06-06,Punjab,Patiala,1.0,PM10,117.0,Moderate,"number_of_monitoring_stations in Absolute Number, aqi_value in Indices",,0.0
2022-06-06,Punjab,Rupnagar,1.0,PM10,112.0,Moderate,"number_of_monitoring_stations in Absolute Number, aqi_value in Indices",,0.0
2022-06-07,Punjab,Amritsar,1.0,PM2.5,191.0,Moderate,"number_of_monitoring_stations in Absolute Number, aqi_value in Indices",,0.0
2022-06-07,Punjab,Bathinda,1.0,PM10,93.0,Satisfactory,"number_of_monitoring_stations in Absolute Number, aqi_value in Indices",,0.0
2022-06-07,Punjab,Jalandhar,1.0,PM10,129.0,Moderate,"number_of_monitoring_stations in Absolute Number, aqi_value in Indices",,0.0
2022-06-07,Punjab,Ludhiana,1.0,PM10,190.0,Moderate,"number_of_monitoring_stations in Absolute Number, aqi_value in Indices",,0.0
2022-06-07,Punjab,Patiala,1.0,PM10,142.0,Moderate,"number_of_monitoring_stations in Absolute Number, aqi_value in Indices",,0.0
2022-06-07,Punjab,Rupnagar,1.0,PM10,113.0,Moderate,"number_of_monitoring_stations in Absolute Number, aqi_value in Indices",,0.0
2022-06-08,Punjab,Amritsar,1.0,PM2.5,210.0,Poor,"number_of_monitoring_stations in Absolute Number, aqi_value in Indices",,0.0
2022-06-08,Punjab,Bathinda,1.0,PM10,137.0,Moderate,"number_of_monitoring_stations in Absolute Number, aqi_value in Indices",,0.0
2022-06-08,Punjab,Jalandhar,1.0,PM10,124.0,Moderate,"number_of_monitoring_stations in Absolute Number, aqi_value in Indices",,0.0
2022-06-08,Punjab,Ludhiana,1.0,PM10,173.0,Moderate,"number_of_monitoring_stations in Absolute Number, aqi_value in Indices",,0.0
2022-06-08,Punjab,Patiala,1.0,PM10,145.0,Moderate,"number_of_monitoring_stations in Absolute Number, aqi_value in Indices",,0.0
2022-06-08,Punjab,Rupnagar,1.0,PM10,137.0,Moderate,"number_of_monitoring_stations in Absolute Number, aqi_value in Indices",,0.0
2022-06-09,Punjab,Amritsar,1.0,PM2.5,168.0,Moderate,"number_of_monitoring_stations in Absolute Number, aqi_value in Indices",,0.0
2022-06-09,Punjab,Bathinda,1.0,PM10,113.0,Moderate,"number_of_monitoring_stations in Absolute Number, aqi_value in Indices",,0.0
2022-06-09,Punjab,Jalandhar,1.0,PM10,125.0,Moderate,"number_of_monitoring_stations in Absolute Number, aqi_value in Indices",,0.0
2022-06-09,Punjab,Ludhiana,1.0,PM10,180.0,Moderate,"number_of_monitoring_stations in Absolute Number, aqi_value in Indices",,0.0
2022-06-09,Punjab,Patiala,1.0,PM10,159.0,Moderate,"number_of_monitoring_stations in Absolute Number, aqi_value in Indices",,0.0
2022-06-09,Punjab,Rupnagar,1.0,PM10,128.0,Moderate,"number_of_monitoring_stations in Absolute Number, aqi_value in Indices",,0.0
2022-06-10,Punjab,Amritsar,1.0,PM2.5,136.0,Moderate,"number_of_monitoring_stations in Absolute Number, aqi_value in Indices",,0.0
2022-06-10,Punjab,Bathinda,1.0,PM10,119.0,Moderate,"number_of_monitoring_stations in Absolute Number, aqi_value in Indices",,0.0
2022-06-10,Punjab,Jalandhar,1.0,PM10,104.0,Moderate,"number_of_monitoring_stations in Absolute Number, aqi_value in Indices",,0.0
2022-06-10,Punjab,Ludhiana,1.0,PM2.5,208.0,Poor,"number_of_monitoring_stations in Absolute Number, aqi_value in Indices",,0.0
2022-06-10,Punjab,Patiala,1.0,PM10,161.0,Moderate,"number_of_monitoring_stations in Absolute Number, aqi_value in Indices",,0.0
2022-06-10,Punjab,Rupnagar,1.0,PM10,108.0,Moderate,"number_of_monitoring_stations in Absolute Number, aqi_value in Indices",,0.0
2022-06-11,Punjab,Amritsar,1.0,PM2.5,235.0,Poor,"number_of_monitoring_stations in Absolute Number, aqi_value in Indices",,0.0
2022-06-11,Punjab,Bathinda,1.0,PM10,140.0,Moderate,"number_of_monitoring_stations in Absolute Number, aqi_value in Indices",,0.0
2022-06-11,Punjab,Jalandhar,1.0,PM10,135.0,Moderate,"number_of_monitoring_stations in Absolute Number, aqi_value in Indices",,0.0
2022-06-11,Punjab,Ludhiana,1.0,PM2.5,212.0,Poor,"number_of_monitoring_stations in Absolute Number, aqi_value in Indices",,0.0
2022-06-11,Punjab,Patiala,1.0,PM10,202.0,Poor,"number_of_monitoring_stations in Absolute Number, aqi_value in Indices",,0.0
2022-06-11,Punjab,Rupnagar,1.0,PM10,98.0,Satisfactory,"number_of_monitoring_stations in Absolute Number, aqi_value in Indices",,0.0
2022-06-12,Punjab,Amritsar,1.0,PM2.5,210.0,Poor,"number_of_monitoring_stations in Absolute Number, aqi_value in Indices",,0.0
2022-06-12,Punjab,Jalandhar,1.0,PM10,228.0,Poor,"number_of_monitoring_stations in Absolute Number, aqi_value in Indices",,0.0
2022-06-12,Punjab,Ludhiana,1.0,PM10,268.0,Poor,"number_of_monitoring_stations in Absolute Number, aqi_value in Indices",,0.0
2022-06-12,Punjab,Patiala,1.0,PM10,187.0,Moderate,"number_of_monitoring_stations in Absolute Number, aqi_value in Indices",,0.0
2022-06-12,Punjab,Rupnagar,1.0,PM10,115.0,Moderate,"number_of_monitoring_stations in Absolute Number, aqi_value in Indices",,0.0
2022-06-13,Punjab,Jalandhar,1.0,PM10,154.0,Moderate,"number_of_monitoring_stations in Absolute Number, aqi_value in Indices",,0.0
2022-06-13,Punjab,Ludhiana,1.0,PM10,198.0,Moderate,"number_of_monitoring_stations in Absolute Number, aqi_value in Indices",,0.0
2022-06-13,Punjab,Patiala,1.0,PM10,182.0,Moderate,"number_of_monitoring_stations in Absolute Number, aqi_value in Indices",,0.0
2022-06-14,Punjab,Amritsar,1.0,PM2.5,240.0,Poor,"number_of_monitoring_stations in Absolute Number, aqi_value in Indices",,0.0
2022-06-14,Punjab,Bathinda,1.0,PM10,192.0,Moderate,"number_of_monitoring_stations in Absolute Number, aqi_value in Indices",,0.0
2022-06-14,Punjab,Jalandhar,1.0,PM10,219.0,Poor,"number_of_monitoring_stations in Absolute Number, aqi_value in Indices",,0.0
2022-06-14,Punjab,Ludhiana,1.0,PM10,229.0,Poor,"number_of_monitoring_stations in Absolute Number, aqi_value in Indices",,0.0
2022-06-14,Punjab,Patiala,1.0,PM10,188.0,Moderate,"number_of_monitoring_stations in Absolute Number, aqi_value in Indices",,0.0
2022-06-14,Punjab,Rupnagar,1.0,PM2.5,167.0,Moderate,"number_of_monitoring_stations in Absolute Number, aqi_value in Indices",,0.0
2022-06-15,Punjab,Amritsar,1.0,PM2.5,235.0,Poor,"number_of_monitoring_stations in Absolute Number, aqi_value in Indices",,0.0
2022-06-15,Punjab,Bathinda,1.0,PM10,104.0,Moderate,"number_of_monitoring_stations in Absolute Number, aqi_value in Indices",,0.0
2022-06-15,Punjab,Jalandhar,1.0,PM10,124.0,Moderate,"number_of_monitoring_stations in Absolute Number, aqi_value in Indices",,0.0
2022-06-15,Punjab,Ludhiana,1.0,PM10,170.0,Moderate,"number_of_monitoring_stations in Absolute Number, aqi_value in Indices",,0.0
2022-06-15,Punjab,Patiala,1.0,PM10,154.0,Moderate,"number_of_monitoring_stations in Absolute Number, aqi_value in Indices",,0.0
2022-06-15,Punjab,Rupnagar,1.0,PM10,104.0,Moderate,"number_of_monitoring_stations in Absolute Number, aqi_value in Indices",,0.0
2022-06-16,Punjab,Amritsar,1.0,PM2.5,103.0,Moderate,"number_of_monitoring_stations in Absolute Number, aqi_value in Indices",,0.0
2022-06-16,Punjab,Bathinda,1.0,PM10,202.0,Poor,"number_of_monitoring_stations in Absolute Number, aqi_value in Indices",,0.0
2022-06-16,Punjab,Jalandhar,1.0,PM10,69.0,Satisfactory,"number_of_monitoring_stations in Absolute Number, aqi_value in Indices",,0.0
2022-06-16,Punjab,Ludhiana,1.0,PM10,108.0,Moderate,"number_of_monitoring_stations in Absolute Number, aqi_value in Indices",,0.0
2022-06-16,Punjab,Patiala,1.0,PM10,107.0,Moderate,"number_of_monitoring_stations in Absolute Number, aqi_value in Indices",,0.0
2022-06-17,Punjab,Amritsar,1.0,PM2.5,131.0,Moderate,"number_of_monitoring_stations in Absolute Number, aqi_value in Indices",,0.0
2022-06-17,Punjab,Bathinda,1.0,PM10,103.0,Moderate,"number_of_monitoring_stations in Absolute Number, aqi_value in Indices",,0.0
2022-06-17,Punjab,Jalandhar,1.0,PM10,44.0,Good,"number_of_monitoring_stations in Absolute Number, aqi_value in Indices",,0.0
2022-06-17,Punjab,Ludhiana,1.0,PM10,79.0,Satisfactory,"number_of_monitoring_stations in Absolute Number, aqi_value in Indices",,0.0
2022-06-17,Punjab,Patiala,1.0,PM10,52.0,Satisfactory,"number_of_monitoring_stations in Absolute Number, aqi_value in Indices",,0.0
2022-06-17,Punjab,Rupnagar,1.0,PM10,62.0,Satisfactory,"number_of_monitoring_stations in Absolute Number, aqi_value in Indices",,0.0
2022-06-18,Punjab,Amritsar,1.0,PM2.5,70.0,Satisfactory,"number_of_monitoring_stations in Absolute Number, aqi_value in Indices",,0.0
2022-06-18,Punjab,Bathinda,1.0,PM10,65.0,Satisfactory,"number_of_monitoring_stations in Absolute Number, aqi_value in Indices",,0.0
2022-06-18,Punjab,Jalandhar,1.0,PM10,57.0,Satisfactory,"number_of_monitoring_stations in Absolute Number, aqi_value in Indices",,0.0
2022-06-18,Punjab,Ludhiana,1.0,PM10,80.0,Satisfactory,"number_of_monitoring_stations in Absolute Number, aqi_value in Indices",,0.0
2022-06-18,Punjab,Patiala,1.0,PM10,47.0,Good,"number_of_monitoring_stations in Absolute Number, aqi_value in Indices",,0.0
2022-06-18,Punjab,Rupnagar,1.0,PM10,60.0,Satisfactory,"number_of_monitoring_stations in Absolute Number, aqi_value in Indices",,0.0
2022-06-19,Punjab,Amritsar,1.0,NO2,69.0,Satisfactory,"number_of_monitoring_stations in Absolute Number, aqi_value in Indices",,0.0
2022-06-19,Punjab,Jalandhar,1.0,PM10,38.0,Good,"number_of_monitoring_stations in Absolute Number, aqi_value in Indices",,0.0
2022-06-19,Punjab,Ludhiana,1.0,PM2.5,61.0,Satisfactory,"number_of_monitoring_stations in Absolute Number, aqi_value in Indices",,0.0
2022-06-19,Punjab,Patiala,1.0,PM10,46.0,Good,"number_of_monitoring_stations in Absolute Number, aqi_value in Indices",,0.0
2022-06-19,Punjab,Rupnagar,1.0,PM10,54.0,Satisfactory,"number_of_monitoring_stations in Absolute Number, aqi_value in Indices",,0.0
2022-06-20,Punjab,Amritsar,1.0,NO2,66.0,Satisfactory,"number_of_monitoring_stations in Absolute Number, aqi_value in Indices",,0.0
2022-06-20,Punjab,Bathinda,1.0,PM10,67.0,Satisfactory,"number_of_monitoring_stations in Absolute Number, aqi_value in Indices",,0.0
2022-06-20,Punjab,Jalandhar,1.0,PM10,69.0,Satisfactory,"number_of_monitoring_stations in Absolute Number, aqi_value in Indices",,0.0
2022-06-20,Punjab,Ludhiana,1.0,PM10,130.0,Moderate,"number_of_monitoring_stations in Absolute Number, aqi_value in Indices",,0.0
2022-06-20,Punjab,Patiala,1.0,PM10,70.0,Satisfactory,"number_of_monitoring_stations in Absolute Number, aqi_value in Indices",,0.0
2022-06-20,Punjab,Rupnagar,1.0,PM10,63.0,Satisfactory,"number_of_monitoring_stations in Absolute Number, aqi_value in Indices",,0.0
2022-06-21,Punjab,Amritsar,1.0,NO2,73.0,Satisfactory,"number_of_monitoring_stations in Absolute Number, aqi_value in Indices",,0.0
2022-06-21,Punjab,Bathinda,1.0,PM10,41.0,Good,"number_of_monitoring_stations in Absolute Number, aqi_value in Indices",,0.0
2022-06-21,Punjab,Jalandhar,1.0,PM10,34.0,Good,"number_of_monitoring_stations in Absolute Number, aqi_value in Indices",,0.0
2022-06-21,Punjab,Ludhiana,1.0,PM2.5,134.0,Moderate,"number_of_monitoring_stations in Absolute Number, aqi_value in Indices",,0.0
2022-06-21,Punjab,Patiala,1.0,PM10,55.0,Satisfactory,"number_of_monitoring_stations in Absolute Number, aqi_value in Indices",,0.0
2022-06-21,Punjab,Rupnagar,1.0,PM10,83.0,Satisfactory,"number_of_monitoring_stations in Absolute Number, aqi_value in Indices",,0.0
2022-06-22,Punjab,Amritsar,1.0,O3,184.0,Moderate,"number_of_monitoring_stations in Absolute Number, aqi_value in Indices",,0.0
2022-06-22,Punjab,Bathinda,1.0,PM10,58.0,Satisfactory,"number_of_monitoring_stations in Absolute Number, aqi_value in Indices",,0.0
2022-06-22,Punjab,Jalandhar,1.0,PM10,67.0,Satisfactory,"number_of_monitoring_stations in Absolute Number, aqi_value in Indices",,0.0
2022-06-22,Punjab,Ludhiana,1.0,PM10,130.0,Moderate,"number_of_monitoring_stations in Absolute Number, aqi_value in Indices",,0.0
2022-06-22,Punjab,Patiala,1.0,PM10,72.0,Satisfactory,"number_of_monitoring_stations in Absolute Number, aqi_value in Indices",,0.0
2022-06-22,Punjab,Rupnagar,1.0,PM10,88.0,Satisfactory,"number_of_monitoring_stations in Absolute Number, aqi_value in Indices",,0.0
2022-06-23,Punjab,Amritsar,1.0,O3,152.0,Moderate,"number_of_monitoring_stations in Absolute Number, aqi_value in Indices",,0.0
2022-06-23,Punjab,Bathinda,1.0,PM10,68.0,Satisfactory,"number_of_monitoring_stations in Absolute Number, aqi_value in Indices",,0.0
2022-06-23,Punjab,Jalandhar,1.0,PM10,97.0,Satisfactory,"number_of_monitoring_stations in Absolute Number, aqi_value in Indices",,0.0
2022-06-23,Punjab,Ludhiana,1.0,PM10,117.0,Moderate,"number_of_monitoring_stations in Absolute Number, aqi_value in Indices",,0.0
2022-06-23,Punjab,Patiala,1.0,PM10,83.0,Satisfactory,"number_of_monitoring_stations in Absolute Number, aqi_value in Indices",,0.0
2022-06-23,Punjab,Rupnagar,1.0,PM10,82.0,Satisfactory,"number_of_monitoring_stations in Absolute Number, aqi_value in Indices",,0.0
2022-06-24,Punjab,Amritsar,1.0,O3,167.0,Moderate,"number_of_monitoring_stations in Absolute Number, aqi_value in Indices",,0.0
2022-06-24,Punjab,Bathinda,1.0,PM10,100.0,Satisfactory,"number_of_monitoring_stations in Absolute Number, aqi_value in Indices",,0.0
2022-06-24,Punjab,Jalandhar,1.0,PM10,120.0,Moderate,"number_of_monitoring_stations in Absolute Number, aqi_value in Indices",,0.0
2022-06-24,Punjab,Ludhiana,1.0,O3,180.0,Moderate,"number_of_monitoring_stations in Absolute Number, aqi_value in Indices",,0.0
2022-06-24,Punjab,Patiala,1.0,PM10,95.0,Satisfactory,"number_of_monitoring_stations in Absolute Number, aqi_value in Indices",,0.0
2022-06-24,Punjab,Rupnagar,1.0,PM10,79.0,Satisfactory,"number_of_monitoring_stations in Absolute Number, aqi_value in Indices",,0.0
2022-06-25,Punjab,Amritsar,1.0,O3,217.0,Poor,"number_of_monitoring_stations in Absolute Number, aqi_value in Indices",,0.0
2022-06-25,Punjab,Bathinda,1.0,PM10,101.0,Moderate,"number_of_monitoring_stations in Absolute Number, aqi_value in Indices",,0.0
2022-06-25,Punjab,Jalandhar,1.0,PM10,104.0,Moderate,"number_of_monitoring_stations in Absolute Number, aqi_value in Indices",,0.0
2022-06-25,Punjab,Ludhiana,1.0,PM10,146.0,Moderate,"number_of_monitoring_stations in Absolute Number, aqi_value in Indices",,0.0
2022-06-25,Punjab,Patiala,1.0,PM10,104.0,Moderate,"number_of_monitoring_stations in Absolute Number, aqi_value in Indices",,0.0
2022-06-25,Punjab,Rupnagar,1.0,PM10,120.0,Moderate,"number_of_monitoring_stations in Absolute Number, aqi_value in Indices",,0.0
2022-06-26,Punjab,Amritsar,1.0,O3,177.0,Moderate,"number_of_monitoring_stations in Absolute Number, aqi_value in Indices",,0.0
2022-06-26,Punjab,Bathinda,1.0,PM10,208.0,Poor,"number_of_monitoring_stations in Absolute Number, aqi_value in Indices",,0.0
2022-06-26,Punjab,Jalandhar,1.0,PM10,118.0,Moderate,"number_of_monitoring_stations in Absolute Number, aqi_value in Indices",,0.0
2022-06-26,Punjab,Ludhiana,1.0,PM2.5,240.0,Poor,"number_of_monitoring_stations in Absolute Number, aqi_value in Indices",,0.0
2022-06-26,Punjab,Patiala,1.0,PM10,106.0,Moderate,"number_of_monitoring_stations in Absolute Number, aqi_value in Indices",,0.0
2022-06-26,Punjab,Rupnagar,1.0,PM10,94.0,Satisfactory,"number_of_monitoring_stations in Absolute Number, aqi_value in Indices",,0.0
2022-06-27,Punjab,Amritsar,1.0,O3,181.0,Moderate,"number_of_monitoring_stations in Absolute Number, aqi_value in Indices",,0.0
2022-06-27,Punjab,Bathinda,1.0,PM10,157.0,Moderate,"number_of_monitoring_stations in Absolute Number, aqi_value in Indices",,0.0
2022-06-27,Punjab,Jalandhar,1.0,O3,119.0,Moderate,"number_of_monitoring_stations in Absolute Number, aqi_value in Indices",,0.0
2022-06-27,Punjab,Ludhiana,1.0,PM10,137.0,Moderate,"number_of_monitoring_stations in Absolute Number, aqi_value in Indices",,0.0
2022-06-27,Punjab,Patiala,1.0,PM10,86.0,Satisfactory,"number_of_monitoring_stations in Absolute Number, aqi_value in Indices",,0.0
2022-06-27,Punjab,Rupnagar,1.0,PM10,96.0,Satisfactory,"number_of_monitoring_stations in Absolute Number, aqi_value in Indices",,0.0
2022-06-28,Punjab,Amritsar,1.0,O3,216.0,Poor,"number_of_monitoring_stations in Absolute Number, aqi_value in Indices",,0.0
2022-06-28,Punjab,Bathinda,1.0,PM10,70.0,Satisfactory,"number_of_monitoring_stations in Absolute Number, aqi_value in Indices",,0.0
2022-06-28,Punjab,Jalandhar,1.0,PM10,147.0,Moderate,"number_of_monitoring_stations in Absolute Number, aqi_value in Indices",,0.0
2022-06-28,Punjab,Ludhiana,1.0,PM10,159.0,Moderate,"number_of_monitoring_stations in Absolute Number, aqi_value in Indices",,0.0
2022-06-28,Punjab,Patiala,1.0,PM10,90.0,Satisfactory,"number_of_monitoring_stations in Absolute Number, aqi_value in Indices",,0.0
2022-06-28,Punjab,Rupnagar,1.0,PM10,100.0,Satisfactory,"number_of_monitoring_stations in Absolute Number, aqi_value in Indices",,0.0
2022-06-29,Punjab,Amritsar,1.0,PM2.5,244.0,Poor,"number_of_monitoring_stations in Absolute Number, aqi_value in Indices",,0.0
2022-06-29,Punjab,Bathinda,1.0,PM10,85.0,Satisfactory,"number_of_monitoring_stations in Absolute Number, aqi_value in Indices",,0.0
2022-06-29,Punjab,Jalandhar,1.0,PM10,139.0,Moderate,"number_of_monitoring_stations in Absolute Number, aqi_value in Indices",,0.0
2022-06-29,Punjab,Ludhiana,1.0,PM10,175.0,Moderate,"number_of_monitoring_stations in Absolute Number, aqi_value in Indices",,0.0
2022-06-29,Punjab,Patiala,1.0,PM10,100.0,Satisfactory,"number_of_monitoring_stations in Absolute Number, aqi_value in Indices",,0.0
2022-06-29,Punjab,Rupnagar,1.0,PM10,68.0,Satisfactory,"number_of_monitoring_stations in Absolute Number, aqi_value in Indices",,0.0
2022-06-30,Punjab,Amritsar,1.0,O3,224.0,Poor,"number_of_monitoring_stations in Absolute Number, aqi_value in Indices",,0.0
2022-06-30,Punjab,Bathinda,1.0,PM10,110.0,Moderate,"number_of_monitoring_stations in Absolute Number, aqi_value in Indices",,0.0
2022-06-30,Punjab,Jalandhar,1.0,PM10,78.0,Satisfactory,"number_of_monitoring_stations in Absolute Number, aqi_value in Indices",,0.0
2022-06-30,Punjab,Ludhiana,1.0,PM10,131.0,Moderate,"number_of_monitoring_stations in Absolute Number, aqi_value in Indices",,0.0
2022-06-30,Punjab,Patiala,1.0,PM10,63.0,Satisfactory,"number_of_monitoring_stations in Absolute Number, aqi_value in Indices",,0.0
2022-06-30,Punjab,Rupnagar,1.0,CO,50.0,Good,"number_of_monitoring_stations in Absolute Number, aqi_value in Indices",,0.0
2022-07-01,Punjab,Amritsar,1.0,O3,180.0,Moderate,"number_of_monitoring_stations in Absolute Number, aqi_value in Indices",,0.0
2022-07-01,Punjab,Bathinda,1.0,PM10,45.0,Good,"number_of_monitoring_stations in Absolute Number, aqi_value in Indices",,0.0
2022-07-01,Punjab,Jalandhar,1.0,CO,29.0,Good,"number_of_monitoring_stations in Absolute Number, aqi_value in Indices",,0.0
2022-07-01,Punjab,Ludhiana,1.0,CO,50.0,Good,"number_of_monitoring_stations in Absolute Number, aqi_value in Indices",,0.0
2022-07-01,Punjab,Patiala,1.0,CO,44.0,Good,"number_of_monitoring_stations in Absolute Number, aqi_value in Indices",,0.0
2022-07-01,Punjab,Rupnagar,1.0,PM10,52.0,Satisfactory,"number_of_monitoring_stations in Absolute Number, aqi_value in Indices",,0.0
2022-07-02,Punjab,Amritsar,1.0,O3,183.0,Moderate,"number_of_monitoring_stations in Absolute Number, aqi_value in Indices",,0.0
2022-07-02,Punjab,Bathinda,1.0,PM10,43.0,Good,"number_of_monitoring_stations in Absolute Number, aqi_value in Indices",,0.0
2022-07-02,Punjab,Jalandhar,1.0,PM10,56.0,Satisfactory,"number_of_monitoring_stations in Absolute Number, aqi_value in Indices",,0.0
2022-07-02,Punjab,Ludhiana,1.0,PM10,119.0,Moderate,"number_of_monitoring_stations in Absolute Number, aqi_value in Indices",,0.0
2022-07-02,Punjab,Patiala,1.0,CO,50.0,Good,"number_of_monitoring_stations in Absolute Number, aqi_value in Indices",,0.0
2022-07-02,Punjab,Rupnagar,1.0,PM10,107.0,Moderate,"number_of_monitoring_stations in Absolute Number, aqi_value in Indices",,0.0
2022-07-03,Punjab,Amritsar,1.0,O3,182.0,Moderate,"number_of_monitoring_stations in Absolute Number, aqi_value in Indices",,0.0
2022-07-03,Punjab,Bathinda,1.0,PM10,78.0,Satisfactory,"number_of_monitoring_stations in Absolute Number, aqi_value in Indices",,0.0
2022-07-03,Punjab,Jalandhar,1.0,PM10,42.0,Good,"number_of_monitoring_stations in Absolute Number, aqi_value in Indices",,0.0
2022-07-03,Punjab,Ludhiana,1.0,PM10,89.0,Satisfactory,"number_of_monitoring_stations in Absolute Number, aqi_value in Indices",,0.0
2022-07-03,Punjab,Patiala,1.0,PM10,44.0,Good,"number_of_monitoring_stations in Absolute Number, aqi_value in Indices",,0.0
2022-07-03,Punjab,Rupnagar,1.0,PM10,60.0,Satisfactory,"number_of_monitoring_stations in Absolute Number, aqi_value in Indices",,0.0
2022-07-04,Punjab,Amritsar,1.0,O3,113.0,Moderate,"number_of_monitoring_stations in Absolute Number, aqi_value in Indices",,0.0
2022-07-04,Punjab,Bathinda,1.0,PM10,55.0,Satisfactory,"number_of_monitoring_stations in Absolute Number, aqi_value in Indices",,0.0
2022-07-04,Punjab,Jalandhar,1.0,O3,43.0,Good,"number_of_monitoring_stations in Absolute Number, aqi_value in Indices",,0.0
2022-07-04,Punjab,Ludhiana,1.0,PM10,114.0,Moderate,"number_of_monitoring_stations in Absolute Number, aqi_value in Indices",,0.0
2022-07-04,Punjab,Patiala,1.0,CO,58.0,Satisfactory,"number_of_monitoring_stations in Absolute Number, aqi_value in Indices",,0.0
2022-07-04,Punjab,Rupnagar,1.0,PM10,106.0,Moderate,"number_of_monitoring_stations in Absolute Number, aqi_value in Indices",,0.0
2022-07-05,Punjab,Amritsar,1.0,PM2.5,121.0,Moderate,"number_of_monitoring_stations in Absolute Number, aqi_value in Indices",,0.0
2022-07-05,Punjab,Bathinda,1.0,PM10,74.0,Satisfactory,"number_of_monitoring_stations in Absolute Number, aqi_value in Indices",,0.0
2022-07-05,Punjab,Jalandhar,1.0,PM10,77.0,Satisfactory,"number_of_monitoring_stations in Absolute Number, aqi_value in Indices",,0.0
2022-07-05,Punjab,Ludhiana,1.0,PM10,125.0,Moderate,"number_of_monitoring_stations in Absolute Number, aqi_value in Indices",,0.0
2022-07-05,Punjab,Patiala,1.0,PM10,74.0,Satisfactory,"number_of_monitoring_stations in Absolute Number, aqi_value in Indices",,0.0
2022-07-05,Punjab,Rupnagar,1.0,PM10,133.0,Moderate,"number_of_monitoring_stations in Absolute Number, aqi_value in Indices",,0.0
2022-07-06,Punjab,Amritsar,1.0,PM2.5,151.0,Moderate,"number_of_monitoring_stations in Absolute Number, aqi_value in Indices",,0.0
2022-07-06,Punjab,Bathinda,1.0,PM10,109.0,Moderate,"number_of_monitoring_stations in Absolute Number, aqi_value in Indices",,0.0
2022-07-06,Punjab,Jalandhar,1.0,PM10,98.0,Satisfactory,"number_of_monitoring_stations in Absolute Number, aqi_value in Indices",,0.0
2022-07-06,Punjab,Ludhiana,1.0,PM10,108.0,Moderate,"number_of_monitoring_stations in Absolute Number, aqi_value in Indices",,0.0
2022-07-06,Punjab,Patiala,1.0,PM10,66.0,Satisfactory,"number_of_monitoring_stations in Absolute Number, aqi_value in Indices",,0.0
2022-07-06,Punjab,Rupnagar,1.0,PM10,79.0,Satisfactory,"number_of_monitoring_stations in Absolute Number, aqi_value in Indices",,0.0
2022-07-07,Punjab,Amritsar,1.0,PM2.5,117.0,Moderate,"number_of_monitoring_stations in Absolute Number, aqi_value in Indices",,0.0
2022-07-07,Punjab,Bathinda,1.0,PM10,67.0,Satisfactory,"number_of_monitoring_stations in Absolute Number, aqi_value in Indices",,0.0
2022-07-07,Punjab,Jalandhar,1.0,PM10,79.0,Satisfactory,"number_of_monitoring_stations in Absolute Number, aqi_value in Indices",,0.0
2022-07-07,Punjab,Ludhiana,1.0,PM10,79.0,Satisfactory,"number_of_monitoring_stations in Absolute Number, aqi_value in Indices",,0.0
2022-07-07,Punjab,Patiala,1.0,PM10,60.0,Satisfactory,"number_of_monitoring_stations in Absolute Number, aqi_value in Indices",,0.0
2022-07-07,Punjab,Rupnagar,1.0,PM10,150.0,Moderate,"number_of_monitoring_stations in Absolute Number, aqi_value in Indices",,0.0
2022-07-08,Punjab,Amritsar,1.0,PM2.5,151.0,Moderate,"number_of_monitoring_stations in Absolute Number, aqi_value in Indices",,0.0
2022-07-08,Punjab,Bathinda,1.0,PM10,81.0,Satisfactory,"number_of_monitoring_stations in Absolute Number, aqi_value in Indices",,0.0
2022-07-08,Punjab,Jalandhar,1.0,PM10,83.0,Satisfactory,"number_of_monitoring_stations in Absolute Number, aqi_value in Indices",,0.0
2022-07-08,Punjab,Ludhiana,1.0,PM10,95.0,Satisfactory,"number_of_monitoring_stations in Absolute Number, aqi_value in Indices",,0.0
2022-07-08,Punjab,Patiala,1.0,PM10,61.0,Satisfactory,"number_of_monitoring_stations in Absolute Number, aqi_value in Indices",,0.0
2022-07-08,Punjab,Rupnagar,1.0,PM10,81.0,Satisfactory,"number_of_monitoring_stations in Absolute Number, aqi_value in Indices",,0.0
2022-07-09,Punjab,Bathinda,1.0,PM10,82.0,Satisfactory,"number_of_monitoring_stations in Absolute Number, aqi_value in Indices",,0.0
2022-07-09,Punjab,Jalandhar,1.0,PM10,84.0,Satisfactory,"number_of_monitoring_stations in Absolute Number, aqi_value in Indices",,0.0
2022-07-09,Punjab,Ludhiana,1.0,PM10,89.0,Satisfactory,"number_of_monitoring_stations in Absolute Number, aqi_value in Indices",,0.0
2022-07-09,Punjab,Patiala,1.0,PM10,63.0,Satisfactory,"number_of_monitoring_stations in Absolute Number, aqi_value in Indices",,0.0
2022-07-09,Punjab,Rupnagar,1.0,PM10,53.0,Satisfactory,"number_of_monitoring_stations in Absolute Number, aqi_value in Indices",,0.0
2022-07-10,Punjab,Amritsar,1.0,PM2.5,67.0,Satisfactory,"number_of_monitoring_stations in Absolute Number, aqi_value in Indices",,0.0
2022-07-10,Punjab,Bathinda,1.0,PM10,55.0,Satisfactory,"number_of_monitoring_stations in Absolute Number, aqi_value in Indices",,0.0
2022-07-10,Punjab,Jalandhar,1.0,PM10,35.0,Good,"number_of_monitoring_stations in Absolute Number, aqi_value in Indices",,0.0
2022-07-10,Punjab,Ludhiana,1.0,PM10,49.0,Good,"number_of_monitoring_stations in Absolute Number, aqi_value in Indices",,0.0
2022-07-10,Punjab,Patiala,1.0,PM10,26.0,Good,"number_of_monitoring_stations in Absolute Number, aqi_value in Indices",,0.0
2022-07-11,Punjab,Amritsar,1.0,PM2.5,73.0,Satisfactory,"number_of_monitoring_stations in Absolute Number, aqi_value in Indices",,0.0
2022-07-11,Punjab,Bathinda,1.0,PM10,58.0,Satisfactory,"number_of_monitoring_stations in Absolute Number, aqi_value in Indices",,0.0
2022-07-11,Punjab,Jalandhar,1.0,PM10,71.0,Satisfactory,"number_of_monitoring_stations in Absolute Number, aqi_value in Indices",,0.0
2022-07-11,Punjab,Ludhiana,1.0,PM10,74.0,Satisfactory,"number_of_monitoring_stations in Absolute Number, aqi_value in Indices",,0.0
2022-07-11,Punjab,Patiala,1.0,PM10,41.0,Good,"number_of_monitoring_stations in Absolute Number, aqi_value in Indices",,0.0
2022-07-12,Punjab,Amritsar,1.0,NO2,67.0,Satisfactory,"number_of_monitoring_stations in Absolute Number, aqi_value in Indices",,0.0
2022-07-12,Punjab,Bathinda,1.0,PM10,117.0,Moderate,"number_of_monitoring_stations in Absolute Number, aqi_value in Indices",,0.0
2022-07-12,Punjab,Jalandhar,1.0,PM10,55.0,Satisfactory,"number_of_monitoring_stations in Absolute Number, aqi_value in Indices",,0.0
2022-07-12,Punjab,Ludhiana,1.0,PM10,112.0,Moderate,"number_of_monitoring_stations in Absolute Number, aqi_value in Indices",,0.0
2022-07-12,Punjab,Patiala,1.0,PM10,32.0,Good,"number_of_monitoring_stations in Absolute Number, aqi_value in Indices",,0.0
2022-07-12,Punjab,Rupnagar,1.0,PM10,49.0,Good,"number_of_monitoring_stations in Absolute Number, aqi_value in Indices",,0.0
2022-07-13,Punjab,Amritsar,1.0,NO2,77.0,Satisfactory,"number_of_monitoring_stations in Absolute Number, aqi_value in Indices",,0.0
2022-07-13,Punjab,Bathinda,1.0,PM10,78.0,Satisfactory,"number_of_monitoring_stations in Absolute Number, aqi_value in Indices",,0.0
2022-07-13,Punjab,Jalandhar,1.0,PM10,83.0,Satisfactory,"number_of_monitoring_stations in Absolute Number, aqi_value in Indices",,0.0
2022-07-13,Punjab,Ludhiana,1.0,PM2.5,71.0,Satisfactory,"number_of_monitoring_stations in Absolute Number, aqi_value in Indices",,0.0
2022-07-13,Punjab,Patiala,1.0,PM10,53.0,Satisfactory,"number_of_monitoring_stations in Absolute Number, aqi_value in Indices",,0.0
2022-07-13,Punjab,Rupnagar,1.0,PM10,34.0,Good,"number_of_monitoring_stations in Absolute Number, aqi_value in Indices",,0.0
2022-07-14,Punjab,Amritsar,1.0,NO2,67.0,Satisfactory,"number_of_monitoring_stations in Absolute Number, aqi_value in Indices",,0.0
2022-07-14,Punjab,Bathinda,1.0,PM10,117.0,Moderate,"number_of_monitoring_stations in Absolute Number, aqi_value in Indices",,0.0
2022-07-14,Punjab,Jalandhar,1.0,PM10,55.0,Satisfactory,"number_of_monitoring_stations in Absolute Number, aqi_value in Indices",,0.0
2022-07-14,Punjab,Ludhiana,1.0,PM10,112.0,Moderate,"number_of_monitoring_stations in Absolute Number, aqi_value in Indices",,0.0
2022-07-14,Punjab,Patiala,1.0,PM10,32.0,Good,"number_of_monitoring_stations in Absolute Number, aqi_value in Indices",,0.0
2022-07-14,Punjab,Rupnagar,1.0,PM10,49.0,Good,"number_of_monitoring_stations in Absolute Number, aqi_value in Indices",,0.0
2022-07-15,Punjab,Amritsar,1.0,NO2,65.0,Satisfactory,"number_of_monitoring_stations in Absolute Number, aqi_value in Indices",,0.0
2022-07-15,Punjab,Bathinda,1.0,PM10,34.0,Good,"number_of_monitoring_stations in Absolute Number, aqi_value in Indices",,0.0
2022-07-15,Punjab,Jalandhar,1.0,PM10,30.0,Good,"number_of_monitoring_stations in Absolute Number, aqi_value in Indices",,0.0
2022-07-15,Punjab,Ludhiana,1.0,PM10,44.0,Good,"number_of_monitoring_stations in Absolute Number, aqi_value in Indices",,0.0
2022-07-15,Punjab,Patiala,1.0,PM10,32.0,Good,"number_of_monitoring_stations in Absolute Number, aqi_value in Indices",,0.0
2022-07-15,Punjab,Rupnagar,1.0,PM10,34.0,Good,"number_of_monitoring_stations in Absolute Number, aqi_value in Indices",,0.0
2022-07-16,Punjab,Amritsar,1.0,NO2,65.0,Satisfactory,"number_of_monitoring_stations in Absolute Number, aqi_value in Indices",,0.0
2022-07-16,Punjab,Bathinda,1.0,PM10,54.0,Satisfactory,"number_of_monitoring_stations in Absolute Number, aqi_value in Indices",,0.0
2022-07-16,Punjab,Jalandhar,1.0,PM10,64.0,Satisfactory,"number_of_monitoring_stations in Absolute Number, aqi_value in Indices",,0.0
2022-07-16,Punjab,Ludhiana,1.0,PM10,68.0,Satisfactory,"number_of_monitoring_stations in Absolute Number, aqi_value in Indices",,0.0
2022-07-16,Punjab,Patiala,1.0,PM2.5,44.0,Good,"number_of_monitoring_stations in Absolute Number, aqi_value in Indices",,0.0
2022-07-16,Punjab,Rupnagar,1.0,PM10,52.0,Satisfactory,"number_of_monitoring_stations in Absolute Number, aqi_value in Indices",,0.0
2022-07-17,Punjab,Amritsar,1.0,NO2,59.0,Satisfactory,"number_of_monitoring_stations in Absolute Number, aqi_value in Indices",,0.0
2022-07-17,Punjab,Bathinda,1.0,PM10,47.0,Good,"number_of_monitoring_stations in Absolute Number, aqi_value in Indices",,0.0
2022-07-17,Punjab,Jalandhar,1.0,PM10,37.0,Good,"number_of_monitoring_stations in Absolute Number, aqi_value in Indices",,0.0
2022-07-17,Punjab,Ludhiana,1.0,PM10,50.0,Good,"number_of_monitoring_stations in Absolute Number, aqi_value in Indices",,0.0
2022-07-17,Punjab,Rupnagar,1.0,CO,25.0,Good,"number_of_monitoring_stations in Absolute Number, aqi_value in Indices",,0.0
2022-07-18,Punjab,Amritsar,1.0,NO2,65.0,Satisfactory,"number_of_monitoring_stations in Absolute Number, aqi_value in Indices",,0.0
2022-07-18,Punjab,Bathinda,1.0,PM10,50.0,Good,"number_of_monitoring_stations in Absolute Number, aqi_value in Indices",,0.0
2022-07-18,Punjab,Jalandhar,1.0,PM10,59.0,Satisfactory,"number_of_monitoring_stations in Absolute Number, aqi_value in Indices",,0.0
2022-07-18,Punjab,Ludhiana,1.0,O3,48.0,Good,"number_of_monitoring_stations in Absolute Number, aqi_value in Indices",,0.0
2022-07-18,Punjab,Patiala,1.0,PM2.5,42.0,Good,"number_of_monitoring_stations in Absolute Number, aqi_value in Indices",,0.0
2022-07-18,Punjab,Rupnagar,1.0,PM10,65.0,Satisfactory,"number_of_monitoring_stations in Absolute Number, aqi_value in Indices",,0.0
2022-07-19,Punjab,Amritsar,1.0,PM10,92.0,Satisfactory,"number_of_monitoring_stations in Absolute Number, aqi_value in Indices",,0.0
2022-07-19,Punjab,Jalandhar,1.0,PM10,85.0,Satisfactory,"number_of_monitoring_stations in Absolute Number, aqi_value in Indices",,0.0
2022-07-19,Punjab,Ludhiana,1.0,O3,82.0,Satisfactory,"number_of_monitoring_stations in Absolute Number, aqi_value in Indices",,0.0
2022-07-19,Punjab,Patiala,1.0,PM2.5,61.0,Satisfactory,"number_of_monitoring_stations in Absolute Number, aqi_value in Indices",,0.0
2022-07-20,Punjab,Amritsar,1.0,PM10,92.0,Satisfactory,"number_of_monitoring_stations in Absolute Number, aqi_value in Indices",,0.0
2022-07-20,Punjab,Jalandhar,1.0,PM10,69.0,Satisfactory,"number_of_monitoring_stations in Absolute Number, aqi_value in Indices",,0.0
2022-07-20,Punjab,Ludhiana,1.0,PM10,93.0,Satisfactory,"number_of_monitoring_stations in Absolute Number, aqi_value in Indices",,0.0
2022-07-20,Punjab,Patiala,1.0,PM2.5,53.0,Satisfactory,"number_of_monitoring_stations in Absolute Number, aqi_value in Indices",,0.0
2022-07-20,Punjab,Rupnagar,1.0,PM10,32.0,Good,"number_of_monitoring_stations in Absolute Number, aqi_value in Indices",,0.0
2022-07-21,Punjab,Amritsar,1.0,NO2,68.0,Satisfactory,"number_of_monitoring_stations in Absolute Number, aqi_value in Indices",,0.0
2022-07-21,Punjab,Bathinda,1.0,PM10,62.0,Satisfactory,"number_of_monitoring_stations in Absolute Number, aqi_value in Indices",,0.0
2022-07-21,Punjab,Ludhiana,1.0,PM10,103.0,Moderate,"number_of_monitoring_stations in Absolute Number, aqi_value in Indices",,0.0
2022-07-21,Punjab,Patiala,1.0,PM2.5,38.0,Good,"number_of_monitoring_stations in Absolute Number, aqi_value in Indices",,0.0
2022-07-21,Punjab,Rupnagar,1.0,CO,31.0,Good,"number_of_monitoring_stations in Absolute Number, aqi_value in Indices",,0.0
2022-07-22,Punjab,Amritsar,1.0,NO2,79.0,Satisfactory,"number_of_monitoring_stations in Absolute Number, aqi_value in Indices",,0.0
2022-07-22,Punjab,Bathinda,1.0,PM10,59.0,Satisfactory,"number_of_monitoring_stations in Absolute Number, aqi_value in Indices",,0.0
2022-07-22,Punjab,Jalandhar,1.0,PM10,75.0,Satisfactory,"number_of_monitoring_stations in Absolute Number, aqi_value in Indices",,0.0
2022-07-22,Punjab,Ludhiana,1.0,PM10,100.0,Satisfactory,"number_of_monitoring_stations in Absolute Number, aqi_value in Indices",,0.0
2022-07-22,Punjab,Patiala,1.0,PM10,50.0,Good,"number_of_monitoring_stations in Absolute Number, aqi_value in Indices",,0.0
2022-07-22,Punjab,Rupnagar,1.0,PM10,32.0,Good,"number_of_monitoring_stations in Absolute Number, aqi_value in Indices",,0.0
2022-07-23,Punjab,Amritsar,1.0,PM10,101.0,Moderate,"number_of_monitoring_stations in Absolute Number, aqi_value in Indices",,0.0
2022-07-23,Punjab,Bathinda,1.0,PM10,66.0,Satisfactory,"number_of_monitoring_stations in Absolute Number, aqi_value in Indices",,0.0
2022-07-23,Punjab,Jalandhar,1.0,PM10,68.0,Satisfactory,"number_of_monitoring_stations in Absolute Number, aqi_value in Indices",,0.0
2022-07-23,Punjab,Ludhiana,1.0,PM10,100.0,Satisfactory,"number_of_monitoring_stations in Absolute Number, aqi_value in Indices",,0.0
2022-07-23,Punjab,Patiala,1.0,O3,58.0,Satisfactory,"number_of_monitoring_stations in Absolute Number, aqi_value in Indices",,0.0
2022-07-23,Punjab,Rupnagar,1.0,PM10,49.0,Good,"number_of_monitoring_stations in Absolute Number, aqi_value in Indices",,0.0
2022-07-24,Punjab,Amritsar,1.0,NO2,59.0,Satisfactory,"number_of_monitoring_stations in Absolute Number, aqi_value in Indices",,0.0
2022-07-24,Punjab,Bathinda,1.0,PM10,60.0,Satisfactory,"number_of_monitoring_stations in Absolute Number, aqi_value in Indices",,0.0
2022-07-24,Punjab,Jalandhar,1.0,O3,46.0,Good,"number_of_monitoring_stations in Absolute Number, aqi_value in Indices",,0.0
2022-07-24,Punjab,Ludhiana,1.0,PM2.5,44.0,Good,"number_of_monitoring_stations in Absolute Number, aqi_value in Indices",,0.0
2022-07-24,Punjab,Patiala,1.0,O3,45.0,Good,"number_of_monitoring_stations in Absolute Number, aqi_value in Indices",,0.0
2022-07-24,Punjab,Rupnagar,1.0,PM10,75.0,Satisfactory,"number_of_monitoring_stations in Absolute Number, aqi_value in Indices",,0.0
2022-07-25,Punjab,Amritsar,1.0,NO2,56.0,Satisfactory,"number_of_monitoring_stations in Absolute Number, aqi_value in Indices",,0.0
2022-07-25,Punjab,Bathinda,1.0,PM10,106.0,Moderate,"number_of_monitoring_stations in Absolute Number, aqi_value in Indices",,0.0
2022-07-25,Punjab,Jalandhar,1.0,O3,37.0,Good,"number_of_monitoring_stations in Absolute Number, aqi_value in Indices",,0.0
2022-07-25,Punjab,Ludhiana,1.0,PM10,72.0,Satisfactory,"number_of_monitoring_stations in Absolute Number, aqi_value in Indices",,0.0
2022-07-25,Punjab,Patiala,1.0,PM2.5,39.0,Good,"number_of_monitoring_stations in Absolute Number, aqi_value in Indices",,0.0
2022-07-25,Punjab,Rupnagar,1.0,PM10,151.0,Moderate,"number_of_monitoring_stations in Absolute Number, aqi_value in Indices",,0.0
2022-07-26,Punjab,Amritsar,1.0,PM10,76.0,Satisfactory,"number_of_monitoring_stations in Absolute Number, aqi_value in Indices",,0.0
2022-07-26,Punjab,Bathinda,1.0,PM10,67.0,Satisfactory,"number_of_monitoring_stations in Absolute Number, aqi_value in Indices",,0.0
2022-07-26,Punjab,Jalandhar,1.0,PM10,47.0,Good,"number_of_monitoring_stations in Absolute Number, aqi_value in Indices",,0.0
2022-07-26,Punjab,Ludhiana,1.0,PM10,104.0,Moderate,"number_of_monitoring_stations in Absolute Number, aqi_value in Indices",,0.0
2022-07-26,Punjab,Patiala,1.0,PM2.5,36.0,Good,"number_of_monitoring_stations in Absolute Number, aqi_value in Indices",,0.0
2022-07-26,Punjab,Rupnagar,1.0,PM10,85.0,Satisfactory,"number_of_monitoring_stations in Absolute Number, aqi_value in Indices",,0.0
2022-07-27,Punjab,Amritsar,1.0,PM10,71.0,Satisfactory,"number_of_monitoring_stations in Absolute Number, aqi_value in Indices",,0.0
2022-07-27,Punjab,Bathinda,1.0,PM10,50.0,Good,"number_of_monitoring_stations in Absolute Number, aqi_value in Indices",,0.0
2022-07-27,Punjab,Jalandhar,1.0,PM10,53.0,Satisfactory,"number_of_monitoring_stations in Absolute Number, aqi_value in Indices",,0.0
2022-07-27,Punjab,Ludhiana,1.0,PM10,103.0,Moderate,"number_of_monitoring_stations in Absolute Number, aqi_value in Indices",,0.0
2022-07-27,Punjab,Patiala,1.0,PM2.5,48.0,Good,"number_of_monitoring_stations in Absolute Number, aqi_value in Indices",,0.0
2022-07-27,Punjab,Rupnagar,1.0,PM10,125.0,Moderate,"number_of_monitoring_stations in Absolute Number, aqi_value in Indices",,0.0
2022-07-28,Punjab,Amritsar,1.0,PM10,91.0,Satisfactory,"number_of_monitoring_stations in Absolute Number, aqi_value in Indices",,0.0
2022-07-28,Punjab,Bathinda,1.0,PM10,63.0,Satisfactory,"number_of_monitoring_stations in Absolute Number, aqi_value in Indices",,0.0
2022-07-28,Punjab,Jalandhar,1.0,PM10,62.0,Satisfactory,"number_of_monitoring_stations in Absolute Number, aqi_value in Indices",,0.0
2022-07-28,Punjab,Ludhiana,1.0,PM10,100.0,Satisfactory,"number_of_monitoring_stations in Absolute Number, aqi_value in Indices",,0.0
2022-07-28,Punjab,Patiala,1.0,PM10,55.0,Satisfactory,"number_of_monitoring_stations in Absolute Number, aqi_value in Indices",,0.0
2022-07-28,Punjab,Rupnagar,1.0,PM10,63.0,Satisfactory,"number_of_monitoring_stations in Absolute Number, aqi_value in Indices",,0.0
2022-07-29,Punjab,Amritsar,1.0,PM10,92.0,Satisfactory,"number_of_monitoring_stations in Absolute Number, aqi_value in Indices",,0.0
2022-07-29,Punjab,Bathinda,1.0,NO2,26.0,Good,"number_of_monitoring_stations in Absolute Number, aqi_value in Indices",,0.0
2022-07-29,Punjab,Jalandhar,1.0,PM10,51.0,Satisfactory,"number_of_monitoring_stations in Absolute Number, aqi_value in Indices",,0.0
2022-07-29,Punjab,Ludhiana,1.0,PM10,54.0,Satisfactory,"number_of_monitoring_stations in Absolute Number, aqi_value in Indices",,0.0
2022-07-29,Punjab,Patiala,1.0,PM10,37.0,Good,"number_of_monitoring_stations in Absolute Number, aqi_value in Indices",,0.0
2022-07-30,Punjab,Amritsar,1.0,PM10,74.0,Satisfactory,"number_of_monitoring_stations in Absolute Number, aqi_value in Indices",,0.0
2022-07-30,Punjab,Bathinda,1.0,NO2,30.0,Good,"number_of_monitoring_stations in Absolute Number, aqi_value in Indices",,0.0
2022-07-30,Punjab,Jalandhar,1.0,O3,47.0,Good,"number_of_monitoring_stations in Absolute Number, aqi_value in Indices",,0.0
2022-07-30,Punjab,Ludhiana,1.0,PM10,61.0,Satisfactory,"number_of_monitoring_stations in Absolute Number, aqi_value in Indices",,0.0
2022-07-30,Punjab,Patiala,1.0,PM10,41.0,Good,"number_of_monitoring_stations in Absolute Number, aqi_value in Indices",,0.0
2022-07-31,Punjab,Amritsar,1.0,PM10,90.0,Satisfactory,"number_of_monitoring_stations in Absolute Number, aqi_value in Indices",,0.0
2022-07-31,Punjab,Bathinda,1.0,NO2,31.0,Good,"number_of_monitoring_stations in Absolute Number, aqi_value in Indices",,0.0
2022-07-31,Punjab,Jalandhar,1.0,PM10,32.0,Good,"number_of_monitoring_stations in Absolute Number, aqi_value in Indices",,0.0
2022-07-31,Punjab,Ludhiana,1.0,PM10,56.0,Satisfactory,"number_of_monitoring_stations in Absolute Number, aqi_value in Indices",,0.0
2022-07-31,Punjab,Rupnagar,1.0,PM2.5,44.0,Good,"number_of_monitoring_stations in Absolute Number, aqi_value in Indices",,0.0
2022-08-01,Punjab,Amritsar,1.0,PM10,69.0,Satisfactory,"number_of_monitoring_stations in Absolute Number, aqi_value in Indices",,0.0
2022-08-01,Punjab,Bathinda,1.0,NO2,37.0,Good,"number_of_monitoring_stations in Absolute Number, aqi_value in Indices",,0.0
2022-08-01,Punjab,Jalandhar,1.0,O3,36.0,Good,"number_of_monitoring_stations in Absolute Number, aqi_value in Indices",,0.0
2022-08-01,Punjab,Ludhiana,1.0,PM10,49.0,Good,"number_of_monitoring_stations in Absolute Number, aqi_value in Indices",,0.0
2022-08-01,Punjab,Patiala,1.0,PM10,43.0,Good,"number_of_monitoring_stations in Absolute Number, aqi_value in Indices",,0.0
2022-08-01,Punjab,Rupnagar,1.0,PM10,53.0,Satisfactory,"number_of_monitoring_stations in Absolute Number, aqi_value in Indices",,0.0
2022-08-02,Punjab,Bathinda,1.0,NO2,32.0,Good,"number_of_monitoring_stations in Absolute Number, aqi_value in Indices",,0.0
2022-08-02,Punjab,Jalandhar,1.0,PM10,59.0,Satisfactory,"number_of_monitoring_stations in Absolute Number, aqi_value in Indices",,0.0
2022-08-02,Punjab,Ludhiana,1.0,O3,33.0,Good,"number_of_monitoring_stations in Absolute Number, aqi_value in Indices",,0.0
2022-08-02,Punjab,Patiala,1.0,PM10,64.0,Satisfactory,"number_of_monitoring_stations in Absolute Number, aqi_value in Indices",,0.0
2022-08-02,Punjab,Rupnagar,1.0,PM2.5,62.0,Satisfactory,"number_of_monitoring_stations in Absolute Number, aqi_value in Indices",,0.0
2022-08-03,Punjab,Jalandhar,1.0,PM10,61.0,Satisfactory,"number_of_monitoring_stations in Absolute Number, aqi_value in Indices",,0.0
2022-08-03,Punjab,Ludhiana,1.0,PM10,120.0,Moderate,"number_of_monitoring_stations in Absolute Number, aqi_value in Indices",,0.0
2022-08-03,Punjab,Patiala,1.0,PM10,75.0,Satisfactory,"number_of_monitoring_stations in Absolute Number, aqi_value in Indices",,0.0
2022-08-03,Punjab,Rupnagar,1.0,PM10,102.0,Moderate,"number_of_monitoring_stations in Absolute Number, aqi_value in Indices",,0.0
2022-08-04,Punjab,Amritsar,1.0,PM10,70.0,Satisfactory,"number_of_monitoring_stations in Absolute Number, aqi_value in Indices",,0.0
2022-08-04,Punjab,Bathinda,1.0,PM10,76.0,Satisfactory,"number_of_monitoring_stations in Absolute Number, aqi_value in Indices",,0.0
2022-08-04,Punjab,Jalandhar,1.0,PM10,61.0,Satisfactory,"number_of_monitoring_stations in Absolute Number, aqi_value in Indices",,0.0
2022-08-04,Punjab,Ludhiana,1.0,PM10,97.0,Satisfactory,"number_of_monitoring_stations in Absolute Number, aqi_value in Indices",,0.0
2022-08-04,Punjab,Patiala,1.0,PM10,57.0,Satisfactory,"number_of_monitoring_stations in Absolute Number, aqi_value in Indices",,0.0
2022-08-05,Punjab,Amritsar,1.0,PM10,96.0,Satisfactory,"number_of_monitoring_stations in Absolute Number, aqi_value in Indices",,0.0
2022-08-05,Punjab,Bathinda,1.0,PM10,64.0,Satisfactory,"number_of_monitoring_stations in Absolute Number, aqi_value in Indices",,0.0
2022-08-05,Punjab,Jalandhar,1.0,PM10,56.0,Satisfactory,"number_of_monitoring_stations in Absolute Number, aqi_value in Indices",,0.0
2022-08-05,Punjab,Ludhiana,1.0,PM10,107.0,Moderate,"number_of_monitoring_stations in Absolute Number, aqi_value in Indices",,0.0
2022-08-05,Punjab,Patiala,1.0,PM10,48.0,Good,"number_of_monitoring_stations in Absolute Number, aqi_value in Indices",,0.0
2022-08-05,Punjab,Rupnagar,1.0,PM10,71.0,Satisfactory,"number_of_monitoring_stations in Absolute Number, aqi_value in Indices",,0.0
2022-08-06,Punjab,Amritsar,1.0,PM10,102.0,Moderate,"number_of_monitoring_stations in Absolute Number, aqi_value in Indices",,0.0
2022-08-06,Punjab,Bathinda,1.0,PM10,46.0,Good,"number_of_monitoring_stations in Absolute Number, aqi_value in Indices",,0.0
2022-08-06,Punjab,Jalandhar,1.0,PM2.5,57.0,Satisfactory,"number_of_monitoring_stations in Absolute Number, aqi_value in Indices",,0.0
2022-08-06,Punjab,Ludhiana,1.0,PM2.5,72.0,Satisfactory,"number_of_monitoring_stations in Absolute Number, aqi_value in Indices",,0.0
2022-08-06,Punjab,Patiala,1.0,PM10,49.0,Good,"number_of_monitoring_stations in Absolute Number, aqi_value in Indices",,0.0
2022-08-06,Punjab,Rupnagar,1.0,PM2.5,70.0,Satisfactory,"number_of_monitoring_stations in Absolute Number, aqi_value in Indices",,0.0
2022-08-07,Punjab,Amritsar,1.0,PM10,86.0,Satisfactory,"number_of_monitoring_stations in Absolute Number, aqi_value in Indices",,0.0
2022-08-07,Punjab,Bathinda,1.0,PM10,97.0,Satisfactory,"number_of_monitoring_stations in Absolute Number, aqi_value in Indices",,0.0
2022-08-07,Punjab,Jalandhar,1.0,PM2.5,73.0,Satisfactory,"number_of_monitoring_stations in Absolute Number, aqi_value in Indices",,0.0
2022-08-07,Punjab,Patiala,1.0,PM2.5,63.0,Satisfactory,"number_of_monitoring_stations in Absolute Number, aqi_value in Indices",,0.0
2022-08-07,Punjab,Rupnagar,1.0,PM2.5,97.0,Satisfactory,"number_of_monitoring_stations in Absolute Number, aqi_value in Indices",,0.0
2022-08-08,Punjab,Amritsar,1.0,PM10,97.0,Satisfactory,"number_of_monitoring_stations in Absolute Number, aqi_value in Indices",,0.0
2022-08-08,Punjab,Bathinda,1.0,PM10,82.0,Satisfactory,"number_of_monitoring_stations in Absolute Number, aqi_value in Indices",,0.0
2022-08-08,Punjab,Jalandhar,1.0,PM10,64.0,Satisfactory,"number_of_monitoring_stations in Absolute Number, aqi_value in Indices",,0.0
2022-08-08,Punjab,Ludhiana,1.0,PM10,105.0,Moderate,"number_of_monitoring_stations in Absolute Number, aqi_value in Indices",,0.0
2022-08-08,Punjab,Patiala,1.0,PM2.5,47.0,Good,"number_of_monitoring_stations in Absolute Number, aqi_value in Indices",,0.0
2022-08-08,Punjab,Rupnagar,1.0,PM2.5,64.0,Satisfactory,"number_of_monitoring_stations in Absolute Number, aqi_value in Indices",,0.0
2022-08-09,Punjab,Amritsar,1.0,PM10,98.0,Satisfactory,"number_of_monitoring_stations in Absolute Number, aqi_value in Indices",,0.0
2022-08-09,Punjab,Bathinda,1.0,PM10,68.0,Satisfactory,"number_of_monitoring_stations in Absolute Number, aqi_value in Indices",,0.0
2022-08-09,Punjab,Jalandhar,1.0,PM10,100.0,Satisfactory,"number_of_monitoring_stations in Absolute Number, aqi_value in Indices",,0.0
2022-08-09,Punjab,Ludhiana,1.0,PM10,112.0,Moderate,"number_of_monitoring_stations in Absolute Number, aqi_value in Indices",,0.0
2022-08-09,Punjab,Patiala,1.0,PM10,57.0,Satisfactory,"number_of_monitoring_stations in Absolute Number, aqi_value in Indices",,0.0
2022-08-09,Punjab,Rupnagar,1.0,PM10,77.0,Satisfactory,"number_of_monitoring_stations in Absolute Number, aqi_value in Indices",,0.0
2022-08-10,Punjab,Amritsar,1.0,PM10,65.0,Satisfactory,"number_of_monitoring_stations in Absolute Number, aqi_value in Indices",,0.0
2022-08-10,Punjab,Bathinda,1.0,PM10,76.0,Satisfactory,"number_of_monitoring_stations in Absolute Number, aqi_value in Indices",,0.0
2022-08-10,Punjab,Jalandhar,1.0,PM10,73.0,Satisfactory,"number_of_monitoring_stations in Absolute Number, aqi_value in Indices",,0.0
2022-08-10,Punjab,Ludhiana,1.0,PM10,65.0,Satisfactory,"number_of_monitoring_stations in Absolute Number, aqi_value in Indices",,0.0
2022-08-10,Punjab,Patiala,1.0,PM10,68.0,Satisfactory,"number_of_monitoring_stations in Absolute Number, aqi_value in Indices",,0.0
2022-08-11,Punjab,Bathinda,1.0,PM10,92.0,Satisfactory,"number_of_monitoring_stations in Absolute Number, aqi_value in Indices",,0.0
2022-08-11,Punjab,Jalandhar,1.0,PM10,51.0,Satisfactory,"number_of_monitoring_stations in Absolute Number, aqi_value in Indices",,0.0
2022-08-11,Punjab,Ludhiana,1.0,PM10,73.0,Satisfactory,"number_of_monitoring_stations in Absolute Number, aqi_value in Indices",,0.0
2022-08-11,Punjab,Patiala,1.0,PM10,52.0,Satisfactory,"number_of_monitoring_stations in Absolute Number, aqi_value in Indices",,0.0
2022-08-11,Punjab,Rupnagar,1.0,PM2.5,55.0,Satisfactory,"number_of_monitoring_stations in Absolute Number, aqi_value in Indices",,0.0
2022-08-12,Punjab,Bathinda,1.0,PM10,65.0,Satisfactory,"number_of_monitoring_stations in Absolute Number, aqi_value in Indices",,0.0
2022-08-12,Punjab,Jalandhar,1.0,O3,36.0,Good,"number_of_monitoring_stations in Absolute Number, aqi_value in Indices",,0.0
2022-08-12,Punjab,Ludhiana,1.0,PM10,53.0,Satisfactory,"number_of_monitoring_stations in Absolute Number, aqi_value in Indices",,0.0
2022-08-12,Punjab,Patiala,1.0,PM10,38.0,Good,"number_of_monitoring_stations in Absolute Number, aqi_value in Indices",,0.0
2022-08-13,Punjab,Bathinda,1.0,PM10,115.0,Moderate,"number_of_monitoring_stations in Absolute Number, aqi_value in Indices",,0.0
2022-08-13,Punjab,Jalandhar,1.0,PM10,48.0,Good,"number_of_monitoring_stations in Absolute Number, aqi_value in Indices",,0.0
2022-08-13,Punjab,Ludhiana,1.0,PM10,84.0,Satisfactory,"number_of_monitoring_stations in Absolute Number, aqi_value in Indices",,0.0
2022-08-13,Punjab,Patiala,1.0,PM2.5,49.0,Good,"number_of_monitoring_stations in Absolute Number, aqi_value in Indices",,0.0
2022-08-13,Punjab,Rupnagar,1.0,PM10,86.0,Satisfactory,"number_of_monitoring_stations in Absolute Number, aqi_value in Indices",,0.0
2022-08-14,Punjab,Bathinda,1.0,PM10,53.0,Satisfactory,"number_of_monitoring_stations in Absolute Number, aqi_value in Indices",,0.0
2022-08-14,Punjab,Jalandhar,1.0,PM10,53.0,Satisfactory,"number_of_monitoring_stations in Absolute Number, aqi_value in Indices",,0.0
2022-08-14,Punjab,Ludhiana,1.0,PM10,93.0,Satisfactory,"number_of_monitoring_stations in Absolute Number, aqi_value in Indices",,0.0
2022-08-14,Punjab,Patiala,1.0,PM10,53.0,Satisfactory,"number_of_monitoring_stations in Absolute Number, aqi_value in Indices",,0.0
2022-08-14,Punjab,Rupnagar,1.0,PM2.5,95.0,Satisfactory,"number_of_monitoring_stations in Absolute Number, aqi_value in Indices",,0.0
2022-08-15,Punjab,Amritsar,1.0,O3,79.0,Satisfactory,"number_of_monitoring_stations in Absolute Number, aqi_value in Indices",,0.0
2022-08-15,Punjab,Bathinda,1.0,CO,46.0,Good,"number_of_monitoring_stations in Absolute Number, aqi_value in Indices",,0.0
2022-08-15,Punjab,Ludhiana,1.0,PM10,45.0,Good,"number_of_monitoring_stations in Absolute Number, aqi_value in Indices",,0.0
2022-08-15,Punjab,Patiala,1.0,PM2.5,32.0,Good,"number_of_monitoring_stations in Absolute Number, aqi_value in Indices",,0.0
2022-08-15,Punjab,Rupnagar,1.0,PM10,74.0,Satisfactory,"number_of_monitoring_stations in Absolute Number, aqi_value in Indices",,0.0
2022-08-16,Punjab,Amritsar,1.0,O3,106.0,Moderate,"number_of_monitoring_stations in Absolute Number, aqi_value in Indices",,0.0
2022-08-16,Punjab,Bathinda,1.0,PM10,54.0,Satisfactory,"number_of_monitoring_stations in Absolute Number, aqi_value in Indices",,0.0
2022-08-16,Punjab,Jalandhar,1.0,O3,36.0,Good,"number_of_monitoring_stations in Absolute Number, aqi_value in Indices",,0.0
2022-08-16,Punjab,Ludhiana,1.0,PM10,40.0,Good,"number_of_monitoring_stations in Absolute Number, aqi_value in Indices",,0.0
2022-08-16,Punjab,Patiala,1.0,PM2.5,39.0,Good,"number_of_monitoring_stations in Absolute Number, aqi_value in Indices",,0.0
2022-08-16,Punjab,Rupnagar,1.0,PM10,99.0,Satisfactory,"number_of_monitoring_stations in Absolute Number, aqi_value in Indices",,0.0
2022-08-17,Punjab,Amritsar,1.0,O3,67.0,Satisfactory,"number_of_monitoring_stations in Absolute Number, aqi_value in Indices",,0.0
2022-08-17,Punjab,Bathinda,1.0,PM10,118.0,Moderate,"number_of_monitoring_stations in Absolute Number, aqi_value in Indices",,0.0
2022-08-17,Punjab,Jalandhar,1.0,PM10,41.0,Good,"number_of_monitoring_stations in Absolute Number, aqi_value in Indices",,0.0
2022-08-17,Punjab,Ludhiana,1.0,PM10,66.0,Satisfactory,"number_of_monitoring_stations in Absolute Number, aqi_value in Indices",,0.0
2022-08-17,Punjab,Patiala,1.0,PM10,37.0,Good,"number_of_monitoring_stations in Absolute Number, aqi_value in Indices",,0.0
2022-08-17,Punjab,Rupnagar,1.0,PM10,71.0,Satisfactory,"number_of_monitoring_stations in Absolute Number, aqi_value in Indices",,0.0
2022-08-18,Punjab,Amritsar,1.0,O3,85.0,Satisfactory,"number_of_monitoring_stations in Absolute Number, aqi_value in Indices",,0.0
2022-08-18,Punjab,Jalandhar,1.0,PM10,52.0,Satisfactory,"number_of_monitoring_stations in Absolute Number, aqi_value in Indices",,0.0
2022-08-18,Punjab,Ludhiana,1.0,PM10,65.0,Satisfactory,"number_of_monitoring_stations in Absolute Number, aqi_value in Indices",,0.0
2022-08-18,Punjab,Patiala,1.0,PM2.5,46.0,Good,"number_of_monitoring_stations in Absolute Number, aqi_value in Indices",,0.0
2022-08-18,Punjab,Rupnagar,1.0,PM10,77.0,Satisfactory,"number_of_monitoring_stations in Absolute Number, aqi_value in Indices",,0.0
2022-08-19,Punjab,Amritsar,1.0,O3,109.0,Moderate,"number_of_monitoring_stations in Absolute Number, aqi_value in Indices",,0.0
2022-08-19,Punjab,Bathinda,1.0,CO,48.0,Good,"number_of_monitoring_stations in Absolute Number, aqi_value in Indices",,0.0
2022-08-19,Punjab,Jalandhar,1.0,PM10,42.0,Good,"number_of_monitoring_stations in Absolute Number, aqi_value in Indices",,0.0
2022-08-19,Punjab,Ludhiana,1.0,PM10,40.0,Good,"number_of_monitoring_stations in Absolute Number, aqi_value in Indices",,0.0
2022-08-19,Punjab,Patiala,1.0,PM2.5,45.0,Good,"number_of_monitoring_stations in Absolute Number, aqi_value in Indices",,0.0
2022-08-19,Punjab,Rupnagar,1.0,PM10,60.0,Satisfactory,"number_of_monitoring_stations in Absolute Number, aqi_value in Indices",,0.0
2022-08-20,Punjab,Amritsar,1.0,O3,106.0,Moderate,"number_of_monitoring_stations in Absolute Number, aqi_value in Indices",,0.0
2022-08-20,Punjab,Bathinda,1.0,CO,50.0,Good,"number_of_monitoring_stations in Absolute Number, aqi_value in Indices",,0.0
2022-08-20,Punjab,Jalandhar,1.0,PM10,54.0,Satisfactory,"number_of_monitoring_stations in Absolute Number, aqi_value in Indices",,0.0
2022-08-20,Punjab,Ludhiana,1.0,PM10,53.0,Satisfactory,"number_of_monitoring_stations in Absolute Number, aqi_value in Indices",,0.0
2022-08-20,Punjab,Rupnagar,1.0,PM10,44.0,Good,"number_of_monitoring_stations in Absolute Number, aqi_value in Indices",,0.0
2022-08-21,Punjab,Amritsar,1.0,O3,97.0,Satisfactory,"number_of_monitoring_stations in Absolute Number, aqi_value in Indices",,0.0
2022-08-21,Punjab,Bathinda,1.0,PM10,53.0,Satisfactory,"number_of_monitoring_stations in Absolute Number, aqi_value in Indices",,0.0
2022-08-21,Punjab,Jalandhar,1.0,PM10,77.0,Satisfactory,"number_of_monitoring_stations in Absolute Number, aqi_value in Indices",,0.0
2022-08-21,Punjab,Ludhiana,1.0,PM2.5,77.0,Satisfactory,"number_of_monitoring_stations in Absolute Number, aqi_value in Indices",,0.0
2022-08-21,Punjab,Patiala,1.0,PM10,72.0,Satisfactory,"number_of_monitoring_stations in Absolute Number, aqi_value in Indices",,0.0
2022-08-21,Punjab,Rupnagar,1.0,PM10,100.0,Satisfactory,"number_of_monitoring_stations in Absolute Number, aqi_value in Indices",,0.0
2022-08-22,Punjab,Amritsar,1.0,O3,72.0,Satisfactory,"number_of_monitoring_stations in Absolute Number, aqi_value in Indices",,0.0
2022-08-22,Punjab,Bathinda,1.0,PM10,51.0,Satisfactory,"number_of_monitoring_stations in Absolute Number, aqi_value in Indices",,0.0
2022-08-22,Punjab,Jalandhar,1.0,PM10,66.0,Satisfactory,"number_of_monitoring_stations in Absolute Number, aqi_value in Indices",,0.0
2022-08-22,Punjab,Ludhiana,1.0,PM10,104.0,Moderate,"number_of_monitoring_stations in Absolute Number, aqi_value in Indices",,0.0
2022-08-22,Punjab,Patiala,1.0,PM10,92.0,Satisfactory,"number_of_monitoring_stations in Absolute Number, aqi_value in Indices",,0.0
2022-08-22,Punjab,Rupnagar,1.0,PM10,91.0,Satisfactory,"number_of_monitoring_stations in Absolute Number, aqi_value in Indices",,0.0
2022-08-23,Punjab,Amritsar,1.0,O3,90.0,Satisfactory,"number_of_monitoring_stations in Absolute Number, aqi_value in Indices",,0.0
2022-08-23,Punjab,Jalandhar,1.0,PM10,64.0,Satisfactory,"number_of_monitoring_stations in Absolute Number, aqi_value in Indices",,0.0
2022-08-23,Punjab,Ludhiana,1.0,PM10,112.0,Moderate,"number_of_monitoring_stations in Absolute Number, aqi_value in Indices",,0.0
2022-08-23,Punjab,Patiala,1.0,PM10,62.0,Satisfactory,"number_of_monitoring_stations in Absolute Number, aqi_value in Indices",,0.0
2022-08-23,Punjab,Rupnagar,1.0,PM10,84.0,Satisfactory,"number_of_monitoring_stations in Absolute Number, aqi_value in Indices",,0.0
2022-08-24,Punjab,Amritsar,1.0,O3,72.0,Satisfactory,"number_of_monitoring_stations in Absolute Number, aqi_value in Indices",,0.0
2022-08-24,Punjab,Jalandhar,1.0,PM10,39.0,Good,"number_of_monitoring_stations in Absolute Number, aqi_value in Indices",,0.0
2022-08-24,Punjab,Ludhiana,1.0,PM10,88.0,Satisfactory,"number_of_monitoring_stations in Absolute Number, aqi_value in Indices",,0.0
2022-08-24,Punjab,Patiala,1.0,PM10,37.0,Good,"number_of_monitoring_stations in Absolute Number, aqi_value in Indices",,0.0
2022-08-24,Punjab,Rupnagar,1.0,PM10,76.0,Satisfactory,"number_of_monitoring_stations in Absolute Number, aqi_value in Indices",,0.0
2022-08-25,Punjab,Amritsar,1.0,O3,73.0,Satisfactory,"number_of_monitoring_stations in Absolute Number, aqi_value in Indices",,0.0
2022-08-25,Punjab,Bathinda,1.0,PM10,61.0,Satisfactory,"number_of_monitoring_stations in Absolute Number, aqi_value in Indices",,0.0
2022-08-25,Punjab,Jalandhar,1.0,PM10,47.0,Good,"number_of_monitoring_stations in Absolute Number, aqi_value in Indices",,0.0
2022-08-25,Punjab,Ludhiana,1.0,PM10,82.0,Satisfactory,"number_of_monitoring_stations in Absolute Number, aqi_value in Indices",,0.0
2022-08-25,Punjab,Patiala,1.0,PM10,33.0,Good,"number_of_monitoring_stations in Absolute Number, aqi_value in Indices",,0.0
2022-08-25,Punjab,Rupnagar,1.0,PM10,104.0,Moderate,"number_of_monitoring_stations in Absolute Number, aqi_value in Indices",,0.0
2022-08-26,Punjab,Amritsar,1.0,O3,99.0,Satisfactory,"number_of_monitoring_stations in Absolute Number, aqi_value in Indices",,0.0
2022-08-26,Punjab,Bathinda,1.0,PM10,59.0,Satisfactory,"number_of_monitoring_stations in Absolute Number, aqi_value in Indices",,0.0
2022-08-26,Punjab,Jalandhar,1.0,PM10,69.0,Satisfactory,"number_of_monitoring_stations in Absolute Number, aqi_value in Indices",,0.0
2022-08-26,Punjab,Ludhiana,1.0,PM10,79.0,Satisfactory,"number_of_monitoring_stations in Absolute Number, aqi_value in Indices",,0.0
2022-08-26,Punjab,Patiala,1.0,PM10,58.0,Satisfactory,"number_of_monitoring_stations in Absolute Number, aqi_value in Indices",,0.0
2022-08-26,Punjab,Rupnagar,1.0,PM10,63.0,Satisfactory,"number_of_monitoring_stations in Absolute Number, aqi_value in Indices",,0.0
2022-08-27,Punjab,Bathinda,1.0,PM10,58.0,Satisfactory,"number_of_monitoring_stations in Absolute Number, aqi_value in Indices",,0.0
2022-08-27,Punjab,Jalandhar,1.0,PM10,74.0,Satisfactory,"number_of_monitoring_stations in Absolute Number, aqi_value in Indices",,0.0
2022-08-27,Punjab,Ludhiana,1.0,PM10,61.0,Satisfactory,"number_of_monitoring_stations in Absolute Number, aqi_value in Indices",,0.0
2022-08-27,Punjab,Patiala,1.0,PM10,45.0,Good,"number_of_monitoring_stations in Absolute Number, aqi_value in Indices",,0.0
2022-08-27,Punjab,Rupnagar,1.0,PM2.5,68.0,Satisfactory,"number_of_monitoring_stations in Absolute Number, aqi_value in Indices",,0.0
2022-08-28,Punjab,Bathinda,1.0,PM10,73.0,Satisfactory,"number_of_monitoring_stations in Absolute Number, aqi_value in Indices",,0.0
2022-08-28,Punjab,Jalandhar,1.0,PM10,102.0,Moderate,"number_of_monitoring_stations in Absolute Number, aqi_value in Indices",,0.0
2022-08-28,Punjab,Ludhiana,1.0,PM10,86.0,Satisfactory,"number_of_monitoring_stations in Absolute Number, aqi_value in Indices",,0.0
2022-08-28,Punjab,Patiala,1.0,PM10,69.0,Satisfactory,"number_of_monitoring_stations in Absolute Number, aqi_value in Indices",,0.0
2022-08-28,Punjab,Rupnagar,1.0,PM2.5,67.0,Satisfactory,"number_of_monitoring_stations in Absolute Number, aqi_value in Indices",,0.0
2022-08-29,Punjab,Amritsar,1.0,O3,151.0,Moderate,"number_of_monitoring_stations in Absolute Number, aqi_value in Indices",,0.0
2022-08-29,Punjab,Bathinda,1.0,PM10,97.0,Satisfactory,"number_of_monitoring_stations in Absolute Number, aqi_value in Indices",,0.0
2022-08-29,Punjab,Jalandhar,1.0,PM10,88.0,Satisfactory,"number_of_monitoring_stations in Absolute Number, aqi_value in Indices",,0.0
2022-08-29,Punjab,Ludhiana,1.0,PM10,101.0,Moderate,"number_of_monitoring_stations in Absolute Number, aqi_value in Indices",,0.0
2022-08-29,Punjab,Patiala,1.0,PM10,87.0,Satisfactory,"number_of_monitoring_stations in Absolute Number, aqi_value in Indices",,0.0
2022-08-29,Punjab,Rupnagar,1.0,PM10,62.0,Satisfactory,"number_of_monitoring_stations in Absolute Number, aqi_value in Indices",,0.0
2022-08-30,Punjab,Amritsar,1.0,O3,101.0,Moderate,"number_of_monitoring_stations in Absolute Number, aqi_value in Indices",,0.0
2022-08-30,Punjab,Bathinda,1.0,PM10,61.0,Satisfactory,"number_of_monitoring_stations in Absolute Number, aqi_value in Indices",,0.0
2022-08-30,Punjab,Jalandhar,1.0,PM10,51.0,Satisfactory,"number_of_monitoring_stations in Absolute Number, aqi_value in Indices",,0.0
2022-08-30,Punjab,Ludhiana,1.0,PM10,131.0,Moderate,"number_of_monitoring_stations in Absolute Number, aqi_value in Indices",,0.0
2022-08-30,Punjab,Patiala,1.0,PM10,88.0,Satisfactory,"number_of_monitoring_stations in Absolute Number, aqi_value in Indices",,0.0
2022-08-30,Punjab,Rupnagar,1.0,PM10,90.0,Satisfactory,"number_of_monitoring_stations in Absolute Number, aqi_value in Indices",,0.0
2022-08-31,Punjab,Amritsar,1.0,PM2.5,75.0,Satisfactory,"number_of_monitoring_stations in Absolute Number, aqi_value in Indices",,0.0
2022-08-31,Punjab,Jalandhar,1.0,PM10,63.0,Satisfactory,"number_of_monitoring_stations in Absolute Number, aqi_value in Indices",,0.0
2022-08-31,Punjab,Ludhiana,1.0,PM10,107.0,Moderate,"number_of_monitoring_stations in Absolute Number, aqi_value in Indices",,0.0
2022-08-31,Punjab,Patiala,1.0,PM10,74.0,Satisfactory,"number_of_monitoring_stations in Absolute Number, aqi_value in Indices",,0.0
2022-08-31,Punjab,Rupnagar,1.0,PM10,115.0,Moderate,"number_of_monitoring_stations in Absolute Number, aqi_value in Indices",,0.0
2022-09-01,Punjab,Amritsar,1.0,PM2.5,71.0,Satisfactory,"number_of_monitoring_stations in Absolute Number, aqi_value in Indices",,0.0
2022-09-01,Punjab,Bathinda,1.0,PM10,77.0,Satisfactory,"number_of_monitoring_stations in Absolute Number, aqi_value in Indices",,0.0
2022-09-01,Punjab,Jalandhar,1.0,PM10,63.0,Satisfactory,"number_of_monitoring_stations in Absolute Number, aqi_value in Indices",,0.0
2022-09-01,Punjab,Ludhiana,1.0,PM10,97.0,Satisfactory,"number_of_monitoring_stations in Absolute Number, aqi_value in Indices",,0.0
2022-09-01,Punjab,Patiala,1.0,PM10,65.0,Satisfactory,"number_of_monitoring_stations in Absolute Number, aqi_value in Indices",,0.0
2022-09-01,Punjab,Rupnagar,1.0,PM2.5,108.0,Moderate,"number_of_monitoring_stations in Absolute Number, aqi_value in Indices",,0.0
2022-09-02,Punjab,Amritsar,1.0,O3,76.0,Satisfactory,"number_of_monitoring_stations in Absolute Number, aqi_value in Indices",,0.0
2022-09-02,Punjab,Bathinda,1.0,PM10,84.0,Satisfactory,"number_of_monitoring_stations in Absolute Number, aqi_value in Indices",,0.0
2022-09-02,Punjab,Jalandhar,1.0,O3,63.0,Satisfactory,"number_of_monitoring_stations in Absolute Number, aqi_value in Indices",,0.0
2022-09-02,Punjab,Ludhiana,1.0,PM10,73.0,Satisfactory,"number_of_monitoring_stations in Absolute Number, aqi_value in Indices",,0.0
2022-09-02,Punjab,Patiala,1.0,PM10,62.0,Satisfactory,"number_of_monitoring_stations in Absolute Number, aqi_value in Indices",,0.0
2022-09-02,Punjab,Rupnagar,1.0,PM2.5,83.0,Satisfactory,"number_of_monitoring_stations in Absolute Number, aqi_value in Indices",,0.0
2022-09-03,Punjab,Amritsar,1.0,O3,84.0,Satisfactory,"number_of_monitoring_stations in Absolute Number, aqi_value in Indices",,0.0
2022-09-03,Punjab,Bathinda,1.0,CO,66.0,Satisfactory,"number_of_monitoring_stations in Absolute Number, aqi_value in Indices",,0.0
2022-09-03,Punjab,Jalandhar,1.0,NO2,43.0,Good,"number_of_monitoring_stations in Absolute Number, aqi_value in Indices",,0.0
2022-09-03,Punjab,Ludhiana,1.0,PM10,85.0,Satisfactory,"number_of_monitoring_stations in Absolute Number, aqi_value in Indices",,0.0
2022-09-03,Punjab,Patiala,1.0,PM10,66.0,Satisfactory,"number_of_monitoring_stations in Absolute Number, aqi_value in Indices",,0.0
2022-09-03,Punjab,Rupnagar,1.0,PM10,91.0,Satisfactory,"number_of_monitoring_stations in Absolute Number, aqi_value in Indices",,0.0
2022-09-04,Punjab,Bathinda,1.0,PM10,64.0,Satisfactory,"number_of_monitoring_stations in Absolute Number, aqi_value in Indices",,0.0
2022-09-04,Punjab,Jalandhar,1.0,NO2,47.0,Good,"number_of_monitoring_stations in Absolute Number, aqi_value in Indices",,0.0
2022-09-04,Punjab,Ludhiana,1.0,PM10,97.0,Satisfactory,"number_of_monitoring_stations in Absolute Number, aqi_value in Indices",,0.0
2022-09-04,Punjab,Patiala,1.0,PM10,80.0,Satisfactory,"number_of_monitoring_stations in Absolute Number, aqi_value in Indices",,0.0
2022-09-05,Punjab,Amritsar,1.0,O3,92.0,Satisfactory,"number_of_monitoring_stations in Absolute Number, aqi_value in Indices",,0.0
2022-09-05,Punjab,Bathinda,1.0,PM10,87.0,Satisfactory,"number_of_monitoring_stations in Absolute Number, aqi_value in Indices",,0.0
2022-09-05,Punjab,Jalandhar,1.0,NO2,53.0,Satisfactory,"number_of_monitoring_stations in Absolute Number, aqi_value in Indices",,0.0
2022-09-05,Punjab,Ludhiana,1.0,PM10,82.0,Satisfactory,"number_of_monitoring_stations in Absolute Number, aqi_value in Indices",,0.0
2022-09-05,Punjab,Patiala,1.0,PM10,78.0,Satisfactory,"number_of_monitoring_stations in Absolute Number, aqi_value in Indices",,0.0
2022-09-06,Punjab,Amritsar,1.0,NO2,72.0,Satisfactory,"number_of_monitoring_stations in Absolute Number, aqi_value in Indices",,0.0
2022-09-06,Punjab,Bathinda,1.0,PM10,51.0,Satisfactory,"number_of_monitoring_stations in Absolute Number, aqi_value in Indices",,0.0
2022-09-06,Punjab,Jalandhar,1.0,NO2,59.0,Satisfactory,"number_of_monitoring_stations in Absolute Number, aqi_value in Indices",,0.0
2022-09-06,Punjab,Ludhiana,1.0,PM10,50.0,Good,"number_of_monitoring_stations in Absolute Number, aqi_value in Indices",,0.0
2022-09-06,Punjab,Patiala,1.0,PM10,88.0,Satisfactory,"number_of_monitoring_stations in Absolute Number, aqi_value in Indices",,0.0
2022-09-06,Punjab,Rupnagar,1.0,PM10,90.0,Satisfactory,"number_of_monitoring_stations in Absolute Number, aqi_value in Indices",,0.0
2022-09-07,Punjab,Amritsar,1.0,PM10,73.0,Satisfactory,"number_of_monitoring_stations in Absolute Number, aqi_value in Indices",,0.0
2022-09-07,Punjab,Bathinda,1.0,CO,49.0,Good,"number_of_monitoring_stations in Absolute Number, aqi_value in Indices",,0.0
2022-09-07,Punjab,Jalandhar,1.0,PM10,76.0,Satisfactory,"number_of_monitoring_stations in Absolute Number, aqi_value in Indices",,0.0
2022-09-07,Punjab,Ludhiana,1.0,PM10,71.0,Satisfactory,"number_of_monitoring_stations in Absolute Number, aqi_value in Indices",,0.0
2022-09-07,Punjab,Patiala,1.0,PM10,64.0,Satisfactory,"number_of_monitoring_stations in Absolute Number, aqi_value in Indices",,0.0
2022-09-07,Punjab,Rupnagar,1.0,PM10,73.0,Satisfactory,"number_of_monitoring_stations in Absolute Number, aqi_value in Indices",,0.0
2022-09-08,Punjab,Amritsar,1.0,PM10,105.0,Moderate,"number_of_monitoring_stations in Absolute Number, aqi_value in Indices",,0.0
2022-09-08,Punjab,Bathinda,1.0,PM10,99.0,Satisfactory,"number_of_monitoring_stations in Absolute Number, aqi_value in Indices",,0.0
2022-09-08,Punjab,Jalandhar,1.0,PM10,81.0,Satisfactory,"number_of_monitoring_stations in Absolute Number, aqi_value in Indices",,0.0
2022-09-08,Punjab,Ludhiana,1.0,PM10,128.0,Moderate,"number_of_monitoring_stations in Absolute Number, aqi_value in Indices",,0.0
2022-09-08,Punjab,Patiala,1.0,PM10,82.0,Satisfactory,"number_of_monitoring_stations in Absolute Number, aqi_value in Indices",,0.0
2022-09-08,Punjab,Rupnagar,1.0,PM10,88.0,Satisfactory,"number_of_monitoring_stations in Absolute Number, aqi_value in Indices",,0.0
2022-09-09,Punjab,Amritsar,1.0,PM10,92.0,Satisfactory,"number_of_monitoring_stations in Absolute Number, aqi_value in Indices",,0.0
2022-09-09,Punjab,Bathinda,1.0,PM10,131.0,Moderate,"number_of_monitoring_stations in Absolute Number, aqi_value in Indices",,0.0
2022-09-09,Punjab,Jalandhar,1.0,PM10,74.0,Satisfactory,"number_of_monitoring_stations in Absolute Number, aqi_value in Indices",,0.0
2022-09-09,Punjab,Ludhiana,1.0,PM10,108.0,Moderate,"number_of_monitoring_stations in Absolute Number, aqi_value in Indices",,0.0
2022-09-09,Punjab,Patiala,1.0,PM10,92.0,Satisfactory,"number_of_monitoring_stations in Absolute Number, aqi_value in Indices",,0.0
2022-09-09,Punjab,Rupnagar,1.0,PM10,127.0,Moderate,"number_of_monitoring_stations in Absolute Number, aqi_value in Indices",,0.0
2022-09-10,Punjab,Amritsar,1.0,PM10,94.0,Satisfactory,"number_of_monitoring_stations in Absolute Number, aqi_value in Indices",,0.0
2022-09-10,Punjab,Bathinda,1.0,PM10,126.0,Moderate,"number_of_monitoring_stations in Absolute Number, aqi_value in Indices",,0.0
2022-09-10,Punjab,Jalandhar,1.0,PM10,77.0,Satisfactory,"number_of_monitoring_stations in Absolute Number, aqi_value in Indices",,0.0
2022-09-10,Punjab,Ludhiana,1.0,PM10,111.0,Moderate,"number_of_monitoring_stations in Absolute Number, aqi_value in Indices",,0.0
2022-09-10,Punjab,Patiala,1.0,PM10,88.0,Satisfactory,"number_of_monitoring_stations in Absolute Number, aqi_value in Indices",,0.0
2022-09-10,Punjab,Rupnagar,1.0,PM10,101.0,Moderate,"number_of_monitoring_stations in Absolute Number, aqi_value in Indices",,0.0
2022-09-11,Punjab,Amritsar,1.0,PM10,90.0,Satisfactory,"number_of_monitoring_stations in Absolute Number, aqi_value in Indices",,0.0
2022-09-11,Punjab,Bathinda,1.0,PM10,116.0,Moderate,"number_of_monitoring_stations in Absolute Number, aqi_value in Indices",,0.0
2022-09-11,Punjab,Jalandhar,1.0,PM10,90.0,Satisfactory,"number_of_monitoring_stations in Absolute Number, aqi_value in Indices",,0.0
2022-09-11,Punjab,Ludhiana,1.0,PM10,115.0,Moderate,"number_of_monitoring_stations in Absolute Number, aqi_value in Indices",,0.0
2022-09-11,Punjab,Patiala,1.0,PM10,45.0,Good,"number_of_monitoring_stations in Absolute Number, aqi_value in Indices",,0.0
2022-09-12,Punjab,Amritsar,1.0,PM10,66.0,Satisfactory,"number_of_monitoring_stations in Absolute Number, aqi_value in Indices",,0.0
2022-09-12,Punjab,Bathinda,1.0,PM10,88.0,Satisfactory,"number_of_monitoring_stations in Absolute Number, aqi_value in Indices",,0.0
2022-09-12,Punjab,Jalandhar,1.0,PM10,71.0,Satisfactory,"number_of_monitoring_stations in Absolute Number, aqi_value in Indices",,0.0
2022-09-12,Punjab,Ludhiana,1.0,PM10,92.0,Satisfactory,"number_of_monitoring_stations in Absolute Number, aqi_value in Indices",,0.0
2022-09-12,Punjab,Rupnagar,1.0,PM10,97.0,Satisfactory,"number_of_monitoring_stations in Absolute Number, aqi_value in Indices",,0.0
2022-09-13,Punjab,Amritsar,1.0,PM10,69.0,Satisfactory,"number_of_monitoring_stations in Absolute Number, aqi_value in Indices",,0.0
2022-09-13,Punjab,Bathinda,1.0,PM10,98.0,Satisfactory,"number_of_monitoring_stations in Absolute Number, aqi_value in Indices",,0.0
2022-09-13,Punjab,Jalandhar,1.0,PM10,86.0,Satisfactory,"number_of_monitoring_stations in Absolute Number, aqi_value in Indices",,0.0
2022-09-13,Punjab,Ludhiana,1.0,PM10,90.0,Satisfactory,"number_of_monitoring_stations in Absolute Number, aqi_value in Indices",,0.0
2022-09-13,Punjab,Patiala,1.0,PM10,50.0,Good,"number_of_monitoring_stations in Absolute Number, aqi_value in Indices",,0.0
2022-09-13,Punjab,Rupnagar,1.0,PM10,81.0,Satisfactory,"number_of_monitoring_stations in Absolute Number, aqi_value in Indices",,0.0
2022-09-14,Punjab,Amritsar,1.0,PM10,72.0,Satisfactory,"number_of_monitoring_stations in Absolute Number, aqi_value in Indices",,0.0
2022-09-14,Punjab,Bathinda,1.0,PM10,88.0,Satisfactory,"number_of_monitoring_stations in Absolute Number, aqi_value in Indices",,0.0
2022-09-14,Punjab,Jalandhar,1.0,PM10,95.0,Satisfactory,"number_of_monitoring_stations in Absolute Number, aqi_value in Indices",,0.0
2022-09-14,Punjab,Ludhiana,1.0,PM10,96.0,Satisfactory,"number_of_monitoring_stations in Absolute Number, aqi_value in Indices",,0.0
2022-09-14,Punjab,Patiala,1.0,PM10,38.0,Good,"number_of_monitoring_stations in Absolute Number, aqi_value in Indices",,0.0
2022-09-14,Punjab,Rupnagar,1.0,PM10,77.0,Satisfactory,"number_of_monitoring_stations in Absolute Number, aqi_value in Indices",,0.0
2022-09-15,Punjab,Amritsar,1.0,PM10,73.0,Satisfactory,"number_of_monitoring_stations in Absolute Number, aqi_value in Indices",,11.0
2022-09-15,Punjab,Bathinda,1.0,CO,53.0,Satisfactory,"number_of_monitoring_stations in Absolute Number, aqi_value in Indices",,0.0
2022-09-15,Punjab,Jalandhar,1.0,PM10,55.0,Satisfactory,"number_of_monitoring_stations in Absolute Number, aqi_value in Indices",,0.0
2022-09-15,Punjab,Ludhiana,1.0,PM10,101.0,Moderate,"number_of_monitoring_stations in Absolute Number, aqi_value in Indices",,0.0
2022-09-15,Punjab,Patiala,1.0,PM10,52.0,Satisfactory,"number_of_monitoring_stations in Absolute Number, aqi_value in Indices",,0.0
2022-09-15,Punjab,Rupnagar,1.0,PM10,69.0,Satisfactory,"number_of_monitoring_stations in Absolute Number, aqi_value in Indices",,0.0
2022-09-16,Punjab,Bathinda,1.0,PM10,57.0,Satisfactory,"number_of_monitoring_stations in Absolute Number, aqi_value in Indices",,0.0
2022-09-16,Punjab,Jalandhar,1.0,PM10,64.0,Satisfactory,"number_of_monitoring_stations in Absolute Number, aqi_value in Indices",,0.0
2022-09-16,Punjab,Ludhiana,1.0,PM10,47.0,Good,"number_of_monitoring_stations in Absolute Number, aqi_value in Indices",,0.0
2022-09-16,Punjab,Patiala,1.0,O3,30.0,Good,"number_of_monitoring_stations in Absolute Number, aqi_value in Indices",,0.0
2022-09-16,Punjab,Rupnagar,1.0,PM10,55.0,Satisfactory,"number_of_monitoring_stations in Absolute Number, aqi_value in Indices",,0.0
2022-09-17,Punjab,Amritsar,1.0,PM10,69.0,Satisfactory,"number_of_monitoring_stations in Absolute Number, aqi_value in Indices",,0.0
2022-09-17,Punjab,Bathinda,1.0,PM10,63.0,Satisfactory,"number_of_monitoring_stations in Absolute Number, aqi_value in Indices",,0.0
2022-09-17,Punjab,Jalandhar,1.0,PM10,53.0,Satisfactory,"number_of_monitoring_stations in Absolute Number, aqi_value in Indices",,0.0
2022-09-17,Punjab,Ludhiana,1.0,PM10,79.0,Satisfactory,"number_of_monitoring_stations in Absolute Number, aqi_value in Indices",,0.0
2022-09-17,Punjab,Patiala,1.0,O3,52.0,Satisfactory,"number_of_monitoring_stations in Absolute Number, aqi_value in Indices",,0.0
2022-09-17,Punjab,Rupnagar,1.0,PM10,79.0,Satisfactory,"number_of_monitoring_stations in Absolute Number, aqi_value in Indices",,0.0
2022-09-18,Punjab,Bathinda,1.0,PM10,68.0,Satisfactory,"number_of_monitoring_stations in Absolute Number, aqi_value in Indices",,0.0
2022-09-18,Punjab,Jalandhar,1.0,PM10,94.0,Satisfactory,"number_of_monitoring_stations in Absolute Number, aqi_value in Indices",,0.0
2022-09-18,Punjab,Ludhiana,1.0,PM10,92.0,Satisfactory,"number_of_monitoring_stations in Absolute Number, aqi_value in Indices",,0.0
2022-09-18,Punjab,Patiala,1.0,PM10,60.0,Satisfactory,"number_of_monitoring_stations in Absolute Number, aqi_value in Indices",,0.0
2022-09-18,Punjab,Rupnagar,1.0,PM10,93.0,Satisfactory,"number_of_monitoring_stations in Absolute Number, aqi_value in Indices",,0.0
2022-09-19,Punjab,Amritsar,1.0,PM10,86.0,Satisfactory,"number_of_monitoring_stations in Absolute Number, aqi_value in Indices",,15.0
2022-09-19,Punjab,Bathinda,1.0,PM10,97.0,Satisfactory,"number_of_monitoring_stations in Absolute Number, aqi_value in Indices",,0.0
2022-09-19,Punjab,Jalandhar,1.0,PM10,95.0,Satisfactory,"number_of_monitoring_stations in Absolute Number, aqi_value in Indices",,0.0
2022-09-19,Punjab,Ludhiana,1.0,PM10,89.0,Satisfactory,"number_of_monitoring_stations in Absolute Number, aqi_value in Indices",,0.0
2022-09-19,Punjab,Patiala,1.0,PM10,84.0,Satisfactory,"number_of_monitoring_stations in Absolute Number, aqi_value in Indices",,0.0
2022-09-19,Punjab,Rupnagar,1.0,PM10,102.0,Moderate,"number_of_monitoring_stations in Absolute Number, aqi_value in Indices",,0.0
2022-09-20,Punjab,Amritsar,1.0,PM10,102.0,Moderate,"number_of_monitoring_stations in Absolute Number, aqi_value in Indices",,10.0
2022-09-20,Punjab,Bathinda,1.0,PM10,110.0,Moderate,"number_of_monitoring_stations in Absolute Number, aqi_value in Indices",,0.0
2022-09-20,Punjab,Jalandhar,1.0,O3,69.0,Satisfactory,"number_of_monitoring_stations in Absolute Number, aqi_value in Indices",,0.0
2022-09-20,Punjab,Ludhiana,1.0,PM10,106.0,Moderate,"number_of_monitoring_stations in Absolute Number, aqi_value in Indices",,0.0
2022-09-20,Punjab,Patiala,1.0,PM10,83.0,Satisfactory,"number_of_monitoring_stations in Absolute Number, aqi_value in Indices",,0.0
2022-09-20,Punjab,Rupnagar,1.0,PM10,129.0,Moderate,"number_of_monitoring_stations in Absolute Number, aqi_value in Indices",,0.0
2022-09-21,Punjab,Amritsar,1.0,PM10,55.0,Satisfactory,"number_of_monitoring_stations in Absolute Number, aqi_value in Indices",,49.0
2022-09-21,Punjab,Bathinda,1.0,PM10,80.0,Satisfactory,"number_of_monitoring_stations in Absolute Number, aqi_value in Indices",,0.0
2022-09-21,Punjab,Jalandhar,1.0,O3,58.0,Satisfactory,"number_of_monitoring_stations in Absolute Number, aqi_value in Indices",,0.0
2022-09-21,Punjab,Ludhiana,1.0,PM2.5,105.0,Moderate,"number_of_monitoring_stations in Absolute Number, aqi_value in Indices",,0.0
2022-09-21,Punjab,Patiala,1.0,O3,53.0,Satisfactory,"number_of_monitoring_stations in Absolute Number, aqi_value in Indices",,1.0
2022-09-21,Punjab,Rupnagar,1.0,PM10,117.0,Moderate,"number_of_monitoring_stations in Absolute Number, aqi_value in Indices",,0.0
2022-09-22,Punjab,Amritsar,1.0,PM10,90.0,Satisfactory,"number_of_monitoring_stations in Absolute Number, aqi_value in Indices",,29.0
2022-09-22,Punjab,Bathinda,1.0,PM10,57.0,Satisfactory,"number_of_monitoring_stations in Absolute Number, aqi_value in Indices",,0.0
2022-09-22,Punjab,Jalandhar,1.0,PM10,45.0,Good,"number_of_monitoring_stations in Absolute Number, aqi_value in Indices",,0.0
2022-09-22,Punjab,Ludhiana,1.0,PM10,53.0,Satisfactory,"number_of_monitoring_stations in Absolute Number, aqi_value in Indices",,0.0
2022-09-22,Punjab,Patiala,1.0,O3,56.0,Satisfactory,"number_of_monitoring_stations in Absolute Number, aqi_value in Indices",,0.0
2022-09-22,Punjab,Rupnagar,1.0,PM10,59.0,Satisfactory,"number_of_monitoring_stations in Absolute Number, aqi_value in Indices",,0.0
2022-09-23,Punjab,Amritsar,1.0,PM10,74.0,Satisfactory,"number_of_monitoring_stations in Absolute Number, aqi_value in Indices",,2.0
2022-09-23,Punjab,Bathinda,1.0,PM10,78.0,Satisfactory,"number_of_monitoring_stations in Absolute Number, aqi_value in Indices",,0.0
2022-09-23,Punjab,Jalandhar,1.0,PM10,51.0,Satisfactory,"number_of_monitoring_stations in Absolute Number, aqi_value in Indices",,0.0
2022-09-23,Punjab,Ludhiana,1.0,PM10,56.0,Satisfactory,"number_of_monitoring_stations in Absolute Number, aqi_value in Indices",,0.0
2022-09-23,Punjab,Patiala,1.0,O3,53.0,Satisfactory,"number_of_monitoring_stations in Absolute Number, aqi_value in Indices",,0.0
2022-09-23,Punjab,Rupnagar,1.0,PM10,72.0,Satisfactory,"number_of_monitoring_stations in Absolute Number, aqi_value in Indices",,0.0
2022-09-24,Punjab,Bathinda,1.0,NO2,53.0,Satisfactory,"number_of_monitoring_stations in Absolute Number, aqi_value in Indices",,0.0
2022-09-24,Punjab,Jalandhar,1.0,PM10,55.0,Satisfactory,"number_of_monitoring_stations in Absolute Number, aqi_value in Indices",,0.0
2022-09-24,Punjab,Ludhiana,1.0,PM10,41.0,Good,"number_of_monitoring_stations in Absolute Number, aqi_value in Indices",,0.0
2022-09-24,Punjab,Patiala,1.0,O3,53.0,Satisfactory,"number_of_monitoring_stations in Absolute Number, aqi_value in Indices",,0.0
2022-09-24,Punjab,Rupnagar,1.0,PM10,86.0,Satisfactory,"number_of_monitoring_stations in Absolute Number, aqi_value in Indices",,0.0
2022-09-25,Punjab,Amritsar,1.0,CO,52.0,Satisfactory,"number_of_monitoring_stations in Absolute Number, aqi_value in Indices",,0.0
2022-09-25,Punjab,Bathinda,1.0,NO2,45.0,Good,"number_of_monitoring_stations in Absolute Number, aqi_value in Indices",,0.0
2022-09-25,Punjab,Jalandhar,1.0,NO2,31.0,Good,"number_of_monitoring_stations in Absolute Number, aqi_value in Indices",,0.0
2022-09-25,Punjab,Ludhiana,1.0,CO,19.0,Good,"number_of_monitoring_stations in Absolute Number, aqi_value in Indices",,0.0
2022-09-25,Punjab,Patiala,1.0,O3,53.0,Satisfactory,"number_of_monitoring_stations in Absolute Number, aqi_value in Indices",,0.0
2022-09-25,Punjab,Rupnagar,1.0,CO,49.0,Good,"number_of_monitoring_stations in Absolute Number, aqi_value in Indices",,0.0
2022-09-26,Punjab,Amritsar,1.0,CO,61.0,Satisfactory,"number_of_monitoring_stations in Absolute Number, aqi_value in Indices",,0.0
2022-09-26,Punjab,Bathinda,1.0,CO,41.0,Good,"number_of_monitoring_stations in Absolute Number, aqi_value in Indices",,0.0
2022-09-26,Punjab,Jalandhar,1.0,PM10,38.0,Good,"number_of_monitoring_stations in Absolute Number, aqi_value in Indices",,0.0
2022-09-26,Punjab,Ludhiana,1.0,PM2.5,59.0,Satisfactory,"number_of_monitoring_stations in Absolute Number, aqi_value in Indices",,0.0
2022-09-26,Punjab,Patiala,1.0,O3,52.0,Satisfactory,"number_of_monitoring_stations in Absolute Number, aqi_value in Indices",,0.0
2022-09-26,Punjab,Rupnagar,1.0,CO,43.0,Good,"number_of_monitoring_stations in Absolute Number, aqi_value in Indices",,0.0
2022-09-27,Punjab,Amritsar,1.0,O3,64.0,Satisfactory,"number_of_monitoring_stations in Absolute Number, aqi_value in Indices",,0.0
2022-09-27,Punjab,Bathinda,1.0,PM10,43.0,Good,"number_of_monitoring_stations in Absolute Number, aqi_value in Indices",,0.0
2022-09-27,Punjab,Jalandhar,1.0,PM2.5,51.0,Satisfactory,"number_of_monitoring_stations in Absolute Number, aqi_value in Indices",,0.0
2022-09-27,Punjab,Ludhiana,1.0,PM10,46.0,Good,"number_of_monitoring_stations in Absolute Number, aqi_value in Indices",,0.0
2022-09-27,Punjab,Patiala,1.0,O3,46.0,Good,"number_of_monitoring_stations in Absolute Number, aqi_value in Indices",,0.0
2022-09-27,Punjab,Rupnagar,1.0,CO,58.0,Satisfactory,"number_of_monitoring_stations in Absolute Number, aqi_value in Indices",,0.0
2022-09-28,Punjab,Amritsar,1.0,O3,49.0,Good,"number_of_monitoring_stations in Absolute Number, aqi_value in Indices",,0.0
2022-09-28,Punjab,Bathinda,1.0,PM10,111.0,Moderate,"number_of_monitoring_stations in Absolute Number, aqi_value in Indices",,0.0
2022-09-28,Punjab,Jalandhar,1.0,O3,58.0,Satisfactory,"number_of_monitoring_stations in Absolute Number, aqi_value in Indices",,0.0
2022-09-28,Punjab,Ludhiana,1.0,PM10,62.0,Satisfactory,"number_of_monitoring_stations in Absolute Number, aqi_value in Indices",,0.0
2022-09-28,Punjab,Patiala,1.0,PM10,51.0,Satisfactory,"number_of_monitoring_stations in Absolute Number, aqi_value in Indices",,0.0
2022-09-28,Punjab,Rupnagar,1.0,PM10,80.0,Satisfactory,"number_of_monitoring_stations in Absolute Number, aqi_value in Indices",,0.0
2022-09-29,Punjab,Amritsar,1.0,O3,56.0,Satisfactory,"number_of_monitoring_stations in Absolute Number, aqi_value in Indices",,0.0
2022-09-29,Punjab,Bathinda,1.0,PM10,140.0,Moderate,"number_of_monitoring_stations in Absolute Number, aqi_value in Indices",,0.0
2022-09-29,Punjab,Jalandhar,1.0,PM2.5,66.0,Satisfactory,"number_of_monitoring_stations in Absolute Number, aqi_value in Indices",,0.0
2022-09-29,Punjab,Ludhiana,1.0,PM10,116.0,Moderate,"number_of_monitoring_stations in Absolute Number, aqi_value in Indices",,0.0
2022-09-29,Punjab,Patiala,1.0,PM10,68.0,Satisfactory,"number_of_monitoring_stations in Absolute Number, aqi_value in Indices",,0.0
2022-09-29,Punjab,Rupnagar,1.0,PM2.5,89.0,Satisfactory,"number_of_monitoring_stations in Absolute Number, aqi_value in Indices",,0.0
2022-09-30,Punjab,Amritsar,1.0,PM10,51.0,Satisfactory,"number_of_monitoring_stations in Absolute Number, aqi_value in Indices",,6.0
2022-09-30,Punjab,Bathinda,1.0,PM10,97.0,Satisfactory,"number_of_monitoring_stations in Absolute Number, aqi_value in Indices",,0.0
2022-09-30,Punjab,Jalandhar,1.0,PM10,61.0,Satisfactory,"number_of_monitoring_stations in Absolute Number, aqi_value in Indices",,1.0
2022-09-30,Punjab,Ludhiana,1.0,PM10,125.0,Moderate,"number_of_monitoring_stations in Absolute Number, aqi_value in Indices",,0.0
2022-09-30,Punjab,Patiala,1.0,PM10,96.0,Satisfactory,"number_of_monitoring_stations in Absolute Number, aqi_value in Indices",,0.0
2022-09-30,Punjab,Rupnagar,1.0,PM2.5,108.0,Moderate,"number_of_monitoring_stations in Absolute Number, aqi_value in Indices",,0.0
2022-10-01,Punjab,Amritsar,1.0,CO,58.0,Satisfactory,"number_of_monitoring_stations in Absolute Number, aqi_value in Indices",,39.0
2022-10-01,Punjab,Bathinda,1.0,PM10,156.0,Moderate,"number_of_monitoring_stations in Absolute Number, aqi_value in Indices",,0.0
2022-10-01,Punjab,Jalandhar,1.0,PM10,92.0,Satisfactory,"number_of_monitoring_stations in Absolute Number, aqi_value in Indices",,0.0
2022-10-01,Punjab,Ludhiana,1.0,PM10,122.0,Moderate,"number_of_monitoring_stations in Absolute Number, aqi_value in Indices",,0.0
2022-10-01,Punjab,Patiala,1.0,PM10,106.0,Moderate,"number_of_monitoring_stations in Absolute Number, aqi_value in Indices",,0.0
2022-10-01,Punjab,Rupnagar,1.0,PM2.5,168.0,Moderate,"number_of_monitoring_stations in Absolute Number, aqi_value in Indices",,0.0
2022-10-02,Punjab,Bathinda,1.0,PM10,141.0,Moderate,"number_of_monitoring_stations in Absolute Number, aqi_value in Indices",,0.0
2022-10-02,Punjab,Jalandhar,1.0,PM10,105.0,Moderate,"number_of_monitoring_stations in Absolute Number, aqi_value in Indices",,1.0
2022-10-02,Punjab,Ludhiana,1.0,PM10,125.0,Moderate,"number_of_monitoring_stations in Absolute Number, aqi_value in Indices",,0.0
2022-10-02,Punjab,Patiala,1.0,PM10,102.0,Moderate,"number_of_monitoring_stations in Absolute Number, aqi_value in Indices",,3.0
2022-10-02,Punjab,Rupnagar,1.0,PM2.5,137.0,Moderate,"number_of_monitoring_stations in Absolute Number, aqi_value in Indices",,0.0
2022-10-03,Punjab,Bathinda,1.0,PM10,89.0,Satisfactory,"number_of_monitoring_stations in Absolute Number, aqi_value in Indices",,0.0
2022-10-03,Punjab,Jalandhar,1.0,PM10,115.0,Moderate,"number_of_monitoring_stations in Absolute Number, aqi_value in Indices",,1.0
2022-10-03,Punjab,Ludhiana,1.0,PM10,92.0,Satisfactory,"number_of_monitoring_stations in Absolute Number, aqi_value in Indices",,1.0
2022-10-03,Punjab,Patiala,1.0,PM10,79.0,Satisfactory,"number_of_monitoring_stations in Absolute Number, aqi_value in Indices",,2.0
2022-10-03,Punjab,Rupnagar,1.0,PM2.5,169.0,Moderate,"number_of_monitoring_stations in Absolute Number, aqi_value in Indices",,0.0
2022-10-04,Punjab,Amritsar,1.0,PM2.5,123.0,Moderate,"number_of_monitoring_stations in Absolute Number, aqi_value in Indices",,36.0
2022-10-04,Punjab,Bathinda,1.0,PM10,171.0,Moderate,"number_of_monitoring_stations in Absolute Number, aqi_value in Indices",,0.0
2022-10-04,Punjab,Jalandhar,1.0,PM10,110.0,Moderate,"number_of_monitoring_stations in Absolute Number, aqi_value in Indices",,4.0
2022-10-04,Punjab,Ludhiana,1.0,PM10,110.0,Moderate,"number_of_monitoring_stations in Absolute Number, aqi_value in Indices",,0.0
2022-10-04,Punjab,Patiala,1.0,PM10,94.0,Satisfactory,"number_of_monitoring_stations in Absolute Number, aqi_value in Indices",,1.0
2022-10-04,Punjab,Rupnagar,1.0,PM2.5,232.0,Poor,"number_of_monitoring_stations in Absolute Number, aqi_value in Indices",,0.0
2022-10-05,Punjab,Amritsar,1.0,PM2.5,107.0,Moderate,"number_of_monitoring_stations in Absolute Number, aqi_value in Indices",,70.0
2022-10-05,Punjab,Bathinda,1.0,PM10,104.0,Moderate,"number_of_monitoring_stations in Absolute Number, aqi_value in Indices",,0.0
2022-10-05,Punjab,Jalandhar,1.0,PM10,113.0,Moderate,"number_of_monitoring_stations in Absolute Number, aqi_value in Indices",,3.0
2022-10-05,Punjab,Ludhiana,1.0,PM10,115.0,Moderate,"number_of_monitoring_stations in Absolute Number, aqi_value in Indices",,2.0
2022-10-05,Punjab,Patiala,1.0,PM10,91.0,Satisfactory,"number_of_monitoring_stations in Absolute Number, aqi_value in Indices",,5.0
2022-10-05,Punjab,Rupnagar,1.0,PM2.5,200.0,Moderate,"number_of_monitoring_stations in Absolute Number, aqi_value in Indices",,0.0
2022-10-06,Punjab,Amritsar,1.0,PM10,93.0,Satisfactory,"number_of_monitoring_stations in Absolute Number, aqi_value in Indices",,29.0
2022-10-06,Punjab,Bathinda,1.0,PM10,152.0,Moderate,"number_of_monitoring_stations in Absolute Number, aqi_value in Indices",,0.0
2022-10-06,Punjab,Jalandhar,1.0,PM10,101.0,Moderate,"number_of_monitoring_stations in Absolute Number, aqi_value in Indices",,2.0
2022-10-06,Punjab,Ludhiana,1.0,PM10,120.0,Moderate,"number_of_monitoring_stations in Absolute Number, aqi_value in Indices",,3.0
2022-10-06,Punjab,Patiala,1.0,PM10,79.0,Satisfactory,"number_of_monitoring_stations in Absolute Number, aqi_value in Indices",,9.0
2022-10-06,Punjab,Rupnagar,1.0,PM10,137.0,Moderate,"number_of_monitoring_stations in Absolute Number, aqi_value in Indices",,0.0
2022-10-07,Punjab,Amritsar,1.0,PM10,90.0,Satisfactory,"number_of_monitoring_stations in Absolute Number, aqi_value in Indices",,25.0
2022-10-07,Punjab,Bathinda,1.0,PM10,123.0,Moderate,"number_of_monitoring_stations in Absolute Number, aqi_value in Indices",,0.0
2022-10-07,Punjab,Jalandhar,1.0,PM10,80.0,Satisfactory,"number_of_monitoring_stations in Absolute Number, aqi_value in Indices",,1.0
2022-10-07,Punjab,Ludhiana,1.0,PM10,108.0,Moderate,"number_of_monitoring_stations in Absolute Number, aqi_value in Indices",,3.0
2022-10-07,Punjab,Patiala,1.0,PM10,58.0,Satisfactory,"number_of_monitoring_stations in Absolute Number, aqi_value in Indices",,4.0
2022-10-07,Punjab,Rupnagar,1.0,PM2.5,85.0,Satisfactory,"number_of_monitoring_stations in Absolute Number, aqi_value in Indices",,0.0
2022-10-08,Punjab,Jalandhar,1.0,PM10,65.0,Satisfactory,"number_of_monitoring_stations in Absolute Number, aqi_value in Indices",,0.0
2022-10-08,Punjab,Ludhiana,1.0,PM10,132.0,Moderate,"number_of_monitoring_stations in Absolute Number, aqi_value in Indices",,0.0
2022-10-08,Punjab,Patiala,1.0,PM10,46.0,Good,"number_of_monitoring_stations in Absolute Number, aqi_value in Indices",,0.0
2022-10-08,Punjab,Rupnagar,1.0,PM2.5,75.0,Satisfactory,"number_of_monitoring_stations in Absolute Number, aqi_value in Indices",,0.0
2022-10-09,Punjab,Amritsar,1.0,PM10,76.0,Satisfactory,"number_of_monitoring_stations in Absolute Number, aqi_value in Indices",,0.0
2022-10-09,Punjab,Bathinda,1.0,PM10,90.0,Satisfactory,"number_of_monitoring_stations in Absolute Number, aqi_value in Indices",,0.0
2022-10-09,Punjab,Jalandhar,1.0,PM10,55.0,Satisfactory,"number_of_monitoring_stations in Absolute Number, aqi_value in Indices",,0.0
2022-10-09,Punjab,Ludhiana,1.0,PM10,100.0,Satisfactory,"number_of_monitoring_stations in Absolute Number, aqi_value in Indices",,2.0
2022-10-09,Punjab,Patiala,1.0,PM10,47.0,Good,"number_of_monitoring_stations in Absolute Number, aqi_value in Indices",,0.0
2022-10-09,Punjab,Rupnagar,1.0,PM2.5,74.0,Satisfactory,"number_of_monitoring_stations in Absolute Number, aqi_value in Indices",,0.0
2022-10-10,Punjab,Amritsar,1.0,PM10,86.0,Satisfactory,"number_of_monitoring_stations in Absolute Number, aqi_value in Indices",,2.0
2022-10-10,Punjab,Bathinda,1.0,PM10,75.0,Satisfactory,"number_of_monitoring_stations in Absolute Number, aqi_value in Indices",,0.0
2022-10-10,Punjab,Jalandhar,1.0,PM10,55.0,Satisfactory,"number_of_monitoring_stations in Absolute Number, aqi_value in Indices",,0.0
2022-10-10,Punjab,Ludhiana,1.0,PM10,78.0,Satisfactory,"number_of_monitoring_stations in Absolute Number, aqi_value in Indices",,1.0
2022-10-10,Punjab,Patiala,1.0,O3,46.0,Good,"number_of_monitoring_stations in Absolute Number, aqi_value in Indices",,0.0
2022-10-10,Punjab,Rupnagar,1.0,PM2.5,59.0,Satisfactory,"number_of_monitoring_stations in Absolute Number, aqi_value in Indices",,0.0
2022-10-11,Punjab,Amritsar,1.0,PM10,78.0,Satisfactory,"number_of_monitoring_stations in Absolute Number, aqi_value in Indices",,14.0
2022-10-11,Punjab,Bathinda,1.0,PM10,91.0,Satisfactory,"number_of_monitoring_stations in Absolute Number, aqi_value in Indices",,0.0
2022-10-11,Punjab,Jalandhar,1.0,PM10,57.0,Satisfactory,"number_of_monitoring_stations in Absolute Number, aqi_value in Indices",,0.0
2022-10-11,Punjab,Ludhiana,1.0,PM10,61.0,Satisfactory,"number_of_monitoring_stations in Absolute Number, aqi_value in Indices",,0.0
2022-10-11,Punjab,Patiala,1.0,O3,49.0,Good,"number_of_monitoring_stations in Absolute Number, aqi_value in Indices",,0.0
2022-10-11,Punjab,Rupnagar,1.0,CO,49.0,Good,"number_of_monitoring_stations in Absolute Number, aqi_value in Indices",,0.0
2022-10-12,Punjab,Amritsar,1.0,PM10,74.0,Satisfactory,"number_of_monitoring_stations in Absolute Number, aqi_value in Indices",,17.0
2022-10-12,Punjab,Jalandhar,1.0,PM10,53.0,Satisfactory,"number_of_monitoring_stations in Absolute Number, aqi_value in Indices",,7.0
2022-10-12,Punjab,Ludhiana,1.0,PM10,71.0,Satisfactory,"number_of_monitoring_stations in Absolute Number, aqi_value in Indices",,0.0
2022-10-12,Punjab,Patiala,1.0,PM10,55.0,Satisfactory,"number_of_monitoring_stations in Absolute Number, aqi_value in Indices",,0.0
2022-10-12,Punjab,Rupnagar,1.0,PM10,59.0,Satisfactory,"number_of_monitoring_stations in Absolute Number, aqi_value in Indices",,0.0
2022-10-13,Punjab,Amritsar,1.0,PM10,94.0,Satisfactory,"number_of_monitoring_stations in Absolute Number, aqi_value in Indices",,34.0
2022-10-13,Punjab,Bathinda,1.0,PM10,133.0,Moderate,"number_of_monitoring_stations in Absolute Number, aqi_value in Indices",,0.0
2022-10-13,Punjab,Jalandhar,1.0,PM10,72.0,Satisfactory,"number_of_monitoring_stations in Absolute Number, aqi_value in Indices",,7.0
2022-10-13,Punjab,Ludhiana,1.0,PM10,101.0,Moderate,"number_of_monitoring_stations in Absolute Number, aqi_value in Indices",,1.0
2022-10-13,Punjab,Patiala,1.0,PM10,66.0,Satisfactory,"number_of_monitoring_stations in Absolute Number, aqi_value in Indices",,4.0
2022-10-13,Punjab,Rupnagar,1.0,PM10,68.0,Satisfactory,"number_of_monitoring_stations in Absolute Number, aqi_value in Indices",,0.0
2022-10-14,Punjab,Amritsar,1.0,PM10,108.0,Moderate,"number_of_monitoring_stations in Absolute Number, aqi_value in Indices",,19.0
2022-10-14,Punjab,Bathinda,1.0,PM10,102.0,Moderate,"number_of_monitoring_stations in Absolute Number, aqi_value in Indices",,0.0
2022-10-14,Punjab,Jalandhar,1.0,PM10,102.0,Moderate,"number_of_monitoring_stations in Absolute Number, aqi_value in Indices",,6.0
2022-10-14,Punjab,Ludhiana,1.0,PM2.5,131.0,Moderate,"number_of_monitoring_stations in Absolute Number, aqi_value in Indices",,1.0
2022-10-14,Punjab,Patiala,1.0,PM10,88.0,Satisfactory,"number_of_monitoring_stations in Absolute Number, aqi_value in Indices",,6.0
2022-10-14,Punjab,Rupnagar,1.0,PM10,72.0,Satisfactory,"number_of_monitoring_stations in Absolute Number, aqi_value in Indices",,0.0
2022-10-15,Punjab,Bathinda,1.0,PM10,159.0,Moderate,"number_of_monitoring_stations in Absolute Number, aqi_value in Indices",,1.0
2022-10-15,Punjab,Jalandhar,1.0,PM10,115.0,Moderate,"number_of_monitoring_stations in Absolute Number, aqi_value in Indices",,7.0
2022-10-15,Punjab,Ludhiana,1.0,PM2.5,153.0,Moderate,"number_of_monitoring_stations in Absolute Number, aqi_value in Indices",,5.0
2022-10-15,Punjab,Patiala,1.0,PM10,109.0,Moderate,"number_of_monitoring_stations in Absolute Number, aqi_value in Indices",,5.0
2022-10-15,Punjab,Rupnagar,1.0,PM2.5,104.0,Moderate,"number_of_monitoring_stations in Absolute Number, aqi_value in Indices",,0.0
2022-10-16,Punjab,Amritsar,1.0,PM2.5,148.0,Moderate,"number_of_monitoring_stations in Absolute Number, aqi_value in Indices",,39.0
2022-10-16,Punjab,Bathinda,1.0,PM10,171.0,Moderate,"number_of_monitoring_stations in Absolute Number, aqi_value in Indices",,0.0
2022-10-16,Punjab,Jalandhar,1.0,PM2.5,173.0,Moderate,"number_of_monitoring_stations in Absolute Number, aqi_value in Indices",,8.0
2022-10-16,Punjab,Ludhiana,1.0,PM2.5,120.0,Moderate,"number_of_monitoring_stations in Absolute Number, aqi_value in Indices",,7.0
2022-10-16,Punjab,Patiala,1.0,PM10,111.0,Moderate,"number_of_monitoring_stations in Absolute Number, aqi_value in Indices",,13.0
2022-10-16,Punjab,Rupnagar,1.0,PM2.5,104.0,Moderate,"number_of_monitoring_stations in Absolute Number, aqi_value in Indices",,0.0
2022-10-17,Punjab,Amritsar,1.0,PM10,145.0,Moderate,"number_of_monitoring_stations in Absolute Number, aqi_value in Indices",,60.0
2022-10-17,Punjab,Bathinda,1.0,PM2.5,126.0,Moderate,"number_of_monitoring_stations in Absolute Number, aqi_value in Indices",,2.0
2022-10-17,Punjab,Jalandhar,1.0,PM10,139.0,Moderate,"number_of_monitoring_stations in Absolute Number, aqi_value in Indices",,20.0
2022-10-17,Punjab,Ludhiana,1.0,PM2.5,120.0,Moderate,"number_of_monitoring_stations in Absolute Number, aqi_value in Indices",,12.0
2022-10-17,Punjab,Patiala,1.0,PM10,114.0,Moderate,"number_of_monitoring_stations in Absolute Number, aqi_value in Indices",,14.0
2022-10-17,Punjab,Rupnagar,1.0,PM2.5,87.0,Satisfactory,"number_of_monitoring_stations in Absolute Number, aqi_value in Indices",,0.0
2022-10-18,Punjab,Amritsar,1.0,PM2.5,163.0,Moderate,"number_of_monitoring_stations in Absolute Number, aqi_value in Indices",,46.0
2022-10-18,Punjab,Bathinda,1.0,PM10,219.0,Poor,"number_of_monitoring_stations in Absolute Number, aqi_value in Indices",,2.0
2022-10-18,Punjab,Jalandhar,1.0,PM10,104.0,Moderate,"number_of_monitoring_stations in Absolute Number, aqi_value in Indices",,15.0
2022-10-18,Punjab,Ludhiana,1.0,PM2.5,154.0,Moderate,"number_of_monitoring_stations in Absolute Number, aqi_value in Indices",,8.0
2022-10-18,Punjab,Patiala,1.0,PM10,126.0,Moderate,"number_of_monitoring_stations in Absolute Number, aqi_value in Indices",,21.0
2022-10-18,Punjab,Rupnagar,1.0,PM2.5,145.0,Moderate,"number_of_monitoring_stations in Absolute Number, aqi_value in Indices",,4.0
2022-10-19,Punjab,Amritsar,1.0,PM10,107.0,Moderate,"number_of_monitoring_stations in Absolute Number, aqi_value in Indices",,82.0
2022-10-19,Punjab,Bathinda,1.0,PM2.5,189.0,Moderate,"number_of_monitoring_stations in Absolute Number, aqi_value in Indices",,3.0
2022-10-19,Punjab,Jalandhar,1.0,PM10,101.0,Moderate,"number_of_monitoring_stations in Absolute Number, aqi_value in Indices",,20.0
2022-10-19,Punjab,Ludhiana,1.0,PM2.5,198.0,Moderate,"number_of_monitoring_stations in Absolute Number, aqi_value in Indices",,11.0
2022-10-19,Punjab,Patiala,1.0,PM2.5,143.0,Moderate,"number_of_monitoring_stations in Absolute Number, aqi_value in Indices",,27.0
2022-10-19,Punjab,Rupnagar,1.0,PM2.5,99.0,Satisfactory,"number_of_monitoring_stations in Absolute Number, aqi_value in Indices",,2.0
2022-10-20,Punjab,Amritsar,1.0,PM2.5,165.0,Moderate,"number_of_monitoring_stations in Absolute Number, aqi_value in Indices",,4.0
2022-10-20,Punjab,Jalandhar,1.0,PM2.5,140.0,Moderate,"number_of_monitoring_stations in Absolute Number, aqi_value in Indices",,4.0
2022-10-20,Punjab,Ludhiana,1.0,PM2.5,134.0,Moderate,"number_of_monitoring_stations in Absolute Number, aqi_value in Indices",,13.0
2022-10-20,Punjab,Patiala,1.0,PM2.5,146.0,Moderate,"number_of_monitoring_stations in Absolute Number, aqi_value in Indices",,12.0
2022-10-20,Punjab,Rupnagar,1.0,PM2.5,156.0,Moderate,"number_of_monitoring_stations in Absolute Number, aqi_value in Indices",,2.0
2022-10-21,Punjab,Amritsar,1.0,PM10,77.0,Satisfactory,"number_of_monitoring_stations in Absolute Number, aqi_value in Indices",,42.0
2022-10-21,Punjab,Bathinda,1.0,PM10,68.0,Satisfactory,"number_of_monitoring_stations in Absolute Number, aqi_value in Indices",,8.0
2022-10-21,Punjab,Jalandhar,1.0,PM10,122.0,Moderate,"number_of_monitoring_stations in Absolute Number, aqi_value in Indices",,30.0
2022-10-21,Punjab,Ludhiana,1.0,PM2.5,147.0,Moderate,"number_of_monitoring_stations in Absolute Number, aqi_value in Indices",,30.0
2022-10-21,Punjab,Patiala,1.0,PM10,110.0,Moderate,"number_of_monitoring_stations in Absolute Number, aqi_value in Indices",,61.0
2022-10-21,Punjab,Rupnagar,1.0,PM10,99.0,Satisfactory,"number_of_monitoring_stations in Absolute Number, aqi_value in Indices",,1.0
2022-10-22,Punjab,Amritsar,1.0,PM10,90.0,Satisfactory,"number_of_monitoring_stations in Absolute Number, aqi_value in Indices",,61.0
2022-10-22,Punjab,Jalandhar,1.0,PM2.5,105.0,Moderate,"number_of_monitoring_stations in Absolute Number, aqi_value in Indices",,32.0
2022-10-22,Punjab,Ludhiana,1.0,PM2.5,178.0,Moderate,"number_of_monitoring_stations in Absolute Number, aqi_value in Indices",,31.0
2022-10-22,Punjab,Patiala,1.0,PM10,108.0,Moderate,"number_of_monitoring_stations in Absolute Number, aqi_value in Indices",,58.0
2022-10-22,Punjab,Rupnagar,1.0,PM2.5,151.0,Moderate,"number_of_monitoring_stations in Absolute Number, aqi_value in Indices",,9.0
2022-10-23,Punjab,Amritsar,1.0,PM10,106.0,Moderate,"number_of_monitoring_stations in Absolute Number, aqi_value in Indices",,97.0
2022-10-23,Punjab,Jalandhar,1.0,PM2.5,211.0,Poor,"number_of_monitoring_stations in Absolute Number, aqi_value in Indices",,49.0
2022-10-23,Punjab,Ludhiana,1.0,PM2.5,188.0,Moderate,"number_of_monitoring_stations in Absolute Number, aqi_value in Indices",,30.0
2022-10-23,Punjab,Patiala,1.0,PM10,113.0,Moderate,"number_of_monitoring_stations in Absolute Number, aqi_value in Indices",,103.0
2022-10-23,Punjab,Rupnagar,1.0,PM10,165.0,Moderate,"number_of_monitoring_stations in Absolute Number, aqi_value in Indices",,10.0
2022-10-24,Punjab,Amritsar,1.0,PM2.5,197.0,Moderate,"number_of_monitoring_stations in Absolute Number, aqi_value in Indices",,81.0
2022-10-24,Punjab,Jalandhar,1.0,PM2.5,152.0,Moderate,"number_of_monitoring_stations in Absolute Number, aqi_value in Indices",,51.0
2022-10-24,Punjab,Ludhiana,1.0,PM2.5,179.0,Moderate,"number_of_monitoring_stations in Absolute Number, aqi_value in Indices",,77.0
2022-10-24,Punjab,Patiala,1.0,PM2.5,150.0,Moderate,"number_of_monitoring_stations in Absolute Number, aqi_value in Indices",,111.0
2022-10-24,Punjab,Rupnagar,1.0,PM2.5,136.0,Moderate,"number_of_monitoring_stations in Absolute Number, aqi_value in Indices",,24.0
2022-10-25,Punjab,Amritsar,1.0,PM2.5,246.0,Poor,"number_of_monitoring_stations in Absolute Number, aqi_value in Indices",,12.0
2022-10-25,Punjab,Jalandhar,1.0,PM2.5,266.0,Poor,"number_of_monitoring_stations in Absolute Number, aqi_value in Indices",,13.0
2022-10-25,Punjab,Ludhiana,1.0,PM2.5,300.0,Poor,"number_of_monitoring_stations in Absolute Number, aqi_value in Indices",,19.0
2022-10-25,Punjab,Patiala,1.0,PM2.5,211.0,Poor,"number_of_monitoring_stations in Absolute Number, aqi_value in Indices",,8.0
2022-10-26,Punjab,Amritsar,1.0,PM2.5,297.0,Poor,"number_of_monitoring_stations in Absolute Number, aqi_value in Indices",,54.0
2022-10-26,Punjab,Bathinda,1.0,PM10,146.0,Moderate,"number_of_monitoring_stations in Absolute Number, aqi_value in Indices",,54.0
2022-10-26,Punjab,Jalandhar,1.0,PM2.5,205.0,Poor,"number_of_monitoring_stations in Absolute Number, aqi_value in Indices",,58.0
2022-10-26,Punjab,Ludhiana,1.0,PM2.5,285.0,Poor,"number_of_monitoring_stations in Absolute Number, aqi_value in Indices",,43.0
2022-10-26,Punjab,Patiala,1.0,PM2.5,195.0,Moderate,"number_of_monitoring_stations in Absolute Number, aqi_value in Indices",,183.0
2022-10-26,Punjab,Rupnagar,1.0,PM10,171.0,Moderate,"number_of_monitoring_stations in Absolute Number, aqi_value in Indices",,15.0
2022-10-27,Punjab,Amritsar,1.0,PM2.5,185.0,Moderate,"number_of_monitoring_stations in Absolute Number, aqi_value in Indices",,49.0
2022-10-27,Punjab,Bathinda,1.0,PM2.5,193.0,Moderate,"number_of_monitoring_stations in Absolute Number, aqi_value in Indices",,52.0
2022-10-27,Punjab,Jalandhar,1.0,PM2.5,148.0,Moderate,"number_of_monitoring_stations in Absolute Number, aqi_value in Indices",,54.0
2022-10-27,Punjab,Ludhiana,1.0,PM2.5,258.0,Poor,"number_of_monitoring_stations in Absolute Number, aqi_value in Indices",,64.0
2022-10-27,Punjab,Patiala,1.0,PM2.5,185.0,Moderate,"number_of_monitoring_stations in Absolute Number, aqi_value in Indices",,134.0
2022-10-28,Punjab,Amritsar,1.0,PM2.5,236.0,Poor,"number_of_monitoring_stations in Absolute Number, aqi_value in Indices",,57.0
2022-10-28,Punjab,Jalandhar,1.0,PM10,196.0,Moderate,"number_of_monitoring_stations in Absolute Number, aqi_value in Indices",,116.0
2022-10-28,Punjab,Ludhiana,1.0,PM2.5,209.0,Poor,"number_of_monitoring_stations in Absolute Number, aqi_value in Indices",,89.0
2022-10-28,Punjab,Patiala,1.0,PM2.5,176.0,Moderate,"number_of_monitoring_stations in Absolute Number, aqi_value in Indices",,274.0
2022-10-28,Punjab,Rupnagar,1.0,PM2.5,155.0,Moderate,"number_of_monitoring_stations in Absolute Number, aqi_value in Indices",,24.0
2022-10-29,Punjab,Amritsar,1.0,PM2.5,217.0,Poor,"number_of_monitoring_stations in Absolute Number, aqi_value in Indices",,51.0
2022-10-29,Punjab,Bathinda,1.0,PM2.5,134.0,Moderate,"number_of_monitoring_stations in Absolute Number, aqi_value in Indices",,108.0
2022-10-29,Punjab,Jalandhar,1.0,PM2.5,219.0,Poor,"number_of_monitoring_stations in Absolute Number, aqi_value in Indices",,99.0
2022-10-29,Punjab,Ludhiana,1.0,PM2.5,163.0,Moderate,"number_of_monitoring_stations in Absolute Number, aqi_value in Indices",,105.0
2022-10-29,Punjab,Patiala,1.0,PM2.5,205.0,Poor,"number_of_monitoring_stations in Absolute Number, aqi_value in Indices",,268.0
2022-10-29,Punjab,Rupnagar,1.0,PM2.5,246.0,Poor,"number_of_monitoring_stations in Absolute Number, aqi_value in Indices",,19.0
2022-10-30,Punjab,Amritsar,1.0,PM2.5,202.0,Poor,"number_of_monitoring_stations in Absolute Number, aqi_value in Indices",,22.0
2022-10-30,Punjab,Jalandhar,1.0,PM2.5,178.0,Moderate,"number_of_monitoring_stations in Absolute Number, aqi_value in Indices",,67.0
2022-10-30,Punjab,Ludhiana,1.0,PM2.5,284.0,Poor,"number_of_monitoring_stations in Absolute Number, aqi_value in Indices",,100.0
2022-10-30,Punjab,Patiala,1.0,PM2.5,173.0,Moderate,"number_of_monitoring_stations in Absolute Number, aqi_value in Indices",,249.0
2022-10-30,Punjab,Rupnagar,1.0,PM10,124.0,Moderate,"number_of_monitoring_stations in Absolute Number, aqi_value in Indices",,23.0
2022-10-31,Punjab,Amritsar,1.0,PM2.5,189.0,Moderate,"number_of_monitoring_stations in Absolute Number, aqi_value in Indices",,24.0
2022-10-31,Punjab,Bathinda,1.0,PM2.5,131.0,Moderate,"number_of_monitoring_stations in Absolute Number, aqi_value in Indices",,178.0
2022-10-31,Punjab,Jalandhar,1.0,PM2.5,164.0,Moderate,"number_of_monitoring_stations in Absolute Number, aqi_value in Indices",,102.0
2022-10-31,Punjab,Ludhiana,1.0,PM2.5,210.0,Poor,"number_of_monitoring_stations in Absolute Number, aqi_value in Indices",,96.0
2022-10-31,Punjab,Patiala,1.0,PM2.5,224.0,Poor,"number_of_monitoring_stations in Absolute Number, aqi_value in Indices",,202.0
2022-10-31,Punjab,Rupnagar,1.0,PM10,116.0,Moderate,"number_of_monitoring_stations in Absolute Number, aqi_value in Indices",,14.0
2022-11-01,Punjab,Amritsar,1.0,PM2.5,193.0,Moderate,"number_of_monitoring_stations in Absolute Number, aqi_value in Indices",,16.0
2022-11-01,Punjab,Bathinda,1.0,PM2.5,198.0,Moderate,"number_of_monitoring_stations in Absolute Number, aqi_value in Indices",,160.0
2022-11-01,Punjab,Jalandhar,1.0,PM2.5,175.0,Moderate,"number_of_monitoring_stations in Absolute Number, aqi_value in Indices",,58.0
2022-11-01,Punjab,Ludhiana,1.0,PM2.5,288.0,Poor,"number_of_monitoring_stations in Absolute Number, aqi_value in Indices",,73.0
2022-11-01,Punjab,Patiala,1.0,PM10,238.0,Poor,"number_of_monitoring_stations in Absolute Number, aqi_value in Indices",,196.0
2022-11-01,Punjab,Rupnagar,1.0,PM10,154.0,Moderate,"number_of_monitoring_stations in Absolute Number, aqi_value in Indices",,8.0
2022-11-02,Punjab,Amritsar,1.0,PM2.5,182.0,Moderate,"number_of_monitoring_stations in Absolute Number, aqi_value in Indices",,48.0
2022-11-02,Punjab,Jalandhar,1.0,PM2.5,157.0,Moderate,"number_of_monitoring_stations in Absolute Number, aqi_value in Indices",,119.0
2022-11-02,Punjab,Ludhiana,1.0,PM2.5,252.0,Poor,"number_of_monitoring_stations in Absolute Number, aqi_value in Indices",,198.0
2022-11-02,Punjab,Patiala,1.0,PM2.5,170.0,Moderate,"number_of_monitoring_stations in Absolute Number, aqi_value in Indices",,395.0
2022-11-02,Punjab,Rupnagar,1.0,PM10,133.0,Moderate,"number_of_monitoring_stations in Absolute Number, aqi_value in Indices",,34.0
2022-11-03,Punjab,Amritsar,1.0,PM2.5,226.0,Poor,"number_of_monitoring_stations in Absolute Number, aqi_value in Indices",,12.0
2022-11-03,Punjab,Bathinda,1.0,PM2.5,248.0,Poor,"number_of_monitoring_stations in Absolute Number, aqi_value in Indices",,336.0
2022-11-03,Punjab,Jalandhar,1.0,PM10,216.0,Poor,"number_of_monitoring_stations in Absolute Number, aqi_value in Indices",,59.0
2022-11-03,Punjab,Ludhiana,1.0,PM2.5,319.0,Very Poor,"number_of_monitoring_stations in Absolute Number, aqi_value in Indices",,119.0
2022-11-03,Punjab,Patiala,1.0,PM2.5,276.0,Poor,"number_of_monitoring_stations in Absolute Number, aqi_value in Indices",,168.0
2022-11-03,Punjab,Rupnagar,1.0,PM10,106.0,Moderate,"number_of_monitoring_stations in Absolute Number, aqi_value in Indices",,6.0
2022-11-04,Punjab,Amritsar,1.0,PM2.5,236.0,Poor,"number_of_monitoring_stations in Absolute Number, aqi_value in Indices",,19.0
2022-11-04,Punjab,Bathinda,1.0,PM2.5,220.0,Poor,"number_of_monitoring_stations in Absolute Number, aqi_value in Indices",,258.0
2022-11-04,Punjab,Jalandhar,1.0,PM2.5,223.0,Poor,"number_of_monitoring_stations in Absolute Number, aqi_value in Indices",,23.0
2022-11-04,Punjab,Ludhiana,1.0,PM2.5,299.0,Poor,"number_of_monitoring_stations in Absolute Number, aqi_value in Indices",,70.0
2022-11-04,Punjab,Patiala,1.0,PM2.5,240.0,Poor,"number_of_monitoring_stations in Absolute Number, aqi_value in Indices",,114.0
2022-11-04,Punjab,Rupnagar,1.0,PM10,112.0,Moderate,"number_of_monitoring_stations in Absolute Number, aqi_value in Indices",,6.0
2022-11-05,Punjab,Amritsar,1.0,PM2.5,245.0,Poor,"number_of_monitoring_stations in Absolute Number, aqi_value in Indices",,0.0
2022-11-05,Punjab,Bathinda,1.0,PM2.5,306.0,Very Poor,"number_of_monitoring_stations in Absolute Number, aqi_value in Indices",,332.0
2022-11-05,Punjab,Jalandhar,1.0,PM10,161.0,Moderate,"number_of_monitoring_stations in Absolute Number, aqi_value in Indices",,33.0
2022-11-05,Punjab,Ludhiana,1.0,PM2.5,241.0,Poor,"number_of_monitoring_stations in Absolute Number, aqi_value in Indices",,143.0
2022-11-05,Punjab,Patiala,1.0,PM2.5,174.0,Moderate,"number_of_monitoring_stations in Absolute Number, aqi_value in Indices",,242.0
2022-11-05,Punjab,Rupnagar,1.0,PM2.5,131.0,Moderate,"number_of_monitoring_stations in Absolute Number, aqi_value in Indices",,5.0
2022-11-06,Punjab,Amritsar,1.0,PM2.5,207.0,Poor,"number_of_monitoring_stations in Absolute Number, aqi_value in Indices",,0.0
2022-11-06,Punjab,Bathinda,1.0,PM10,220.0,Poor,"number_of_monitoring_stations in Absolute Number, aqi_value in Indices",,36.0
2022-11-06,Punjab,Jalandhar,1.0,PM10,150.0,Moderate,"number_of_monitoring_stations in Absolute Number, aqi_value in Indices",,5.0
2022-11-06,Punjab,Ludhiana,1.0,PM2.5,207.0,Poor,"number_of_monitoring_stations in Absolute Number, aqi_value in Indices",,27.0
2022-11-06,Punjab,Patiala,1.0,PM10,130.0,Moderate,"number_of_monitoring_stations in Absolute Number, aqi_value in Indices",,54.0
2022-11-06,Punjab,Rupnagar,1.0,PM2.5,128.0,Moderate,"number_of_monitoring_stations in Absolute Number, aqi_value in Indices",,1.0
2022-11-07,Punjab,Amritsar,1.0,PM10,73.0,Satisfactory,"number_of_monitoring_stations in Absolute Number, aqi_value in Indices",,15.0
2022-11-07,Punjab,Bathinda,1.0,PM2.5,224.0,Poor,"number_of_monitoring_stations in Absolute Number, aqi_value in Indices",,256.0
2022-11-07,Punjab,Jalandhar,1.0,PM10,148.0,Moderate,"number_of_monitoring_stations in Absolute Number, aqi_value in Indices",,41.0
2022-11-07,Punjab,Ludhiana,1.0,PM2.5,214.0,Poor,"number_of_monitoring_stations in Absolute Number, aqi_value in Indices",,117.0
2022-11-07,Punjab,Patiala,1.0,PM2.5,158.0,Moderate,"number_of_monitoring_stations in Absolute Number, aqi_value in Indices",,85.0
2022-11-07,Punjab,Rupnagar,1.0,PM2.5,151.0,Moderate,"number_of_monitoring_stations in Absolute Number, aqi_value in Indices",,6.0
2022-11-08,Punjab,Amritsar,1.0,PM2.5,140.0,Moderate,"number_of_monitoring_stations in Absolute Number, aqi_value in Indices",,6.0
2022-11-08,Punjab,Bathinda,1.0,PM10,102.0,Moderate,"number_of_monitoring_stations in Absolute Number, aqi_value in Indices",,12.0
2022-11-08,Punjab,Jalandhar,1.0,PM2.5,177.0,Moderate,"number_of_monitoring_stations in Absolute Number, aqi_value in Indices",,7.0
2022-11-08,Punjab,Ludhiana,1.0,PM2.5,351.0,Very Poor,"number_of_monitoring_stations in Absolute Number, aqi_value in Indices",,5.0
2022-11-08,Punjab,Patiala,1.0,PM2.5,252.0,Poor,"number_of_monitoring_stations in Absolute Number, aqi_value in Indices",,5.0
2022-11-08,Punjab,Rupnagar,1.0,PM2.5,172.0,Moderate,"number_of_monitoring_stations in Absolute Number, aqi_value in Indices",,3.0
2022-11-09,Punjab,Amritsar,1.0,PM2.5,320.0,Very Poor,"number_of_monitoring_stations in Absolute Number, aqi_value in Indices",,1.0
2022-11-09,Punjab,Bathinda,1.0,PM10,165.0,Moderate,"number_of_monitoring_stations in Absolute Number, aqi_value in Indices",,185.0
2022-11-09,Punjab,Jalandhar,1.0,PM2.5,333.0,Very Poor,"number_of_monitoring_stations in Absolute Number, aqi_value in Indices",,11.0
2022-11-09,Punjab,Ludhiana,1.0,PM2.5,408.0,Severe,"number_of_monitoring_stations in Absolute Number, aqi_value in Indices",,110.0
2022-11-09,Punjab,Patiala,1.0,PM2.5,368.0,Very Poor,"number_of_monitoring_stations in Absolute Number, aqi_value in Indices",,71.0
2022-11-09,Punjab,Rupnagar,1.0,PM2.5,281.0,Poor,"number_of_monitoring_stations in Absolute Number, aqi_value in Indices",,0.0
2022-11-10,Punjab,Amritsar,1.0,PM2.5,170.0,Moderate,"number_of_monitoring_stations in Absolute Number, aqi_value in Indices",,7.0
2022-11-10,Punjab,Bathinda,1.0,PM10,109.0,Moderate,"number_of_monitoring_stations in Absolute Number, aqi_value in Indices",,239.0
2022-11-10,Punjab,Jalandhar,1.0,PM2.5,144.0,Moderate,"number_of_monitoring_stations in Absolute Number, aqi_value in Indices",,38.0
2022-11-10,Punjab,Ludhiana,1.0,PM2.5,210.0,Poor,"number_of_monitoring_stations in Absolute Number, aqi_value in Indices",,118.0
2022-11-10,Punjab,Patiala,1.0,PM2.5,278.0,Poor,"number_of_monitoring_stations in Absolute Number, aqi_value in Indices",,7.0
2022-11-10,Punjab,Rupnagar,1.0,PM10,118.0,Moderate,"number_of_monitoring_stations in Absolute Number, aqi_value in Indices",,0.0
2022-11-11,Punjab,Amritsar,1.0,PM2.5,203.0,Poor,"number_of_monitoring_stations in Absolute Number, aqi_value in Indices",,29.0
2022-11-11,Punjab,Bathinda,1.0,PM10,179.0,Moderate,"number_of_monitoring_stations in Absolute Number, aqi_value in Indices",,523.0
2022-11-11,Punjab,Jalandhar,1.0,PM2.5,194.0,Moderate,"number_of_monitoring_stations in Absolute Number, aqi_value in Indices",,67.0
2022-11-11,Punjab,Ludhiana,1.0,PM2.5,209.0,Poor,"number_of_monitoring_stations in Absolute Number, aqi_value in Indices",,296.0
2022-11-11,Punjab,Patiala,1.0,PM2.5,141.0,Moderate,"number_of_monitoring_stations in Absolute Number, aqi_value in Indices",,114.0
2022-11-11,Punjab,Rupnagar,1.0,PM2.5,164.0,Moderate,"number_of_monitoring_stations in Absolute Number, aqi_value in Indices",,17.0
2022-11-12,Punjab,Amritsar,1.0,PM2.5,188.0,Moderate,"number_of_monitoring_stations in Absolute Number, aqi_value in Indices",,13.0
2022-11-12,Punjab,Bathinda,1.0,PM2.5,175.0,Moderate,"number_of_monitoring_stations in Absolute Number, aqi_value in Indices",,358.0
2022-11-12,Punjab,Jalandhar,1.0,PM2.5,185.0,Moderate,"number_of_monitoring_stations in Absolute Number, aqi_value in Indices",,41.0
2022-11-12,Punjab,Ludhiana,1.0,PM2.5,165.0,Moderate,"number_of_monitoring_stations in Absolute Number, aqi_value in Indices",,169.0
2022-11-12,Punjab,Patiala,1.0,PM2.5,148.0,Moderate,"number_of_monitoring_stations in Absolute Number, aqi_value in Indices",,39.0
2022-11-12,Punjab,Rupnagar,1.0,PM10,118.0,Moderate,"number_of_monitoring_stations in Absolute Number, aqi_value in Indices",,1.0
2022-11-13,Punjab,Amritsar,1.0,PM2.5,201.0,Poor,"number_of_monitoring_stations in Absolute Number, aqi_value in Indices",,14.0
2022-11-13,Punjab,Bathinda,1.0,PM10,195.0,Moderate,"number_of_monitoring_stations in Absolute Number, aqi_value in Indices",,274.0
2022-11-13,Punjab,Jalandhar,1.0,PM2.5,229.0,Poor,"number_of_monitoring_stations in Absolute Number, aqi_value in Indices",,43.0
2022-11-13,Punjab,Ludhiana,1.0,PM2.5,198.0,Moderate,"number_of_monitoring_stations in Absolute Number, aqi_value in Indices",,214.0
2022-11-13,Punjab,Patiala,1.0,PM2.5,148.0,Moderate,"number_of_monitoring_stations in Absolute Number, aqi_value in Indices",,28.0
2022-11-13,Punjab,Rupnagar,1.0,PM10,153.0,Moderate,"number_of_monitoring_stations in Absolute Number, aqi_value in Indices",,1.0
2022-11-14,Punjab,Amritsar,1.0,PM2.5,130.0,Moderate,"number_of_monitoring_stations in Absolute Number, aqi_value in Indices",,0.0
2022-11-14,Punjab,Bathinda,1.0,PM2.5,156.0,Moderate,"number_of_monitoring_stations in Absolute Number, aqi_value in Indices",,0.0
2022-11-14,Punjab,Jalandhar,1.0,PM10,119.0,Moderate,"number_of_monitoring_stations in Absolute Number, aqi_value in Indices",,0.0
2022-11-14,Punjab,Ludhiana,1.0,PM2.5,206.0,Poor,"number_of_monitoring_stations in Absolute Number, aqi_value in Indices",,0.0
2022-11-14,Punjab,Patiala,1.0,PM2.5,161.0,Moderate,"number_of_monitoring_stations in Absolute Number, aqi_value in Indices",,1.0
2022-11-14,Punjab,Rupnagar,1.0,PM10,140.0,Moderate,"number_of_monitoring_stations in Absolute Number, aqi_value in Indices",,0.0
2022-11-15,Punjab,Amritsar,1.0,PM10,84.0,Satisfactory,"number_of_monitoring_stations in Absolute Number, aqi_value in Indices",,3.0
2022-11-15,Punjab,Bathinda,1.0,PM10,167.0,Moderate,"number_of_monitoring_stations in Absolute Number, aqi_value in Indices",,27.0
2022-11-15,Punjab,Jalandhar,1.0,PM10,89.0,Satisfactory,"number_of_monitoring_stations in Absolute Number, aqi_value in Indices",,0.0
2022-11-15,Punjab,Ludhiana,1.0,PM10,85.0,Satisfactory,"number_of_monitoring_stations in Absolute Number, aqi_value in Indices",,8.0
2022-11-15,Punjab,Patiala,1.0,PM10,70.0,Satisfactory,"number_of_monitoring_stations in Absolute Number, aqi_value in Indices",,9.0
2022-11-15,Punjab,Rupnagar,1.0,PM10,119.0,Moderate,"number_of_monitoring_stations in Absolute Number, aqi_value in Indices",,0.0
2022-11-16,Punjab,Amritsar,1.0,PM2.5,175.0,Moderate,"number_of_monitoring_stations in Absolute Number, aqi_value in Indices",,1.0
2022-11-16,Punjab,Jalandhar,1.0,PM10,93.0,Satisfactory,"number_of_monitoring_stations in Absolute Number, aqi_value in Indices",,12.0
2022-11-16,Punjab,Ludhiana,1.0,PM2.5,136.0,Moderate,"number_of_monitoring_stations in Absolute Number, aqi_value in Indices",,66.0
2022-11-16,Punjab,Patiala,1.0,PM2.5,104.0,Moderate,"number_of_monitoring_stations in Absolute Number, aqi_value in Indices",,10.0
2022-11-16,Punjab,Rupnagar,1.0,PM10,184.0,Moderate,"number_of_monitoring_stations in Absolute Number, aqi_value in Indices",,1.0
2022-11-17,Punjab,Amritsar,1.0,PM2.5,134.0,Moderate,"number_of_monitoring_stations in Absolute Number, aqi_value in Indices",,1.0
2022-11-17,Punjab,Bathinda,1.0,PM10,199.0,Moderate,"number_of_monitoring_stations in Absolute Number, aqi_value in Indices",,102.0
2022-11-17,Punjab,Jalandhar,1.0,PM2.5,189.0,Moderate,"number_of_monitoring_stations in Absolute Number, aqi_value in Indices",,14.0
2022-11-17,Punjab,Ludhiana,1.0,PM2.5,136.0,Moderate,"number_of_monitoring_stations in Absolute Number, aqi_value in Indices",,41.0
2022-11-17,Punjab,Patiala,1.0,PM2.5,116.0,Moderate,"number_of_monitoring_stations in Absolute Number, aqi_value in Indices",,3.0
2022-11-17,Punjab,Rupnagar,1.0,PM10,154.0,Moderate,"number_of_monitoring_stations in Absolute Number, aqi_value in Indices",,0.0
2022-11-18,Punjab,Amritsar,1.0,PM2.5,213.0,Poor,"number_of_monitoring_stations in Absolute Number, aqi_value in Indices",,6.0
2022-11-18,Punjab,Bathinda,1.0,PM10,142.0,Moderate,"number_of_monitoring_stations in Absolute Number, aqi_value in Indices",,108.0
2022-11-18,Punjab,Jalandhar,1.0,PM2.5,138.0,Moderate,"number_of_monitoring_stations in Absolute Number, aqi_value in Indices",,20.0
2022-11-18,Punjab,Ludhiana,1.0,PM2.5,154.0,Moderate,"number_of_monitoring_stations in Absolute Number, aqi_value in Indices",,60.0
2022-11-18,Punjab,Patiala,1.0,PM10,107.0,Moderate,"number_of_monitoring_stations in Absolute Number, aqi_value in Indices",,7.0
2022-11-18,Punjab,Rupnagar,1.0,PM10,145.0,Moderate,"number_of_monitoring_stations in Absolute Number, aqi_value in Indices",,2.0
2022-11-19,Punjab,Amritsar,1.0,PM2.5,160.0,Moderate,"number_of_monitoring_stations in Absolute Number, aqi_value in Indices",,2.0
2022-11-19,Punjab,Jalandhar,1.0,PM10,128.0,Moderate,"number_of_monitoring_stations in Absolute Number, aqi_value in Indices",,5.0
2022-11-19,Punjab,Ludhiana,1.0,PM2.5,210.0,Poor,"number_of_monitoring_stations in Absolute Number, aqi_value in Indices",,31.0
2022-11-19,Punjab,Patiala,1.0,PM2.5,131.0,Moderate,"number_of_monitoring_stations in Absolute Number, aqi_value in Indices",,4.0
2022-11-19,Punjab,Rupnagar,1.0,PM10,182.0,Moderate,"number_of_monitoring_stations in Absolute Number, aqi_value in Indices",,0.0
2022-11-20,Punjab,Amritsar,1.0,PM10,104.0,Moderate,"number_of_monitoring_stations in Absolute Number, aqi_value in Indices",,2.0
2022-11-20,Punjab,Jalandhar,1.0,PM2.5,142.0,Moderate,"number_of_monitoring_stations in Absolute Number, aqi_value in Indices",,3.0
2022-11-20,Punjab,Ludhiana,1.0,PM2.5,175.0,Moderate,"number_of_monitoring_stations in Absolute Number, aqi_value in Indices",,41.0
2022-11-20,Punjab,Patiala,1.0,PM2.5,119.0,Moderate,"number_of_monitoring_stations in Absolute Number, aqi_value in Indices",,3.0
2022-11-20,Punjab,Rupnagar,1.0,PM10,168.0,Moderate,"number_of_monitoring_stations in Absolute Number, aqi_value in Indices",,0.0
2022-11-21,Punjab,Amritsar,1.0,PM10,112.0,Moderate,"number_of_monitoring_stations in Absolute Number, aqi_value in Indices",,1.0
2022-11-21,Punjab,Jalandhar,1.0,PM10,116.0,Moderate,"number_of_monitoring_stations in Absolute Number, aqi_value in Indices",,1.0
2022-11-21,Punjab,Ludhiana,1.0,PM2.5,152.0,Moderate,"number_of_monitoring_stations in Absolute Number, aqi_value in Indices",,7.0
2022-11-21,Punjab,Patiala,1.0,PM10,100.0,Satisfactory,"number_of_monitoring_stations in Absolute Number, aqi_value in Indices",,0.0
2022-11-21,Punjab,Rupnagar,1.0,PM10,130.0,Moderate,"number_of_monitoring_stations in Absolute Number, aqi_value in Indices",,0.0
2022-11-22,Punjab,Amritsar,1.0,PM10,143.0,Moderate,"number_of_monitoring_stations in Absolute Number, aqi_value in Indices",,1.0
2022-11-22,Punjab,Bathinda,1.0,PM10,193.0,Moderate,"number_of_monitoring_stations in Absolute Number, aqi_value in Indices",,11.0
2022-11-22,Punjab,Jalandhar,1.0,PM10,110.0,Moderate,"number_of_monitoring_stations in Absolute Number, aqi_value in Indices",,0.0
2022-11-22,Punjab,Ludhiana,1.0,PM2.5,138.0,Moderate,"number_of_monitoring_stations in Absolute Number, aqi_value in Indices",,1.0
2022-11-22,Punjab,Patiala,1.0,PM10,86.0,Satisfactory,"number_of_monitoring_stations in Absolute Number, aqi_value in Indices",,0.0
2022-11-22,Punjab,Rupnagar,1.0,PM10,126.0,Moderate,"number_of_monitoring_stations in Absolute Number, aqi_value in Indices",,0.0
2022-11-23,Punjab,Amritsar,1.0,PM10,129.0,Moderate,"number_of_monitoring_stations in Absolute Number, aqi_value in Indices",,1.0
2022-11-23,Punjab,Jalandhar,1.0,PM10,133.0,Moderate,"number_of_monitoring_stations in Absolute Number, aqi_value in Indices",,3.0
2022-11-23,Punjab,Ludhiana,1.0,PM2.5,173.0,Moderate,"number_of_monitoring_stations in Absolute Number, aqi_value in Indices",,9.0
2022-11-23,Punjab,Patiala,1.0,PM2.5,106.0,Moderate,"number_of_monitoring_stations in Absolute Number, aqi_value in Indices",,0.0
2022-11-23,Punjab,Rupnagar,1.0,PM10,173.0,Moderate,"number_of_monitoring_stations in Absolute Number, aqi_value in Indices",,0.0
2022-11-24,Punjab,Amritsar,1.0,PM2.5,72.0,Satisfactory,"number_of_monitoring_stations in Absolute Number, aqi_value in Indices",,1.0
2022-11-24,Punjab,Bathinda,1.0,PM2.5,169.0,Moderate,"number_of_monitoring_stations in Absolute Number, aqi_value in Indices",,8.0
2022-11-24,Punjab,Jalandhar,1.0,PM10,146.0,Moderate,"number_of_monitoring_stations in Absolute Number, aqi_value in Indices",,3.0
2022-11-24,Punjab,Ludhiana,1.0,PM2.5,188.0,Moderate,"number_of_monitoring_stations in Absolute Number, aqi_value in Indices",,1.0
2022-11-24,Punjab,Patiala,1.0,PM10,102.0,Moderate,"number_of_monitoring_stations in Absolute Number, aqi_value in Indices",,2.0
2022-11-24,Punjab,Rupnagar,1.0,PM10,166.0,Moderate,"number_of_monitoring_stations in Absolute Number, aqi_value in Indices",,1.0
2022-11-25,Punjab,Amritsar,1.0,PM2.5,111.0,Moderate,"number_of_monitoring_stations in Absolute Number, aqi_value in Indices",,0.0
2022-11-25,Punjab,Bathinda,1.0,PM10,176.0,Moderate,"number_of_monitoring_stations in Absolute Number, aqi_value in Indices",,3.0
2022-11-25,Punjab,Jalandhar,1.0,PM10,142.0,Moderate,"number_of_monitoring_stations in Absolute Number, aqi_value in Indices",,1.0
2022-11-25,Punjab,Ludhiana,1.0,PM2.5,243.0,Poor,"number_of_monitoring_stations in Absolute Number, aqi_value in Indices",,2.0
2022-11-25,Punjab,Patiala,1.0,PM2.5,156.0,Moderate,"number_of_monitoring_stations in Absolute Number, aqi_value in Indices",,0.0
2022-11-25,Punjab,Rupnagar,1.0,PM2.5,155.0,Moderate,"number_of_monitoring_stations in Absolute Number, aqi_value in Indices",,0.0
2022-11-26,Punjab,Amritsar,1.0,PM2.5,112.0,Moderate,"number_of_monitoring_stations in Absolute Number, aqi_value in Indices",,0.0
2022-11-26,Punjab,Bathinda,1.0,PM10,211.0,Poor,"number_of_monitoring_stations in Absolute Number, aqi_value in Indices",,1.0
2022-11-26,Punjab,Jalandhar,1.0,PM10,136.0,Moderate,"number_of_monitoring_stations in Absolute Number, aqi_value in Indices",,0.0
2022-11-26,Punjab,Ludhiana,1.0,PM2.5,224.0,Poor,"number_of_monitoring_stations in Absolute Number, aqi_value in Indices",,1.0
2022-11-26,Punjab,Patiala,1.0,PM2.5,197.0,Moderate,"number_of_monitoring_stations in Absolute Number, aqi_value in Indices",,0.0
2022-11-26,Punjab,Rupnagar,1.0,PM10,128.0,Moderate,"number_of_monitoring_stations in Absolute Number, aqi_value in Indices",,0.0
2022-11-27,Punjab,Amritsar,1.0,PM10,118.0,Moderate,"number_of_monitoring_stations in Absolute Number, aqi_value in Indices",,1.0
2022-11-27,Punjab,Bathinda,1.0,PM10,331.0,Very Poor,"number_of_monitoring_stations in Absolute Number, aqi_value in Indices",,2.0
2022-11-27,Punjab,Jalandhar,1.0,PM10,117.0,Moderate,"number_of_monitoring_stations in Absolute Number, aqi_value in Indices",,0.0
2022-11-27,Punjab,Ludhiana,1.0,PM2.5,178.0,Moderate,"number_of_monitoring_stations in Absolute Number, aqi_value in Indices",,0.0
2022-11-27,Punjab,Patiala,1.0,PM2.5,178.0,Moderate,"number_of_monitoring_stations in Absolute Number, aqi_value in Indices",,0.0
2022-11-27,Punjab,Rupnagar,1.0,PM10,146.0,Moderate,"number_of_monitoring_stations in Absolute Number, aqi_value in Indices",,0.0
2022-11-28,Punjab,Amritsar,1.0,PM2.5,117.0,Moderate,"number_of_monitoring_stations in Absolute Number, aqi_value in Indices",,0.0
2022-11-28,Punjab,Bathinda,1.0,PM10,271.0,Poor,"number_of_monitoring_stations in Absolute Number, aqi_value in Indices",,1.0
2022-11-28,Punjab,Jalandhar,1.0,PM10,124.0,Moderate,"number_of_monitoring_stations in Absolute Number, aqi_value in Indices",,1.0
2022-11-28,Punjab,Ludhiana,1.0,PM2.5,159.0,Moderate,"number_of_monitoring_stations in Absolute Number, aqi_value in Indices",,0.0
2022-11-28,Punjab,Patiala,1.0,PM2.5,181.0,Moderate,"number_of_monitoring_stations in Absolute Number, aqi_value in Indices",,1.0
2022-11-28,Punjab,Rupnagar,1.0,PM10,126.0,Moderate,"number_of_monitoring_stations in Absolute Number, aqi_value in Indices",,0.0
2022-11-29,Punjab,Amritsar,1.0,PM2.5,203.0,Poor,"number_of_monitoring_stations in Absolute Number, aqi_value in Indices",,0.0
2022-11-29,Punjab,Jalandhar,1.0,PM2.5,179.0,Moderate,"number_of_monitoring_stations in Absolute Number, aqi_value in Indices",,1.0
2022-11-29,Punjab,Ludhiana,1.0,PM2.5,203.0,Poor,"number_of_monitoring_stations in Absolute Number, aqi_value in Indices",,0.0
2022-11-29,Punjab,Patiala,1.0,PM2.5,195.0,Moderate,"number_of_monitoring_stations in Absolute Number, aqi_value in Indices",,0.0
2022-11-29,Punjab,Rupnagar,1.0,PM10,124.0,Moderate,"number_of_monitoring_stations in Absolute Number, aqi_value in Indices",,0.0
2022-11-30,Punjab,Amritsar,1.0,PM2.5,182.0,Moderate,"number_of_monitoring_stations in Absolute Number, aqi_value in Indices",,0.0
2022-11-30,Punjab,Bathinda,1.0,PM10,110.0,Moderate,"number_of_monitoring_stations in Absolute Number, aqi_value in Indices",,0.0
2022-11-30,Punjab,Jalandhar,1.0,PM10,125.0,Moderate,"number_of_monitoring_stations in Absolute Number, aqi_value in Indices",,1.0
2022-11-30,Punjab,Ludhiana,1.0,PM2.5,183.0,Moderate,"number_of_monitoring_stations in Absolute Number, aqi_value in Indices",,1.0
2022-11-30,Punjab,Patiala,1.0,PM2.5,141.0,Moderate,"number_of_monitoring_stations in Absolute Number, aqi_value in Indices",,0.0
2022-12-01,Punjab,Amritsar,1.0,PM2.5,226.0,Poor,"number_of_monitoring_stations in Absolute Number, aqi_value in Indices",,0.0
2022-12-01,Punjab,Jalandhar,1.0,PM2.5,181.0,Moderate,"number_of_monitoring_stations in Absolute Number, aqi_value in Indices",,0.0
2022-12-01,Punjab,Ludhiana,1.0,PM2.5,188.0,Moderate,"number_of_monitoring_stations in Absolute Number, aqi_value in Indices",,0.0
2022-12-01,Punjab,Patiala,1.0,PM2.5,144.0,Moderate,"number_of_monitoring_stations in Absolute Number, aqi_value in Indices",,0.0
2022-12-01,Punjab,Rupnagar,1.0,PM10,125.0,Moderate,"number_of_monitoring_stations in Absolute Number, aqi_value in Indices",,0.0
2022-12-02,Punjab,Amritsar,1.0,PM2.5,182.0,Moderate,"number_of_monitoring_stations in Absolute Number, aqi_value in Indices",,0.0
2022-12-02,Punjab,Bathinda,1.0,PM10,254.0,Poor,"number_of_monitoring_stations in Absolute Number, aqi_value in Indices",,0.0
2022-12-02,Punjab,Jalandhar,1.0,PM2.5,163.0,Moderate,"number_of_monitoring_stations in Absolute Number, aqi_value in Indices",,0.0
2022-12-02,Punjab,Ludhiana,1.0,PM2.5,261.0,Poor,"number_of_monitoring_stations in Absolute Number, aqi_value in Indices",,0.0
2022-12-02,Punjab,Patiala,1.0,PM2.5,196.0,Moderate,"number_of_monitoring_stations in Absolute Number, aqi_value in Indices",,0.0
2022-12-02,Punjab,Rupnagar,1.0,PM10,126.0,Moderate,"number_of_monitoring_stations in Absolute Number, aqi_value in Indices",,0.0
2022-12-03,Punjab,Amritsar,1.0,PM2.5,188.0,Moderate,"number_of_monitoring_stations in Absolute Number, aqi_value in Indices",,0.0
2022-12-03,Punjab,Jalandhar,1.0,PM10,133.0,Moderate,"number_of_monitoring_stations in Absolute Number, aqi_value in Indices",,0.0
2022-12-03,Punjab,Ludhiana,1.0,PM2.5,299.0,Poor,"number_of_monitoring_stations in Absolute Number, aqi_value in Indices",,0.0
2022-12-03,Punjab,Patiala,1.0,PM2.5,196.0,Moderate,"number_of_monitoring_stations in Absolute Number, aqi_value in Indices",,0.0
2022-12-03,Punjab,Rupnagar,1.0,PM2.5,132.0,Moderate,"number_of_monitoring_stations in Absolute Number, aqi_value in Indices",,0.0
2022-12-04,Punjab,Amritsar,1.0,PM2.5,143.0,Moderate,"number_of_monitoring_stations in Absolute Number, aqi_value in Indices",,0.0
2022-12-04,Punjab,Jalandhar,1.0,PM10,137.0,Moderate,"number_of_monitoring_stations in Absolute Number, aqi_value in Indices",,0.0
2022-12-04,Punjab,Ludhiana,1.0,PM2.5,207.0,Poor,"number_of_monitoring_stations in Absolute Number, aqi_value in Indices",,0.0
2022-12-04,Punjab,Patiala,1.0,PM2.5,211.0,Poor,"number_of_monitoring_stations in Absolute Number, aqi_value in Indices",,0.0
2022-12-04,Punjab,Rupnagar,1.0,PM10,159.0,Moderate,"number_of_monitoring_stations in Absolute Number, aqi_value in Indices",,0.0
2022-12-05,Punjab,Amritsar,1.0,PM2.5,190.0,Moderate,"number_of_monitoring_stations in Absolute Number, aqi_value in Indices",,0.0
2022-12-05,Punjab,Bathinda,1.0,PM2.5,130.0,Moderate,"number_of_monitoring_stations in Absolute Number, aqi_value in Indices",,0.0
2022-12-05,Punjab,Jalandhar,1.0,PM10,136.0,Moderate,"number_of_monitoring_stations in Absolute Number, aqi_value in Indices",,0.0
2022-12-05,Punjab,Ludhiana,1.0,PM2.5,159.0,Moderate,"number_of_monitoring_stations in Absolute Number, aqi_value in Indices",,0.0
2022-12-05,Punjab,Patiala,1.0,PM2.5,105.0,Moderate,"number_of_monitoring_stations in Absolute Number, aqi_value in Indices",,0.0
2022-12-06,Punjab,Amritsar,1.0,PM2.5,156.0,Moderate,"number_of_monitoring_stations in Absolute Number, aqi_value in Indices",,0.0
2022-12-06,Punjab,Bathinda,1.0,PM10,90.0,Satisfactory,"number_of_monitoring_stations in Absolute Number, aqi_value in Indices",,0.0
2022-12-06,Punjab,Jalandhar,1.0,PM10,166.0,Moderate,"number_of_monitoring_stations in Absolute Number, aqi_value in Indices",,0.0
2022-12-06,Punjab,Ludhiana,1.0,PM2.5,216.0,Poor,"number_of_monitoring_stations in Absolute Number, aqi_value in Indices",,0.0
2022-12-06,Punjab,Patiala,1.0,PM2.5,116.0,Moderate,"number_of_monitoring_stations in Absolute Number, aqi_value in Indices",,0.0
2022-12-07,Punjab,Amritsar,1.0,PM2.5,170.0,Moderate,"number_of_monitoring_stations in Absolute Number, aqi_value in Indices",,0.0
2022-12-07,Punjab,Bathinda,1.0,PM10,103.0,Moderate,"number_of_monitoring_stations in Absolute Number, aqi_value in Indices",,0.0
2022-12-07,Punjab,Jalandhar,1.0,PM10,152.0,Moderate,"number_of_monitoring_stations in Absolute Number, aqi_value in Indices",,0.0
2022-12-07,Punjab,Ludhiana,1.0,PM2.5,211.0,Poor,"number_of_monitoring_stations in Absolute Number, aqi_value in Indices",,0.0
2022-12-07,Punjab,Patiala,1.0,PM10,100.0,Satisfactory,"number_of_monitoring_stations in Absolute Number, aqi_value in Indices",,0.0
2022-12-07,Punjab,Rupnagar,1.0,PM10,114.0,Moderate,"number_of_monitoring_stations in Absolute Number, aqi_value in Indices",,0.0
2022-12-08,Punjab,Amritsar,1.0,PM2.5,179.0,Moderate,"number_of_monitoring_stations in Absolute Number, aqi_value in Indices",,0.0
2022-12-08,Punjab,Bathinda,1.0,PM10,77.0,Satisfactory,"number_of_monitoring_stations in Absolute Number, aqi_value in Indices",,0.0
2022-12-08,Punjab,Jalandhar,1.0,PM10,189.0,Moderate,"number_of_monitoring_stations in Absolute Number, aqi_value in Indices",,0.0
2022-12-08,Punjab,Ludhiana,1.0,PM2.5,253.0,Poor,"number_of_monitoring_stations in Absolute Number, aqi_value in Indices",,0.0
2022-12-08,Punjab,Patiala,1.0,PM10,108.0,Moderate,"number_of_monitoring_stations in Absolute Number, aqi_value in Indices",,0.0
2022-12-08,Punjab,Rupnagar,1.0,PM10,122.0,Moderate,"number_of_monitoring_stations in Absolute Number, aqi_value in Indices",,0.0
2022-12-09,Punjab,Amritsar,1.0,PM2.5,155.0,Moderate,"number_of_monitoring_stations in Absolute Number, aqi_value in Indices",,0.0
2022-12-09,Punjab,Bathinda,1.0,PM10,141.0,Moderate,"number_of_monitoring_stations in Absolute Number, aqi_value in Indices",,0.0
2022-12-09,Punjab,Jalandhar,1.0,PM10,167.0,Moderate,"number_of_monitoring_stations in Absolute Number, aqi_value in Indices",,0.0
2022-12-09,Punjab,Ludhiana,1.0,PM2.5,262.0,Poor,"number_of_monitoring_stations in Absolute Number, aqi_value in Indices",,0.0
2022-12-09,Punjab,Patiala,1.0,PM2.5,162.0,Moderate,"number_of_monitoring_stations in Absolute Number, aqi_value in Indices",,0.0
2022-12-09,Punjab,Rupnagar,1.0,PM10,109.0,Moderate,"number_of_monitoring_stations in Absolute Number, aqi_value in Indices",,0.0
2022-12-10,Punjab,Amritsar,1.0,PM2.5,143.0,Moderate,"number_of_monitoring_stations in Absolute Number, aqi_value in Indices",,0.0
2022-12-10,Punjab,Bathinda,1.0,PM10,94.0,Satisfactory,"number_of_monitoring_stations in Absolute Number, aqi_value in Indices",,0.0
2022-12-10,Punjab,Jalandhar,1.0,PM2.5,188.0,Moderate,"number_of_monitoring_stations in Absolute Number, aqi_value in Indices",,0.0
2022-12-10,Punjab,Ludhiana,1.0,PM2.5,186.0,Moderate,"number_of_monitoring_stations in Absolute Number, aqi_value in Indices",,0.0
2022-12-10,Punjab,Patiala,1.0,PM2.5,145.0,Moderate,"number_of_monitoring_stations in Absolute Number, aqi_value in Indices",,0.0
2022-12-10,Punjab,Rupnagar,1.0,PM10,119.0,Moderate,"number_of_monitoring_stations in Absolute Number, aqi_value in Indices",,0.0
2022-12-11,Punjab,Amritsar,1.0,PM2.5,139.0,Moderate,"number_of_monitoring_stations in Absolute Number, aqi_value in Indices",,0.0
2022-12-11,Punjab,Bathinda,1.0,PM10,77.0,Satisfactory,"number_of_monitoring_stations in Absolute Number, aqi_value in Indices",,0.0
2022-12-11,Punjab,Jalandhar,1.0,PM10,88.0,Satisfactory,"number_of_monitoring_stations in Absolute Number, aqi_value in Indices",,0.0
2022-12-11,Punjab,Ludhiana,1.0,PM10,97.0,Satisfactory,"number_of_monitoring_stations in Absolute Number, aqi_value in Indices",,0.0
2022-12-11,Punjab,Patiala,1.0,PM10,93.0,Satisfactory,"number_of_monitoring_stations in Absolute Number, aqi_value in Indices",,0.0
2022-12-11,Punjab,Rupnagar,1.0,PM10,92.0,Satisfactory,"number_of_monitoring_stations in Absolute Number, aqi_value in Indices",,0.0
2022-12-12,Punjab,Amritsar,1.0,PM2.5,130.0,Moderate,"number_of_monitoring_stations in Absolute Number, aqi_value in Indices",,0.0
2022-12-12,Punjab,Bathinda,1.0,CO,68.0,Satisfactory,"number_of_monitoring_stations in Absolute Number, aqi_value in Indices",,0.0
2022-12-12,Punjab,Jalandhar,1.0,PM10,96.0,Satisfactory,"number_of_monitoring_stations in Absolute Number, aqi_value in Indices",,0.0
2022-12-12,Punjab,Ludhiana,1.0,PM10,91.0,Satisfactory,"number_of_monitoring_stations in Absolute Number, aqi_value in Indices",,0.0
2022-12-12,Punjab,Patiala,1.0,PM10,68.0,Satisfactory,"number_of_monitoring_stations in Absolute Number, aqi_value in Indices",,0.0
2022-12-12,Punjab,Rupnagar,1.0,PM10,85.0,Satisfactory,"number_of_monitoring_stations in Absolute Number, aqi_value in Indices",,0.0
2022-12-13,Punjab,Amritsar,1.0,PM2.5,150.0,Moderate,"number_of_monitoring_stations in Absolute Number, aqi_value in Indices",,0.0
2022-12-13,Punjab,Bathinda,1.0,CO,64.0,Satisfactory,"number_of_monitoring_stations in Absolute Number, aqi_value in Indices",,0.0
2022-12-13,Punjab,Jalandhar,1.0,PM10,92.0,Satisfactory,"number_of_monitoring_stations in Absolute Number, aqi_value in Indices",,0.0
2022-12-13,Punjab,Ludhiana,1.0,PM10,88.0,Satisfactory,"number_of_monitoring_stations in Absolute Number, aqi_value in Indices",,0.0
2022-12-13,Punjab,Patiala,1.0,PM10,66.0,Satisfactory,"number_of_monitoring_stations in Absolute Number, aqi_value in Indices",,0.0
2022-12-13,Punjab,Rupnagar,1.0,PM10,80.0,Satisfactory,"number_of_monitoring_stations in Absolute Number, aqi_value in Indices",,0.0
2022-12-14,Punjab,Amritsar,1.0,PM2.5,172.0,Moderate,"number_of_monitoring_stations in Absolute Number, aqi_value in Indices",,0.0
2022-12-14,Punjab,Bathinda,1.0,PM10,210.0,Poor,"number_of_monitoring_stations in Absolute Number, aqi_value in Indices",,0.0
2022-12-14,Punjab,Jalandhar,1.0,PM10,91.0,Satisfactory,"number_of_monitoring_stations in Absolute Number, aqi_value in Indices",,0.0
2022-12-14,Punjab,Ludhiana,1.0,PM2.5,127.0,Moderate,"number_of_monitoring_stations in Absolute Number, aqi_value in Indices",,0.0
2022-12-14,Punjab,Patiala,1.0,PM10,61.0,Satisfactory,"number_of_monitoring_stations in Absolute Number, aqi_value in Indices",,0.0
2022-12-15,Punjab,Amritsar,1.0,PM2.5,188.0,Moderate,"number_of_monitoring_stations in Absolute Number, aqi_value in Indices",,0.0
2022-12-15,Punjab,Jalandhar,1.0,PM2.5,173.0,Moderate,"number_of_monitoring_stations in Absolute Number, aqi_value in Indices",,0.0
2022-12-15,Punjab,Ludhiana,1.0,PM2.5,159.0,Moderate,"number_of_monitoring_stations in Absolute Number, aqi_value in Indices",,0.0
2022-12-15,Punjab,Patiala,1.0,PM10,73.0,Satisfactory,"number_of_monitoring_stations in Absolute Number, aqi_value in Indices",,0.0
2022-12-15,Punjab,Rupnagar,1.0,PM10,107.0,Moderate,"number_of_monitoring_stations in Absolute Number, aqi_value in Indices",,0.0
2022-12-16,Punjab,Amritsar,1.0,PM2.5,222.0,Poor,"number_of_monitoring_stations in Absolute Number, aqi_value in Indices",,0.0
2022-12-16,Punjab,Bathinda,1.0,CO,60.0,Satisfactory,"number_of_monitoring_stations in Absolute Number, aqi_value in Indices",,0.0
2022-12-16,Punjab,Jalandhar,1.0,PM2.5,255.0,Poor,"number_of_monitoring_stations in Absolute Number, aqi_value in Indices",,0.0
2022-12-16,Punjab,Ludhiana,1.0,PM2.5,235.0,Poor,"number_of_monitoring_stations in Absolute Number, aqi_value in Indices",,0.0
2022-12-16,Punjab,Patiala,1.0,PM10,93.0,Satisfactory,"number_of_monitoring_stations in Absolute Number, aqi_value in Indices",,0.0
2022-12-16,Punjab,Rupnagar,1.0,PM10,118.0,Moderate,"number_of_monitoring_stations in Absolute Number, aqi_value in Indices",,0.0
2022-12-17,Punjab,Amritsar,1.0,PM2.5,210.0,Poor,"number_of_monitoring_stations in Absolute Number, aqi_value in Indices",,0.0
2022-12-17,Punjab,Bathinda,1.0,PM2.5,131.0,Moderate,"number_of_monitoring_stations in Absolute Number, aqi_value in Indices",,0.0
2022-12-17,Punjab,Jalandhar,1.0,PM2.5,252.0,Poor,"number_of_monitoring_stations in Absolute Number, aqi_value in Indices",,0.0
2022-12-17,Punjab,Ludhiana,1.0,PM2.5,264.0,Poor,"number_of_monitoring_stations in Absolute Number, aqi_value in Indices",,0.0
2022-12-17,Punjab,Patiala,1.0,PM10,118.0,Moderate,"number_of_monitoring_stations in Absolute Number, aqi_value in Indices",,0.0
2022-12-17,Punjab,Rupnagar,1.0,PM2.5,234.0,Poor,"number_of_monitoring_stations in Absolute Number, aqi_value in Indices",,0.0
2022-12-18,Punjab,Amritsar,1.0,PM2.5,304.0,Very Poor,"number_of_monitoring_stations in Absolute Number, aqi_value in Indices",,0.0
2022-12-18,Punjab,Bathinda,1.0,PM2.5,128.0,Moderate,"number_of_monitoring_stations in Absolute Number, aqi_value in Indices",,0.0
2022-12-18,Punjab,Jalandhar,1.0,PM2.5,301.0,Very Poor,"number_of_monitoring_stations in Absolute Number, aqi_value in Indices",,0.0
2022-12-18,Punjab,Ludhiana,1.0,PM2.5,332.0,Very Poor,"number_of_monitoring_stations in Absolute Number, aqi_value in Indices",,0.0
2022-12-18,Punjab,Patiala,1.0,PM2.5,136.0,Moderate,"number_of_monitoring_stations in Absolute Number, aqi_value in Indices",,0.0
2022-12-18,Punjab,Rupnagar,1.0,PM2.5,130.0,Moderate,"number_of_monitoring_stations in Absolute Number, aqi_value in Indices",,0.0
2022-12-19,Punjab,Amritsar,1.0,PM2.5,297.0,Poor,"number_of_monitoring_stations in Absolute Number, aqi_value in Indices",,0.0
2022-12-19,Punjab,Bathinda,1.0,PM2.5,150.0,Moderate,"number_of_monitoring_stations in Absolute Number, aqi_value in Indices",,0.0
2022-12-19,Punjab,Jalandhar,1.0,PM2.5,274.0,Poor,"number_of_monitoring_stations in Absolute Number, aqi_value in Indices",,0.0
2022-12-19,Punjab,Ludhiana,1.0,PM2.5,251.0,Poor,"number_of_monitoring_stations in Absolute Number, aqi_value in Indices",,0.0
2022-12-19,Punjab,Patiala,1.0,PM2.5,182.0,Moderate,"number_of_monitoring_stations in Absolute Number, aqi_value in Indices",,0.0
2022-12-19,Punjab,Rupnagar,1.0,PM10,139.0,Moderate,"number_of_monitoring_stations in Absolute Number, aqi_value in Indices",,0.0
2022-12-20,Punjab,Amritsar,1.0,PM2.5,252.0,Poor,"number_of_monitoring_stations in Absolute Number, aqi_value in Indices",,0.0
2022-12-20,Punjab,Bathinda,1.0,PM2.5,207.0,Poor,"number_of_monitoring_stations in Absolute Number, aqi_value in Indices",,0.0
2022-12-20,Punjab,Jalandhar,1.0,PM2.5,286.0,Poor,"number_of_monitoring_stations in Absolute Number, aqi_value in Indices",,0.0
2022-12-20,Punjab,Ludhiana,1.0,PM2.5,174.0,Moderate,"number_of_monitoring_stations in Absolute Number, aqi_value in Indices",,0.0
2022-12-20,Punjab,Patiala,1.0,PM10,102.0,Moderate,"number_of_monitoring_stations in Absolute Number, aqi_value in Indices",,0.0
2022-12-20,Punjab,Rupnagar,1.0,PM10,104.0,Moderate,"number_of_monitoring_stations in Absolute Number, aqi_value in Indices",,0.0
2022-12-21,Punjab,Amritsar,1.0,PM2.5,215.0,Poor,"number_of_monitoring_stations in Absolute Number, aqi_value in Indices",,0.0
2022-12-21,Punjab,Bathinda,1.0,PM2.5,136.0,Moderate,"number_of_monitoring_stations in Absolute Number, aqi_value in Indices",,0.0
2022-12-21,Punjab,Jalandhar,1.0,PM2.5,178.0,Moderate,"number_of_monitoring_stations in Absolute Number, aqi_value in Indices",,0.0
2022-12-21,Punjab,Ludhiana,1.0,PM2.5,245.0,Poor,"number_of_monitoring_stations in Absolute Number, aqi_value in Indices",,0.0
2022-12-21,Punjab,Patiala,1.0,PM2.5,156.0,Moderate,"number_of_monitoring_stations in Absolute Number, aqi_value in Indices",,0.0
2022-12-21,Punjab,Rupnagar,1.0,PM10,95.0,Satisfactory,"number_of_monitoring_stations in Absolute Number, aqi_value in Indices",,0.0
2022-12-22,Punjab,Amritsar,1.0,PM2.5,202.0,Poor,"number_of_monitoring_stations in Absolute Number, aqi_value in Indices",,0.0
2022-12-22,Punjab,Bathinda,1.0,PM2.5,124.0,Moderate,"number_of_monitoring_stations in Absolute Number, aqi_value in Indices",,0.0
2022-12-22,Punjab,Jalandhar,1.0,PM2.5,167.0,Moderate,"number_of_monitoring_stations in Absolute Number, aqi_value in Indices",,0.0
2022-12-22,Punjab,Ludhiana,1.0,PM2.5,144.0,Moderate,"number_of_monitoring_stations in Absolute Number, aqi_value in Indices",,0.0
2022-12-22,Punjab,Patiala,1.0,PM2.5,154.0,Moderate,"number_of_monitoring_stations in Absolute Number, aqi_value in Indices",,0.0
2022-12-22,Punjab,Rupnagar,1.0,PM10,92.0,Satisfactory,"number_of_monitoring_stations in Absolute Number, aqi_value in Indices",,0.0
2022-12-23,Punjab,Amritsar,1.0,PM2.5,163.0,Moderate,"number_of_monitoring_stations in Absolute Number, aqi_value in Indices",,0.0
2022-12-23,Punjab,Bathinda,1.0,PM2.5,120.0,Moderate,"number_of_monitoring_stations in Absolute Number, aqi_value in Indices",,0.0
2022-12-23,Punjab,Jalandhar,1.0,PM10,104.0,Moderate,"number_of_monitoring_stations in Absolute Number, aqi_value in Indices",,0.0
2022-12-23,Punjab,Ludhiana,1.0,PM2.5,194.0,Moderate,"number_of_monitoring_stations in Absolute Number, aqi_value in Indices",,0.0
2022-12-23,Punjab,Patiala,1.0,PM2.5,120.0,Moderate,"number_of_monitoring_stations in Absolute Number, aqi_value in Indices",,0.0
2022-12-23,Punjab,Rupnagar,1.0,PM10,159.0,Moderate,"number_of_monitoring_stations in Absolute Number, aqi_value in Indices",,0.0
2022-12-24,Punjab,Amritsar,1.0,PM2.5,162.0,Moderate,"number_of_monitoring_stations in Absolute Number, aqi_value in Indices",,0.0
2022-12-24,Punjab,Bathinda,1.0,PM2.5,127.0,Moderate,"number_of_monitoring_stations in Absolute Number, aqi_value in Indices",,0.0
2022-12-24,Punjab,Jalandhar,1.0,PM2.5,126.0,Moderate,"number_of_monitoring_stations in Absolute Number, aqi_value in Indices",,0.0
2022-12-24,Punjab,Ludhiana,1.0,PM2.5,210.0,Poor,"number_of_monitoring_stations in Absolute Number, aqi_value in Indices",,0.0
2022-12-24,Punjab,Patiala,1.0,PM10,98.0,Satisfactory,"number_of_monitoring_stations in Absolute Number, aqi_value in Indices",,0.0
2022-12-24,Punjab,Rupnagar,1.0,PM10,121.0,Moderate,"number_of_monitoring_stations in Absolute Number, aqi_value in Indices",,0.0
2022-12-25,Punjab,Amritsar,1.0,PM2.5,147.0,Moderate,"number_of_monitoring_stations in Absolute Number, aqi_value in Indices",,0.0
2022-12-25,Punjab,Bathinda,1.0,PM2.5,160.0,Moderate,"number_of_monitoring_stations in Absolute Number, aqi_value in Indices",,0.0
2022-12-25,Punjab,Jalandhar,1.0,PM2.5,140.0,Moderate,"number_of_monitoring_stations in Absolute Number, aqi_value in Indices",,0.0
2022-12-25,Punjab,Ludhiana,1.0,PM2.5,184.0,Moderate,"number_of_monitoring_stations in Absolute Number, aqi_value in Indices",,0.0
2022-12-25,Punjab,Patiala,1.0,PM2.5,123.0,Moderate,"number_of_monitoring_stations in Absolute Number, aqi_value in Indices",,0.0
2022-12-25,Punjab,Rupnagar,1.0,PM10,144.0,Moderate,"number_of_monitoring_stations in Absolute Number, aqi_value in Indices",,0.0
2022-12-26,Punjab,Amritsar,1.0,PM2.5,232.0,Poor,"number_of_monitoring_stations in Absolute Number, aqi_value in Indices",,0.0
2022-12-26,Punjab,Jalandhar,1.0,PM2.5,174.0,Moderate,"number_of_monitoring_stations in Absolute Number, aqi_value in Indices",,0.0
2022-12-26,Punjab,Ludhiana,1.0,PM2.5,280.0,Poor,"number_of_monitoring_stations in Absolute Number, aqi_value in Indices",,0.0
2022-12-26,Punjab,Patiala,1.0,PM2.5,134.0,Moderate,"number_of_monitoring_stations in Absolute Number, aqi_value in Indices",,0.0
2022-12-26,Punjab,Rupnagar,1.0,PM2.5,160.0,Moderate,"number_of_monitoring_stations in Absolute Number, aqi_value in Indices",,0.0
2022-12-27,Punjab,Amritsar,1.0,PM2.5,150.0,Moderate,"number_of_monitoring_stations in Absolute Number, aqi_value in Indices",,0.0
2022-12-27,Punjab,Bathinda,1.0,PM2.5,138.0,Moderate,"number_of_monitoring_stations in Absolute Number, aqi_value in Indices",,0.0
2022-12-27,Punjab,Jalandhar,1.0,PM2.5,176.0,Moderate,"number_of_monitoring_stations in Absolute Number, aqi_value in Indices",,0.0
2022-12-27,Punjab,Ludhiana,1.0,PM2.5,233.0,Poor,"number_of_monitoring_stations in Absolute Number, aqi_value in Indices",,0.0
2022-12-27,Punjab,Patiala,1.0,PM2.5,157.0,Moderate,"number_of_monitoring_stations in Absolute Number, aqi_value in Indices",,0.0
2022-12-27,Punjab,Rupnagar,1.0,PM2.5,185.0,Moderate,"number_of_monitoring_stations in Absolute Number, aqi_value in Indices",,0.0
2022-12-28,Punjab,Amritsar,1.0,PM2.5,280.0,Poor,"number_of_monitoring_stations in Absolute Number, aqi_value in Indices",,0.0
2022-12-28,Punjab,Bathinda,1.0,PM2.5,99.0,Satisfactory,"number_of_monitoring_stations in Absolute Number, aqi_value in Indices",,0.0
2022-12-28,Punjab,Jalandhar,1.0,PM2.5,183.0,Moderate,"number_of_monitoring_stations in Absolute Number, aqi_value in Indices",,0.0
2022-12-28,Punjab,Ludhiana,1.0,PM2.5,230.0,Poor,"number_of_monitoring_stations in Absolute Number, aqi_value in Indices",,0.0
2022-12-28,Punjab,Patiala,1.0,PM2.5,184.0,Moderate,"number_of_monitoring_stations in Absolute Number, aqi_value in Indices",,0.0
2022-12-28,Punjab,Rupnagar,1.0,PM2.5,168.0,Moderate,"number_of_monitoring_stations in Absolute Number, aqi_value in Indices",,0.0
2022-12-29,Punjab,Amritsar,1.0,PM2.5,290.0,Poor,"number_of_monitoring_stations in Absolute Number, aqi_value in Indices",,0.0
2022-12-29,Punjab,Bathinda,1.0,PM2.5,156.0,Moderate,"number_of_monitoring_stations in Absolute Number, aqi_value in Indices",,0.0
2022-12-29,Punjab,Jalandhar,1.0,PM2.5,283.0,Poor,"number_of_monitoring_stations in Absolute Number, aqi_value in Indices",,0.0
2022-12-29,Punjab,Ludhiana,1.0,PM2.5,312.0,Very Poor,"number_of_monitoring_stations in Absolute Number, aqi_value in Indices",,0.0
2022-12-29,Punjab,Patiala,1.0,PM2.5,167.0,Moderate,"number_of_monitoring_stations in Absolute Number, aqi_value in Indices",,0.0
2022-12-29,Punjab,Rupnagar,1.0,PM10,184.0,Moderate,"number_of_monitoring_stations in Absolute Number, aqi_value in Indices",,0.0
2022-12-30,Punjab,Amritsar,1.0,PM2.5,171.0,Moderate,"number_of_monitoring_stations in Absolute Number, aqi_value in Indices",,0.0
2022-12-30,Punjab,Bathinda,1.0,PM2.5,198.0,Moderate,"number_of_monitoring_stations in Absolute Number, aqi_value in Indices",,0.0
2022-12-30,Punjab,Jalandhar,1.0,PM2.5,266.0,Poor,"number_of_monitoring_stations in Absolute Number, aqi_value in Indices",,0.0
2022-12-30,Punjab,Ludhiana,1.0,PM2.5,301.0,Very Poor,"number_of_monitoring_stations in Absolute Number, aqi_value in Indices",,0.0
2022-12-30,Punjab,Patiala,1.0,PM2.5,217.0,Poor,"number_of_monitoring_stations in Absolute Number, aqi_value in Indices",,0.0
2022-12-30,Punjab,Rupnagar,1.0,PM2.5,336.0,Very Poor,"number_of_monitoring_stations in Absolute Number, aqi_value in Indices",,0.0
2022-12-31,Punjab,Amritsar,1.0,PM2.5,71.0,Satisfactory,"number_of_monitoring_stations in Absolute Number, aqi_value in Indices",,0.0
2022-12-31,Punjab,Jalandhar,1.0,PM2.5,137.0,Moderate,"number_of_monitoring_stations in Absolute Number, aqi_value in Indices",,0.0
2022-12-31,Punjab,Ludhiana,1.0,PM2.5,148.0,Moderate,"number_of_monitoring_stations in Absolute Number, aqi_value in Indices",,0.0
2022-12-31,Punjab,Patiala,1.0,PM2.5,132.0,Moderate,"number_of_monitoring_stations in Absolute Number, aqi_value in Indices",,0.0
2022-12-31,Punjab,Rupnagar,1.0,PM10,187.0,Moderate,"number_of_monitoring_stations in Absolute Number, aqi_value in Indices",,0.0
2023-01-01,Punjab,Amritsar,1.0,PM2.5,204.0,Poor,"number_of_monitoring_stations in Absolute Number, aqi_value in Indices",,0.0
2023-01-01,Punjab,Bathinda,1.0,CO,67.0,Satisfactory,"number_of_monitoring_stations in Absolute Number, aqi_value in Indices",,0.0
2023-01-01,Punjab,Jalandhar,1.0,PM2.5,196.0,Moderate,"number_of_monitoring_stations in Absolute Number, aqi_value in Indices",,0.0
2023-01-01,Punjab,Ludhiana,1.0,PM2.5,314.0,Very Poor,"number_of_monitoring_stations in Absolute Number, aqi_value in Indices",,0.0
2023-01-01,Punjab,Patiala,1.0,PM10,94.0,Satisfactory,"number_of_monitoring_stations in Absolute Number, aqi_value in Indices",,0.0
2023-01-01,Punjab,Rupnagar,1.0,PM10,172.0,Moderate,"number_of_monitoring_stations in Absolute Number, aqi_value in Indices",,0.0
2023-01-02,Punjab,Amritsar,1.0,PM2.5,236.0,Poor,"number_of_monitoring_stations in Absolute Number, aqi_value in Indices",,0.0
2023-01-02,Punjab,Bathinda,1.0,PM2.5,83.0,Satisfactory,"number_of_monitoring_stations in Absolute Number, aqi_value in Indices",,0.0
2023-01-02,Punjab,Jalandhar,1.0,PM2.5,172.0,Moderate,"number_of_monitoring_stations in Absolute Number, aqi_value in Indices",,0.0
2023-01-02,Punjab,Ludhiana,1.0,PM2.5,287.0,Poor,"number_of_monitoring_stations in Absolute Number, aqi_value in Indices",,0.0
2023-01-02,Punjab,Patiala,1.0,PM2.5,120.0,Moderate,"number_of_monitoring_stations in Absolute Number, aqi_value in Indices",,0.0
2023-01-02,Punjab,Rupnagar,1.0,PM2.5,150.0,Moderate,"number_of_monitoring_stations in Absolute Number, aqi_value in Indices",,0.0
2023-01-03,Punjab,Amritsar,1.0,PM2.5,208.0,Poor,"number_of_monitoring_stations in Absolute Number, aqi_value in Indices",,0.0
2023-01-03,Punjab,Bathinda,1.0,PM2.5,130.0,Moderate,"number_of_monitoring_stations in Absolute Number, aqi_value in Indices",,0.0
2023-01-03,Punjab,Jalandhar,1.0,PM2.5,182.0,Moderate,"number_of_monitoring_stations in Absolute Number, aqi_value in Indices",,0.0
2023-01-03,Punjab,Ludhiana,1.0,PM2.5,262.0,Poor,"number_of_monitoring_stations in Absolute Number, aqi_value in Indices",,0.0
2023-01-03,Punjab,Patiala,1.0,PM10,95.0,Satisfactory,"number_of_monitoring_stations in Absolute Number, aqi_value in Indices",,0.0
2023-01-03,Punjab,Rupnagar,1.0,PM10,227.0,Poor,"number_of_monitoring_stations in Absolute Number, aqi_value in Indices",,0.0
2023-01-04,Punjab,Amritsar,1.0,PM2.5,180.0,Moderate,"number_of_monitoring_stations in Absolute Number, aqi_value in Indices",,0.0
2023-01-04,Punjab,Bathinda,1.0,PM2.5,80.0,Satisfactory,"number_of_monitoring_stations in Absolute Number, aqi_value in Indices",,0.0
2023-01-04,Punjab,Jalandhar,1.0,PM2.5,226.0,Poor,"number_of_monitoring_stations in Absolute Number, aqi_value in Indices",,0.0
2023-01-04,Punjab,Ludhiana,1.0,PM2.5,177.0,Moderate,"number_of_monitoring_stations in Absolute Number, aqi_value in Indices",,0.0
2023-01-04,Punjab,Patiala,1.0,PM2.5,152.0,Moderate,"number_of_monitoring_stations in Absolute Number, aqi_value in Indices",,0.0
2023-01-04,Punjab,Rupnagar,1.0,PM10,208.0,Poor,"number_of_monitoring_stations in Absolute Number, aqi_value in Indices",,0.0
2023-01-05,Punjab,Amritsar,1.0,PM2.5,173.0,Moderate,"number_of_monitoring_stations in Absolute Number, aqi_value in Indices",,0.0
2023-01-05,Punjab,Bathinda,1.0,PM2.5,119.0,Moderate,"number_of_monitoring_stations in Absolute Number, aqi_value in Indices",,0.0
2023-01-05,Punjab,Ludhiana,1.0,PM2.5,192.0,Moderate,"number_of_monitoring_stations in Absolute Number, aqi_value in Indices",,0.0
2023-01-05,Punjab,Patiala,1.0,PM2.5,156.0,Moderate,"number_of_monitoring_stations in Absolute Number, aqi_value in Indices",,0.0
2023-01-05,Punjab,Rupnagar,1.0,PM10,119.0,Moderate,"number_of_monitoring_stations in Absolute Number, aqi_value in Indices",,0.0
2023-01-06,Punjab,Amritsar,1.0,PM2.5,258.0,Poor,"number_of_monitoring_stations in Absolute Number, aqi_value in Indices",,0.0
2023-01-06,Punjab,Bathinda,1.0,PM2.5,97.0,Satisfactory,"number_of_monitoring_stations in Absolute Number, aqi_value in Indices",,0.0
2023-01-06,Punjab,Jalandhar,1.0,PM2.5,175.0,Moderate,"number_of_monitoring_stations in Absolute Number, aqi_value in Indices",,0.0
2023-01-06,Punjab,Ludhiana,1.0,PM2.5,301.0,Very Poor,"number_of_monitoring_stations in Absolute Number, aqi_value in Indices",,0.0
2023-01-06,Punjab,Patiala,1.0,PM2.5,154.0,Moderate,"number_of_monitoring_stations in Absolute Number, aqi_value in Indices",,0.0
2023-01-06,Punjab,Rupnagar,1.0,PM10,233.0,Poor,"number_of_monitoring_stations in Absolute Number, aqi_value in Indices",,0.0
2023-01-07,Punjab,Amritsar,1.0,PM2.5,236.0,Poor,"number_of_monitoring_stations in Absolute Number, aqi_value in Indices",,0.0
2023-01-07,Punjab,Bathinda,1.0,PM2.5,150.0,Moderate,"number_of_monitoring_stations in Absolute Number, aqi_value in Indices",,0.0
2023-01-07,Punjab,Jalandhar,1.0,PM2.5,249.0,Poor,"number_of_monitoring_stations in Absolute Number, aqi_value in Indices",,0.0
2023-01-07,Punjab,Ludhiana,1.0,PM2.5,273.0,Poor,"number_of_monitoring_stations in Absolute Number, aqi_value in Indices",,0.0
2023-01-07,Punjab,Patiala,1.0,PM2.5,197.0,Moderate,"number_of_monitoring_stations in Absolute Number, aqi_value in Indices",,0.0
2023-01-07,Punjab,Rupnagar,1.0,PM10,169.0,Moderate,"number_of_monitoring_stations in Absolute Number, aqi_value in Indices",,0.0
2023-01-08,Punjab,Amritsar,1.0,PM2.5,242.0,Poor,"number_of_monitoring_stations in Absolute Number, aqi_value in Indices",,0.0
2023-01-08,Punjab,Bathinda,1.0,PM2.5,183.0,Moderate,"number_of_monitoring_stations in Absolute Number, aqi_value in Indices",,0.0
2023-01-08,Punjab,Jalandhar,1.0,PM2.5,218.0,Poor,"number_of_monitoring_stations in Absolute Number, aqi_value in Indices",,0.0
2023-01-08,Punjab,Ludhiana,1.0,PM2.5,224.0,Poor,"number_of_monitoring_stations in Absolute Number, aqi_value in Indices",,0.0
2023-01-08,Punjab,Patiala,1.0,PM2.5,176.0,Moderate,"number_of_monitoring_stations in Absolute Number, aqi_value in Indices",,0.0
2023-01-08,Punjab,Rupnagar,1.0,PM2.5,187.0,Moderate,"number_of_monitoring_stations in Absolute Number, aqi_value in Indices",,0.0
2023-01-09,Punjab,Amritsar,1.0,PM2.5,277.0,Poor,"number_of_monitoring_stations in Absolute Number, aqi_value in Indices",,0.0
2023-01-09,Punjab,Bathinda,1.0,PM2.5,159.0,Moderate,"number_of_monitoring_stations in Absolute Number, aqi_value in Indices",,0.0
2023-01-09,Punjab,Jalandhar,1.0,PM2.5,208.0,Poor,"number_of_monitoring_stations in Absolute Number, aqi_value in Indices",,0.0
2023-01-09,Punjab,Ludhiana,1.0,PM2.5,326.0,Very Poor,"number_of_monitoring_stations in Absolute Number, aqi_value in Indices",,0.0
2023-01-09,Punjab,Patiala,1.0,PM2.5,204.0,Poor,"number_of_monitoring_stations in Absolute Number, aqi_value in Indices",,0.0
2023-01-09,Punjab,Rupnagar,1.0,PM2.5,264.0,Poor,"number_of_monitoring_stations in Absolute Number, aqi_value in Indices",,0.0
2023-01-10,Punjab,Amritsar,1.0,PM2.5,203.0,Poor,"number_of_monitoring_stations in Absolute Number, aqi_value in Indices",,0.0
2023-01-10,Punjab,Bathinda,1.0,PM2.5,175.0,Moderate,"number_of_monitoring_stations in Absolute Number, aqi_value in Indices",,0.0
2023-01-10,Punjab,Jalandhar,1.0,PM2.5,259.0,Poor,"number_of_monitoring_stations in Absolute Number, aqi_value in Indices",,0.0
2023-01-10,Punjab,Ludhiana,1.0,PM2.5,236.0,Poor,"number_of_monitoring_stations in Absolute Number, aqi_value in Indices",,0.0
2023-01-10,Punjab,Patiala,1.0,PM2.5,161.0,Moderate,"number_of_monitoring_stations in Absolute Number, aqi_value in Indices",,0.0
2023-01-10,Punjab,Rupnagar,1.0,PM2.5,218.0,Poor,"number_of_monitoring_stations in Absolute Number, aqi_value in Indices",,0.0
2023-01-11,Punjab,Amritsar,1.0,PM2.5,251.0,Poor,"number_of_monitoring_stations in Absolute Number, aqi_value in Indices",,0.0
2023-01-11,Punjab,Bathinda,1.0,PM2.5,102.0,Moderate,"number_of_monitoring_stations in Absolute Number, aqi_value in Indices",,0.0
2023-01-11,Punjab,Jalandhar,1.0,PM2.5,202.0,Poor,"number_of_monitoring_stations in Absolute Number, aqi_value in Indices",,0.0
2023-01-11,Punjab,Ludhiana,1.0,PM2.5,201.0,Poor,"number_of_monitoring_stations in Absolute Number, aqi_value in Indices",,0.0
2023-01-11,Punjab,Patiala,1.0,PM2.5,134.0,Moderate,"number_of_monitoring_stations in Absolute Number, aqi_value in Indices",,0.0
2023-01-11,Punjab,Rupnagar,1.0,PM10,181.0,Moderate,"number_of_monitoring_stations in Absolute Number, aqi_value in Indices",,0.0
2023-01-12,Punjab,Amritsar,1.0,PM2.5,235.0,Poor,"number_of_monitoring_stations in Absolute Number, aqi_value in Indices",,0.0
2023-01-12,Punjab,Bathinda,1.0,PM2.5,242.0,Poor,"number_of_monitoring_stations in Absolute Number, aqi_value in Indices",,0.0
2023-01-12,Punjab,Jalandhar,1.0,PM2.5,140.0,Moderate,"number_of_monitoring_stations in Absolute Number, aqi_value in Indices",,0.0
2023-01-12,Punjab,Ludhiana,1.0,PM2.5,348.0,Very Poor,"number_of_monitoring_stations in Absolute Number, aqi_value in Indices",,0.0
2023-01-12,Punjab,Patiala,1.0,PM2.5,152.0,Moderate,"number_of_monitoring_stations in Absolute Number, aqi_value in Indices",,0.0
2023-01-12,Punjab,Rupnagar,1.0,PM10,239.0,Poor,"number_of_monitoring_stations in Absolute Number, aqi_value in Indices",,0.0
2023-01-13,Punjab,Amritsar,1.0,PM2.5,247.0,Poor,"number_of_monitoring_stations in Absolute Number, aqi_value in Indices",,0.0
2023-01-13,Punjab,Jalandhar,1.0,PM2.5,276.0,Poor,"number_of_monitoring_stations in Absolute Number, aqi_value in Indices",,0.0
2023-01-13,Punjab,Ludhiana,1.0,PM2.5,279.0,Poor,"number_of_monitoring_stations in Absolute Number, aqi_value in Indices",,0.0
2023-01-13,Punjab,Patiala,1.0,PM10,110.0,Moderate,"number_of_monitoring_stations in Absolute Number, aqi_value in Indices",,0.0
2023-01-13,Punjab,Rupnagar,1.0,PM10,239.0,Poor,"number_of_monitoring_stations in Absolute Number, aqi_value in Indices",,0.0
2023-01-14,Punjab,Amritsar,1.0,PM2.5,146.0,Moderate,"number_of_monitoring_stations in Absolute Number, aqi_value in Indices",,0.0
2023-01-14,Punjab,Bathinda,1.0,PM10,87.0,Satisfactory,"number_of_monitoring_stations in Absolute Number, aqi_value in Indices",,0.0
2023-01-14,Punjab,Jalandhar,1.0,PM2.5,247.0,Poor,"number_of_monitoring_stations in Absolute Number, aqi_value in Indices",,0.0
2023-01-14,Punjab,Ludhiana,1.0,PM2.5,210.0,Poor,"number_of_monitoring_stations in Absolute Number, aqi_value in Indices",,0.0
2023-01-14,Punjab,Patiala,1.0,PM2.5,186.0,Moderate,"number_of_monitoring_stations in Absolute Number, aqi_value in Indices",,0.0
2023-01-15,Punjab,Amritsar,1.0,PM2.5,141.0,Moderate,"number_of_monitoring_stations in Absolute Number, aqi_value in Indices",,0.0
2023-01-15,Punjab,Jalandhar,1.0,PM2.5,155.0,Moderate,"number_of_monitoring_stations in Absolute Number, aqi_value in Indices",,0.0
2023-01-15,Punjab,Ludhiana,1.0,PM2.5,121.0,Moderate,"number_of_monitoring_stations in Absolute Number, aqi_value in Indices",,0.0
2023-01-15,Punjab,Patiala,1.0,PM10,86.0,Satisfactory,"number_of_monitoring_stations in Absolute Number, aqi_value in Indices",,0.0
2023-01-15,Punjab,Rupnagar,1.0,PM10,157.0,Moderate,"number_of_monitoring_stations in Absolute Number, aqi_value in Indices",,0.0
2023-01-16,Punjab,Amritsar,1.0,PM2.5,138.0,Moderate,"number_of_monitoring_stations in Absolute Number, aqi_value in Indices",,0.0
2023-01-16,Punjab,Bathinda,1.0,PM10,92.0,Satisfactory,"number_of_monitoring_stations in Absolute Number, aqi_value in Indices",,0.0
2023-01-16,Punjab,Jalandhar,1.0,PM2.5,215.0,Poor,"number_of_monitoring_stations in Absolute Number, aqi_value in Indices",,0.0
2023-01-16,Punjab,Ludhiana,1.0,PM2.5,107.0,Moderate,"number_of_monitoring_stations in Absolute Number, aqi_value in Indices",,0.0
2023-01-16,Punjab,Patiala,1.0,PM10,99.0,Satisfactory,"number_of_monitoring_stations in Absolute Number, aqi_value in Indices",,0.0
2023-01-16,Punjab,Rupnagar,1.0,PM10,274.0,Poor,"number_of_monitoring_stations in Absolute Number, aqi_value in Indices",,0.0
2023-01-17,Punjab,Amritsar,1.0,PM2.5,150.0,Moderate,"number_of_monitoring_stations in Absolute Number, aqi_value in Indices",,0.0
2023-01-17,Punjab,Jalandhar,1.0,PM10,155.0,Moderate,"number_of_monitoring_stations in Absolute Number, aqi_value in Indices",,0.0
2023-01-17,Punjab,Ludhiana,1.0,PM2.5,104.0,Moderate,"number_of_monitoring_stations in Absolute Number, aqi_value in Indices",,0.0
2023-01-17,Punjab,Patiala,1.0,PM10,100.0,Satisfactory,"number_of_monitoring_stations in Absolute Number, aqi_value in Indices",,0.0
2023-01-17,Punjab,Rupnagar,1.0,PM10,230.0,Poor,"number_of_monitoring_stations in Absolute Number, aqi_value in Indices",,0.0
2023-01-18,Punjab,Amritsar,1.0,PM2.5,218.0,Poor,"number_of_monitoring_stations in Absolute Number, aqi_value in Indices",,0.0
2023-01-18,Punjab,Jalandhar,1.0,PM2.5,248.0,Poor,"number_of_monitoring_stations in Absolute Number, aqi_value in Indices",,0.0
2023-01-18,Punjab,Ludhiana,1.0,PM2.5,171.0,Moderate,"number_of_monitoring_stations in Absolute Number, aqi_value in Indices",,0.0
2023-01-18,Punjab,Patiala,1.0,PM10,125.0,Moderate,"number_of_monitoring_stations in Absolute Number, aqi_value in Indices",,0.0
2023-01-18,Punjab,Rupnagar,1.0,PM10,254.0,Poor,"number_of_monitoring_stations in Absolute Number, aqi_value in Indices",,0.0
2023-01-19,Punjab,Amritsar,1.0,PM2.5,178.0,Moderate,"number_of_monitoring_stations in Absolute Number, aqi_value in Indices",,0.0
2023-01-19,Punjab,Jalandhar,1.0,PM2.5,179.0,Moderate,"number_of_monitoring_stations in Absolute Number, aqi_value in Indices",,0.0
2023-01-19,Punjab,Ludhiana,1.0,PM2.5,213.0,Poor,"number_of_monitoring_stations in Absolute Number, aqi_value in Indices",,0.0
2023-01-19,Punjab,Patiala,1.0,PM10,120.0,Moderate,"number_of_monitoring_stations in Absolute Number, aqi_value in Indices",,0.0
2023-01-19,Punjab,Rupnagar,1.0,PM10,206.0,Poor,"number_of_monitoring_stations in Absolute Number, aqi_value in Indices",,0.0
2023-01-20,Punjab,Amritsar,1.0,PM2.5,104.0,Moderate,"number_of_monitoring_stations in Absolute Number, aqi_value in Indices",,0.0
2023-01-20,Punjab,Jalandhar,1.0,PM10,107.0,Moderate,"number_of_monitoring_stations in Absolute Number, aqi_value in Indices",,0.0
2023-01-20,Punjab,Ludhiana,1.0,PM2.5,125.0,Moderate,"number_of_monitoring_stations in Absolute Number, aqi_value in Indices",,0.0
2023-01-20,Punjab,Patiala,1.0,PM10,104.0,Moderate,"number_of_monitoring_stations in Absolute Number, aqi_value in Indices",,0.0
2023-01-20,Punjab,Rupnagar,1.0,PM10,132.0,Moderate,"number_of_monitoring_stations in Absolute Number, aqi_value in Indices",,0.0
2023-01-21,Punjab,Amritsar,1.0,PM2.5,67.0,Satisfactory,"number_of_monitoring_stations in Absolute Number, aqi_value in Indices",,0.0
2023-01-21,Punjab,Jalandhar,1.0,PM2.5,68.0,Satisfactory,"number_of_monitoring_stations in Absolute Number, aqi_value in Indices",,0.0
2023-01-21,Punjab,Ludhiana,1.0,PM2.5,92.0,Satisfactory,"number_of_monitoring_stations in Absolute Number, aqi_value in Indices",,0.0
2023-01-21,Punjab,Patiala,1.0,PM10,108.0,Moderate,"number_of_monitoring_stations in Absolute Number, aqi_value in Indices",,0.0
2023-01-21,Punjab,Rupnagar,1.0,PM10,171.0,Moderate,"number_of_monitoring_stations in Absolute Number, aqi_value in Indices",,0.0
2023-01-22,Punjab,Amritsar,1.0,PM2.5,123.0,Moderate,"number_of_monitoring_stations in Absolute Number, aqi_value in Indices",,0.0
2023-01-22,Punjab,Jalandhar,1.0,PM10,108.0,Moderate,"number_of_monitoring_stations in Absolute Number, aqi_value in Indices",,0.0
2023-01-22,Punjab,Ludhiana,1.0,PM10,79.0,Satisfactory,"number_of_monitoring_stations in Absolute Number, aqi_value in Indices",,0.0
2023-01-22,Punjab,Patiala,1.0,PM10,99.0,Satisfactory,"number_of_monitoring_stations in Absolute Number, aqi_value in Indices",,0.0
2023-01-22,Punjab,Rupnagar,1.0,PM10,233.0,Poor,"number_of_monitoring_stations in Absolute Number, aqi_value in Indices",,0.0
2023-01-23,Punjab,Amritsar,1.0,PM2.5,110.0,Moderate,"number_of_monitoring_stations in Absolute Number, aqi_value in Indices",,0.0
2023-01-23,Punjab,Jalandhar,1.0,PM2.5,124.0,Moderate,"number_of_monitoring_stations in Absolute Number, aqi_value in Indices",,0.0
2023-01-23,Punjab,Ludhiana,1.0,PM2.5,106.0,Moderate,"number_of_monitoring_stations in Absolute Number, aqi_value in Indices",,0.0
2023-01-23,Punjab,Patiala,1.0,PM10,101.0,Moderate,"number_of_monitoring_stations in Absolute Number, aqi_value in Indices",,0.0
2023-01-23,Punjab,Rupnagar,1.0,PM10,217.0,Poor,"number_of_monitoring_stations in Absolute Number, aqi_value in Indices",,0.0
2023-01-24,Punjab,Amritsar,1.0,PM2.5,122.0,Moderate,"number_of_monitoring_stations in Absolute Number, aqi_value in Indices",,0.0
2023-01-24,Punjab,Jalandhar,1.0,PM2.5,146.0,Moderate,"number_of_monitoring_stations in Absolute Number, aqi_value in Indices",,0.0
2023-01-24,Punjab,Ludhiana,1.0,PM2.5,87.0,Satisfactory,"number_of_monitoring_stations in Absolute Number, aqi_value in Indices",,0.0
2023-01-24,Punjab,Patiala,1.0,PM2.5,120.0,Moderate,"number_of_monitoring_stations in Absolute Number, aqi_value in Indices",,0.0
2023-01-24,Punjab,Rupnagar,1.0,PM10,278.0,Poor,"number_of_monitoring_stations in Absolute Number, aqi_value in Indices",,0.0
2023-01-25,Punjab,Amritsar,1.0,PM2.5,150.0,Moderate,"number_of_monitoring_stations in Absolute Number, aqi_value in Indices",,0.0
2023-01-25,Punjab,Jalandhar,1.0,PM2.5,86.0,Satisfactory,"number_of_monitoring_stations in Absolute Number, aqi_value in Indices",,0.0
2023-01-25,Punjab,Ludhiana,1.0,PM10,66.0,Satisfactory,"number_of_monitoring_stations in Absolute Number, aqi_value in Indices",,0.0
2023-01-25,Punjab,Patiala,1.0,PM2.5,66.0,Satisfactory,"number_of_monitoring_stations in Absolute Number, aqi_value in Indices",,0.0
2023-01-25,Punjab,Rupnagar,1.0,PM10,169.0,Moderate,"number_of_monitoring_stations in Absolute Number, aqi_value in Indices",,0.0
2023-01-26,Punjab,Amritsar,1.0,PM2.5,133.0,Moderate,"number_of_monitoring_stations in Absolute Number, aqi_value in Indices",,0.0
2023-01-26,Punjab,Jalandhar,1.0,PM10,74.0,Satisfactory,"number_of_monitoring_stations in Absolute Number, aqi_value in Indices",,0.0
2023-01-26,Punjab,Ludhiana,1.0,PM2.5,101.0,Moderate,"number_of_monitoring_stations in Absolute Number, aqi_value in Indices",,0.0
2023-01-26,Punjab,Patiala,1.0,PM10,67.0,Satisfactory,"number_of_monitoring_stations in Absolute Number, aqi_value in Indices",,0.0
2023-01-26,Punjab,Rupnagar,1.0,PM10,97.0,Satisfactory,"number_of_monitoring_stations in Absolute Number, aqi_value in Indices",,0.0
2023-01-27,Punjab,Amritsar,1.0,PM2.5,178.0,Moderate,"number_of_monitoring_stations in Absolute Number, aqi_value in Indices",,0.0
2023-01-27,Punjab,Bathinda,1.0,PM10,103.0,Moderate,"number_of_monitoring_stations in Absolute Number, aqi_value in Indices",,0.0
2023-01-27,Punjab,Jalandhar,1.0,PM10,75.0,Satisfactory,"number_of_monitoring_stations in Absolute Number, aqi_value in Indices",,0.0
2023-01-27,Punjab,Ludhiana,1.0,PM2.5,171.0,Moderate,"number_of_monitoring_stations in Absolute Number, aqi_value in Indices",,0.0
2023-01-27,Punjab,Patiala,1.0,PM10,66.0,Satisfactory,"number_of_monitoring_stations in Absolute Number, aqi_value in Indices",,0.0
2023-01-27,Punjab,Rupnagar,1.0,PM10,87.0,Satisfactory,"number_of_monitoring_stations in Absolute Number, aqi_value in Indices",,0.0
2023-01-28,Punjab,Amritsar,1.0,PM2.5,168.0,Moderate,"number_of_monitoring_stations in Absolute Number, aqi_value in Indices",,0.0
2023-01-28,Punjab,Jalandhar,1.0,PM2.5,75.0,Satisfactory,"number_of_monitoring_stations in Absolute Number, aqi_value in Indices",,0.0
2023-01-28,Punjab,Ludhiana,1.0,PM2.5,196.0,Moderate,"number_of_monitoring_stations in Absolute Number, aqi_value in Indices",,0.0
2023-01-28,Punjab,Patiala,1.0,PM10,98.0,Satisfactory,"number_of_monitoring_stations in Absolute Number, aqi_value in Indices",,0.0
2023-01-28,Punjab,Rupnagar,1.0,PM10,131.0,Moderate,"number_of_monitoring_stations in Absolute Number, aqi_value in Indices",,0.0
2023-01-29,Punjab,Amritsar,1.0,PM2.5,193.0,Moderate,"number_of_monitoring_stations in Absolute Number, aqi_value in Indices",,0.0
2023-01-29,Punjab,Bathinda,1.0,PM2.5,102.0,Moderate,"number_of_monitoring_stations in Absolute Number, aqi_value in Indices",,0.0
2023-01-29,Punjab,Jalandhar,1.0,PM2.5,93.0,Satisfactory,"number_of_monitoring_stations in Absolute Number, aqi_value in Indices",,0.0
2023-01-29,Punjab,Ludhiana,1.0,PM2.5,289.0,Poor,"number_of_monitoring_stations in Absolute Number, aqi_value in Indices",,0.0
2023-01-29,Punjab,Patiala,1.0,PM10,136.0,Moderate,"number_of_monitoring_stations in Absolute Number, aqi_value in Indices",,0.0
2023-01-29,Punjab,Rupnagar,1.0,PM10,158.0,Moderate,"number_of_monitoring_stations in Absolute Number, aqi_value in Indices",,0.0
2023-01-30,Punjab,Amritsar,1.0,PM2.5,106.0,Moderate,"number_of_monitoring_stations in Absolute Number, aqi_value in Indices",,0.0
2023-01-30,Punjab,Jalandhar,1.0,PM2.5,47.0,Good,"number_of_monitoring_stations in Absolute Number, aqi_value in Indices",,0.0
2023-01-30,Punjab,Ludhiana,1.0,PM2.5,148.0,Moderate,"number_of_monitoring_stations in Absolute Number, aqi_value in Indices",,0.0
2023-01-30,Punjab,Patiala,1.0,PM10,66.0,Satisfactory,"number_of_monitoring_stations in Absolute Number, aqi_value in Indices",,0.0
2023-01-30,Punjab,Rupnagar,1.0,PM10,90.0,Satisfactory,"number_of_monitoring_stations in Absolute Number, aqi_value in Indices",,0.0
2023-01-31,Punjab,Amritsar,1.0,PM2.5,77.0,Satisfactory,"number_of_monitoring_stations in Absolute Number, aqi_value in Indices",,0.0
2023-01-31,Punjab,Jalandhar,1.0,PM10,60.0,Satisfactory,"number_of_monitoring_stations in Absolute Number, aqi_value in Indices",,0.0
2023-01-31,Punjab,Ludhiana,1.0,PM2.5,69.0,Satisfactory,"number_of_monitoring_stations in Absolute Number, aqi_value in Indices",,0.0
2023-01-31,Punjab,Patiala,1.0,PM10,70.0,Satisfactory,"number_of_monitoring_stations in Absolute Number, aqi_value in Indices",,0.0
2023-01-31,Punjab,Rupnagar,1.0,PM10,115.0,Moderate,"number_of_monitoring_stations in Absolute Number, aqi_value in Indices",,0.0
2023-02-01,Punjab,Amritsar,1.0,PM2.5,143.0,Moderate,"number_of_monitoring_stations in Absolute Number, aqi_value in Indices",,0.0
2023-02-01,Punjab,Jalandhar,1.0,PM10,98.0,Satisfactory,"number_of_monitoring_stations in Absolute Number, aqi_value in Indices",,0.0
2023-02-01,Punjab,Ludhiana,1.0,PM2.5,113.0,Moderate,"number_of_monitoring_stations in Absolute Number, aqi_value in Indices",,0.0
2023-02-01,Punjab,Patiala,1.0,PM10,75.0,Satisfactory,"number_of_monitoring_stations in Absolute Number, aqi_value in Indices",,0.0
2023-02-01,Punjab,Rupnagar,1.0,PM10,79.0,Satisfactory,"number_of_monitoring_stations in Absolute Number, aqi_value in Indices",,0.0
2023-02-02,Punjab,Amritsar,1.0,PM2.5,107.0,Moderate,"number_of_monitoring_stations in Absolute Number, aqi_value in Indices",,0.0
2023-02-02,Punjab,Jalandhar,1.0,PM10,90.0,Satisfactory,"number_of_monitoring_stations in Absolute Number, aqi_value in Indices",,0.0
2023-02-02,Punjab,Ludhiana,1.0,PM2.5,128.0,Moderate,"number_of_monitoring_stations in Absolute Number, aqi_value in Indices",,0.0
2023-02-02,Punjab,Patiala,1.0,PM10,91.0,Satisfactory,"number_of_monitoring_stations in Absolute Number, aqi_value in Indices",,0.0
2023-02-02,Punjab,Rupnagar,1.0,PM10,105.0,Moderate,"number_of_monitoring_stations in Absolute Number, aqi_value in Indices",,0.0
2023-02-03,Punjab,Amritsar,1.0,PM2.5,185.0,Moderate,"number_of_monitoring_stations in Absolute Number, aqi_value in Indices",,0.0
2023-02-03,Punjab,Bathinda,1.0,PM10,107.0,Moderate,"number_of_monitoring_stations in Absolute Number, aqi_value in Indices",,0.0
2023-02-03,Punjab,Jalandhar,1.0,PM2.5,160.0,Moderate,"number_of_monitoring_stations in Absolute Number, aqi_value in Indices",,0.0
2023-02-03,Punjab,Ludhiana,1.0,PM2.5,215.0,Poor,"number_of_monitoring_stations in Absolute Number, aqi_value in Indices",,0.0
2023-02-03,Punjab,Patiala,1.0,PM10,104.0,Moderate,"number_of_monitoring_stations in Absolute Number, aqi_value in Indices",,0.0
2023-02-03,Punjab,Rupnagar,1.0,PM10,135.0,Moderate,"number_of_monitoring_stations in Absolute Number, aqi_value in Indices",,0.0
2023-02-04,Punjab,Amritsar,1.0,PM2.5,93.0,Satisfactory,"number_of_monitoring_stations in Absolute Number, aqi_value in Indices",,0.0
2023-02-04,Punjab,Bathinda,1.0,PM10,111.0,Moderate,"number_of_monitoring_stations in Absolute Number, aqi_value in Indices",,0.0
2023-02-04,Punjab,Jalandhar,1.0,PM2.5,155.0,Moderate,"number_of_monitoring_stations in Absolute Number, aqi_value in Indices",,0.0
2023-02-04,Punjab,Ludhiana,1.0,PM2.5,207.0,Poor,"number_of_monitoring_stations in Absolute Number, aqi_value in Indices",,0.0
2023-02-04,Punjab,Patiala,1.0,PM10,107.0,Moderate,"number_of_monitoring_stations in Absolute Number, aqi_value in Indices",,0.0
2023-02-04,Punjab,Rupnagar,1.0,PM10,136.0,Moderate,"number_of_monitoring_stations in Absolute Number, aqi_value in Indices",,0.0
2023-02-05,Punjab,Amritsar,1.0,PM2.5,89.0,Satisfactory,"number_of_monitoring_stations in Absolute Number, aqi_value in Indices",,0.0
2023-02-05,Punjab,Bathinda,1.0,PM10,111.0,Moderate,"number_of_monitoring_stations in Absolute Number, aqi_value in Indices",,0.0
2023-02-05,Punjab,Jalandhar,1.0,PM10,97.0,Satisfactory,"number_of_monitoring_stations in Absolute Number, aqi_value in Indices",,0.0
2023-02-05,Punjab,Ludhiana,1.0,PM2.5,164.0,Moderate,"number_of_monitoring_stations in Absolute Number, aqi_value in Indices",,0.0
2023-02-05,Punjab,Patiala,1.0,PM10,113.0,Moderate,"number_of_monitoring_stations in Absolute Number, aqi_value in Indices",,0.0
2023-02-05,Punjab,Rupnagar,1.0,PM10,119.0,Moderate,"number_of_monitoring_stations in Absolute Number, aqi_value in Indices",,0.0
2023-02-06,Punjab,Amritsar,1.0,PM2.5,100.0,Satisfactory,"number_of_monitoring_stations in Absolute Number, aqi_value in Indices",,0.0
2023-02-06,Punjab,Bathinda,1.0,PM10,124.0,Moderate,"number_of_monitoring_stations in Absolute Number, aqi_value in Indices",,0.0
2023-02-06,Punjab,Jalandhar,1.0,PM2.5,74.0,Satisfactory,"number_of_monitoring_stations in Absolute Number, aqi_value in Indices",,0.0
2023-02-06,Punjab,Ludhiana,1.0,PM2.5,206.0,Poor,"number_of_monitoring_stations in Absolute Number, aqi_value in Indices",,0.0
2023-02-06,Punjab,Patiala,1.0,PM10,117.0,Moderate,"number_of_monitoring_stations in Absolute Number, aqi_value in Indices",,0.0
2023-02-06,Punjab,Rupnagar,1.0,PM10,138.0,Moderate,"number_of_monitoring_stations in Absolute Number, aqi_value in Indices",,0.0
2023-02-07,Punjab,Amritsar,1.0,O3,55.0,Satisfactory,"number_of_monitoring_stations in Absolute Number, aqi_value in Indices",,0.0
2023-02-07,Punjab,Bathinda,1.0,PM10,95.0,Satisfactory,"number_of_monitoring_stations in Absolute Number, aqi_value in Indices",,0.0
2023-02-07,Punjab,Jalandhar,1.0,PM10,60.0,Satisfactory,"number_of_monitoring_stations in Absolute Number, aqi_value in Indices",,0.0
2023-02-07,Punjab,Ludhiana,1.0,PM10,68.0,Satisfactory,"number_of_monitoring_stations in Absolute Number, aqi_value in Indices",,0.0
2023-02-07,Punjab,Patiala,1.0,PM10,115.0,Moderate,"number_of_monitoring_stations in Absolute Number, aqi_value in Indices",,0.0
2023-02-07,Punjab,Rupnagar,1.0,PM10,156.0,Moderate,"number_of_monitoring_stations in Absolute Number, aqi_value in Indices",,0.0
2023-02-08,Punjab,Amritsar,1.0,PM2.5,164.0,Moderate,"number_of_monitoring_stations in Absolute Number, aqi_value in Indices",,0.0
2023-02-08,Punjab,Bathinda,1.0,PM10,84.0,Satisfactory,"number_of_monitoring_stations in Absolute Number, aqi_value in Indices",,0.0
2023-02-08,Punjab,Jalandhar,1.0,PM10,119.0,Moderate,"number_of_monitoring_stations in Absolute Number, aqi_value in Indices",,0.0
2023-02-08,Punjab,Ludhiana,1.0,PM2.5,93.0,Satisfactory,"number_of_monitoring_stations in Absolute Number, aqi_value in Indices",,0.0
2023-02-08,Punjab,Patiala,1.0,PM10,89.0,Satisfactory,"number_of_monitoring_stations in Absolute Number, aqi_value in Indices",,0.0
2023-02-08,Punjab,Rupnagar,1.0,PM10,123.0,Moderate,"number_of_monitoring_stations in Absolute Number, aqi_value in Indices",,0.0
2023-02-09,Punjab,Amritsar,1.0,PM2.5,164.0,Moderate,"number_of_monitoring_stations in Absolute Number, aqi_value in Indices",,0.0
2023-02-09,Punjab,Bathinda,1.0,PM10,125.0,Moderate,"number_of_monitoring_stations in Absolute Number, aqi_value in Indices",,0.0
2023-02-09,Punjab,Jalandhar,1.0,PM10,115.0,Moderate,"number_of_monitoring_stations in Absolute Number, aqi_value in Indices",,0.0
2023-02-09,Punjab,Ludhiana,1.0,PM2.5,182.0,Moderate,"number_of_monitoring_stations in Absolute Number, aqi_value in Indices",,0.0
2023-02-09,Punjab,Patiala,1.0,PM10,108.0,Moderate,"number_of_monitoring_stations in Absolute Number, aqi_value in Indices",,0.0
2023-02-09,Punjab,Rupnagar,1.0,PM10,140.0,Moderate,"number_of_monitoring_stations in Absolute Number, aqi_value in Indices",,0.0
2023-02-10,Punjab,Amritsar,1.0,PM2.5,163.0,Moderate,"number_of_monitoring_stations in Absolute Number, aqi_value in Indices",,0.0
2023-02-10,Punjab,Bathinda,1.0,PM10,117.0,Moderate,"number_of_monitoring_stations in Absolute Number, aqi_value in Indices",,0.0
2023-02-10,Punjab,Jalandhar,1.0,PM10,90.0,Satisfactory,"number_of_monitoring_stations in Absolute Number, aqi_value in Indices",,0.0
2023-02-10,Punjab,Ludhiana,1.0,PM2.5,195.0,Moderate,"number_of_monitoring_stations in Absolute Number, aqi_value in Indices",,0.0
2023-02-10,Punjab,Patiala,1.0,PM10,119.0,Moderate,"number_of_monitoring_stations in Absolute Number, aqi_value in Indices",,0.0
2023-02-11,Punjab,Amritsar,1.0,PM2.5,138.0,Moderate,"number_of_monitoring_stations in Absolute Number, aqi_value in Indices",,0.0
2023-02-11,Punjab,Bathinda,1.0,PM10,116.0,Moderate,"number_of_monitoring_stations in Absolute Number, aqi_value in Indices",,0.0
2023-02-11,Punjab,Jalandhar,1.0,PM10,118.0,Moderate,"number_of_monitoring_stations in Absolute Number, aqi_value in Indices",,0.0
2023-02-11,Punjab,Ludhiana,1.0,PM2.5,194.0,Moderate,"number_of_monitoring_stations in Absolute Number, aqi_value in Indices",,0.0
2023-02-11,Punjab,Patiala,1.0,PM10,133.0,Moderate,"number_of_monitoring_stations in Absolute Number, aqi_value in Indices",,0.0
2023-02-11,Punjab,Rupnagar,1.0,PM10,225.0,Poor,"number_of_monitoring_stations in Absolute Number, aqi_value in Indices",,0.0
2023-02-12,Punjab,Bathinda,1.0,PM10,102.0,Moderate,"number_of_monitoring_stations in Absolute Number, aqi_value in Indices",,0.0
2023-02-12,Punjab,Jalandhar,1.0,PM10,83.0,Satisfactory,"number_of_monitoring_stations in Absolute Number, aqi_value in Indices",,0.0
2023-02-12,Punjab,Ludhiana,1.0,PM10,65.0,Satisfactory,"number_of_monitoring_stations in Absolute Number, aqi_value in Indices",,0.0
2023-02-12,Punjab,Patiala,1.0,PM10,98.0,Satisfactory,"number_of_monitoring_stations in Absolute Number, aqi_value in Indices",,0.0
2023-02-12,Punjab,Rupnagar,1.0,PM10,170.0,Moderate,"number_of_monitoring_stations in Absolute Number, aqi_value in Indices",,0.0
2023-02-13,Punjab,Bathinda,1.0,PM10,76.0,Satisfactory,"number_of_monitoring_stations in Absolute Number, aqi_value in Indices",,0.0
2023-02-13,Punjab,Jalandhar,1.0,PM10,73.0,Satisfactory,"number_of_monitoring_stations in Absolute Number, aqi_value in Indices",,0.0
2023-02-13,Punjab,Ludhiana,1.0,PM2.5,72.0,Satisfactory,"number_of_monitoring_stations in Absolute Number, aqi_value in Indices",,0.0
2023-02-13,Punjab,Patiala,1.0,PM10,65.0,Satisfactory,"number_of_monitoring_stations in Absolute Number, aqi_value in Indices",,0.0
2023-02-13,Punjab,Rupnagar,1.0,PM10,141.0,Moderate,"number_of_monitoring_stations in Absolute Number, aqi_value in Indices",,0.0
2023-02-14,Punjab,Amritsar,1.0,PM2.5,145.0,Moderate,"number_of_monitoring_stations in Absolute Number, aqi_value in Indices",,0.0
2023-02-14,Punjab,Bathinda,1.0,PM10,92.0,Satisfactory,"number_of_monitoring_stations in Absolute Number, aqi_value in Indices",,0.0
2023-02-14,Punjab,Jalandhar,1.0,PM10,117.0,Moderate,"number_of_monitoring_stations in Absolute Number, aqi_value in Indices",,0.0
2023-02-14,Punjab,Ludhiana,1.0,PM2.5,91.0,Satisfactory,"number_of_monitoring_stations in Absolute Number, aqi_value in Indices",,0.0
2023-02-14,Punjab,Patiala,1.0,PM10,104.0,Moderate,"number_of_monitoring_stations in Absolute Number, aqi_value in Indices",,0.0
2023-02-14,Punjab,Rupnagar,1.0,PM10,151.0,Moderate,"number_of_monitoring_stations in Absolute Number, aqi_value in Indices",,0.0
2023-02-15,Punjab,Amritsar,1.0,PM2.5,205.0,Poor,"number_of_monitoring_stations in Absolute Number, aqi_value in Indices",,0.0
2023-02-15,Punjab,Bathinda,1.0,PM10,114.0,Moderate,"number_of_monitoring_stations in Absolute Number, aqi_value in Indices",,0.0
2023-02-15,Punjab,Jalandhar,1.0,PM10,129.0,Moderate,"number_of_monitoring_stations in Absolute Number, aqi_value in Indices",,0.0
2023-02-15,Punjab,Ludhiana,1.0,PM2.5,167.0,Moderate,"number_of_monitoring_stations in Absolute Number, aqi_value in Indices",,0.0
2023-02-15,Punjab,Patiala,1.0,PM10,115.0,Moderate,"number_of_monitoring_stations in Absolute Number, aqi_value in Indices",,0.0
2023-02-15,Punjab,Rupnagar,1.0,PM10,166.0,Moderate,"number_of_monitoring_stations in Absolute Number, aqi_value in Indices",,0.0
2023-02-16,Punjab,Amritsar,1.0,PM2.5,211.0,Poor,"number_of_monitoring_stations in Absolute Number, aqi_value in Indices",,0.0
2023-02-16,Punjab,Bathinda,1.0,PM10,139.0,Moderate,"number_of_monitoring_stations in Absolute Number, aqi_value in Indices",,0.0
2023-02-16,Punjab,Jalandhar,1.0,PM2.5,160.0,Moderate,"number_of_monitoring_stations in Absolute Number, aqi_value in Indices",,0.0
2023-02-16,Punjab,Ludhiana,1.0,PM2.5,282.0,Poor,"number_of_monitoring_stations in Absolute Number, aqi_value in Indices",,0.0
2023-02-16,Punjab,Patiala,1.0,PM10,135.0,Moderate,"number_of_monitoring_stations in Absolute Number, aqi_value in Indices",,0.0
2023-02-16,Punjab,Rupnagar,1.0,PM10,197.0,Moderate,"number_of_monitoring_stations in Absolute Number, aqi_value in Indices",,0.0
2023-02-17,Punjab,Amritsar,1.0,PM2.5,261.0,Poor,"number_of_monitoring_stations in Absolute Number, aqi_value in Indices",,0.0
2023-02-17,Punjab,Bathinda,1.0,PM10,191.0,Moderate,"number_of_monitoring_stations in Absolute Number, aqi_value in Indices",,0.0
2023-02-17,Punjab,Jalandhar,1.0,PM2.5,183.0,Moderate,"number_of_monitoring_stations in Absolute Number, aqi_value in Indices",,0.0
2023-02-17,Punjab,Ludhiana,1.0,PM2.5,274.0,Poor,"number_of_monitoring_stations in Absolute Number, aqi_value in Indices",,0.0
2023-02-17,Punjab,Patiala,1.0,PM2.5,182.0,Moderate,"number_of_monitoring_stations in Absolute Number, aqi_value in Indices",,0.0
2023-02-17,Punjab,Rupnagar,1.0,PM10,231.0,Poor,"number_of_monitoring_stations in Absolute Number, aqi_value in Indices",,0.0
2023-02-18,Punjab,Amritsar,1.0,PM2.5,184.0,Moderate,"number_of_monitoring_stations in Absolute Number, aqi_value in Indices",,0.0
2023-02-18,Punjab,Bathinda,1.0,PM10,127.0,Moderate,"number_of_monitoring_stations in Absolute Number, aqi_value in Indices",,0.0
2023-02-18,Punjab,Jalandhar,1.0,PM2.5,112.0,Moderate,"number_of_monitoring_stations in Absolute Number, aqi_value in Indices",,0.0
2023-02-18,Punjab,Ludhiana,1.0,PM2.5,199.0,Moderate,"number_of_monitoring_stations in Absolute Number, aqi_value in Indices",,0.0
2023-02-18,Punjab,Patiala,1.0,PM10,115.0,Moderate,"number_of_monitoring_stations in Absolute Number, aqi_value in Indices",,0.0
2023-02-18,Punjab,Rupnagar,1.0,PM10,160.0,Moderate,"number_of_monitoring_stations in Absolute Number, aqi_value in Indices",,0.0
2023-02-19,Punjab,Amritsar,1.0,PM2.5,132.0,Moderate,"number_of_monitoring_stations in Absolute Number, aqi_value in Indices",,0.0
2023-02-19,Punjab,Bathinda,1.0,PM10,125.0,Moderate,"number_of_monitoring_stations in Absolute Number, aqi_value in Indices",,0.0
2023-02-19,Punjab,Jalandhar,1.0,PM10,94.0,Satisfactory,"number_of_monitoring_stations in Absolute Number, aqi_value in Indices",,0.0
2023-02-19,Punjab,Ludhiana,1.0,PM2.5,261.0,Poor,"number_of_monitoring_stations in Absolute Number, aqi_value in Indices",,0.0
2023-02-19,Punjab,Patiala,1.0,PM10,101.0,Moderate,"number_of_monitoring_stations in Absolute Number, aqi_value in Indices",,0.0
2023-02-19,Punjab,Rupnagar,1.0,PM10,157.0,Moderate,"number_of_monitoring_stations in Absolute Number, aqi_value in Indices",,0.0
2023-02-20,Punjab,Amritsar,1.0,PM2.5,178.0,Moderate,"number_of_monitoring_stations in Absolute Number, aqi_value in Indices",,0.0
2023-02-20,Punjab,Bathinda,1.0,PM10,128.0,Moderate,"number_of_monitoring_stations in Absolute Number, aqi_value in Indices",,0.0
2023-02-20,Punjab,Jalandhar,1.0,PM10,150.0,Moderate,"number_of_monitoring_stations in Absolute Number, aqi_value in Indices",,0.0
2023-02-20,Punjab,Ludhiana,1.0,PM2.5,317.0,Very Poor,"number_of_monitoring_stations in Absolute Number, aqi_value in Indices",,0.0
2023-02-20,Punjab,Patiala,1.0,PM2.5,160.0,Moderate,"number_of_monitoring_stations in Absolute Number, aqi_value in Indices",,0.0
2023-02-20,Punjab,Rupnagar,1.0,PM10,196.0,Moderate,"number_of_monitoring_stations in Absolute Number, aqi_value in Indices",,0.0
2023-02-21,Punjab,Amritsar,1.0,PM2.5,180.0,Moderate,"number_of_monitoring_stations in Absolute Number, aqi_value in Indices",,0.0
2023-02-21,Punjab,Bathinda,1.0,PM10,118.0,Moderate,"number_of_monitoring_stations in Absolute Number, aqi_value in Indices",,0.0
2023-02-21,Punjab,Jalandhar,1.0,PM2.5,173.0,Moderate,"number_of_monitoring_stations in Absolute Number, aqi_value in Indices",,0.0
2023-02-21,Punjab,Ludhiana,1.0,PM2.5,275.0,Poor,"number_of_monitoring_stations in Absolute Number, aqi_value in Indices",,0.0
2023-02-21,Punjab,Patiala,1.0,PM10,135.0,Moderate,"number_of_monitoring_stations in Absolute Number, aqi_value in Indices",,0.0
2023-02-21,Punjab,Rupnagar,1.0,PM10,199.0,Moderate,"number_of_monitoring_stations in Absolute Number, aqi_value in Indices",,0.0
2023-02-22,Punjab,Amritsar,1.0,PM2.5,106.0,Moderate,"number_of_monitoring_stations in Absolute Number, aqi_value in Indices",,0.0
2023-02-22,Punjab,Bathinda,1.0,PM10,122.0,Moderate,"number_of_monitoring_stations in Absolute Number, aqi_value in Indices",,0.0
2023-02-22,Punjab,Jalandhar,1.0,PM10,78.0,Satisfactory,"number_of_monitoring_stations in Absolute Number, aqi_value in Indices",,0.0
2023-02-22,Punjab,Ludhiana,1.0,PM2.5,113.0,Moderate,"number_of_monitoring_stations in Absolute Number, aqi_value in Indices",,0.0
2023-02-22,Punjab,Patiala,1.0,PM10,97.0,Satisfactory,"number_of_monitoring_stations in Absolute Number, aqi_value in Indices",,0.0
2023-02-22,Punjab,Rupnagar,1.0,PM10,152.0,Moderate,"number_of_monitoring_stations in Absolute Number, aqi_value in Indices",,0.0
2023-02-23,Punjab,Amritsar,1.0,PM2.5,86.0,Satisfactory,"number_of_monitoring_stations in Absolute Number, aqi_value in Indices",,0.0
2023-02-23,Punjab,Bathinda,1.0,PM10,147.0,Moderate,"number_of_monitoring_stations in Absolute Number, aqi_value in Indices",,0.0
2023-02-23,Punjab,Jalandhar,1.0,PM10,111.0,Moderate,"number_of_monitoring_stations in Absolute Number, aqi_value in Indices",,0.0
2023-02-23,Punjab,Ludhiana,1.0,PM2.5,127.0,Moderate,"number_of_monitoring_stations in Absolute Number, aqi_value in Indices",,0.0
2023-02-23,Punjab,Patiala,1.0,PM10,84.0,Satisfactory,"number_of_monitoring_stations in Absolute Number, aqi_value in Indices",,0.0
2023-02-23,Punjab,Rupnagar,1.0,PM10,166.0,Moderate,"number_of_monitoring_stations in Absolute Number, aqi_value in Indices",,0.0
2023-02-24,Punjab,Amritsar,1.0,PM2.5,139.0,Moderate,"number_of_monitoring_stations in Absolute Number, aqi_value in Indices",,0.0
2023-02-24,Punjab,Bathinda,1.0,CO,38.0,Good,"number_of_monitoring_stations in Absolute Number, aqi_value in Indices",,0.0
2023-02-24,Punjab,Jalandhar,1.0,PM2.5,160.0,Moderate,"number_of_monitoring_stations in Absolute Number, aqi_value in Indices",,0.0
2023-02-24,Punjab,Ludhiana,1.0,PM10,128.0,Moderate,"number_of_monitoring_stations in Absolute Number, aqi_value in Indices",,0.0
2023-02-24,Punjab,Patiala,1.0,PM10,105.0,Moderate,"number_of_monitoring_stations in Absolute Number, aqi_value in Indices",,0.0
2023-02-24,Punjab,Rupnagar,1.0,PM10,105.0,Moderate,"number_of_monitoring_stations in Absolute Number, aqi_value in Indices",,0.0
2023-02-25,Punjab,Amritsar,1.0,PM2.5,182.0,Moderate,"number_of_monitoring_stations in Absolute Number, aqi_value in Indices",,0.0
2023-02-25,Punjab,Jalandhar,1.0,PM2.5,145.0,Moderate,"number_of_monitoring_stations in Absolute Number, aqi_value in Indices",,0.0
2023-02-25,Punjab,Ludhiana,1.0,PM2.5,168.0,Moderate,"number_of_monitoring_stations in Absolute Number, aqi_value in Indices",,0.0
2023-02-25,Punjab,Patiala,1.0,PM10,119.0,Moderate,"number_of_monitoring_stations in Absolute Number, aqi_value in Indices",,0.0
2023-02-25,Punjab,Rupnagar,1.0,PM10,109.0,Moderate,"number_of_monitoring_stations in Absolute Number, aqi_value in Indices",,0.0
2023-02-26,Punjab,Amritsar,1.0,PM2.5,185.0,Moderate,"number_of_monitoring_stations in Absolute Number, aqi_value in Indices",,0.0
2023-02-26,Punjab,Bathinda,1.0,PM10,151.0,Moderate,"number_of_monitoring_stations in Absolute Number, aqi_value in Indices",,0.0
2023-02-26,Punjab,Jalandhar,1.0,PM2.5,152.0,Moderate,"number_of_monitoring_stations in Absolute Number, aqi_value in Indices",,0.0
2023-02-26,Punjab,Ludhiana,1.0,PM2.5,230.0,Poor,"number_of_monitoring_stations in Absolute Number, aqi_value in Indices",,0.0
2023-02-26,Punjab,Patiala,1.0,PM10,122.0,Moderate,"number_of_monitoring_stations in Absolute Number, aqi_value in Indices",,0.0
2023-02-26,Punjab,Rupnagar,1.0,PM10,138.0,Moderate,"number_of_monitoring_stations in Absolute Number, aqi_value in Indices",,0.0
2023-02-27,Punjab,Amritsar,1.0,PM2.5,124.0,Moderate,"number_of_monitoring_stations in Absolute Number, aqi_value in Indices",,0.0
2023-02-27,Punjab,Bathinda,1.0,PM10,180.0,Moderate,"number_of_monitoring_stations in Absolute Number, aqi_value in Indices",,0.0
2023-02-27,Punjab,Jalandhar,1.0,PM2.5,142.0,Moderate,"number_of_monitoring_stations in Absolute Number, aqi_value in Indices",,0.0
2023-02-27,Punjab,Ludhiana,1.0,PM2.5,199.0,Moderate,"number_of_monitoring_stations in Absolute Number, aqi_value in Indices",,0.0
2023-02-27,Punjab,Patiala,1.0,PM2.5,165.0,Moderate,"number_of_monitoring_stations in Absolute Number, aqi_value in Indices",,0.0
2023-02-27,Punjab,Rupnagar,1.0,PM10,129.0,Moderate,"number_of_monitoring_stations in Absolute Number, aqi_value in Indices",,0.0
2023-02-28,Punjab,Amritsar,1.0,PM2.5,99.0,Satisfactory,"number_of_monitoring_stations in Absolute Number, aqi_value in Indices",,0.0
2023-02-28,Punjab,Bathinda,1.0,PM10,137.0,Moderate,"number_of_monitoring_stations in Absolute Number, aqi_value in Indices",,0.0
2023-02-28,Punjab,Jalandhar,1.0,PM10,73.0,Satisfactory,"number_of_monitoring_stations in Absolute Number, aqi_value in Indices",,0.0
2023-02-28,Punjab,Ludhiana,1.0,PM10,118.0,Moderate,"number_of_monitoring_stations in Absolute Number, aqi_value in Indices",,0.0
2023-02-28,Punjab,Patiala,1.0,PM10,107.0,Moderate,"number_of_monitoring_stations in Absolute Number, aqi_value in Indices",,0.0
2023-02-28,Punjab,Rupnagar,1.0,PM10,138.0,Moderate,"number_of_monitoring_stations in Absolute Number, aqi_value in Indices",,0.0
2023-03-01,Punjab,Amritsar,1.0,PM2.5,64.0,Satisfactory,"number_of_monitoring_stations in Absolute Number, aqi_value in Indices",,0.0
2023-03-01,Punjab,Bathinda,1.0,PM10,40.0,Good,"number_of_monitoring_stations in Absolute Number, aqi_value in Indices",,0.0
2023-03-01,Punjab,Jalandhar,1.0,PM10,55.0,Satisfactory,"number_of_monitoring_stations in Absolute Number, aqi_value in Indices",,0.0
2023-03-01,Punjab,Ludhiana,1.0,PM2.5,120.0,Moderate,"number_of_monitoring_stations in Absolute Number, aqi_value in Indices",,0.0
2023-03-01,Punjab,Patiala,1.0,PM10,70.0,Satisfactory,"number_of_monitoring_stations in Absolute Number, aqi_value in Indices",,0.0
2023-03-01,Punjab,Rupnagar,1.0,PM10,89.0,Satisfactory,"number_of_monitoring_stations in Absolute Number, aqi_value in Indices",,0.0
2023-03-02,Punjab,Amritsar,1.0,PM2.5,69.0,Satisfactory,"number_of_monitoring_stations in Absolute Number, aqi_value in Indices",,0.0
2023-03-02,Punjab,Bathinda,1.0,PM10,64.0,Satisfactory,"number_of_monitoring_stations in Absolute Number, aqi_value in Indices",,0.0
2023-03-02,Punjab,Jalandhar,1.0,PM10,89.0,Satisfactory,"number_of_monitoring_stations in Absolute Number, aqi_value in Indices",,0.0
2023-03-02,Punjab,Ludhiana,1.0,PM10,89.0,Satisfactory,"number_of_monitoring_stations in Absolute Number, aqi_value in Indices",,0.0
2023-03-02,Punjab,Patiala,1.0,PM10,72.0,Satisfactory,"number_of_monitoring_stations in Absolute Number, aqi_value in Indices",,0.0
2023-03-02,Punjab,Rupnagar,1.0,PM10,87.0,Satisfactory,"number_of_monitoring_stations in Absolute Number, aqi_value in Indices",,0.0
2023-03-03,Punjab,Amritsar,1.0,PM2.5,64.0,Satisfactory,"number_of_monitoring_stations in Absolute Number, aqi_value in Indices",,0.0
2023-03-03,Punjab,Bathinda,1.0,CO,37.0,Good,"number_of_monitoring_stations in Absolute Number, aqi_value in Indices",,0.0
2023-03-03,Punjab,Jalandhar,1.0,PM10,105.0,Moderate,"number_of_monitoring_stations in Absolute Number, aqi_value in Indices",,0.0
2023-03-03,Punjab,Ludhiana,1.0,PM10,107.0,Moderate,"number_of_monitoring_stations in Absolute Number, aqi_value in Indices",,0.0
2023-03-03,Punjab,Patiala,1.0,PM10,74.0,Satisfactory,"number_of_monitoring_stations in Absolute Number, aqi_value in Indices",,0.0
2023-03-03,Punjab,Rupnagar,1.0,PM10,92.0,Satisfactory,"number_of_monitoring_stations in Absolute Number, aqi_value in Indices",,0.0
2023-03-04,Punjab,Amritsar,1.0,PM2.5,75.0,Satisfactory,"number_of_monitoring_stations in Absolute Number, aqi_value in Indices",,0.0
2023-03-04,Punjab,Bathinda,1.0,PM10,47.0,Good,"number_of_monitoring_stations in Absolute Number, aqi_value in Indices",,0.0
2023-03-04,Punjab,Jalandhar,1.0,PM10,83.0,Satisfactory,"number_of_monitoring_stations in Absolute Number, aqi_value in Indices",,0.0
2023-03-04,Punjab,Ludhiana,1.0,PM10,94.0,Satisfactory,"number_of_monitoring_stations in Absolute Number, aqi_value in Indices",,0.0
2023-03-04,Punjab,Patiala,1.0,PM10,100.0,Satisfactory,"number_of_monitoring_stations in Absolute Number, aqi_value in Indices",,0.0
2023-03-04,Punjab,Rupnagar,1.0,PM10,66.0,Satisfactory,"number_of_monitoring_stations in Absolute Number, aqi_value in Indices",,0.0
2023-03-05,Punjab,Amritsar,1.0,PM2.5,98.0,Satisfactory,"number_of_monitoring_stations in Absolute Number, aqi_value in Indices",,0.0
2023-03-05,Punjab,Bathinda,1.0,PM10,108.0,Moderate,"number_of_monitoring_stations in Absolute Number, aqi_value in Indices",,0.0
2023-03-05,Punjab,Jalandhar,1.0,PM10,115.0,Moderate,"number_of_monitoring_stations in Absolute Number, aqi_value in Indices",,0.0
2023-03-05,Punjab,Ludhiana,1.0,PM10,104.0,Moderate,"number_of_monitoring_stations in Absolute Number, aqi_value in Indices",,0.0
2023-03-05,Punjab,Patiala,1.0,PM10,80.0,Satisfactory,"number_of_monitoring_stations in Absolute Number, aqi_value in Indices",,0.0
2023-03-05,Punjab,Rupnagar,1.0,PM10,86.0,Satisfactory,"number_of_monitoring_stations in Absolute Number, aqi_value in Indices",,0.0
2023-03-06,Punjab,Amritsar,1.0,PM2.5,101.0,Moderate,"number_of_monitoring_stations in Absolute Number, aqi_value in Indices",,0.0
2023-03-06,Punjab,Bathinda,1.0,PM10,85.0,Satisfactory,"number_of_monitoring_stations in Absolute Number, aqi_value in Indices",,0.0
2023-03-06,Punjab,Jalandhar,1.0,PM10,125.0,Moderate,"number_of_monitoring_stations in Absolute Number, aqi_value in Indices",,0.0
2023-03-06,Punjab,Ludhiana,1.0,PM2.5,150.0,Moderate,"number_of_monitoring_stations in Absolute Number, aqi_value in Indices",,0.0
2023-03-06,Punjab,Patiala,1.0,PM10,81.0,Satisfactory,"number_of_monitoring_stations in Absolute Number, aqi_value in Indices",,0.0
2023-03-06,Punjab,Rupnagar,1.0,PM10,92.0,Satisfactory,"number_of_monitoring_stations in Absolute Number, aqi_value in Indices",,0.0
2023-03-07,Punjab,Amritsar,1.0,PM2.5,119.0,Moderate,"number_of_monitoring_stations in Absolute Number, aqi_value in Indices",,0.0
2023-03-07,Punjab,Bathinda,1.0,PM10,90.0,Satisfactory,"number_of_monitoring_stations in Absolute Number, aqi_value in Indices",,0.0
2023-03-07,Punjab,Jalandhar,1.0,PM10,113.0,Moderate,"number_of_monitoring_stations in Absolute Number, aqi_value in Indices",,0.0
2023-03-07,Punjab,Ludhiana,1.0,PM10,128.0,Moderate,"number_of_monitoring_stations in Absolute Number, aqi_value in Indices",,0.0
2023-03-07,Punjab,Patiala,1.0,PM10,82.0,Satisfactory,"number_of_monitoring_stations in Absolute Number, aqi_value in Indices",,0.0
2023-03-07,Punjab,Rupnagar,1.0,PM10,104.0,Moderate,"number_of_monitoring_stations in Absolute Number, aqi_value in Indices",,0.0
2023-03-08,Punjab,Amritsar,1.0,PM2.5,113.0,Moderate,"number_of_monitoring_stations in Absolute Number, aqi_value in Indices",,0.0
2023-03-08,Punjab,Bathinda,1.0,PM2.5,85.0,Satisfactory,"number_of_monitoring_stations in Absolute Number, aqi_value in Indices",,0.0
2023-03-08,Punjab,Jalandhar,1.0,PM10,114.0,Moderate,"number_of_monitoring_stations in Absolute Number, aqi_value in Indices",,0.0
2023-03-08,Punjab,Ludhiana,1.0,PM10,133.0,Moderate,"number_of_monitoring_stations in Absolute Number, aqi_value in Indices",,0.0
2023-03-08,Punjab,Patiala,1.0,PM10,81.0,Satisfactory,"number_of_monitoring_stations in Absolute Number, aqi_value in Indices",,0.0
2023-03-08,Punjab,Rupnagar,1.0,PM10,92.0,Satisfactory,"number_of_monitoring_stations in Absolute Number, aqi_value in Indices",,0.0
2023-03-09,Punjab,Amritsar,1.0,PM2.5,74.0,Satisfactory,"number_of_monitoring_stations in Absolute Number, aqi_value in Indices",,0.0
2023-03-09,Punjab,Jalandhar,1.0,PM10,60.0,Satisfactory,"number_of_monitoring_stations in Absolute Number, aqi_value in Indices",,0.0
2023-03-09,Punjab,Ludhiana,1.0,PM10,104.0,Moderate,"number_of_monitoring_stations in Absolute Number, aqi_value in Indices",,0.0
2023-03-09,Punjab,Patiala,1.0,PM10,76.0,Satisfactory,"number_of_monitoring_stations in Absolute Number, aqi_value in Indices",,0.0
2023-03-09,Punjab,Rupnagar,1.0,PM10,76.0,Satisfactory,"number_of_monitoring_stations in Absolute Number, aqi_value in Indices",,0.0
2023-03-10,Punjab,Amritsar,1.0,PM2.5,133.0,Moderate,"number_of_monitoring_stations in Absolute Number, aqi_value in Indices",,0.0
2023-03-10,Punjab,Bathinda,1.0,PM10,88.0,Satisfactory,"number_of_monitoring_stations in Absolute Number, aqi_value in Indices",,0.0
2023-03-10,Punjab,Jalandhar,1.0,PM10,124.0,Moderate,"number_of_monitoring_stations in Absolute Number, aqi_value in Indices",,0.0
2023-03-10,Punjab,Ludhiana,1.0,PM10,115.0,Moderate,"number_of_monitoring_stations in Absolute Number, aqi_value in Indices",,0.0
2023-03-10,Punjab,Patiala,1.0,PM10,92.0,Satisfactory,"number_of_monitoring_stations in Absolute Number, aqi_value in Indices",,0.0
2023-03-10,Punjab,Rupnagar,1.0,PM10,108.0,Moderate,"number_of_monitoring_stations in Absolute Number, aqi_value in Indices",,0.0
2023-03-11,Punjab,Amritsar,1.0,PM2.5,123.0,Moderate,"number_of_monitoring_stations in Absolute Number, aqi_value in Indices",,0.0
2023-03-11,Punjab,Bathinda,1.0,PM10,174.0,Moderate,"number_of_monitoring_stations in Absolute Number, aqi_value in Indices",,0.0
2023-03-11,Punjab,Jalandhar,1.0,PM2.5,135.0,Moderate,"number_of_monitoring_stations in Absolute Number, aqi_value in Indices",,0.0
2023-03-11,Punjab,Ludhiana,1.0,PM10,143.0,Moderate,"number_of_monitoring_stations in Absolute Number, aqi_value in Indices",,0.0
2023-03-11,Punjab,Patiala,1.0,PM10,106.0,Moderate,"number_of_monitoring_stations in Absolute Number, aqi_value in Indices",,0.0
2023-03-11,Punjab,Rupnagar,1.0,PM10,108.0,Moderate,"number_of_monitoring_stations in Absolute Number, aqi_value in Indices",,0.0
2023-03-12,Punjab,Amritsar,1.0,PM2.5,147.0,Moderate,"number_of_monitoring_stations in Absolute Number, aqi_value in Indices",,0.0
2023-03-12,Punjab,Bathinda,1.0,PM10,131.0,Moderate,"number_of_monitoring_stations in Absolute Number, aqi_value in Indices",,0.0
2023-03-12,Punjab,Jalandhar,1.0,PM2.5,153.0,Moderate,"number_of_monitoring_stations in Absolute Number, aqi_value in Indices",,0.0
2023-03-12,Punjab,Ludhiana,1.0,PM2.5,152.0,Moderate,"number_of_monitoring_stations in Absolute Number, aqi_value in Indices",,0.0
2023-03-12,Punjab,Patiala,1.0,PM10,97.0,Satisfactory,"number_of_monitoring_stations in Absolute Number, aqi_value in Indices",,0.0
2023-03-12,Punjab,Rupnagar,1.0,PM10,127.0,Moderate,"number_of_monitoring_stations in Absolute Number, aqi_value in Indices",,0.0
2023-03-13,Punjab,Amritsar,1.0,PM2.5,120.0,Moderate,"number_of_monitoring_stations in Absolute Number, aqi_value in Indices",,0.0
2023-03-13,Punjab,Bathinda,1.0,PM10,141.0,Moderate,"number_of_monitoring_stations in Absolute Number, aqi_value in Indices",,0.0
2023-03-13,Punjab,Jalandhar,1.0,PM2.5,140.0,Moderate,"number_of_monitoring_stations in Absolute Number, aqi_value in Indices",,0.0
2023-03-13,Punjab,Ludhiana,1.0,PM2.5,148.0,Moderate,"number_of_monitoring_stations in Absolute Number, aqi_value in Indices",,0.0
2023-03-13,Punjab,Patiala,1.0,PM10,122.0,Moderate,"number_of_monitoring_stations in Absolute Number, aqi_value in Indices",,0.0
2023-03-13,Punjab,Rupnagar,1.0,PM10,114.0,Moderate,"number_of_monitoring_stations in Absolute Number, aqi_value in Indices",,0.0
2023-03-14,Punjab,Amritsar,1.0,PM2.5,77.0,Satisfactory,"number_of_monitoring_stations in Absolute Number, aqi_value in Indices",,0.0
2023-03-14,Punjab,Bathinda,1.0,PM10,141.0,Moderate,"number_of_monitoring_stations in Absolute Number, aqi_value in Indices",,0.0
2023-03-14,Punjab,Jalandhar,1.0,PM10,93.0,Satisfactory,"number_of_monitoring_stations in Absolute Number, aqi_value in Indices",,0.0
2023-03-14,Punjab,Ludhiana,1.0,PM10,133.0,Moderate,"number_of_monitoring_stations in Absolute Number, aqi_value in Indices",,0.0
2023-03-14,Punjab,Patiala,1.0,PM10,113.0,Moderate,"number_of_monitoring_stations in Absolute Number, aqi_value in Indices",,0.0
2023-03-14,Punjab,Rupnagar,1.0,PM10,94.0,Satisfactory,"number_of_monitoring_stations in Absolute Number, aqi_value in Indices",,0.0
2023-03-15,Punjab,Amritsar,1.0,PM2.5,101.0,Moderate,"number_of_monitoring_stations in Absolute Number, aqi_value in Indices",,0.0
2023-03-15,Punjab,Bathinda,1.0,PM10,119.0,Moderate,"number_of_monitoring_stations in Absolute Number, aqi_value in Indices",,0.0
2023-03-15,Punjab,Jalandhar,1.0,PM10,106.0,Moderate,"number_of_monitoring_stations in Absolute Number, aqi_value in Indices",,0.0
2023-03-15,Punjab,Ludhiana,1.0,PM10,153.0,Moderate,"number_of_monitoring_stations in Absolute Number, aqi_value in Indices",,0.0
2023-03-15,Punjab,Patiala,1.0,PM10,99.0,Satisfactory,"number_of_monitoring_stations in Absolute Number, aqi_value in Indices",,0.0
2023-03-15,Punjab,Rupnagar,1.0,PM10,101.0,Moderate,"number_of_monitoring_stations in Absolute Number, aqi_value in Indices",,0.0
2023-03-16,Punjab,Amritsar,1.0,PM2.5,81.0,Satisfactory,"number_of_monitoring_stations in Absolute Number, aqi_value in Indices",,0.0
2023-03-16,Punjab,Bathinda,1.0,PM10,102.0,Moderate,"number_of_monitoring_stations in Absolute Number, aqi_value in Indices",,0.0
2023-03-16,Punjab,Jalandhar,1.0,PM10,75.0,Satisfactory,"number_of_monitoring_stations in Absolute Number, aqi_value in Indices",,0.0
2023-03-16,Punjab,Ludhiana,1.0,PM10,102.0,Moderate,"number_of_monitoring_stations in Absolute Number, aqi_value in Indices",,0.0
2023-03-16,Punjab,Patiala,1.0,PM10,86.0,Satisfactory,"number_of_monitoring_stations in Absolute Number, aqi_value in Indices",,0.0
2023-03-16,Punjab,Rupnagar,1.0,PM10,80.0,Satisfactory,"number_of_monitoring_stations in Absolute Number, aqi_value in Indices",,0.0
2023-03-17,Punjab,Amritsar,1.0,PM2.5,65.0,Satisfactory,"number_of_monitoring_stations in Absolute Number, aqi_value in Indices",,0.0
2023-03-17,Punjab,Bathinda,1.0,PM2.5,53.0,Satisfactory,"number_of_monitoring_stations in Absolute Number, aqi_value in Indices",,0.0
2023-03-17,Punjab,Jalandhar,1.0,PM10,77.0,Satisfactory,"number_of_monitoring_stations in Absolute Number, aqi_value in Indices",,0.0
2023-03-17,Punjab,Ludhiana,1.0,PM10,94.0,Satisfactory,"number_of_monitoring_stations in Absolute Number, aqi_value in Indices",,0.0
2023-03-17,Punjab,Patiala,1.0,PM10,66.0,Satisfactory,"number_of_monitoring_stations in Absolute Number, aqi_value in Indices",,0.0
2023-03-17,Punjab,Rupnagar,1.0,PM10,92.0,Satisfactory,"number_of_monitoring_stations in Absolute Number, aqi_value in Indices",,0.0
2023-03-18,Punjab,Amritsar,1.0,O3,56.0,Satisfactory,"number_of_monitoring_stations in Absolute Number, aqi_value in Indices",,0.0
2023-03-18,Punjab,Bathinda,1.0,PM2.5,38.0,Good,"number_of_monitoring_stations in Absolute Number, aqi_value in Indices",,0.0
2023-03-18,Punjab,Jalandhar,1.0,PM10,49.0,Good,"number_of_monitoring_stations in Absolute Number, aqi_value in Indices",,0.0
2023-03-18,Punjab,Ludhiana,1.0,PM10,53.0,Satisfactory,"number_of_monitoring_stations in Absolute Number, aqi_value in Indices",,0.0
2023-03-18,Punjab,Patiala,1.0,PM10,50.0,Good,"number_of_monitoring_stations in Absolute Number, aqi_value in Indices",,0.0
2023-03-18,Punjab,Rupnagar,1.0,PM2.5,100.0,Satisfactory,"number_of_monitoring_stations in Absolute Number, aqi_value in Indices",,0.0
2023-03-19,Punjab,Amritsar,1.0,PM2.5,60.0,Satisfactory,"number_of_monitoring_stations in Absolute Number, aqi_value in Indices",,0.0
2023-03-19,Punjab,Bathinda,1.0,PM10,51.0,Satisfactory,"number_of_monitoring_stations in Absolute Number, aqi_value in Indices",,0.0
2023-03-19,Punjab,Jalandhar,1.0,PM10,76.0,Satisfactory,"number_of_monitoring_stations in Absolute Number, aqi_value in Indices",,0.0
2023-03-19,Punjab,Ludhiana,1.0,PM10,117.0,Moderate,"number_of_monitoring_stations in Absolute Number, aqi_value in Indices",,0.0
2023-03-19,Punjab,Patiala,1.0,O3,54.0,Satisfactory,"number_of_monitoring_stations in Absolute Number, aqi_value in Indices",,0.0
2023-03-20,Punjab,Amritsar,1.0,PM2.5,79.0,Satisfactory,"number_of_monitoring_stations in Absolute Number, aqi_value in Indices",,0.0
2023-03-20,Punjab,Bathinda,1.0,PM10,105.0,Moderate,"number_of_monitoring_stations in Absolute Number, aqi_value in Indices",,0.0
2023-03-20,Punjab,Jalandhar,1.0,PM10,92.0,Satisfactory,"number_of_monitoring_stations in Absolute Number, aqi_value in Indices",,0.0
2023-03-20,Punjab,Ludhiana,1.0,PM10,140.0,Moderate,"number_of_monitoring_stations in Absolute Number, aqi_value in Indices",,0.0
2023-03-20,Punjab,Patiala,1.0,PM10,71.0,Satisfactory,"number_of_monitoring_stations in Absolute Number, aqi_value in Indices",,0.0
2023-03-21,Punjab,Amritsar,1.0,PM2.5,55.0,Satisfactory,"number_of_monitoring_stations in Absolute Number, aqi_value in Indices",,0.0
2023-03-21,Punjab,Bathinda,1.0,PM10,59.0,Satisfactory,"number_of_monitoring_stations in Absolute Number, aqi_value in Indices",,0.0
2023-03-21,Punjab,Jalandhar,1.0,PM10,42.0,Good,"number_of_monitoring_stations in Absolute Number, aqi_value in Indices",,0.0
2023-03-21,Punjab,Ludhiana,1.0,PM10,92.0,Satisfactory,"number_of_monitoring_stations in Absolute Number, aqi_value in Indices",,0.0
2023-03-21,Punjab,Patiala,1.0,O3,38.0,Good,"number_of_monitoring_stations in Absolute Number, aqi_value in Indices",,0.0
2023-03-21,Punjab,Rupnagar,1.0,PM10,60.0,Satisfactory,"number_of_monitoring_stations in Absolute Number, aqi_value in Indices",,0.0
2023-03-22,Punjab,Amritsar,1.0,PM2.5,104.0,Moderate,"number_of_monitoring_stations in Absolute Number, aqi_value in Indices",,0.0
2023-03-22,Punjab,Bathinda,1.0,PM10,112.0,Moderate,"number_of_monitoring_stations in Absolute Number, aqi_value in Indices",,0.0
2023-03-22,Punjab,Jalandhar,1.0,O3,48.0,Good,"number_of_monitoring_stations in Absolute Number, aqi_value in Indices",,0.0
2023-03-22,Punjab,Ludhiana,1.0,PM10,105.0,Moderate,"number_of_monitoring_stations in Absolute Number, aqi_value in Indices",,0.0
2023-03-22,Punjab,Patiala,1.0,PM10,45.0,Good,"number_of_monitoring_stations in Absolute Number, aqi_value in Indices",,0.0
2023-03-22,Punjab,Rupnagar,1.0,PM10,69.0,Satisfactory,"number_of_monitoring_stations in Absolute Number, aqi_value in Indices",,0.0
2023-03-23,Punjab,Amritsar,1.0,PM2.5,136.0,Moderate,"number_of_monitoring_stations in Absolute Number, aqi_value in Indices",,0.0
2023-03-23,Punjab,Bathinda,1.0,PM10,130.0,Moderate,"number_of_monitoring_stations in Absolute Number, aqi_value in Indices",,0.0
2023-03-23,Punjab,Jalandhar,1.0,PM10,79.0,Satisfactory,"number_of_monitoring_stations in Absolute Number, aqi_value in Indices",,0.0
2023-03-23,Punjab,Ludhiana,1.0,PM10,91.0,Satisfactory,"number_of_monitoring_stations in Absolute Number, aqi_value in Indices",,0.0
2023-03-23,Punjab,Patiala,1.0,PM10,71.0,Satisfactory,"number_of_monitoring_stations in Absolute Number, aqi_value in Indices",,0.0
2023-03-23,Punjab,Rupnagar,1.0,PM10,83.0,Satisfactory,"number_of_monitoring_stations in Absolute Number, aqi_value in Indices",,0.0
2023-03-24,Punjab,Amritsar,1.0,PM2.5,110.0,Moderate,"number_of_monitoring_stations in Absolute Number, aqi_value in Indices",,0.0
2023-03-24,Punjab,Bathinda,1.0,PM10,110.0,Moderate,"number_of_monitoring_stations in Absolute Number, aqi_value in Indices",,0.0
2023-03-24,Punjab,Jalandhar,1.0,PM10,76.0,Satisfactory,"number_of_monitoring_stations in Absolute Number, aqi_value in Indices",,0.0
2023-03-24,Punjab,Ludhiana,1.0,PM10,138.0,Moderate,"number_of_monitoring_stations in Absolute Number, aqi_value in Indices",,0.0
2023-03-24,Punjab,Patiala,1.0,PM10,81.0,Satisfactory,"number_of_monitoring_stations in Absolute Number, aqi_value in Indices",,0.0
2023-03-24,Punjab,Rupnagar,1.0,PM10,113.0,Moderate,"number_of_monitoring_stations in Absolute Number, aqi_value in Indices",,0.0
2023-03-25,Punjab,Amritsar,1.0,PM2.5,75.0,Satisfactory,"number_of_monitoring_stations in Absolute Number, aqi_value in Indices",,0.0
2023-03-25,Punjab,Bathinda,1.0,PM2.5,58.0,Satisfactory,"number_of_monitoring_stations in Absolute Number, aqi_value in Indices",,0.0
2023-03-25,Punjab,Jalandhar,1.0,PM10,48.0,Good,"number_of_monitoring_stations in Absolute Number, aqi_value in Indices",,0.0
2023-03-25,Punjab,Ludhiana,1.0,PM10,71.0,Satisfactory,"number_of_monitoring_stations in Absolute Number, aqi_value in Indices",,0.0
2023-03-25,Punjab,Patiala,1.0,PM10,38.0,Good,"number_of_monitoring_stations in Absolute Number, aqi_value in Indices",,0.0
2023-03-25,Punjab,Rupnagar,1.0,PM10,77.0,Satisfactory,"number_of_monitoring_stations in Absolute Number, aqi_value in Indices",,0.0
2023-03-26,Punjab,Amritsar,1.0,PM2.5,90.0,Satisfactory,"number_of_monitoring_stations in Absolute Number, aqi_value in Indices",,0.0
2023-03-26,Punjab,Bathinda,1.0,PM10,98.0,Satisfactory,"number_of_monitoring_stations in Absolute Number, aqi_value in Indices",,0.0
2023-03-26,Punjab,Jalandhar,1.0,PM10,99.0,Satisfactory,"number_of_monitoring_stations in Absolute Number, aqi_value in Indices",,0.0
2023-03-26,Punjab,Ludhiana,1.0,PM10,98.0,Satisfactory,"number_of_monitoring_stations in Absolute Number, aqi_value in Indices",,0.0
2023-03-26,Punjab,Patiala,1.0,PM10,63.0,Satisfactory,"number_of_monitoring_stations in Absolute Number, aqi_value in Indices",,0.0
2023-03-26,Punjab,Rupnagar,1.0,PM10,101.0,Moderate,"number_of_monitoring_stations in Absolute Number, aqi_value in Indices",,0.0
2023-03-27,Punjab,Amritsar,1.0,PM2.5,104.0,Moderate,"number_of_monitoring_stations in Absolute Number, aqi_value in Indices",,0.0
2023-03-27,Punjab,Bathinda,1.0,PM10,52.0,Satisfactory,"number_of_monitoring_stations in Absolute Number, aqi_value in Indices",,0.0
2023-03-27,Punjab,Jalandhar,1.0,PM10,95.0,Satisfactory,"number_of_monitoring_stations in Absolute Number, aqi_value in Indices",,0.0
2023-03-27,Punjab,Ludhiana,1.0,PM10,83.0,Satisfactory,"number_of_monitoring_stations in Absolute Number, aqi_value in Indices",,0.0
2023-03-27,Punjab,Patiala,1.0,PM10,57.0,Satisfactory,"number_of_monitoring_stations in Absolute Number, aqi_value in Indices",,0.0
2023-03-27,Punjab,Rupnagar,1.0,PM10,78.0,Satisfactory,"number_of_monitoring_stations in Absolute Number, aqi_value in Indices",,0.0
2023-03-28,Punjab,Amritsar,1.0,PM2.5,133.0,Moderate,"number_of_monitoring_stations in Absolute Number, aqi_value in Indices",,0.0
2023-03-28,Punjab,Bathinda,1.0,PM10,104.0,Moderate,"number_of_monitoring_stations in Absolute Number, aqi_value in Indices",,0.0
2023-03-28,Punjab,Jalandhar,1.0,PM10,82.0,Satisfactory,"number_of_monitoring_stations in Absolute Number, aqi_value in Indices",,0.0
2023-03-28,Punjab,Ludhiana,1.0,PM10,96.0,Satisfactory,"number_of_monitoring_stations in Absolute Number, aqi_value in Indices",,0.0
2023-03-28,Punjab,Patiala,1.0,PM10,68.0,Satisfactory,"number_of_monitoring_stations in Absolute Number, aqi_value in Indices",,0.0
2023-03-28,Punjab,Rupnagar,1.0,PM10,101.0,Moderate,"number_of_monitoring_stations in Absolute Number, aqi_value in Indices",,0.0
2023-03-29,Punjab,Amritsar,1.0,PM2.5,185.0,Moderate,"number_of_monitoring_stations in Absolute Number, aqi_value in Indices",,0.0
2023-03-29,Punjab,Bathinda,1.0,PM10,123.0,Moderate,"number_of_monitoring_stations in Absolute Number, aqi_value in Indices",,0.0
2023-03-29,Punjab,Jalandhar,1.0,PM10,81.0,Satisfactory,"number_of_monitoring_stations in Absolute Number, aqi_value in Indices",,0.0
2023-03-29,Punjab,Ludhiana,1.0,PM10,143.0,Moderate,"number_of_monitoring_stations in Absolute Number, aqi_value in Indices",,0.0
2023-03-29,Punjab,Patiala,1.0,PM10,96.0,Satisfactory,"number_of_monitoring_stations in Absolute Number, aqi_value in Indices",,0.0
2023-03-29,Punjab,Rupnagar,1.0,PM10,98.0,Satisfactory,"number_of_monitoring_stations in Absolute Number, aqi_value in Indices",,0.0
2023-03-30,Punjab,Amritsar,1.0,PM2.5,125.0,Moderate,"number_of_monitoring_stations in Absolute Number, aqi_value in Indices",,0.0
2023-03-30,Punjab,Bathinda,1.0,PM2.5,96.0,Satisfactory,"number_of_monitoring_stations in Absolute Number, aqi_value in Indices",,0.0
2023-03-30,Punjab,Jalandhar,1.0,PM10,84.0,Satisfactory,"number_of_monitoring_stations in Absolute Number, aqi_value in Indices",,0.0
2023-03-30,Punjab,Ludhiana,1.0,PM10,129.0,Moderate,"number_of_monitoring_stations in Absolute Number, aqi_value in Indices",,0.0
2023-03-30,Punjab,Patiala,1.0,PM10,85.0,Satisfactory,"number_of_monitoring_stations in Absolute Number, aqi_value in Indices",,0.0
2023-03-30,Punjab,Rupnagar,1.0,PM10,125.0,Moderate,"number_of_monitoring_stations in Absolute Number, aqi_value in Indices",,0.0
2023-03-31,Punjab,Amritsar,1.0,PM2.5,91.0,Satisfactory,"number_of_monitoring_stations in Absolute Number, aqi_value in Indices",,0.0
2023-03-31,Punjab,Bathinda,1.0,PM10,81.0,Satisfactory,"number_of_monitoring_stations in Absolute Number, aqi_value in Indices",,0.0
2023-03-31,Punjab,Jalandhar,1.0,PM10,38.0,Good,"number_of_monitoring_stations in Absolute Number, aqi_value in Indices",,0.0
2023-03-31,Punjab,Ludhiana,1.0,PM10,89.0,Satisfactory,"number_of_monitoring_stations in Absolute Number, aqi_value in Indices",,0.0
2023-03-31,Punjab,Patiala,1.0,PM10,38.0,Good,"number_of_monitoring_stations in Absolute Number, aqi_value in Indices",,0.0
2023-03-31,Punjab,Rupnagar,1.0,CO,60.0,Satisfactory,"number_of_monitoring_stations in Absolute Number, aqi_value in Indices",,0.0
2023-04-01,Punjab,Amritsar,1.0,PM2.5,82.0,Satisfactory,"number_of_monitoring_stations in Absolute Number, aqi_value in Indices",,0.0
2023-04-01,Punjab,Bathinda,1.0,CO,42.0,Good,"number_of_monitoring_stations in Absolute Number, aqi_value in Indices",,0.0
2023-04-01,Punjab,Jalandhar,1.0,PM10,51.0,Satisfactory,"number_of_monitoring_stations in Absolute Number, aqi_value in Indices",,0.0
2023-04-01,Punjab,Ludhiana,1.0,PM10,115.0,Moderate,"number_of_monitoring_stations in Absolute Number, aqi_value in Indices",,0.0
2023-04-01,Punjab,Patiala,1.0,O3,44.0,Good,"number_of_monitoring_stations in Absolute Number, aqi_value in Indices",,0.0
2023-04-01,Punjab,Rupnagar,1.0,PM10,68.0,Satisfactory,"number_of_monitoring_stations in Absolute Number, aqi_value in Indices",,0.0
2023-04-02,Punjab,Amritsar,1.0,PM2.5,90.0,Satisfactory,"number_of_monitoring_stations in Absolute Number, aqi_value in Indices",,0.0
2023-04-02,Punjab,Bathinda,1.0,PM10,91.0,Satisfactory,"number_of_monitoring_stations in Absolute Number, aqi_value in Indices",,0.0
2023-04-02,Punjab,Jalandhar,1.0,PM10,56.0,Satisfactory,"number_of_monitoring_stations in Absolute Number, aqi_value in Indices",,0.0
2023-04-02,Punjab,Ludhiana,1.0,PM10,68.0,Satisfactory,"number_of_monitoring_stations in Absolute Number, aqi_value in Indices",,0.0
2023-04-02,Punjab,Patiala,1.0,CO,32.0,Good,"number_of_monitoring_stations in Absolute Number, aqi_value in Indices",,0.0
2023-04-02,Punjab,Rupnagar,1.0,CO,78.0,Satisfactory,"number_of_monitoring_stations in Absolute Number, aqi_value in Indices",,0.0
2023-04-03,Punjab,Amritsar,1.0,PM2.5,105.0,Moderate,"number_of_monitoring_stations in Absolute Number, aqi_value in Indices",,0.0
2023-04-03,Punjab,Bathinda,1.0,PM10,96.0,Satisfactory,"number_of_monitoring_stations in Absolute Number, aqi_value in Indices",,0.0
2023-04-03,Punjab,Jalandhar,1.0,PM10,66.0,Satisfactory,"number_of_monitoring_stations in Absolute Number, aqi_value in Indices",,0.0
2023-04-03,Punjab,Ludhiana,1.0,PM10,52.0,Satisfactory,"number_of_monitoring_stations in Absolute Number, aqi_value in Indices",,0.0
2023-04-03,Punjab,Patiala,1.0,PM10,52.0,Satisfactory,"number_of_monitoring_stations in Absolute Number, aqi_value in Indices",,0.0
2023-04-03,Punjab,Rupnagar,1.0,PM10,82.0,Satisfactory,"number_of_monitoring_stations in Absolute Number, aqi_value in Indices",,0.0
2023-04-04,Punjab,Amritsar,1.0,PM2.5,82.0,Satisfactory,"number_of_monitoring_stations in Absolute Number, aqi_value in Indices",,0.0
2023-04-04,Punjab,Bathinda,1.0,PM10,74.0,Satisfactory,"number_of_monitoring_stations in Absolute Number, aqi_value in Indices",,0.0
2023-04-04,Punjab,Jalandhar,1.0,PM10,61.0,Satisfactory,"number_of_monitoring_stations in Absolute Number, aqi_value in Indices",,0.0
2023-04-04,Punjab,Ludhiana,1.0,PM2.5,104.0,Moderate,"number_of_monitoring_stations in Absolute Number, aqi_value in Indices",,0.0
2023-04-04,Punjab,Patiala,1.0,PM10,49.0,Good,"number_of_monitoring_stations in Absolute Number, aqi_value in Indices",,0.0
2023-04-04,Punjab,Rupnagar,1.0,PM10,72.0,Satisfactory,"number_of_monitoring_stations in Absolute Number, aqi_value in Indices",,0.0
2023-04-05,Punjab,Amritsar,1.0,PM2.5,116.0,Moderate,"number_of_monitoring_stations in Absolute Number, aqi_value in Indices",,0.0
2023-04-05,Punjab,Bathinda,1.0,PM10,97.0,Satisfactory,"number_of_monitoring_stations in Absolute Number, aqi_value in Indices",,0.0
2023-04-05,Punjab,Jalandhar,1.0,PM10,81.0,Satisfactory,"number_of_monitoring_stations in Absolute Number, aqi_value in Indices",,0.0
2023-04-05,Punjab,Ludhiana,1.0,PM10,65.0,Satisfactory,"number_of_monitoring_stations in Absolute Number, aqi_value in Indices",,0.0
2023-04-05,Punjab,Patiala,1.0,PM10,62.0,Satisfactory,"number_of_monitoring_stations in Absolute Number, aqi_value in Indices",,0.0
2023-04-05,Punjab,Rupnagar,1.0,PM10,115.0,Moderate,"number_of_monitoring_stations in Absolute Number, aqi_value in Indices",,0.0
2023-04-06,Punjab,Amritsar,1.0,PM2.5,124.0,Moderate,"number_of_monitoring_stations in Absolute Number, aqi_value in Indices",,1.0
2023-04-06,Punjab,Bathinda,1.0,CO,59.0,Satisfactory,"number_of_monitoring_stations in Absolute Number, aqi_value in Indices",,0.0
2023-04-06,Punjab,Jalandhar,1.0,PM10,102.0,Moderate,"number_of_monitoring_stations in Absolute Number, aqi_value in Indices",,1.0
2023-04-06,Punjab,Ludhiana,1.0,O3,44.0,Good,"number_of_monitoring_stations in Absolute Number, aqi_value in Indices",,0.0
2023-04-06,Punjab,Patiala,1.0,PM10,81.0,Satisfactory,"number_of_monitoring_stations in Absolute Number, aqi_value in Indices",,0.0
2023-04-06,Punjab,Rupnagar,1.0,PM10,95.0,Satisfactory,"number_of_monitoring_stations in Absolute Number, aqi_value in Indices",,0.0
2023-04-07,Punjab,Amritsar,1.0,PM2.5,107.0,Moderate,"number_of_monitoring_stations in Absolute Number, aqi_value in Indices",,0.0
2023-04-07,Punjab,Bathinda,1.0,PM10,59.0,Satisfactory,"number_of_monitoring_stations in Absolute Number, aqi_value in Indices",,0.0
2023-04-07,Punjab,Jalandhar,1.0,PM10,89.0,Satisfactory,"number_of_monitoring_stations in Absolute Number, aqi_value in Indices",,0.0
2023-04-07,Punjab,Ludhiana,1.0,PM10,67.0,Satisfactory,"number_of_monitoring_stations in Absolute Number, aqi_value in Indices",,1.0
2023-04-07,Punjab,Patiala,1.0,PM10,70.0,Satisfactory,"number_of_monitoring_stations in Absolute Number, aqi_value in Indices",,0.0
2023-04-07,Punjab,Rupnagar,1.0,PM10,97.0,Satisfactory,"number_of_monitoring_stations in Absolute Number, aqi_value in Indices",,0.0
2023-04-08,Punjab,Amritsar,1.0,PM2.5,124.0,Moderate,"number_of_monitoring_stations in Absolute Number, aqi_value in Indices",,0.0
2023-04-08,Punjab,Bathinda,1.0,CO,51.0,Satisfactory,"number_of_monitoring_stations in Absolute Number, aqi_value in Indices",,1.0
2023-04-08,Punjab,Jalandhar,1.0,PM10,107.0,Moderate,"number_of_monitoring_stations in Absolute Number, aqi_value in Indices",,1.0
2023-04-08,Punjab,Ludhiana,1.0,PM10,84.0,Satisfactory,"number_of_monitoring_stations in Absolute Number, aqi_value in Indices",,0.0
2023-04-08,Punjab,Patiala,1.0,PM10,72.0,Satisfactory,"number_of_monitoring_stations in Absolute Number, aqi_value in Indices",,0.0
2023-04-08,Punjab,Rupnagar,1.0,PM10,102.0,Moderate,"number_of_monitoring_stations in Absolute Number, aqi_value in Indices",,0.0
2023-04-09,Punjab,Amritsar,1.0,PM2.5,179.0,Moderate,"number_of_monitoring_stations in Absolute Number, aqi_value in Indices",,1.0
2023-04-09,Punjab,Bathinda,1.0,PM10,67.0,Satisfactory,"number_of_monitoring_stations in Absolute Number, aqi_value in Indices",,0.0
2023-04-09,Punjab,Jalandhar,1.0,PM10,123.0,Moderate,"number_of_monitoring_stations in Absolute Number, aqi_value in Indices",,0.0
2023-04-09,Punjab,Ludhiana,1.0,PM10,92.0,Satisfactory,"number_of_monitoring_stations in Absolute Number, aqi_value in Indices",,0.0
2023-04-09,Punjab,Patiala,1.0,PM10,90.0,Satisfactory,"number_of_monitoring_stations in Absolute Number, aqi_value in Indices",,1.0
2023-04-09,Punjab,Rupnagar,1.0,PM10,130.0,Moderate,"number_of_monitoring_stations in Absolute Number, aqi_value in Indices",,0.0
2023-04-10,Punjab,Amritsar,1.0,PM2.5,144.0,Moderate,"number_of_monitoring_stations in Absolute Number, aqi_value in Indices",,0.0
2023-04-10,Punjab,Bathinda,1.0,PM2.5,114.0,Moderate,"number_of_monitoring_stations in Absolute Number, aqi_value in Indices",,0.0
2023-04-10,Punjab,Jalandhar,1.0,PM10,107.0,Moderate,"number_of_monitoring_stations in Absolute Number, aqi_value in Indices",,0.0
2023-04-10,Punjab,Ludhiana,1.0,PM10,96.0,Satisfactory,"number_of_monitoring_stations in Absolute Number, aqi_value in Indices",,0.0
2023-04-10,Punjab,Patiala,1.0,O3,66.0,Satisfactory,"number_of_monitoring_stations in Absolute Number, aqi_value in Indices",,2.0
2023-04-10,Punjab,Rupnagar,1.0,PM10,121.0,Moderate,"number_of_monitoring_stations in Absolute Number, aqi_value in Indices",,0.0
2023-04-11,Punjab,Amritsar,1.0,PM2.5,129.0,Moderate,"number_of_monitoring_stations in Absolute Number, aqi_value in Indices",,1.0
2023-04-11,Punjab,Bathinda,1.0,PM2.5,74.0,Satisfactory,"number_of_monitoring_stations in Absolute Number, aqi_value in Indices",,0.0
2023-04-11,Punjab,Jalandhar,1.0,PM10,123.0,Moderate,"number_of_monitoring_stations in Absolute Number, aqi_value in Indices",,0.0
2023-04-11,Punjab,Ludhiana,1.0,PM10,109.0,Moderate,"number_of_monitoring_stations in Absolute Number, aqi_value in Indices",,0.0
2023-04-11,Punjab,Patiala,1.0,PM10,87.0,Satisfactory,"number_of_monitoring_stations in Absolute Number, aqi_value in Indices",,0.0
2023-04-11,Punjab,Rupnagar,1.0,PM10,124.0,Moderate,"number_of_monitoring_stations in Absolute Number, aqi_value in Indices",,0.0
2023-04-12,Punjab,Amritsar,1.0,PM2.5,153.0,Moderate,"number_of_monitoring_stations in Absolute Number, aqi_value in Indices",,1.0
2023-04-12,Punjab,Bathinda,1.0,PM10,140.0,Moderate,"number_of_monitoring_stations in Absolute Number, aqi_value in Indices",,0.0
2023-04-12,Punjab,Jalandhar,1.0,PM10,136.0,Moderate,"number_of_monitoring_stations in Absolute Number, aqi_value in Indices",,0.0
2023-04-12,Punjab,Ludhiana,1.0,PM10,125.0,Moderate,"number_of_monitoring_stations in Absolute Number, aqi_value in Indices",,0.0
2023-04-12,Punjab,Patiala,1.0,PM10,96.0,Satisfactory,"number_of_monitoring_stations in Absolute Number, aqi_value in Indices",,0.0
2023-04-12,Punjab,Rupnagar,1.0,PM10,163.0,Moderate,"number_of_monitoring_stations in Absolute Number, aqi_value in Indices",,0.0
2023-04-13,Punjab,Amritsar,1.0,PM2.5,169.0,Moderate,"number_of_monitoring_stations in Absolute Number, aqi_value in Indices",,0.0
2023-04-13,Punjab,Bathinda,1.0,PM10,126.0,Moderate,"number_of_monitoring_stations in Absolute Number, aqi_value in Indices",,0.0
2023-04-13,Punjab,Jalandhar,1.0,PM10,120.0,Moderate,"number_of_monitoring_stations in Absolute Number, aqi_value in Indices",,0.0
2023-04-13,Punjab,Ludhiana,1.0,PM10,122.0,Moderate,"number_of_monitoring_stations in Absolute Number, aqi_value in Indices",,1.0
2023-04-13,Punjab,Patiala,1.0,PM10,64.0,Satisfactory,"number_of_monitoring_stations in Absolute Number, aqi_value in Indices",,0.0
2023-04-13,Punjab,Rupnagar,1.0,PM10,178.0,Moderate,"number_of_monitoring_stations in Absolute Number, aqi_value in Indices",,0.0
2023-04-14,Punjab,Amritsar,1.0,PM2.5,157.0,Moderate,"number_of_monitoring_stations in Absolute Number, aqi_value in Indices",,0.0
2023-04-14,Punjab,Bathinda,1.0,PM2.5,225.0,Poor,"number_of_monitoring_stations in Absolute Number, aqi_value in Indices",,2.0
2023-04-14,Punjab,Jalandhar,1.0,PM10,118.0,Moderate,"number_of_monitoring_stations in Absolute Number, aqi_value in Indices",,1.0
2023-04-14,Punjab,Ludhiana,1.0,PM10,122.0,Moderate,"number_of_monitoring_stations in Absolute Number, aqi_value in Indices",,0.0
2023-04-14,Punjab,Patiala,1.0,PM10,114.0,Moderate,"number_of_monitoring_stations in Absolute Number, aqi_value in Indices",,0.0
2023-04-14,Punjab,Rupnagar,1.0,PM10,182.0,Moderate,"number_of_monitoring_stations in Absolute Number, aqi_value in Indices",,0.0
2023-04-15,Punjab,Amritsar,1.0,PM2.5,172.0,Moderate,"number_of_monitoring_stations in Absolute Number, aqi_value in Indices",,0.0
2023-04-15,Punjab,Bathinda,1.0,PM2.5,184.0,Moderate,"number_of_monitoring_stations in Absolute Number, aqi_value in Indices",,0.0
2023-04-15,Punjab,Jalandhar,1.0,PM10,100.0,Satisfactory,"number_of_monitoring_stations in Absolute Number, aqi_value in Indices",,0.0
2023-04-15,Punjab,Ludhiana,1.0,PM10,146.0,Moderate,"number_of_monitoring_stations in Absolute Number, aqi_value in Indices",,0.0
2023-04-15,Punjab,Patiala,1.0,PM2.5,139.0,Moderate,"number_of_monitoring_stations in Absolute Number, aqi_value in Indices",,0.0
2023-04-15,Punjab,Rupnagar,1.0,PM10,165.0,Moderate,"number_of_monitoring_stations in Absolute Number, aqi_value in Indices",,0.0
2023-04-16,Punjab,Amritsar,1.0,PM2.5,124.0,Moderate,"number_of_monitoring_stations in Absolute Number, aqi_value in Indices",,0.0
2023-04-16,Punjab,Bathinda,1.0,PM10,134.0,Moderate,"number_of_monitoring_stations in Absolute Number, aqi_value in Indices",,0.0
2023-04-16,Punjab,Jalandhar,1.0,PM10,90.0,Satisfactory,"number_of_monitoring_stations in Absolute Number, aqi_value in Indices",,0.0
2023-04-16,Punjab,Ludhiana,1.0,PM10,155.0,Moderate,"number_of_monitoring_stations in Absolute Number, aqi_value in Indices",,0.0
2023-04-16,Punjab,Patiala,1.0,PM10,115.0,Moderate,"number_of_monitoring_stations in Absolute Number, aqi_value in Indices",,1.0
2023-04-16,Punjab,Rupnagar,1.0,PM10,227.0,Poor,"number_of_monitoring_stations in Absolute Number, aqi_value in Indices",,0.0
2023-04-17,Punjab,Amritsar,1.0,PM2.5,103.0,Moderate,"number_of_monitoring_stations in Absolute Number, aqi_value in Indices",,0.0
2023-04-17,Punjab,Bathinda,1.0,PM2.5,112.0,Moderate,"number_of_monitoring_stations in Absolute Number, aqi_value in Indices",,2.0
2023-04-17,Punjab,Jalandhar,1.0,PM10,124.0,Moderate,"number_of_monitoring_stations in Absolute Number, aqi_value in Indices",,0.0
2023-04-17,Punjab,Ludhiana,1.0,PM10,108.0,Moderate,"number_of_monitoring_stations in Absolute Number, aqi_value in Indices",,0.0
2023-04-17,Punjab,Patiala,1.0,PM10,149.0,Moderate,"number_of_monitoring_stations in Absolute Number, aqi_value in Indices",,0.0
2023-04-17,Punjab,Rupnagar,1.0,PM10,168.0,Moderate,"number_of_monitoring_stations in Absolute Number, aqi_value in Indices",,0.0
2023-04-18,Punjab,Bathinda,1.0,PM2.5,215.0,Poor,"number_of_monitoring_stations in Absolute Number, aqi_value in Indices",,1.0
2023-04-18,Punjab,Jalandhar,1.0,PM10,135.0,Moderate,"number_of_monitoring_stations in Absolute Number, aqi_value in Indices",,0.0
2023-04-18,Punjab,Ludhiana,1.0,PM10,166.0,Moderate,"number_of_monitoring_stations in Absolute Number, aqi_value in Indices",,0.0
2023-04-18,Punjab,Patiala,1.0,PM10,134.0,Moderate,"number_of_monitoring_stations in Absolute Number, aqi_value in Indices",,0.0
2023-04-18,Punjab,Rupnagar,1.0,PM10,170.0,Moderate,"number_of_monitoring_stations in Absolute Number, aqi_value in Indices",,0.0
2023-04-19,Punjab,Amritsar,1.0,PM2.5,134.0,Moderate,"number_of_monitoring_stations in Absolute Number, aqi_value in Indices",,0.0
2023-04-19,Punjab,Bathinda,1.0,PM10,67.0,Satisfactory,"number_of_monitoring_stations in Absolute Number, aqi_value in Indices",,1.0
2023-04-19,Punjab,Jalandhar,1.0,PM10,113.0,Moderate,"number_of_monitoring_stations in Absolute Number, aqi_value in Indices",,0.0
2023-04-19,Punjab,Ludhiana,1.0,PM10,109.0,Moderate,"number_of_monitoring_stations in Absolute Number, aqi_value in Indices",,0.0
2023-04-19,Punjab,Patiala,1.0,PM10,118.0,Moderate,"number_of_monitoring_stations in Absolute Number, aqi_value in Indices",,1.0
2023-04-19,Punjab,Rupnagar,1.0,PM10,123.0,Moderate,"number_of_monitoring_stations in Absolute Number, aqi_value in Indices",,0.0
2023-04-20,Punjab,Amritsar,1.0,PM2.5,64.0,Satisfactory,"number_of_monitoring_stations in Absolute Number, aqi_value in Indices",,0.0
2023-04-20,Punjab,Bathinda,1.0,PM2.5,104.0,Moderate,"number_of_monitoring_stations in Absolute Number, aqi_value in Indices",,0.0
2023-04-20,Punjab,Jalandhar,1.0,PM10,66.0,Satisfactory,"number_of_monitoring_stations in Absolute Number, aqi_value in Indices",,1.0
2023-04-20,Punjab,Ludhiana,1.0,PM10,84.0,Satisfactory,"number_of_monitoring_stations in Absolute Number, aqi_value in Indices",,0.0
2023-04-20,Punjab,Patiala,1.0,O3,61.0,Satisfactory,"number_of_monitoring_stations in Absolute Number, aqi_value in Indices",,0.0
2023-04-20,Punjab,Rupnagar,1.0,PM10,76.0,Satisfactory,"number_of_monitoring_stations in Absolute Number, aqi_value in Indices",,0.0
2023-04-21,Punjab,Amritsar,1.0,PM2.5,63.0,Satisfactory,"number_of_monitoring_stations in Absolute Number, aqi_value in Indices",,0.0
2023-04-21,Punjab,Bathinda,1.0,PM10,161.0,Moderate,"number_of_monitoring_stations in Absolute Number, aqi_value in Indices",,0.0
2023-04-21,Punjab,Jalandhar,1.0,PM10,62.0,Satisfactory,"number_of_monitoring_stations in Absolute Number, aqi_value in Indices",,0.0
2023-04-21,Punjab,Ludhiana,1.0,PM10,65.0,Satisfactory,"number_of_monitoring_stations in Absolute Number, aqi_value in Indices",,0.0
2023-04-21,Punjab,Patiala,1.0,O3,69.0,Satisfactory,"number_of_monitoring_stations in Absolute Number, aqi_value in Indices",,0.0
2023-04-21,Punjab,Rupnagar,1.0,PM10,83.0,Satisfactory,"number_of_monitoring_stations in Absolute Number, aqi_value in Indices",,0.0
2023-04-22,Punjab,Amritsar,1.0,PM2.5,76.0,Satisfactory,"number_of_monitoring_stations in Absolute Number, aqi_value in Indices",,0.0
2023-04-22,Punjab,Bathinda,1.0,PM10,53.0,Satisfactory,"number_of_monitoring_stations in Absolute Number, aqi_value in Indices",,0.0
2023-04-22,Punjab,Jalandhar,1.0,PM10,94.0,Satisfactory,"number_of_monitoring_stations in Absolute Number, aqi_value in Indices",,0.0
2023-04-22,Punjab,Ludhiana,1.0,PM10,99.0,Satisfactory,"number_of_monitoring_stations in Absolute Number, aqi_value in Indices",,0.0
2023-04-22,Punjab,Patiala,1.0,PM10,53.0,Satisfactory,"number_of_monitoring_stations in Absolute Number, aqi_value in Indices",,0.0
2023-04-22,Punjab,Rupnagar,1.0,PM10,99.0,Satisfactory,"number_of_monitoring_stations in Absolute Number, aqi_value in Indices",,0.0
2023-04-23,Punjab,Amritsar,1.0,PM2.5,61.0,Satisfactory,"number_of_monitoring_stations in Absolute Number, aqi_value in Indices",,0.0
2023-04-23,Punjab,Bathinda,1.0,PM10,85.0,Satisfactory,"number_of_monitoring_stations in Absolute Number, aqi_value in Indices",,1.0
2023-04-23,Punjab,Jalandhar,1.0,PM10,94.0,Satisfactory,"number_of_monitoring_stations in Absolute Number, aqi_value in Indices",,0.0
2023-04-23,Punjab,Ludhiana,1.0,PM10,87.0,Satisfactory,"number_of_monitoring_stations in Absolute Number, aqi_value in Indices",,0.0
2023-04-23,Punjab,Patiala,1.0,O3,78.0,Satisfactory,"number_of_monitoring_stations in Absolute Number, aqi_value in Indices",,1.0
2023-04-23,Punjab,Rupnagar,1.0,PM10,115.0,Moderate,"number_of_monitoring_stations in Absolute Number, aqi_value in Indices",,0.0
2023-04-24,Punjab,Amritsar,1.0,PM2.5,141.0,Moderate,"number_of_monitoring_stations in Absolute Number, aqi_value in Indices",,0.0
2023-04-24,Punjab,Bathinda,1.0,PM10,180.0,Moderate,"number_of_monitoring_stations in Absolute Number, aqi_value in Indices",,4.0
2023-04-24,Punjab,Jalandhar,1.0,PM10,108.0,Moderate,"number_of_monitoring_stations in Absolute Number, aqi_value in Indices",,0.0
2023-04-24,Punjab,Ludhiana,1.0,PM10,124.0,Moderate,"number_of_monitoring_stations in Absolute Number, aqi_value in Indices",,2.0
2023-04-24,Punjab,Patiala,1.0,PM10,100.0,Satisfactory,"number_of_monitoring_stations in Absolute Number, aqi_value in Indices",,0.0
2023-04-24,Punjab,Rupnagar,1.0,PM10,206.0,Poor,"number_of_monitoring_stations in Absolute Number, aqi_value in Indices",,0.0
2023-04-25,Punjab,Amritsar,1.0,PM2.5,124.0,Moderate,"number_of_monitoring_stations in Absolute Number, aqi_value in Indices",,0.0
2023-04-25,Punjab,Bathinda,1.0,PM10,128.0,Moderate,"number_of_monitoring_stations in Absolute Number, aqi_value in Indices",,7.0
2023-04-25,Punjab,Jalandhar,1.0,PM10,106.0,Moderate,"number_of_monitoring_stations in Absolute Number, aqi_value in Indices",,3.0
2023-04-25,Punjab,Ludhiana,1.0,PM10,118.0,Moderate,"number_of_monitoring_stations in Absolute Number, aqi_value in Indices",,1.0
2023-04-25,Punjab,Patiala,1.0,PM10,122.0,Moderate,"number_of_monitoring_stations in Absolute Number, aqi_value in Indices",,3.0
2023-04-25,Punjab,Rupnagar,1.0,PM10,125.0,Moderate,"number_of_monitoring_stations in Absolute Number, aqi_value in Indices",,0.0
2023-04-26,Punjab,Amritsar,1.0,PM2.5,162.0,Moderate,"number_of_monitoring_stations in Absolute Number, aqi_value in Indices",,0.0
2023-04-26,Punjab,Bathinda,1.0,PM10,89.0,Satisfactory,"number_of_monitoring_stations in Absolute Number, aqi_value in Indices",,1.0
2023-04-26,Punjab,Jalandhar,1.0,PM10,111.0,Moderate,"number_of_monitoring_stations in Absolute Number, aqi_value in Indices",,0.0
2023-04-26,Punjab,Ludhiana,1.0,PM10,125.0,Moderate,"number_of_monitoring_stations in Absolute Number, aqi_value in Indices",,0.0
2023-04-27,Punjab,Amritsar,1.0,PM2.5,102.0,Moderate,"number_of_monitoring_stations in Absolute Number, aqi_value in Indices",,0.0
2023-04-27,Punjab,Bathinda,1.0,PM10,81.0,Satisfactory,"number_of_monitoring_stations in Absolute Number, aqi_value in Indices",,4.0
2023-04-27,Punjab,Jalandhar,1.0,PM10,92.0,Satisfactory,"number_of_monitoring_stations in Absolute Number, aqi_value in Indices",,0.0
2023-04-27,Punjab,Ludhiana,1.0,PM2.5,174.0,Moderate,"number_of_monitoring_stations in Absolute Number, aqi_value in Indices",,4.0
2023-04-27,Punjab,Patiala,1.0,PM10,103.0,Moderate,"number_of_monitoring_stations in Absolute Number, aqi_value in Indices",,2.0
2023-04-28,Punjab,Amritsar,1.0,PM2.5,121.0,Moderate,"number_of_monitoring_stations in Absolute Number, aqi_value in Indices",,0.0
2023-04-28,Punjab,Bathinda,1.0,PM2.5,73.0,Satisfactory,"number_of_monitoring_stations in Absolute Number, aqi_value in Indices",,1.0
2023-04-28,Punjab,Jalandhar,1.0,PM10,108.0,Moderate,"number_of_monitoring_stations in Absolute Number, aqi_value in Indices",,0.0
2023-04-28,Punjab,Ludhiana,1.0,PM2.5,252.0,Poor,"number_of_monitoring_stations in Absolute Number, aqi_value in Indices",,1.0
2023-04-28,Punjab,Patiala,1.0,PM10,97.0,Satisfactory,"number_of_monitoring_stations in Absolute Number, aqi_value in Indices",,2.0
2023-04-29,Punjab,Amritsar,1.0,PM2.5,117.0,Moderate,"number_of_monitoring_stations in Absolute Number, aqi_value in Indices",,1.0
2023-04-29,Punjab,Bathinda,1.0,PM2.5,42.0,Good,"number_of_monitoring_stations in Absolute Number, aqi_value in Indices",,3.0
2023-04-29,Punjab,Jalandhar,1.0,PM10,146.0,Moderate,"number_of_monitoring_stations in Absolute Number, aqi_value in Indices",,1.0
2023-04-29,Punjab,Ludhiana,1.0,PM2.5,189.0,Moderate,"number_of_monitoring_stations in Absolute Number, aqi_value in Indices",,0.0
2023-04-29,Punjab,Patiala,1.0,PM10,131.0,Moderate,"number_of_monitoring_stations in Absolute Number, aqi_value in Indices",,1.0
2023-04-29,Punjab,Rupnagar,1.0,PM2.5,234.0,Poor,"number_of_monitoring_stations in Absolute Number, aqi_value in Indices",,0.0
2023-04-30,Punjab,Amritsar,1.0,PM2.5,106.0,Moderate,"number_of_monitoring_stations in Absolute Number, aqi_value in Indices",,0.0
2023-04-30,Punjab,Bathinda,1.0,PM10,59.0,Satisfactory,"number_of_monitoring_stations in Absolute Number, aqi_value in Indices",,2.0
2023-04-30,Punjab,Jalandhar,1.0,PM10,92.0,Satisfactory,"number_of_monitoring_stations in Absolute Number, aqi_value in Indices",,0.0
2023-04-30,Punjab,Ludhiana,1.0,PM2.5,89.0,Satisfactory,"number_of_monitoring_stations in Absolute Number, aqi_value in Indices",,1.0
2023-04-30,Punjab,Patiala,1.0,PM10,85.0,Satisfactory,"number_of_monitoring_stations in Absolute Number, aqi_value in Indices",,2.0
2023-04-30,Punjab,Rupnagar,1.0,NO2,97.0,Satisfactory,"number_of_monitoring_stations in Absolute Number, aqi_value in Indices",,1.0
2023-05-01,Punjab,Amritsar,1.0,PM2.5,91.0,Satisfactory,"number_of_monitoring_stations in Absolute Number, aqi_value in Indices",,0.0
2023-05-01,Punjab,Bathinda,1.0,PM10,41.0,Good,"number_of_monitoring_stations in Absolute Number, aqi_value in Indices",,0.0
2023-05-01,Punjab,Jalandhar,1.0,PM10,65.0,Satisfactory,"number_of_monitoring_stations in Absolute Number, aqi_value in Indices",,0.0
2023-05-01,Punjab,Ludhiana,1.0,PM2.5,87.0,Satisfactory,"number_of_monitoring_stations in Absolute Number, aqi_value in Indices",,0.0
2023-05-01,Punjab,Patiala,1.0,O3,61.0,Satisfactory,"number_of_monitoring_stations in Absolute Number, aqi_value in Indices",,0.0
2023-05-01,Punjab,Rupnagar,1.0,NO2,93.0,Satisfactory,"number_of_monitoring_stations in Absolute Number, aqi_value in Indices",,0.0
2023-05-02,Punjab,Bathinda,1.0,PM10,53.0,Satisfactory,"number_of_monitoring_stations in Absolute Number, aqi_value in Indices",,18.0
2023-05-02,Punjab,Jalandhar,1.0,PM10,42.0,Good,"number_of_monitoring_stations in Absolute Number, aqi_value in Indices",,1.0
2023-05-02,Punjab,Ludhiana,1.0,PM10,72.0,Satisfactory,"number_of_monitoring_stations in Absolute Number, aqi_value in Indices",,0.0
2023-05-02,Punjab,Patiala,1.0,O3,44.0,Good,"number_of_monitoring_stations in Absolute Number, aqi_value in Indices",,1.0
2023-05-02,Punjab,Rupnagar,1.0,CO,57.0,Satisfactory,"number_of_monitoring_stations in Absolute Number, aqi_value in Indices",,0.0
2023-05-03,Punjab,Amritsar,1.0,NO2,67.0,Satisfactory,"number_of_monitoring_stations in Absolute Number, aqi_value in Indices",,0.0
2023-05-03,Punjab,Jalandhar,1.0,PM10,37.0,Good,"number_of_monitoring_stations in Absolute Number, aqi_value in Indices",,0.0
2023-05-03,Punjab,Patiala,1.0,O3,51.0,Satisfactory,"number_of_monitoring_stations in Absolute Number, aqi_value in Indices",,5.0
2023-05-03,Punjab,Rupnagar,1.0,PM10,106.0,Moderate,"number_of_monitoring_stations in Absolute Number, aqi_value in Indices",,0.0
2023-05-04,Punjab,Amritsar,1.0,NO2,78.0,Satisfactory,"number_of_monitoring_stations in Absolute Number, aqi_value in Indices",,6.0
2023-05-04,Punjab,Bathinda,1.0,PM10,32.0,Good,"number_of_monitoring_stations in Absolute Number, aqi_value in Indices",,27.0
2023-05-04,Punjab,Jalandhar,1.0,PM10,55.0,Satisfactory,"number_of_monitoring_stations in Absolute Number, aqi_value in Indices",,7.0
2023-05-04,Punjab,Ludhiana,1.0,PM2.5,103.0,Moderate,"number_of_monitoring_stations in Absolute Number, aqi_value in Indices",,3.0
2023-05-04,Punjab,Patiala,1.0,O3,75.0,Satisfactory,"number_of_monitoring_stations in Absolute Number, aqi_value in Indices",,20.0
2023-05-04,Punjab,Rupnagar,1.0,PM10,126.0,Moderate,"number_of_monitoring_stations in Absolute Number, aqi_value in Indices",,0.0
2023-05-05,Punjab,Amritsar,1.0,PM2.5,66.0,Satisfactory,"number_of_monitoring_stations in Absolute Number, aqi_value in Indices",,1.0
2023-05-05,Punjab,Bathinda,1.0,PM10,44.0,Good,"number_of_monitoring_stations in Absolute Number, aqi_value in Indices",,95.0
2023-05-05,Punjab,Jalandhar,1.0,PM10,60.0,Satisfactory,"number_of_monitoring_stations in Absolute Number, aqi_value in Indices",,7.0
2023-05-05,Punjab,Ludhiana,1.0,O3,87.0,Satisfactory,"number_of_monitoring_stations in Absolute Number, aqi_value in Indices",,48.0
2023-05-05,Punjab,Patiala,1.0,PM10,77.0,Satisfactory,"number_of_monitoring_stations in Absolute Number, aqi_value in Indices",,44.0
2023-05-05,Punjab,Rupnagar,1.0,PM10,125.0,Moderate,"number_of_monitoring_stations in Absolute Number, aqi_value in Indices",,0.0
2023-05-06,Punjab,Amritsar,1.0,PM2.5,83.0,Satisfactory,"number_of_monitoring_stations in Absolute Number, aqi_value in Indices",,35.0
2023-05-06,Punjab,Bathinda,1.0,PM10,72.0,Satisfactory,"number_of_monitoring_stations in Absolute Number, aqi_value in Indices",,97.0
2023-05-06,Punjab,Jalandhar,1.0,PM10,101.0,Moderate,"number_of_monitoring_stations in Absolute Number, aqi_value in Indices",,24.0
2023-05-06,Punjab,Ludhiana,1.0,PM10,92.0,Satisfactory,"number_of_monitoring_stations in Absolute Number, aqi_value in Indices",,66.0
2023-05-06,Punjab,Patiala,1.0,PM10,91.0,Satisfactory,"number_of_monitoring_stations in Absolute Number, aqi_value in Indices",,63.0
2023-05-06,Punjab,Rupnagar,1.0,PM10,166.0,Moderate,"number_of_monitoring_stations in Absolute Number, aqi_value in Indices",,0.0
2023-05-07,Punjab,Bathinda,1.0,PM10,218.0,Poor,"number_of_monitoring_stations in Absolute Number, aqi_value in Indices",,46.0
2023-05-07,Punjab,Jalandhar,1.0,PM10,90.0,Satisfactory,"number_of_monitoring_stations in Absolute Number, aqi_value in Indices",,9.0
2023-05-07,Punjab,Ludhiana,1.0,PM10,108.0,Moderate,"number_of_monitoring_stations in Absolute Number, aqi_value in Indices",,32.0
2023-05-07,Punjab,Patiala,1.0,PM10,108.0,Moderate,"number_of_monitoring_stations in Absolute Number, aqi_value in Indices",,44.0
2023-05-07,Punjab,Rupnagar,1.0,PM10,102.0,Moderate,"number_of_monitoring_stations in Absolute Number, aqi_value in Indices",,0.0
2023-05-08,Punjab,Amritsar,1.0,PM2.5,120.0,Moderate,"number_of_monitoring_stations in Absolute Number, aqi_value in Indices",,42.0
2023-05-08,Punjab,Bathinda,1.0,PM10,112.0,Moderate,"number_of_monitoring_stations in Absolute Number, aqi_value in Indices",,45.0
2023-05-08,Punjab,Jalandhar,1.0,PM10,113.0,Moderate,"number_of_monitoring_stations in Absolute Number, aqi_value in Indices",,21.0
2023-05-08,Punjab,Ludhiana,1.0,PM10,155.0,Moderate,"number_of_monitoring_stations in Absolute Number, aqi_value in Indices",,64.0
2023-05-08,Punjab,Patiala,1.0,PM10,102.0,Moderate,"number_of_monitoring_stations in Absolute Number, aqi_value in Indices",,19.0
2023-05-08,Punjab,Rupnagar,1.0,PM10,117.0,Moderate,"number_of_monitoring_stations in Absolute Number, aqi_value in Indices",,2.0
2023-05-09,Punjab,Amritsar,1.0,PM2.5,101.0,Moderate,"number_of_monitoring_stations in Absolute Number, aqi_value in Indices",,28.0
2023-05-09,Punjab,Bathinda,1.0,PM10,64.0,Satisfactory,"number_of_monitoring_stations in Absolute Number, aqi_value in Indices",,25.0
2023-05-09,Punjab,Jalandhar,1.0,PM10,87.0,Satisfactory,"number_of_monitoring_stations in Absolute Number, aqi_value in Indices",,12.0
2023-05-09,Punjab,Ludhiana,1.0,PM2.5,171.0,Moderate,"number_of_monitoring_stations in Absolute Number, aqi_value in Indices",,12.0
2023-05-09,Punjab,Patiala,1.0,PM10,115.0,Moderate,"number_of_monitoring_stations in Absolute Number, aqi_value in Indices",,12.0
2023-05-09,Punjab,Rupnagar,1.0,PM10,102.0,Moderate,"number_of_monitoring_stations in Absolute Number, aqi_value in Indices",,0.0
2023-05-10,Punjab,Amritsar,1.0,PM2.5,132.0,Moderate,"number_of_monitoring_stations in Absolute Number, aqi_value in Indices",,123.0
2023-05-10,Punjab,Bathinda,1.0,PM10,53.0,Satisfactory,"number_of_monitoring_stations in Absolute Number, aqi_value in Indices",,60.0
2023-05-10,Punjab,Jalandhar,1.0,PM10,89.0,Satisfactory,"number_of_monitoring_stations in Absolute Number, aqi_value in Indices",,41.0
2023-05-10,Punjab,Ludhiana,1.0,PM2.5,175.0,Moderate,"number_of_monitoring_stations in Absolute Number, aqi_value in Indices",,84.0
2023-05-10,Punjab,Patiala,1.0,PM10,99.0,Satisfactory,"number_of_monitoring_stations in Absolute Number, aqi_value in Indices",,40.0
2023-05-10,Punjab,Rupnagar,1.0,PM10,130.0,Moderate,"number_of_monitoring_stations in Absolute Number, aqi_value in Indices",,2.0
2023-05-11,Punjab,Amritsar,1.0,PM2.5,220.0,Poor,"number_of_monitoring_stations in Absolute Number, aqi_value in Indices",,122.0
2023-05-11,Punjab,Bathinda,1.0,PM10,79.0,Satisfactory,"number_of_monitoring_stations in Absolute Number, aqi_value in Indices",,69.0
2023-05-11,Punjab,Jalandhar,1.0,PM10,130.0,Moderate,"number_of_monitoring_stations in Absolute Number, aqi_value in Indices",,60.0
2023-05-11,Punjab,Ludhiana,1.0,PM2.5,192.0,Moderate,"number_of_monitoring_stations in Absolute Number, aqi_value in Indices",,109.0
2023-05-11,Punjab,Patiala,1.0,O3,173.0,Moderate,"number_of_monitoring_stations in Absolute Number, aqi_value in Indices",,55.0
2023-05-11,Punjab,Rupnagar,1.0,PM10,211.0,Poor,"number_of_monitoring_stations in Absolute Number, aqi_value in Indices",,1.0
2023-05-12,Punjab,Amritsar,1.0,PM2.5,161.0,Moderate,"number_of_monitoring_stations in Absolute Number, aqi_value in Indices",,122.0
2023-05-12,Punjab,Bathinda,1.0,PM2.5,84.0,Satisfactory,"number_of_monitoring_stations in Absolute Number, aqi_value in Indices",,23.0
2023-05-12,Punjab,Jalandhar,1.0,PM10,128.0,Moderate,"number_of_monitoring_stations in Absolute Number, aqi_value in Indices",,30.0
2023-05-12,Punjab,Ludhiana,1.0,PM2.5,203.0,Poor,"number_of_monitoring_stations in Absolute Number, aqi_value in Indices",,53.0
2023-05-12,Punjab,Patiala,1.0,O3,218.0,Poor,"number_of_monitoring_stations in Absolute Number, aqi_value in Indices",,31.0
2023-05-13,Punjab,Amritsar,1.0,PM10,106.0,Moderate,"number_of_monitoring_stations in Absolute Number, aqi_value in Indices",,149.0
2023-05-13,Punjab,Bathinda,1.0,PM10,153.0,Moderate,"number_of_monitoring_stations in Absolute Number, aqi_value in Indices",,16.0
2023-05-13,Punjab,Jalandhar,1.0,PM10,137.0,Moderate,"number_of_monitoring_stations in Absolute Number, aqi_value in Indices",,62.0
2023-05-13,Punjab,Ludhiana,1.0,PM2.5,269.0,Poor,"number_of_monitoring_stations in Absolute Number, aqi_value in Indices",,83.0
2023-05-13,Punjab,Patiala,1.0,O3,188.0,Moderate,"number_of_monitoring_stations in Absolute Number, aqi_value in Indices",,24.0
2023-05-13,Punjab,Rupnagar,1.0,PM10,208.0,Poor,"number_of_monitoring_stations in Absolute Number, aqi_value in Indices",,0.0
2023-05-14,Punjab,Bathinda,1.0,PM10,206.0,Poor,"number_of_monitoring_stations in Absolute Number, aqi_value in Indices",,0.0
2023-05-14,Punjab,Jalandhar,1.0,PM10,137.0,Moderate,"number_of_monitoring_stations in Absolute Number, aqi_value in Indices",,14.0
2023-05-14,Punjab,Ludhiana,1.0,PM10,149.0,Moderate,"number_of_monitoring_stations in Absolute Number, aqi_value in Indices",,7.0
2023-05-14,Punjab,Patiala,1.0,PM10,139.0,Moderate,"number_of_monitoring_stations in Absolute Number, aqi_value in Indices",,2.0
2023-05-14,Punjab,Rupnagar,1.0,PM2.5,188.0,Moderate,"number_of_monitoring_stations in Absolute Number, aqi_value in Indices",,2.0
2023-05-15,Punjab,Bathinda,1.0,PM10,125.0,Moderate,"number_of_monitoring_stations in Absolute Number, aqi_value in Indices",,8.0
2023-05-15,Punjab,Jalandhar,1.0,PM10,93.0,Satisfactory,"number_of_monitoring_stations in Absolute Number, aqi_value in Indices",,38.0
2023-05-15,Punjab,Ludhiana,1.0,PM2.5,127.0,Moderate,"number_of_monitoring_stations in Absolute Number, aqi_value in Indices",,49.0
2023-05-15,Punjab,Patiala,1.0,PM10,120.0,Moderate,"number_of_monitoring_stations in Absolute Number, aqi_value in Indices",,6.0
2023-05-15,Punjab,Rupnagar,1.0,PM10,175.0,Moderate,"number_of_monitoring_stations in Absolute Number, aqi_value in Indices",,2.0
2023-05-16,Punjab,Bathinda,1.0,PM2.5,222.0,Poor,"number_of_monitoring_stations in Absolute Number, aqi_value in Indices",,11.0
2023-05-16,Punjab,Jalandhar,1.0,PM10,152.0,Moderate,"number_of_monitoring_stations in Absolute Number, aqi_value in Indices",,75.0
2023-05-16,Punjab,Ludhiana,1.0,PM10,204.0,Poor,"number_of_monitoring_stations in Absolute Number, aqi_value in Indices",,79.0
2023-05-16,Punjab,Patiala,1.0,PM10,184.0,Moderate,"number_of_monitoring_stations in Absolute Number, aqi_value in Indices",,15.0
2023-05-16,Punjab,Rupnagar,1.0,PM10,202.0,Poor,"number_of_monitoring_stations in Absolute Number, aqi_value in Indices",,4.0
2023-05-17,Punjab,Amritsar,1.0,PM10,100.0,Satisfactory,"number_of_monitoring_stations in Absolute Number, aqi_value in Indices",,23.0
2023-05-17,Punjab,Bathinda,1.0,PM2.5,213.0,Poor,"number_of_monitoring_stations in Absolute Number, aqi_value in Indices",,6.0
2023-05-17,Punjab,Jalandhar,1.0,PM10,137.0,Moderate,"number_of_monitoring_stations in Absolute Number, aqi_value in Indices",,64.0
2023-05-17,Punjab,Ludhiana,1.0,PM10,135.0,Moderate,"number_of_monitoring_stations in Absolute Number, aqi_value in Indices",,87.0
2023-05-17,Punjab,Patiala,1.0,O3,90.0,Satisfactory,"number_of_monitoring_stations in Absolute Number, aqi_value in Indices",,8.0
2023-05-18,Punjab,Amritsar,1.0,PM2.5,118.0,Moderate,"number_of_monitoring_stations in Absolute Number, aqi_value in Indices",,28.0
2023-05-18,Punjab,Bathinda,1.0,PM2.5,162.0,Moderate,"number_of_monitoring_stations in Absolute Number, aqi_value in Indices",,0.0
2023-05-18,Punjab,Jalandhar,1.0,PM10,151.0,Moderate,"number_of_monitoring_stations in Absolute Number, aqi_value in Indices",,6.0
2023-05-18,Punjab,Patiala,1.0,PM10,99.0,Satisfactory,"number_of_monitoring_stations in Absolute Number, aqi_value in Indices",,0.0
2023-05-18,Punjab,Rupnagar,1.0,PM10,130.0,Moderate,"number_of_monitoring_stations in Absolute Number, aqi_value in Indices",,4.0
2023-05-19,Punjab,Amritsar,1.0,O3,52.0,Satisfactory,"number_of_monitoring_stations in Absolute Number, aqi_value in Indices",,13.0
2023-05-19,Punjab,Bathinda,1.0,PM10,48.0,Good,"number_of_monitoring_stations in Absolute Number, aqi_value in Indices",,0.0
2023-05-19,Punjab,Jalandhar,1.0,PM10,100.0,Satisfactory,"number_of_monitoring_stations in Absolute Number, aqi_value in Indices",,24.0
2023-05-19,Punjab,Ludhiana,1.0,PM10,95.0,Satisfactory,"number_of_monitoring_stations in Absolute Number, aqi_value in Indices",,16.0
2023-05-19,Punjab,Patiala,1.0,O3,88.0,Satisfactory,"number_of_monitoring_stations in Absolute Number, aqi_value in Indices",,3.0
2023-05-19,Punjab,Rupnagar,1.0,PM10,144.0,Moderate,"number_of_monitoring_stations in Absolute Number, aqi_value in Indices",,3.0
2023-05-20,Punjab,Amritsar,1.0,NO2,60.0,Satisfactory,"number_of_monitoring_stations in Absolute Number, aqi_value in Indices",,18.0
2023-05-20,Punjab,Bathinda,1.0,PM10,85.0,Satisfactory,"number_of_monitoring_stations in Absolute Number, aqi_value in Indices",,2.0
2023-05-20,Punjab,Jalandhar,1.0,PM10,104.0,Moderate,"number_of_monitoring_stations in Absolute Number, aqi_value in Indices",,24.0
2023-05-20,Punjab,Ludhiana,1.0,PM10,106.0,Moderate,"number_of_monitoring_stations in Absolute Number, aqi_value in Indices",,17.0
2023-05-20,Punjab,Patiala,1.0,O3,79.0,Satisfactory,"number_of_monitoring_stations in Absolute Number, aqi_value in Indices",,3.0
2023-05-20,Punjab,Rupnagar,1.0,PM10,154.0,Moderate,"number_of_monitoring_stations in Absolute Number, aqi_value in Indices",,0.0
2023-05-21,Punjab,Bathinda,1.0,PM10,106.0,Moderate,"number_of_monitoring_stations in Absolute Number, aqi_value in Indices",,5.0
2023-05-21,Punjab,Jalandhar,1.0,PM10,140.0,Moderate,"number_of_monitoring_stations in Absolute Number, aqi_value in Indices",,32.0
2023-05-21,Punjab,Ludhiana,1.0,PM10,143.0,Moderate,"number_of_monitoring_stations in Absolute Number, aqi_value in Indices",,24.0
2023-05-21,Punjab,Patiala,1.0,O3,112.0,Moderate,"number_of_monitoring_stations in Absolute Number, aqi_value in Indices",,2.0
2023-05-21,Punjab,Rupnagar,1.0,PM10,226.0,Poor,"number_of_monitoring_stations in Absolute Number, aqi_value in Indices",,5.0
2023-05-22,Punjab,Amritsar,1.0,PM10,100.0,Satisfactory,"number_of_monitoring_stations in Absolute Number, aqi_value in Indices",,5.0
2023-05-22,Punjab,Bathinda,1.0,PM10,97.0,Satisfactory,"number_of_monitoring_stations in Absolute Number, aqi_value in Indices",,1.0
2023-05-22,Punjab,Jalandhar,1.0,PM10,166.0,Moderate,"number_of_monitoring_stations in Absolute Number, aqi_value in Indices",,36.0
2023-05-22,Punjab,Ludhiana,1.0,PM10,147.0,Moderate,"number_of_monitoring_stations in Absolute Number, aqi_value in Indices",,18.0
2023-05-22,Punjab,Patiala,1.0,O3,109.0,Moderate,"number_of_monitoring_stations in Absolute Number, aqi_value in Indices",,4.0
2023-05-22,Punjab,Rupnagar,1.0,PM10,193.0,Moderate,"number_of_monitoring_stations in Absolute Number, aqi_value in Indices",,6.0
2023-05-23,Punjab,Amritsar,1.0,PM10,104.0,Moderate,"number_of_monitoring_stations in Absolute Number, aqi_value in Indices",,1.0
2023-05-23,Punjab,Bathinda,1.0,PM10,103.0,Moderate,"number_of_monitoring_stations in Absolute Number, aqi_value in Indices",,1.0
2023-05-23,Punjab,Jalandhar,1.0,PM10,151.0,Moderate,"number_of_monitoring_stations in Absolute Number, aqi_value in Indices",,0.0
2023-05-23,Punjab,Ludhiana,1.0,PM10,158.0,Moderate,"number_of_monitoring_stations in Absolute Number, aqi_value in Indices",,0.0
2023-05-23,Punjab,Patiala,1.0,PM10,131.0,Moderate,"number_of_monitoring_stations in Absolute Number, aqi_value in Indices",,0.0
2023-05-23,Punjab,Rupnagar,1.0,PM10,177.0,Moderate,"number_of_monitoring_stations in Absolute Number, aqi_value in Indices",,2.0
2023-05-24,Punjab,Amritsar,1.0,PM10,101.0,Moderate,"number_of_monitoring_stations in Absolute Number, aqi_value in Indices",,5.0
2023-05-24,Punjab,Bathinda,1.0,PM2.5,181.0,Moderate,"number_of_monitoring_stations in Absolute Number, aqi_value in Indices",,1.0
2023-05-24,Punjab,Jalandhar,1.0,PM10,205.0,Poor,"number_of_monitoring_stations in Absolute Number, aqi_value in Indices",,22.0
2023-05-24,Punjab,Ludhiana,1.0,PM10,149.0,Moderate,"number_of_monitoring_stations in Absolute Number, aqi_value in Indices",,11.0
2023-05-24,Punjab,Patiala,1.0,PM10,104.0,Moderate,"number_of_monitoring_stations in Absolute Number, aqi_value in Indices",,0.0
2023-05-24,Punjab,Rupnagar,1.0,PM10,101.0,Moderate,"number_of_monitoring_stations in Absolute Number, aqi_value in Indices",,1.0
2023-05-25,Punjab,Amritsar,1.0,PM10,68.0,Satisfactory,"number_of_monitoring_stations in Absolute Number, aqi_value in Indices",,0.0
2023-05-25,Punjab,Bathinda,1.0,PM2.5,123.0,Moderate,"number_of_monitoring_stations in Absolute Number, aqi_value in Indices",,0.0
2023-05-25,Punjab,Jalandhar,1.0,PM10,76.0,Satisfactory,"number_of_monitoring_stations in Absolute Number, aqi_value in Indices",,0.0
2023-05-25,Punjab,Ludhiana,1.0,PM10,67.0,Satisfactory,"number_of_monitoring_stations in Absolute Number, aqi_value in Indices",,0.0
2023-05-25,Punjab,Patiala,1.0,O3,64.0,Satisfactory,"number_of_monitoring_stations in Absolute Number, aqi_value in Indices",,0.0
2023-05-25,Punjab,Rupnagar,1.0,PM10,69.0,Satisfactory,"number_of_monitoring_stations in Absolute Number, aqi_value in Indices",,0.0
2023-05-26,Punjab,Amritsar,1.0,PM10,67.0,Satisfactory,"number_of_monitoring_stations in Absolute Number, aqi_value in Indices",,0.0
2023-05-26,Punjab,Jalandhar,1.0,PM10,86.0,Satisfactory,"number_of_monitoring_stations in Absolute Number, aqi_value in Indices",,0.0
2023-05-26,Punjab,Ludhiana,1.0,PM10,108.0,Moderate,"number_of_monitoring_stations in Absolute Number, aqi_value in Indices",,0.0
2023-05-26,Punjab,Patiala,1.0,O3,85.0,Satisfactory,"number_of_monitoring_stations in Absolute Number, aqi_value in Indices",,0.0
2023-05-26,Punjab,Rupnagar,1.0,PM10,101.0,Moderate,"number_of_monitoring_stations in Absolute Number, aqi_value in Indices",,0.0
2023-05-27,Punjab,Amritsar,1.0,PM10,73.0,Satisfactory,"number_of_monitoring_stations in Absolute Number, aqi_value in Indices",,0.0
2023-05-27,Punjab,Jalandhar,1.0,PM10,67.0,Satisfactory,"number_of_monitoring_stations in Absolute Number, aqi_value in Indices",,5.0
2023-05-27,Punjab,Ludhiana,1.0,PM10,89.0,Satisfactory,"number_of_monitoring_stations in Absolute Number, aqi_value in Indices",,2.0
2023-05-27,Punjab,Patiala,1.0,O3,65.0,Satisfactory,"number_of_monitoring_stations in Absolute Number, aqi_value in Indices",,0.0
2023-05-27,Punjab,Rupnagar,1.0,PM10,88.0,Satisfactory,"number_of_monitoring_stations in Absolute Number, aqi_value in Indices",,0.0
2023-05-28,Punjab,Jalandhar,1.0,PM10,93.0,Satisfactory,"number_of_monitoring_stations in Absolute Number, aqi_value in Indices",,0.0
2023-05-28,Punjab,Ludhiana,1.0,PM10,87.0,Satisfactory,"number_of_monitoring_stations in Absolute Number, aqi_value in Indices",,1.0
2023-05-28,Punjab,Patiala,1.0,O3,79.0,Satisfactory,"number_of_monitoring_stations in Absolute Number, aqi_value in Indices",,1.0
2023-05-28,Punjab,Rupnagar,1.0,PM10,113.0,Moderate,"number_of_monitoring_stations in Absolute Number, aqi_value in Indices",,0.0
2023-05-29,Punjab,Amritsar,1.0,PM2.5,259.0,Poor,"number_of_monitoring_stations in Absolute Number, aqi_value in Indices",,0.0
2023-05-29,Punjab,Jalandhar,1.0,PM10,93.0,Satisfactory,"number_of_monitoring_stations in Absolute Number, aqi_value in Indices",,0.0
2023-05-29,Punjab,Ludhiana,1.0,PM10,93.0,Satisfactory,"number_of_monitoring_stations in Absolute Number, aqi_value in Indices",,0.0
2023-05-29,Punjab,Patiala,1.0,PM10,109.0,Moderate,"number_of_monitoring_stations in Absolute Number, aqi_value in Indices",,0.0
2023-05-29,Punjab,Rupnagar,1.0,PM10,152.0,Moderate,"number_of_monitoring_stations in Absolute Number, aqi_value in Indices",,0.0
2023-05-30,Punjab,Amritsar,1.0,PM10,94.0,Satisfactory,"number_of_monitoring_stations in Absolute Number, aqi_value in Indices",,0.0
2023-05-30,Punjab,Bathinda,1.0,PM10,86.0,Satisfactory,"number_of_monitoring_stations in Absolute Number, aqi_value in Indices",,0.0
2023-05-30,Punjab,Jalandhar,1.0,PM10,55.0,Satisfactory,"number_of_monitoring_stations in Absolute Number, aqi_value in Indices",,0.0
2023-05-30,Punjab,Ludhiana,1.0,PM10,67.0,Satisfactory,"number_of_monitoring_stations in Absolute Number, aqi_value in Indices",,0.0
2023-05-30,Punjab,Patiala,1.0,O3,58.0,Satisfactory,"number_of_monitoring_stations in Absolute Number, aqi_value in Indices",,0.0
2023-05-30,Punjab,Rupnagar,1.0,PM10,94.0,Satisfactory,"number_of_monitoring_stations in Absolute Number, aqi_value in Indices",,0.0
2023-05-31,Punjab,Amritsar,1.0,PM10,96.0,Satisfactory,"number_of_monitoring_stations in Absolute Number, aqi_value in Indices",,0.0
2023-05-31,Punjab,Bathinda,1.0,PM10,94.0,Satisfactory,"number_of_monitoring_stations in Absolute Number, aqi_value in Indices",,0.0
2023-05-31,Punjab,Jalandhar,1.0,PM10,49.0,Good,"number_of_monitoring_stations in Absolute Number, aqi_value in Indices",,0.0
2023-05-31,Punjab,Ludhiana,1.0,PM10,62.0,Satisfactory,"number_of_monitoring_stations in Absolute Number, aqi_value in Indices",,0.0
2023-05-31,Punjab,Patiala,1.0,O3,52.0,Satisfactory,"number_of_monitoring_stations in Absolute Number, aqi_value in Indices",,0.0
2023-05-31,Punjab,Rupnagar,1.0,PM10,107.0,Moderate,"number_of_monitoring_stations in Absolute Number, aqi_value in Indices",,0.0
2023-06-01,Punjab,Amritsar,1.0,PM10,88.0,Satisfactory,"number_of_monitoring_stations in Absolute Number, aqi_value in Indices",,0.0
2023-06-01,Punjab,Bathinda,1.0,PM10,54.0,Satisfactory,"number_of_monitoring_stations in Absolute Number, aqi_value in Indices",,0.0
2023-06-01,Punjab,Jalandhar,1.0,O3,57.0,Satisfactory,"number_of_monitoring_stations in Absolute Number, aqi_value in Indices",,0.0
2023-06-01,Punjab,Ludhiana,1.0,PM10,86.0,Satisfactory,"number_of_monitoring_stations in Absolute Number, aqi_value in Indices",,0.0
2023-06-01,Punjab,Patiala,1.0,O3,38.0,Good,"number_of_monitoring_stations in Absolute Number, aqi_value in Indices",,0.0
2023-06-01,Punjab,Rupnagar,1.0,CO,55.0,Satisfactory,"number_of_monitoring_stations in Absolute Number, aqi_value in Indices",,0.0
2023-06-02,Punjab,Amritsar,1.0,PM10,92.0,Satisfactory,"number_of_monitoring_stations in Absolute Number, aqi_value in Indices",,0.0
2023-06-02,Punjab,Bathinda,1.0,PM10,59.0,Satisfactory,"number_of_monitoring_stations in Absolute Number, aqi_value in Indices",,0.0
2023-06-02,Punjab,Jalandhar,1.0,PM10,49.0,Good,"number_of_monitoring_stations in Absolute Number, aqi_value in Indices",,0.0
2023-06-02,Punjab,Ludhiana,1.0,PM10,65.0,Satisfactory,"number_of_monitoring_stations in Absolute Number, aqi_value in Indices",,0.0
2023-06-02,Punjab,Patiala,1.0,O3,70.0,Satisfactory,"number_of_monitoring_stations in Absolute Number, aqi_value in Indices",,0.0
2023-06-02,Punjab,Rupnagar,1.0,PM10,89.0,Satisfactory,"number_of_monitoring_stations in Absolute Number, aqi_value in Indices",,0.0
2023-06-03,Punjab,Amritsar,1.0,PM10,99.0,Satisfactory,"number_of_monitoring_stations in Absolute Number, aqi_value in Indices",,0.0
2023-06-03,Punjab,Bathinda,1.0,PM10,101.0,Moderate,"number_of_monitoring_stations in Absolute Number, aqi_value in Indices",,0.0
2023-06-03,Punjab,Jalandhar,1.0,PM10,63.0,Satisfactory,"number_of_monitoring_stations in Absolute Number, aqi_value in Indices",,0.0
2023-06-03,Punjab,Ludhiana,1.0,PM10,58.0,Satisfactory,"number_of_monitoring_stations in Absolute Number, aqi_value in Indices",,0.0
2023-06-03,Punjab,Patiala,1.0,PM10,59.0,Satisfactory,"number_of_monitoring_stations in Absolute Number, aqi_value in Indices",,0.0
2023-06-03,Punjab,Rupnagar,1.0,PM10,132.0,Moderate,"number_of_monitoring_stations in Absolute Number, aqi_value in Indices",,0.0
2023-06-04,Punjab,Amritsar,1.0,PM10,109.0,Moderate,"number_of_monitoring_stations in Absolute Number, aqi_value in Indices",,0.0
2023-06-04,Punjab,Bathinda,1.0,PM10,194.0,Moderate,"number_of_monitoring_stations in Absolute Number, aqi_value in Indices",,0.0
2023-06-04,Punjab,Jalandhar,1.0,PM2.5,119.0,Moderate,"number_of_monitoring_stations in Absolute Number, aqi_value in Indices",,0.0
2023-06-04,Punjab,Ludhiana,1.0,PM10,91.0,Satisfactory,"number_of_monitoring_stations in Absolute Number, aqi_value in Indices",,0.0
2023-06-04,Punjab,Patiala,1.0,PM10,89.0,Satisfactory,"number_of_monitoring_stations in Absolute Number, aqi_value in Indices",,0.0
2023-06-05,Punjab,Amritsar,1.0,PM10,109.0,Moderate,"number_of_monitoring_stations in Absolute Number, aqi_value in Indices",,0.0
2023-06-05,Punjab,Bathinda,1.0,PM10,95.0,Satisfactory,"number_of_monitoring_stations in Absolute Number, aqi_value in Indices",,0.0
2023-06-05,Punjab,Jalandhar,1.0,PM10,95.0,Satisfactory,"number_of_monitoring_stations in Absolute Number, aqi_value in Indices",,0.0
2023-06-05,Punjab,Ludhiana,1.0,PM10,104.0,Moderate,"number_of_monitoring_stations in Absolute Number, aqi_value in Indices",,0.0
2023-06-05,Punjab,Patiala,1.0,O3,97.0,Satisfactory,"number_of_monitoring_stations in Absolute Number, aqi_value in Indices",,0.0
2023-06-06,Punjab,Amritsar,1.0,PM10,99.0,Satisfactory,"number_of_monitoring_stations in Absolute Number, aqi_value in Indices",,0.0
2023-06-06,Punjab,Bathinda,1.0,PM2.5,67.0,Satisfactory,"number_of_monitoring_stations in Absolute Number, aqi_value in Indices",,0.0
2023-06-06,Punjab,Jalandhar,1.0,PM10,72.0,Satisfactory,"number_of_monitoring_stations in Absolute Number, aqi_value in Indices",,0.0
2023-06-06,Punjab,Ludhiana,1.0,PM10,87.0,Satisfactory,"number_of_monitoring_stations in Absolute Number, aqi_value in Indices",,0.0
2023-06-06,Punjab,Patiala,1.0,O3,160.0,Moderate,"number_of_monitoring_stations in Absolute Number, aqi_value in Indices",,0.0
2023-06-06,Punjab,Rupnagar,1.0,PM10,63.0,Satisfactory,"number_of_monitoring_stations in Absolute Number, aqi_value in Indices",,0.0
2023-06-07,Punjab,Amritsar,1.0,PM10,95.0,Satisfactory,"number_of_monitoring_stations in Absolute Number, aqi_value in Indices",,0.0
2023-06-07,Punjab,Bathinda,1.0,PM10,205.0,Poor,"number_of_monitoring_stations in Absolute Number, aqi_value in Indices",,0.0
2023-06-07,Punjab,Jalandhar,1.0,PM10,51.0,Satisfactory,"number_of_monitoring_stations in Absolute Number, aqi_value in Indices",,0.0
2023-06-07,Punjab,Ludhiana,1.0,PM10,62.0,Satisfactory,"number_of_monitoring_stations in Absolute Number, aqi_value in Indices",,0.0
2023-06-07,Punjab,Patiala,1.0,O3,73.0,Satisfactory,"number_of_monitoring_stations in Absolute Number, aqi_value in Indices",,0.0
2023-06-07,Punjab,Rupnagar,1.0,PM10,89.0,Satisfactory,"number_of_monitoring_stations in Absolute Number, aqi_value in Indices",,0.0
2023-06-08,Punjab,Amritsar,1.0,PM10,91.0,Satisfactory,"number_of_monitoring_stations in Absolute Number, aqi_value in Indices",,0.0
2023-06-08,Punjab,Bathinda,1.0,PM10,121.0,Moderate,"number_of_monitoring_stations in Absolute Number, aqi_value in Indices",,0.0
2023-06-08,Punjab,Jalandhar,1.0,PM10,77.0,Satisfactory,"number_of_monitoring_stations in Absolute Number, aqi_value in Indices",,0.0
2023-06-08,Punjab,Ludhiana,1.0,O3,78.0,Satisfactory,"number_of_monitoring_stations in Absolute Number, aqi_value in Indices",,0.0
2023-06-08,Punjab,Patiala,1.0,O3,84.0,Satisfactory,"number_of_monitoring_stations in Absolute Number, aqi_value in Indices",,0.0
2023-06-08,Punjab,Rupnagar,1.0,PM10,139.0,Moderate,"number_of_monitoring_stations in Absolute Number, aqi_value in Indices",,0.0
2023-06-09,Punjab,Amritsar,1.0,PM10,116.0,Moderate,"number_of_monitoring_stations in Absolute Number, aqi_value in Indices",,0.0
2023-06-09,Punjab,Bathinda,1.0,PM10,105.0,Moderate,"number_of_monitoring_stations in Absolute Number, aqi_value in Indices",,0.0
2023-06-09,Punjab,Jalandhar,1.0,PM10,128.0,Moderate,"number_of_monitoring_stations in Absolute Number, aqi_value in Indices",,0.0
2023-06-09,Punjab,Ludhiana,1.0,PM2.5,127.0,Moderate,"number_of_monitoring_stations in Absolute Number, aqi_value in Indices",,0.0
2023-06-09,Punjab,Patiala,1.0,O3,112.0,Moderate,"number_of_monitoring_stations in Absolute Number, aqi_value in Indices",,0.0
2023-06-10,Punjab,Amritsar,1.0,PM10,108.0,Moderate,"number_of_monitoring_stations in Absolute Number, aqi_value in Indices",,0.0
2023-06-10,Punjab,Bathinda,1.0,PM2.5,126.0,Moderate,"number_of_monitoring_stations in Absolute Number, aqi_value in Indices",,0.0
2023-06-10,Punjab,Jalandhar,1.0,PM10,133.0,Moderate,"number_of_monitoring_stations in Absolute Number, aqi_value in Indices",,0.0
2023-06-10,Punjab,Ludhiana,1.0,PM2.5,174.0,Moderate,"number_of_monitoring_stations in Absolute Number, aqi_value in Indices",,0.0
2023-06-10,Punjab,Patiala,1.0,PM10,102.0,Moderate,"number_of_monitoring_stations in Absolute Number, aqi_value in Indices",,0.0
2023-06-11,Punjab,Amritsar,1.0,PM10,103.0,Moderate,"number_of_monitoring_stations in Absolute Number, aqi_value in Indices",,0.0
2023-06-11,Punjab,Bathinda,1.0,PM10,174.0,Moderate,"number_of_monitoring_stations in Absolute Number, aqi_value in Indices",,0.0
2023-06-11,Punjab,Jalandhar,1.0,PM10,76.0,Satisfactory,"number_of_monitoring_stations in Absolute Number, aqi_value in Indices",,0.0
2023-06-11,Punjab,Ludhiana,1.0,PM2.5,91.0,Satisfactory,"number_of_monitoring_stations in Absolute Number, aqi_value in Indices",,0.0
2023-06-11,Punjab,Patiala,1.0,PM10,64.0,Satisfactory,"number_of_monitoring_stations in Absolute Number, aqi_value in Indices",,0.0
2023-06-12,Punjab,Amritsar,1.0,PM10,107.0,Moderate,"number_of_monitoring_stations in Absolute Number, aqi_value in Indices",,0.0
2023-06-12,Punjab,Jalandhar,1.0,PM10,64.0,Satisfactory,"number_of_monitoring_stations in Absolute Number, aqi_value in Indices",,0.0
2023-06-12,Punjab,Ludhiana,1.0,PM10,98.0,Satisfactory,"number_of_monitoring_stations in Absolute Number, aqi_value in Indices",,0.0
2023-06-12,Punjab,Patiala,1.0,O3,81.0,Satisfactory,"number_of_monitoring_stations in Absolute Number, aqi_value in Indices",,0.0
2023-06-13,Punjab,Amritsar,1.0,PM10,125.0,Moderate,"number_of_monitoring_stations in Absolute Number, aqi_value in Indices",,0.0
2023-06-13,Punjab,Bathinda,1.0,PM2.5,109.0,Moderate,"number_of_monitoring_stations in Absolute Number, aqi_value in Indices",,0.0
2023-06-13,Punjab,Jalandhar,1.0,PM10,138.0,Moderate,"number_of_monitoring_stations in Absolute Number, aqi_value in Indices",,0.0
2023-06-13,Punjab,Ludhiana,1.0,PM10,138.0,Moderate,"number_of_monitoring_stations in Absolute Number, aqi_value in Indices",,0.0
2023-06-13,Punjab,Patiala,1.0,PM10,119.0,Moderate,"number_of_monitoring_stations in Absolute Number, aqi_value in Indices",,0.0
2023-06-14,Punjab,Amritsar,1.0,PM10,111.0,Moderate,"number_of_monitoring_stations in Absolute Number, aqi_value in Indices",,0.0
2023-06-14,Punjab,Jalandhar,1.0,PM10,74.0,Satisfactory,"number_of_monitoring_stations in Absolute Number, aqi_value in Indices",,0.0
2023-06-14,Punjab,Ludhiana,1.0,PM10,122.0,Moderate,"number_of_monitoring_stations in Absolute Number, aqi_value in Indices",,0.0
2023-06-14,Punjab,Patiala,1.0,PM10,121.0,Moderate,"number_of_monitoring_stations in Absolute Number, aqi_value in Indices",,0.0
2023-06-15,Punjab,Amritsar,1.0,PM10,93.0,Satisfactory,"number_of_monitoring_stations in Absolute Number, aqi_value in Indices",,0.0
2023-06-15,Punjab,Bathinda,1.0,PM10,53.0,Satisfactory,"number_of_monitoring_stations in Absolute Number, aqi_value in Indices",,0.0
2023-06-15,Punjab,Patiala,1.0,PM10,45.0,Good,"number_of_monitoring_stations in Absolute Number, aqi_value in Indices",,0.0
2023-06-15,Punjab,Rupnagar,1.0,PM10,100.0,Satisfactory,"number_of_monitoring_stations in Absolute Number, aqi_value in Indices",,0.0
2023-06-16,Punjab,Amritsar,1.0,PM10,91.0,Satisfactory,"number_of_monitoring_stations in Absolute Number, aqi_value in Indices",,0.0
2023-06-16,Punjab,Bathinda,1.0,PM10,88.0,Satisfactory,"number_of_monitoring_stations in Absolute Number, aqi_value in Indices",,0.0
2023-06-16,Punjab,Jalandhar,1.0,PM2.5,131.0,Moderate,"number_of_monitoring_stations in Absolute Number, aqi_value in Indices",,0.0
2023-06-16,Punjab,Ludhiana,1.0,PM10,87.0,Satisfactory,"number_of_monitoring_stations in Absolute Number, aqi_value in Indices",,0.0
2023-06-16,Punjab,Patiala,1.0,O3,55.0,Satisfactory,"number_of_monitoring_stations in Absolute Number, aqi_value in Indices",,0.0
2023-06-16,Punjab,Rupnagar,1.0,PM10,84.0,Satisfactory,"number_of_monitoring_stations in Absolute Number, aqi_value in Indices",,0.0
2023-06-17,Punjab,Amritsar,1.0,PM10,104.0,Moderate,"number_of_monitoring_stations in Absolute Number, aqi_value in Indices",,0.0
2023-06-17,Punjab,Bathinda,1.0,PM10,179.0,Moderate,"number_of_monitoring_stations in Absolute Number, aqi_value in Indices",,0.0
2023-06-17,Punjab,Jalandhar,1.0,PM10,87.0,Satisfactory,"number_of_monitoring_stations in Absolute Number, aqi_value in Indices",,0.0
2023-06-17,Punjab,Ludhiana,1.0,O3,61.0,Satisfactory,"number_of_monitoring_stations in Absolute Number, aqi_value in Indices",,0.0
2023-06-17,Punjab,Patiala,1.0,PM10,92.0,Satisfactory,"number_of_monitoring_stations in Absolute Number, aqi_value in Indices",,0.0
2023-06-17,Punjab,Rupnagar,1.0,PM10,119.0,Moderate,"number_of_monitoring_stations in Absolute Number, aqi_value in Indices",,0.0
2023-06-18,Punjab,Bathinda,1.0,PM10,82.0,Satisfactory,"number_of_monitoring_stations in Absolute Number, aqi_value in Indices",,0.0
2023-06-18,Punjab,Jalandhar,1.0,PM10,100.0,Satisfactory,"number_of_monitoring_stations in Absolute Number, aqi_value in Indices",,0.0
2023-06-18,Punjab,Patiala,1.0,PM10,72.0,Satisfactory,"number_of_monitoring_stations in Absolute Number, aqi_value in Indices",,0.0
2023-06-18,Punjab,Rupnagar,1.0,PM10,132.0,Moderate,"number_of_monitoring_stations in Absolute Number, aqi_value in Indices",,0.0
2023-06-19,Punjab,Amritsar,1.0,PM10,88.0,Satisfactory,"number_of_monitoring_stations in Absolute Number, aqi_value in Indices",,0.0
2023-06-19,Punjab,Bathinda,1.0,PM2.5,108.0,Moderate,"number_of_monitoring_stations in Absolute Number, aqi_value in Indices",,0.0
2023-06-19,Punjab,Jalandhar,1.0,O3,75.0,Satisfactory,"number_of_monitoring_stations in Absolute Number, aqi_value in Indices",,0.0
2023-06-19,Punjab,Ludhiana,1.0,PM10,111.0,Moderate,"number_of_monitoring_stations in Absolute Number, aqi_value in Indices",,0.0
2023-06-19,Punjab,Patiala,1.0,PM10,69.0,Satisfactory,"number_of_monitoring_stations in Absolute Number, aqi_value in Indices",,0.0
2023-06-19,Punjab,Rupnagar,1.0,PM2.5,162.0,Moderate,"number_of_monitoring_stations in Absolute Number, aqi_value in Indices",,0.0
2023-06-20,Punjab,Amritsar,1.0,PM10,101.0,Moderate,"number_of_monitoring_stations in Absolute Number, aqi_value in Indices",,0.0
2023-06-20,Punjab,Bathinda,1.0,PM2.5,59.0,Satisfactory,"number_of_monitoring_stations in Absolute Number, aqi_value in Indices",,0.0
2023-06-20,Punjab,Jalandhar,1.0,O3,158.0,Moderate,"number_of_monitoring_stations in Absolute Number, aqi_value in Indices",,0.0
2023-06-20,Punjab,Ludhiana,1.0,PM10,126.0,Moderate,"number_of_monitoring_stations in Absolute Number, aqi_value in Indices",,0.0
2023-06-20,Punjab,Patiala,1.0,O3,79.0,Satisfactory,"number_of_monitoring_stations in Absolute Number, aqi_value in Indices",,0.0
2023-06-20,Punjab,Rupnagar,1.0,PM10,128.0,Moderate,"number_of_monitoring_stations in Absolute Number, aqi_value in Indices",,0.0
2023-06-21,Punjab,Amritsar,1.0,PM10,92.0,Satisfactory,"number_of_monitoring_stations in Absolute Number, aqi_value in Indices",,0.0
2023-06-21,Punjab,Bathinda,1.0,PM10,55.0,Satisfactory,"number_of_monitoring_stations in Absolute Number, aqi_value in Indices",,0.0
2023-06-21,Punjab,Jalandhar,1.0,PM10,89.0,Satisfactory,"number_of_monitoring_stations in Absolute Number, aqi_value in Indices",,0.0
2023-06-21,Punjab,Ludhiana,1.0,PM10,134.0,Moderate,"number_of_monitoring_stations in Absolute Number, aqi_value in Indices",,0.0
2023-06-21,Punjab,Patiala,1.0,O3,69.0,Satisfactory,"number_of_monitoring_stations in Absolute Number, aqi_value in Indices",,0.0
2023-06-21,Punjab,Rupnagar,1.0,PM10,98.0,Satisfactory,"number_of_monitoring_stations in Absolute Number, aqi_value in Indices",,0.0
2023-06-22,Punjab,Amritsar,1.0,PM2.5,55.0,Satisfactory,"number_of_monitoring_stations in Absolute Number, aqi_value in Indices",,0.0
2023-06-22,Punjab,Bathinda,1.0,PM10,61.0,Satisfactory,"number_of_monitoring_stations in Absolute Number, aqi_value in Indices",,0.0
2023-06-22,Punjab,Jalandhar,1.0,PM10,117.0,Moderate,"number_of_monitoring_stations in Absolute Number, aqi_value in Indices",,0.0
2023-06-22,Punjab,Ludhiana,1.0,PM10,167.0,Moderate,"number_of_monitoring_stations in Absolute Number, aqi_value in Indices",,0.0
2023-06-22,Punjab,Patiala,1.0,PM10,73.0,Satisfactory,"number_of_monitoring_stations in Absolute Number, aqi_value in Indices",,0.0
2023-06-22,Punjab,Rupnagar,1.0,PM10,102.0,Moderate,"number_of_monitoring_stations in Absolute Number, aqi_value in Indices",,0.0
2023-06-23,Punjab,Amritsar,1.0,O3,54.0,Satisfactory,"number_of_monitoring_stations in Absolute Number, aqi_value in Indices",,0.0
2023-06-23,Punjab,Bathinda,1.0,PM10,55.0,Satisfactory,"number_of_monitoring_stations in Absolute Number, aqi_value in Indices",,0.0
2023-06-23,Punjab,Jalandhar,1.0,PM10,116.0,Moderate,"number_of_monitoring_stations in Absolute Number, aqi_value in Indices",,0.0
2023-06-23,Punjab,Ludhiana,1.0,PM10,160.0,Moderate,"number_of_monitoring_stations in Absolute Number, aqi_value in Indices",,0.0
2023-06-23,Punjab,Patiala,1.0,PM10,78.0,Satisfactory,"number_of_monitoring_stations in Absolute Number, aqi_value in Indices",,0.0
2023-06-23,Punjab,Rupnagar,1.0,PM10,127.0,Moderate,"number_of_monitoring_stations in Absolute Number, aqi_value in Indices",,0.0
2023-06-24,Punjab,Amritsar,1.0,PM10,69.0,Satisfactory,"number_of_monitoring_stations in Absolute Number, aqi_value in Indices",,0.0
2023-06-24,Punjab,Bathinda,1.0,PM2.5,115.0,Moderate,"number_of_monitoring_stations in Absolute Number, aqi_value in Indices",,0.0
2023-06-24,Punjab,Jalandhar,1.0,PM10,107.0,Moderate,"number_of_monitoring_stations in Absolute Number, aqi_value in Indices",,0.0
2023-06-24,Punjab,Ludhiana,1.0,PM10,132.0,Moderate,"number_of_monitoring_stations in Absolute Number, aqi_value in Indices",,0.0
2023-06-24,Punjab,Patiala,1.0,PM10,74.0,Satisfactory,"number_of_monitoring_stations in Absolute Number, aqi_value in Indices",,0.0
2023-06-24,Punjab,Rupnagar,1.0,PM10,133.0,Moderate,"number_of_monitoring_stations in Absolute Number, aqi_value in Indices",,0.0
2023-06-25,Punjab,Bathinda,1.0,PM2.5,100.0,Satisfactory,"number_of_monitoring_stations in Absolute Number, aqi_value in Indices",,0.0
2023-06-25,Punjab,Jalandhar,1.0,PM10,102.0,Moderate,"number_of_monitoring_stations in Absolute Number, aqi_value in Indices",,0.0
2023-06-25,Punjab,Ludhiana,1.0,PM10,127.0,Moderate,"number_of_monitoring_stations in Absolute Number, aqi_value in Indices",,0.0
2023-06-25,Punjab,Patiala,1.0,PM10,53.0,Satisfactory,"number_of_monitoring_stations in Absolute Number, aqi_value in Indices",,0.0
2023-06-25,Punjab,Rupnagar,1.0,PM10,112.0,Moderate,"number_of_monitoring_stations in Absolute Number, aqi_value in Indices",,0.0
2023-06-26,Punjab,Amritsar,1.0,O3,52.0,Satisfactory,"number_of_monitoring_stations in Absolute Number, aqi_value in Indices",,0.0
2023-06-26,Punjab,Jalandhar,1.0,O3,50.0,Good,"number_of_monitoring_stations in Absolute Number, aqi_value in Indices",,0.0
2023-06-26,Punjab,Ludhiana,1.0,PM10,75.0,Satisfactory,"number_of_monitoring_stations in Absolute Number, aqi_value in Indices",,0.0
2023-06-26,Punjab,Patiala,1.0,O3,56.0,Satisfactory,"number_of_monitoring_stations in Absolute Number, aqi_value in Indices",,0.0
2023-06-26,Punjab,Rupnagar,1.0,PM10,138.0,Moderate,"number_of_monitoring_stations in Absolute Number, aqi_value in Indices",,0.0
2023-06-27,Punjab,Amritsar,1.0,PM10,56.0,Satisfactory,"number_of_monitoring_stations in Absolute Number, aqi_value in Indices",,0.0
2023-06-27,Punjab,Bathinda,1.0,PM2.5,98.0,Satisfactory,"number_of_monitoring_stations in Absolute Number, aqi_value in Indices",,0.0
2023-06-27,Punjab,Jalandhar,1.0,PM10,69.0,Satisfactory,"number_of_monitoring_stations in Absolute Number, aqi_value in Indices",,0.0
2023-06-27,Punjab,Ludhiana,1.0,PM10,118.0,Moderate,"number_of_monitoring_stations in Absolute Number, aqi_value in Indices",,0.0
2023-06-27,Punjab,Patiala,1.0,O3,61.0,Satisfactory,"number_of_monitoring_stations in Absolute Number, aqi_value in Indices",,0.0
2023-06-27,Punjab,Rupnagar,1.0,PM10,151.0,Moderate,"number_of_monitoring_stations in Absolute Number, aqi_value in Indices",,0.0
2023-06-28,Punjab,Amritsar,1.0,PM10,60.0,Satisfactory,"number_of_monitoring_stations in Absolute Number, aqi_value in Indices",,0.0
2023-06-28,Punjab,Bathinda,1.0,PM10,38.0,Good,"number_of_monitoring_stations in Absolute Number, aqi_value in Indices",,0.0
2023-06-28,Punjab,Jalandhar,1.0,PM10,64.0,Satisfactory,"number_of_monitoring_stations in Absolute Number, aqi_value in Indices",,0.0
2023-06-28,Punjab,Ludhiana,1.0,PM10,128.0,Moderate,"number_of_monitoring_stations in Absolute Number, aqi_value in Indices",,0.0
2023-06-28,Punjab,Patiala,1.0,O3,45.0,Good,"number_of_monitoring_stations in Absolute Number, aqi_value in Indices",,0.0
2023-06-28,Punjab,Rupnagar,1.0,PM10,147.0,Moderate,"number_of_monitoring_stations in Absolute Number, aqi_value in Indices",,0.0
2023-06-29,Punjab,Amritsar,1.0,PM10,63.0,Satisfactory,"number_of_monitoring_stations in Absolute Number, aqi_value in Indices",,0.0
2023-06-29,Punjab,Bathinda,1.0,PM2.5,121.0,Moderate,"number_of_monitoring_stations in Absolute Number, aqi_value in Indices",,0.0
2023-06-29,Punjab,Jalandhar,1.0,PM10,58.0,Satisfactory,"number_of_monitoring_stations in Absolute Number, aqi_value in Indices",,0.0
2023-06-29,Punjab,Ludhiana,1.0,PM10,104.0,Moderate,"number_of_monitoring_stations in Absolute Number, aqi_value in Indices",,0.0
2023-06-29,Punjab,Patiala,1.0,O3,44.0,Good,"number_of_monitoring_stations in Absolute Number, aqi_value in Indices",,0.0
2023-06-29,Punjab,Rupnagar,1.0,PM10,153.0,Moderate,"number_of_monitoring_stations in Absolute Number, aqi_value in Indices",,0.0
2023-06-30,Punjab,Jalandhar,1.0,PM10,52.0,Satisfactory,"number_of_monitoring_stations in Absolute Number, aqi_value in Indices",,0.0
2023-06-30,Punjab,Ludhiana,1.0,PM2.5,127.0,Moderate,"number_of_monitoring_stations in Absolute Number, aqi_value in Indices",,0.0
2023-06-30,Punjab,Rupnagar,1.0,PM10,166.0,Moderate,"number_of_monitoring_stations in Absolute Number, aqi_value in Indices",,0.0
2023-07-01,Punjab,Amritsar,1.0,PM10,73.0,Satisfactory,"number_of_monitoring_stations in Absolute Number, aqi_value in Indices",,0.0
2023-07-01,Punjab,Jalandhar,1.0,PM10,74.0,Satisfactory,"number_of_monitoring_stations in Absolute Number, aqi_value in Indices",,0.0
2023-07-01,Punjab,Ludhiana,1.0,PM10,89.0,Satisfactory,"number_of_monitoring_stations in Absolute Number, aqi_value in Indices",,0.0
2023-07-01,Punjab,Patiala,1.0,O3,50.0,Good,"number_of_monitoring_stations in Absolute Number, aqi_value in Indices",,0.0
2023-07-01,Punjab,Rupnagar,1.0,PM10,104.0,Moderate,"number_of_monitoring_stations in Absolute Number, aqi_value in Indices",,0.0
2023-07-02,Punjab,Amritsar,1.0,PM2.5,64.0,Satisfactory,"number_of_monitoring_stations in Absolute Number, aqi_value in Indices",,0.0
2023-07-02,Punjab,Jalandhar,1.0,PM10,95.0,Satisfactory,"number_of_monitoring_stations in Absolute Number, aqi_value in Indices",,0.0
2023-07-02,Punjab,Ludhiana,1.0,PM10,103.0,Moderate,"number_of_monitoring_stations in Absolute Number, aqi_value in Indices",,0.0
2023-07-02,Punjab,Patiala,1.0,PM10,49.0,Good,"number_of_monitoring_stations in Absolute Number, aqi_value in Indices",,0.0
2023-07-02,Punjab,Rupnagar,1.0,PM10,92.0,Satisfactory,"number_of_monitoring_stations in Absolute Number, aqi_value in Indices",,0.0
2023-07-03,Punjab,Amritsar,1.0,PM2.5,80.0,Satisfactory,"number_of_monitoring_stations in Absolute Number, aqi_value in Indices",,0.0
2023-07-03,Punjab,Jalandhar,1.0,PM2.5,122.0,Moderate,"number_of_monitoring_stations in Absolute Number, aqi_value in Indices",,0.0
2023-07-03,Punjab,Ludhiana,1.0,PM10,151.0,Moderate,"number_of_monitoring_stations in Absolute Number, aqi_value in Indices",,0.0
2023-07-03,Punjab,Patiala,1.0,O3,109.0,Moderate,"number_of_monitoring_stations in Absolute Number, aqi_value in Indices",,0.0
2023-07-03,Punjab,Rupnagar,1.0,PM10,98.0,Satisfactory,"number_of_monitoring_stations in Absolute Number, aqi_value in Indices",,0.0
2023-07-04,Punjab,Bathinda,1.0,PM2.5,163.0,Moderate,"number_of_monitoring_stations in Absolute Number, aqi_value in Indices",,0.0
2023-07-04,Punjab,Jalandhar,1.0,PM10,81.0,Satisfactory,"number_of_monitoring_stations in Absolute Number, aqi_value in Indices",,0.0
2023-07-04,Punjab,Patiala,1.0,PM10,97.0,Satisfactory,"number_of_monitoring_stations in Absolute Number, aqi_value in Indices",,0.0
2023-07-04,Punjab,Rupnagar,1.0,PM10,138.0,Moderate,"number_of_monitoring_stations in Absolute Number, aqi_value in Indices",,0.0
2023-07-05,Punjab,Amritsar,1.0,PM2.5,85.0,Satisfactory,"number_of_monitoring_stations in Absolute Number, aqi_value in Indices",,0.0
2023-07-05,Punjab,Bathinda,1.0,CO,67.0,Satisfactory,"number_of_monitoring_stations in Absolute Number, aqi_value in Indices",,0.0
2023-07-05,Punjab,Jalandhar,1.0,PM10,46.0,Good,"number_of_monitoring_stations in Absolute Number, aqi_value in Indices",,0.0
2023-07-05,Punjab,Ludhiana,1.0,PM10,96.0,Satisfactory,"number_of_monitoring_stations in Absolute Number, aqi_value in Indices",,0.0
2023-07-05,Punjab,Patiala,1.0,PM10,53.0,Satisfactory,"number_of_monitoring_stations in Absolute Number, aqi_value in Indices",,0.0
2023-07-05,Punjab,Rupnagar,1.0,PM10,148.0,Moderate,"number_of_monitoring_stations in Absolute Number, aqi_value in Indices",,0.0
2023-07-06,Punjab,Amritsar,1.0,PM2.5,76.0,Satisfactory,"number_of_monitoring_stations in Absolute Number, aqi_value in Indices",,0.0
2023-07-06,Punjab,Bathinda,1.0,CO,50.0,Good,"number_of_monitoring_stations in Absolute Number, aqi_value in Indices",,0.0
2023-07-06,Punjab,Jalandhar,1.0,O3,70.0,Satisfactory,"number_of_monitoring_stations in Absolute Number, aqi_value in Indices",,0.0
2023-07-06,Punjab,Ludhiana,1.0,PM10,82.0,Satisfactory,"number_of_monitoring_stations in Absolute Number, aqi_value in Indices",,0.0
2023-07-06,Punjab,Patiala,1.0,O3,52.0,Satisfactory,"number_of_monitoring_stations in Absolute Number, aqi_value in Indices",,0.0
2023-07-06,Punjab,Rupnagar,1.0,PM10,118.0,Moderate,"number_of_monitoring_stations in Absolute Number, aqi_value in Indices",,0.0
2023-07-07,Punjab,Amritsar,1.0,PM2.5,65.0,Satisfactory,"number_of_monitoring_stations in Absolute Number, aqi_value in Indices",,0.0
2023-07-07,Punjab,Bathinda,1.0,CO,50.0,Good,"number_of_monitoring_stations in Absolute Number, aqi_value in Indices",,0.0
2023-07-07,Punjab,Jalandhar,1.0,PM10,60.0,Satisfactory,"number_of_monitoring_stations in Absolute Number, aqi_value in Indices",,0.0
2023-07-07,Punjab,Ludhiana,1.0,PM10,73.0,Satisfactory,"number_of_monitoring_stations in Absolute Number, aqi_value in Indices",,0.0
2023-07-07,Punjab,Patiala,1.0,O3,41.0,Good,"number_of_monitoring_stations in Absolute Number, aqi_value in Indices",,0.0
2023-07-07,Punjab,Rupnagar,1.0,PM10,133.0,Moderate,"number_of_monitoring_stations in Absolute Number, aqi_value in Indices",,0.0
2023-07-08,Punjab,Amritsar,1.0,PM2.5,66.0,Satisfactory,"number_of_monitoring_stations in Absolute Number, aqi_value in Indices",,0.0
2023-07-08,Punjab,Bathinda,1.0,CO,56.0,Satisfactory,"number_of_monitoring_stations in Absolute Number, aqi_value in Indices",,0.0
2023-07-08,Punjab,Jalandhar,1.0,O3,62.0,Satisfactory,"number_of_monitoring_stations in Absolute Number, aqi_value in Indices",,0.0
2023-07-08,Punjab,Ludhiana,1.0,PM10,86.0,Satisfactory,"number_of_monitoring_stations in Absolute Number, aqi_value in Indices",,0.0
2023-07-08,Punjab,Patiala,1.0,PM10,40.0,Good,"number_of_monitoring_stations in Absolute Number, aqi_value in Indices",,0.0
2023-07-08,Punjab,Rupnagar,1.0,PM10,126.0,Moderate,"number_of_monitoring_stations in Absolute Number, aqi_value in Indices",,0.0
2023-07-09,Punjab,Bathinda,1.0,CO,57.0,Satisfactory,"number_of_monitoring_stations in Absolute Number, aqi_value in Indices",,0.0
2023-07-09,Punjab,Jalandhar,1.0,O3,114.0,Moderate,"number_of_monitoring_stations in Absolute Number, aqi_value in Indices",,0.0
2023-07-09,Punjab,Ludhiana,1.0,PM2.5,78.0,Satisfactory,"number_of_monitoring_stations in Absolute Number, aqi_value in Indices",,0.0
2023-07-09,Punjab,Patiala,1.0,CO,41.0,Good,"number_of_monitoring_stations in Absolute Number, aqi_value in Indices",,0.0
2023-07-09,Punjab,Rupnagar,1.0,CO,83.0,Satisfactory,"number_of_monitoring_stations in Absolute Number, aqi_value in Indices",,0.0
2023-07-10,Punjab,Amritsar,1.0,PM2.5,56.0,Satisfactory,"number_of_monitoring_stations in Absolute Number, aqi_value in Indices",,0.0
2023-07-10,Punjab,Bathinda,1.0,PM10,49.0,Good,"number_of_monitoring_stations in Absolute Number, aqi_value in Indices",,0.0
2023-07-10,Punjab,Jalandhar,1.0,PM10,53.0,Satisfactory,"number_of_monitoring_stations in Absolute Number, aqi_value in Indices",,0.0
2023-07-10,Punjab,Ludhiana,1.0,CO,34.0,Good,"number_of_monitoring_stations in Absolute Number, aqi_value in Indices",,0.0
2023-07-10,Punjab,Patiala,1.0,NO2,34.0,Good,"number_of_monitoring_stations in Absolute Number, aqi_value in Indices",,0.0
2023-07-11,Punjab,Amritsar,1.0,PM2.5,60.0,Satisfactory,"number_of_monitoring_stations in Absolute Number, aqi_value in Indices",,0.0
2023-07-11,Punjab,Bathinda,1.0,PM10,41.0,Good,"number_of_monitoring_stations in Absolute Number, aqi_value in Indices",,0.0
2023-07-11,Punjab,Jalandhar,1.0,PM10,72.0,Satisfactory,"number_of_monitoring_stations in Absolute Number, aqi_value in Indices",,0.0
2023-07-11,Punjab,Ludhiana,1.0,PM10,61.0,Satisfactory,"number_of_monitoring_stations in Absolute Number, aqi_value in Indices",,0.0
2023-07-11,Punjab,Patiala,1.0,PM10,40.0,Good,"number_of_monitoring_stations in Absolute Number, aqi_value in Indices",,0.0
2023-07-11,Punjab,Rupnagar,1.0,CO,75.0,Satisfactory,"number_of_monitoring_stations in Absolute Number, aqi_value in Indices",,0.0
2023-07-12,Punjab,Amritsar,1.0,PM2.5,65.0,Satisfactory,"number_of_monitoring_stations in Absolute Number, aqi_value in Indices",,0.0
2023-07-12,Punjab,Bathinda,1.0,PM10,102.0,Moderate,"number_of_monitoring_stations in Absolute Number, aqi_value in Indices",,0.0
2023-07-12,Punjab,Jalandhar,1.0,CO,53.0,Satisfactory,"number_of_monitoring_stations in Absolute Number, aqi_value in Indices",,0.0
2023-07-12,Punjab,Ludhiana,1.0,PM10,74.0,Satisfactory,"number_of_monitoring_stations in Absolute Number, aqi_value in Indices",,0.0
2023-07-12,Punjab,Patiala,1.0,PM10,40.0,Good,"number_of_monitoring_stations in Absolute Number, aqi_value in Indices",,0.0
2023-07-12,Punjab,Rupnagar,1.0,CO,78.0,Satisfactory,"number_of_monitoring_stations in Absolute Number, aqi_value in Indices",,0.0
2023-07-13,Punjab,Amritsar,1.0,PM2.5,55.0,Satisfactory,"number_of_monitoring_stations in Absolute Number, aqi_value in Indices",,0.0
2023-07-13,Punjab,Bathinda,1.0,PM10,57.0,Satisfactory,"number_of_monitoring_stations in Absolute Number, aqi_value in Indices",,0.0
2023-07-13,Punjab,Ludhiana,1.0,PM10,49.0,Good,"number_of_monitoring_stations in Absolute Number, aqi_value in Indices",,0.0
2023-07-13,Punjab,Patiala,1.0,CO,31.0,Good,"number_of_monitoring_stations in Absolute Number, aqi_value in Indices",,0.0
2023-07-13,Punjab,Rupnagar,1.0,CO,55.0,Satisfactory,"number_of_monitoring_stations in Absolute Number, aqi_value in Indices",,0.0
2023-07-14,Punjab,Amritsar,1.0,O3,55.0,Satisfactory,"number_of_monitoring_stations in Absolute Number, aqi_value in Indices",,0.0
2023-07-14,Punjab,Jalandhar,1.0,PM10,70.0,Satisfactory,"number_of_monitoring_stations in Absolute Number, aqi_value in Indices",,0.0
2023-07-14,Punjab,Ludhiana,1.0,PM10,65.0,Satisfactory,"number_of_monitoring_stations in Absolute Number, aqi_value in Indices",,0.0
2023-07-14,Punjab,Patiala,1.0,O3,38.0,Good,"number_of_monitoring_stations in Absolute Number, aqi_value in Indices",,0.0
2023-07-14,Punjab,Rupnagar,1.0,PM10,56.0,Satisfactory,"number_of_monitoring_stations in Absolute Number, aqi_value in Indices",,0.0
2023-07-15,Punjab,Amritsar,1.0,O3,56.0,Satisfactory,"number_of_monitoring_stations in Absolute Number, aqi_value in Indices",,0.0
2023-07-15,Punjab,Bathinda,1.0,PM10,62.0,Satisfactory,"number_of_monitoring_stations in Absolute Number, aqi_value in Indices",,0.0
2023-07-15,Punjab,Jalandhar,1.0,PM10,90.0,Satisfactory,"number_of_monitoring_stations in Absolute Number, aqi_value in Indices",,0.0
2023-07-15,Punjab,Ludhiana,1.0,PM10,99.0,Satisfactory,"number_of_monitoring_stations in Absolute Number, aqi_value in Indices",,0.0
2023-07-15,Punjab,Patiala,1.0,PM10,49.0,Good,"number_of_monitoring_stations in Absolute Number, aqi_value in Indices",,0.0
2023-07-15,Punjab,Rupnagar,1.0,PM10,116.0,Moderate,"number_of_monitoring_stations in Absolute Number, aqi_value in Indices",,0.0
2023-07-16,Punjab,Amritsar,1.0,O3,54.0,Satisfactory,"number_of_monitoring_stations in Absolute Number, aqi_value in Indices",,0.0
2023-07-16,Punjab,Bathinda,1.0,PM10,41.0,Good,"number_of_monitoring_stations in Absolute Number, aqi_value in Indices",,0.0
2023-07-16,Punjab,Jalandhar,1.0,PM10,80.0,Satisfactory,"number_of_monitoring_stations in Absolute Number, aqi_value in Indices",,0.0
2023-07-16,Punjab,Ludhiana,1.0,PM10,82.0,Satisfactory,"number_of_monitoring_stations in Absolute Number, aqi_value in Indices",,0.0
2023-07-16,Punjab,Patiala,1.0,PM10,50.0,Good,"number_of_monitoring_stations in Absolute Number, aqi_value in Indices",,0.0
2023-07-16,Punjab,Rupnagar,1.0,PM10,91.0,Satisfactory,"number_of_monitoring_stations in Absolute Number, aqi_value in Indices",,0.0
2023-07-17,Punjab,Amritsar,1.0,O3,52.0,Satisfactory,"number_of_monitoring_stations in Absolute Number, aqi_value in Indices",,0.0
2023-07-17,Punjab,Bathinda,1.0,NO2,27.0,Good,"number_of_monitoring_stations in Absolute Number, aqi_value in Indices",,0.0
2023-07-17,Punjab,Jalandhar,1.0,PM10,74.0,Satisfactory,"number_of_monitoring_stations in Absolute Number, aqi_value in Indices",,0.0
2023-07-17,Punjab,Patiala,1.0,PM10,63.0,Satisfactory,"number_of_monitoring_stations in Absolute Number, aqi_value in Indices",,0.0
2023-07-17,Punjab,Rupnagar,1.0,PM10,109.0,Moderate,"number_of_monitoring_stations in Absolute Number, aqi_value in Indices",,0.0
2023-07-18,Punjab,Amritsar,1.0,O3,52.0,Satisfactory,"number_of_monitoring_stations in Absolute Number, aqi_value in Indices",,0.0
2023-07-18,Punjab,Bathinda,1.0,PM10,38.0,Good,"number_of_monitoring_stations in Absolute Number, aqi_value in Indices",,0.0
2023-07-18,Punjab,Jalandhar,1.0,PM10,76.0,Satisfactory,"number_of_monitoring_stations in Absolute Number, aqi_value in Indices",,0.0
2023-07-18,Punjab,Ludhiana,1.0,PM10,100.0,Satisfactory,"number_of_monitoring_stations in Absolute Number, aqi_value in Indices",,0.0
2023-07-18,Punjab,Patiala,1.0,PM10,52.0,Satisfactory,"number_of_monitoring_stations in Absolute Number, aqi_value in Indices",,0.0
2023-07-18,Punjab,Rupnagar,1.0,PM10,96.0,Satisfactory,"number_of_monitoring_stations in Absolute Number, aqi_value in Indices",,0.0
2023-07-19,Punjab,Amritsar,1.0,O3,52.0,Satisfactory,"number_of_monitoring_stations in Absolute Number, aqi_value in Indices",,0.0
2023-07-19,Punjab,Bathinda,1.0,PM10,40.0,Good,"number_of_monitoring_stations in Absolute Number, aqi_value in Indices",,0.0
2023-07-19,Punjab,Jalandhar,1.0,PM10,68.0,Satisfactory,"number_of_monitoring_stations in Absolute Number, aqi_value in Indices",,0.0
2023-07-19,Punjab,Ludhiana,1.0,PM10,54.0,Satisfactory,"number_of_monitoring_stations in Absolute Number, aqi_value in Indices",,0.0
2023-07-19,Punjab,Patiala,1.0,CO,33.0,Good,"number_of_monitoring_stations in Absolute Number, aqi_value in Indices",,0.0
2023-07-19,Punjab,Rupnagar,1.0,PM10,98.0,Satisfactory,"number_of_monitoring_stations in Absolute Number, aqi_value in Indices",,0.0
2023-07-20,Punjab,Amritsar,1.0,PM2.5,124.0,Moderate,"number_of_monitoring_stations in Absolute Number, aqi_value in Indices",,0.0
2023-07-20,Punjab,Bathinda,1.0,PM10,37.0,Good,"number_of_monitoring_stations in Absolute Number, aqi_value in Indices",,0.0
2023-07-20,Punjab,Jalandhar,1.0,PM10,65.0,Satisfactory,"number_of_monitoring_stations in Absolute Number, aqi_value in Indices",,0.0
2023-07-20,Punjab,Ludhiana,1.0,PM10,103.0,Moderate,"number_of_monitoring_stations in Absolute Number, aqi_value in Indices",,0.0
2023-07-20,Punjab,Patiala,1.0,CO,41.0,Good,"number_of_monitoring_stations in Absolute Number, aqi_value in Indices",,0.0
2023-07-20,Punjab,Rupnagar,1.0,PM10,186.0,Moderate,"number_of_monitoring_stations in Absolute Number, aqi_value in Indices",,0.0
2023-07-21,Punjab,Amritsar,1.0,PM2.5,108.0,Moderate,"number_of_monitoring_stations in Absolute Number, aqi_value in Indices",,0.0
2023-07-21,Punjab,Bathinda,1.0,PM10,65.0,Satisfactory,"number_of_monitoring_stations in Absolute Number, aqi_value in Indices",,0.0
2023-07-21,Punjab,Jalandhar,1.0,PM10,54.0,Satisfactory,"number_of_monitoring_stations in Absolute Number, aqi_value in Indices",,0.0
2023-07-21,Punjab,Ludhiana,1.0,PM2.5,112.0,Moderate,"number_of_monitoring_stations in Absolute Number, aqi_value in Indices",,0.0
2023-07-21,Punjab,Patiala,1.0,PM10,52.0,Satisfactory,"number_of_monitoring_stations in Absolute Number, aqi_value in Indices",,0.0
2023-07-21,Punjab,Rupnagar,1.0,PM10,176.0,Moderate,"number_of_monitoring_stations in Absolute Number, aqi_value in Indices",,0.0
2023-07-22,Punjab,Amritsar,1.0,PM2.5,86.0,Satisfactory,"number_of_monitoring_stations in Absolute Number, aqi_value in Indices",,0.0
2023-07-22,Punjab,Bathinda,1.0,PM10,48.0,Good,"number_of_monitoring_stations in Absolute Number, aqi_value in Indices",,0.0
2023-07-22,Punjab,Jalandhar,1.0,PM10,38.0,Good,"number_of_monitoring_stations in Absolute Number, aqi_value in Indices",,0.0
2023-07-22,Punjab,Ludhiana,1.0,PM10,83.0,Satisfactory,"number_of_monitoring_stations in Absolute Number, aqi_value in Indices",,0.0
2023-07-22,Punjab,Patiala,1.0,PM10,42.0,Good,"number_of_monitoring_stations in Absolute Number, aqi_value in Indices",,0.0
2023-07-22,Punjab,Rupnagar,1.0,PM10,102.0,Moderate,"number_of_monitoring_stations in Absolute Number, aqi_value in Indices",,0.0
2023-07-23,Punjab,Bathinda,1.0,PM10,55.0,Satisfactory,"number_of_monitoring_stations in Absolute Number, aqi_value in Indices",,0.0
2023-07-23,Punjab,Jalandhar,1.0,PM10,31.0,Good,"number_of_monitoring_stations in Absolute Number, aqi_value in Indices",,0.0
2023-07-23,Punjab,Ludhiana,1.0,PM10,70.0,Satisfactory,"number_of_monitoring_stations in Absolute Number, aqi_value in Indices",,0.0
2023-07-23,Punjab,Patiala,1.0,CO,41.0,Good,"number_of_monitoring_stations in Absolute Number, aqi_value in Indices",,0.0
2023-07-23,Punjab,Rupnagar,1.0,PM10,201.0,Poor,"number_of_monitoring_stations in Absolute Number, aqi_value in Indices",,0.0
2023-07-24,Punjab,Amritsar,1.0,PM2.5,102.0,Moderate,"number_of_monitoring_stations in Absolute Number, aqi_value in Indices",,0.0
2023-07-24,Punjab,Bathinda,1.0,PM10,107.0,Moderate,"number_of_monitoring_stations in Absolute Number, aqi_value in Indices",,0.0
2023-07-24,Punjab,Ludhiana,1.0,PM10,79.0,Satisfactory,"number_of_monitoring_stations in Absolute Number, aqi_value in Indices",,0.0
2023-07-24,Punjab,Patiala,1.0,CO,44.0,Good,"number_of_monitoring_stations in Absolute Number, aqi_value in Indices",,0.0
2023-07-24,Punjab,Rupnagar,1.0,PM10,217.0,Poor,"number_of_monitoring_stations in Absolute Number, aqi_value in Indices",,0.0
2023-07-25,Punjab,Bathinda,1.0,PM10,67.0,Satisfactory,"number_of_monitoring_stations in Absolute Number, aqi_value in Indices",,0.0
2023-07-25,Punjab,Jalandhar,1.0,PM10,59.0,Satisfactory,"number_of_monitoring_stations in Absolute Number, aqi_value in Indices",,0.0
2023-07-25,Punjab,Ludhiana,1.0,PM10,108.0,Moderate,"number_of_monitoring_stations in Absolute Number, aqi_value in Indices",,0.0
2023-07-25,Punjab,Patiala,1.0,CO,54.0,Satisfactory,"number_of_monitoring_stations in Absolute Number, aqi_value in Indices",,0.0
2023-07-25,Punjab,Rupnagar,1.0,PM10,144.0,Moderate,"number_of_monitoring_stations in Absolute Number, aqi_value in Indices",,0.0
2023-07-26,Punjab,Amritsar,1.0,PM2.5,70.0,Satisfactory,"number_of_monitoring_stations in Absolute Number, aqi_value in Indices",,0.0
2023-07-26,Punjab,Bathinda,1.0,PM10,66.0,Satisfactory,"number_of_monitoring_stations in Absolute Number, aqi_value in Indices",,0.0
2023-07-26,Punjab,Jalandhar,1.0,PM10,53.0,Satisfactory,"number_of_monitoring_stations in Absolute Number, aqi_value in Indices",,0.0
2023-07-26,Punjab,Ludhiana,1.0,PM10,50.0,Good,"number_of_monitoring_stations in Absolute Number, aqi_value in Indices",,0.0
2023-07-26,Punjab,Patiala,1.0,CO,36.0,Good,"number_of_monitoring_stations in Absolute Number, aqi_value in Indices",,0.0
2023-07-26,Punjab,Rupnagar,1.0,PM10,52.0,Satisfactory,"number_of_monitoring_stations in Absolute Number, aqi_value in Indices",,0.0
2023-07-27,Punjab,Amritsar,1.0,PM2.5,79.0,Satisfactory,"number_of_monitoring_stations in Absolute Number, aqi_value in Indices",,0.0
2023-07-27,Punjab,Bathinda,1.0,PM10,71.0,Satisfactory,"number_of_monitoring_stations in Absolute Number, aqi_value in Indices",,0.0
2023-07-27,Punjab,Ludhiana,1.0,CO,160.0,Moderate,"number_of_monitoring_stations in Absolute Number, aqi_value in Indices",,0.0
2023-07-27,Punjab,Patiala,1.0,CO,41.0,Good,"number_of_monitoring_stations in Absolute Number, aqi_value in Indices",,0.0
2023-07-28,Punjab,Amritsar,1.0,PM10,75.0,Satisfactory,"number_of_monitoring_stations in Absolute Number, aqi_value in Indices",,0.0
2023-07-28,Punjab,Bathinda,1.0,NO2,25.0,Good,"number_of_monitoring_stations in Absolute Number, aqi_value in Indices",,0.0
2023-07-28,Punjab,Ludhiana,1.0,PM10,104.0,Moderate,"number_of_monitoring_stations in Absolute Number, aqi_value in Indices",,0.0
2023-07-28,Punjab,Patiala,1.0,CO,46.0,Good,"number_of_monitoring_stations in Absolute Number, aqi_value in Indices",,0.0
2023-07-29,Punjab,Amritsar,1.0,PM2.5,78.0,Satisfactory,"number_of_monitoring_stations in Absolute Number, aqi_value in Indices",,0.0
2023-07-29,Punjab,Bathinda,1.0,PM10,64.0,Satisfactory,"number_of_monitoring_stations in Absolute Number, aqi_value in Indices",,0.0
2023-07-29,Punjab,Jalandhar,1.0,PM10,65.0,Satisfactory,"number_of_monitoring_stations in Absolute Number, aqi_value in Indices",,0.0
2023-07-29,Punjab,Ludhiana,1.0,PM10,74.0,Satisfactory,"number_of_monitoring_stations in Absolute Number, aqi_value in Indices",,0.0
2023-07-29,Punjab,Patiala,1.0,PM10,37.0,Good,"number_of_monitoring_stations in Absolute Number, aqi_value in Indices",,0.0
2023-07-29,Punjab,Rupnagar,1.0,PM10,73.0,Satisfactory,"number_of_monitoring_stations in Absolute Number, aqi_value in Indices",,0.0
2023-07-30,Punjab,Bathinda,1.0,PM10,33.0,Good,"number_of_monitoring_stations in Absolute Number, aqi_value in Indices",,0.0
2023-07-30,Punjab,Jalandhar,1.0,PM10,84.0,Satisfactory,"number_of_monitoring_stations in Absolute Number, aqi_value in Indices",,0.0
2023-07-30,Punjab,Ludhiana,1.0,PM2.5,63.0,Satisfactory,"number_of_monitoring_stations in Absolute Number, aqi_value in Indices",,0.0
2023-07-30,Punjab,Patiala,1.0,PM10,34.0,Good,"number_of_monitoring_stations in Absolute Number, aqi_value in Indices",,0.0
2023-07-31,Punjab,Amritsar,1.0,PM2.5,95.0,Satisfactory,"number_of_monitoring_stations in Absolute Number, aqi_value in Indices",,0.0
2023-07-31,Punjab,Bathinda,1.0,PM10,34.0,Good,"number_of_monitoring_stations in Absolute Number, aqi_value in Indices",,0.0
2023-07-31,Punjab,Jalandhar,1.0,PM10,94.0,Satisfactory,"number_of_monitoring_stations in Absolute Number, aqi_value in Indices",,0.0
2023-07-31,Punjab,Ludhiana,1.0,PM10,75.0,Satisfactory,"number_of_monitoring_stations in Absolute Number, aqi_value in Indices",,0.0
2023-07-31,Punjab,Patiala,1.0,PM10,61.0,Satisfactory,"number_of_monitoring_stations in Absolute Number, aqi_value in Indices",,0.0
2023-08-01,Punjab,Amritsar,1.0,PM2.5,93.0,Satisfactory,"number_of_monitoring_stations in Absolute Number, aqi_value in Indices",,0.0
2023-08-01,Punjab,Jalandhar,1.0,PM10,75.0,Satisfactory,"number_of_monitoring_stations in Absolute Number, aqi_value in Indices",,0.0
2023-08-01,Punjab,Ludhiana,1.0,PM10,56.0,Satisfactory,"number_of_monitoring_stations in Absolute Number, aqi_value in Indices",,0.0
2023-08-01,Punjab,Patiala,1.0,PM10,66.0,Satisfactory,"number_of_monitoring_stations in Absolute Number, aqi_value in Indices",,0.0
2023-08-02,Punjab,Amritsar,1.0,PM2.5,95.0,Satisfactory,"number_of_monitoring_stations in Absolute Number, aqi_value in Indices",,0.0
2023-08-02,Punjab,Bathinda,1.0,PM10,39.0,Good,"number_of_monitoring_stations in Absolute Number, aqi_value in Indices",,0.0
2023-08-02,Punjab,Jalandhar,1.0,PM10,82.0,Satisfactory,"number_of_monitoring_stations in Absolute Number, aqi_value in Indices",,0.0
2023-08-02,Punjab,Ludhiana,1.0,PM10,76.0,Satisfactory,"number_of_monitoring_stations in Absolute Number, aqi_value in Indices",,0.0
2023-08-02,Punjab,Patiala,1.0,PM10,77.0,Satisfactory,"number_of_monitoring_stations in Absolute Number, aqi_value in Indices",,0.0
2023-08-02,Punjab,Rupnagar,1.0,PM10,137.0,Moderate,"number_of_monitoring_stations in Absolute Number, aqi_value in Indices",,0.0
2023-08-03,Punjab,Amritsar,1.0,PM10,83.0,Satisfactory,"number_of_monitoring_stations in Absolute Number, aqi_value in Indices",,0.0
2023-08-03,Punjab,Bathinda,1.0,PM10,53.0,Satisfactory,"number_of_monitoring_stations in Absolute Number, aqi_value in Indices",,0.0
2023-08-03,Punjab,Jalandhar,1.0,PM10,68.0,Satisfactory,"number_of_monitoring_stations in Absolute Number, aqi_value in Indices",,0.0
2023-08-03,Punjab,Ludhiana,1.0,PM10,85.0,Satisfactory,"number_of_monitoring_stations in Absolute Number, aqi_value in Indices",,0.0
2023-08-03,Punjab,Patiala,1.0,O3,61.0,Satisfactory,"number_of_monitoring_stations in Absolute Number, aqi_value in Indices",,0.0
2023-08-03,Punjab,Rupnagar,1.0,PM10,100.0,Satisfactory,"number_of_monitoring_stations in Absolute Number, aqi_value in Indices",,0.0
2023-08-04,Punjab,Amritsar,1.0,PM2.5,122.0,Moderate,"number_of_monitoring_stations in Absolute Number, aqi_value in Indices",,0.0
2023-08-04,Punjab,Bathinda,1.0,PM10,65.0,Satisfactory,"number_of_monitoring_stations in Absolute Number, aqi_value in Indices",,0.0
2023-08-04,Punjab,Jalandhar,1.0,PM10,74.0,Satisfactory,"number_of_monitoring_stations in Absolute Number, aqi_value in Indices",,0.0
2023-08-04,Punjab,Ludhiana,1.0,PM10,90.0,Satisfactory,"number_of_monitoring_stations in Absolute Number, aqi_value in Indices",,0.0
2023-08-04,Punjab,Patiala,1.0,PM10,80.0,Satisfactory,"number_of_monitoring_stations in Absolute Number, aqi_value in Indices",,0.0
2023-08-04,Punjab,Rupnagar,1.0,PM10,109.0,Moderate,"number_of_monitoring_stations in Absolute Number, aqi_value in Indices",,0.0
2023-08-05,Punjab,Amritsar,1.0,PM10,82.0,Satisfactory,"number_of_monitoring_stations in Absolute Number, aqi_value in Indices",,0.0
2023-08-05,Punjab,Bathinda,1.0,PM10,52.0,Satisfactory,"number_of_monitoring_stations in Absolute Number, aqi_value in Indices",,0.0
2023-08-05,Punjab,Jalandhar,1.0,PM10,42.0,Good,"number_of_monitoring_stations in Absolute Number, aqi_value in Indices",,0.0
2023-08-05,Punjab,Ludhiana,1.0,PM10,79.0,Satisfactory,"number_of_monitoring_stations in Absolute Number, aqi_value in Indices",,0.0
2023-08-05,Punjab,Patiala,1.0,PM10,39.0,Good,"number_of_monitoring_stations in Absolute Number, aqi_value in Indices",,0.0
2023-08-05,Punjab,Rupnagar,1.0,PM10,117.0,Moderate,"number_of_monitoring_stations in Absolute Number, aqi_value in Indices",,0.0
2023-08-06,Punjab,Amritsar,1.0,PM2.5,91.0,Satisfactory,"number_of_monitoring_stations in Absolute Number, aqi_value in Indices",,0.0
2023-08-06,Punjab,Bathinda,1.0,PM10,52.0,Satisfactory,"number_of_monitoring_stations in Absolute Number, aqi_value in Indices",,0.0
2023-08-06,Punjab,Jalandhar,1.0,PM10,80.0,Satisfactory,"number_of_monitoring_stations in Absolute Number, aqi_value in Indices",,0.0
2023-08-06,Punjab,Ludhiana,1.0,PM10,47.0,Good,"number_of_monitoring_stations in Absolute Number, aqi_value in Indices",,0.0
2023-08-06,Punjab,Patiala,1.0,PM10,67.0,Satisfactory,"number_of_monitoring_stations in Absolute Number, aqi_value in Indices",,0.0
2023-08-07,Punjab,Bathinda,1.0,PM10,83.0,Satisfactory,"number_of_monitoring_stations in Absolute Number, aqi_value in Indices",,0.0
2023-08-07,Punjab,Jalandhar,1.0,PM10,77.0,Satisfactory,"number_of_monitoring_stations in Absolute Number, aqi_value in Indices",,0.0
2023-08-07,Punjab,Ludhiana,1.0,PM10,58.0,Satisfactory,"number_of_monitoring_stations in Absolute Number, aqi_value in Indices",,0.0
2023-08-07,Punjab,Patiala,1.0,PM10,67.0,Satisfactory,"number_of_monitoring_stations in Absolute Number, aqi_value in Indices",,0.0
2023-08-08,Punjab,Amritsar,1.0,PM2.5,164.0,Moderate,"number_of_monitoring_stations in Absolute Number, aqi_value in Indices",,0.0
2023-08-08,Punjab,Bathinda,1.0,PM10,112.0,Moderate,"number_of_monitoring_stations in Absolute Number, aqi_value in Indices",,0.0
2023-08-08,Punjab,Jalandhar,1.0,PM10,129.0,Moderate,"number_of_monitoring_stations in Absolute Number, aqi_value in Indices",,0.0
2023-08-08,Punjab,Ludhiana,1.0,PM10,94.0,Satisfactory,"number_of_monitoring_stations in Absolute Number, aqi_value in Indices",,0.0
2023-08-08,Punjab,Patiala,1.0,PM10,111.0,Moderate,"number_of_monitoring_stations in Absolute Number, aqi_value in Indices",,0.0
2023-08-08,Punjab,Rupnagar,1.0,PM10,120.0,Moderate,"number_of_monitoring_stations in Absolute Number, aqi_value in Indices",,0.0
2023-08-09,Punjab,Bathinda,1.0,PM10,87.0,Satisfactory,"number_of_monitoring_stations in Absolute Number, aqi_value in Indices",,0.0
2023-08-09,Punjab,Jalandhar,1.0,PM10,86.0,Satisfactory,"number_of_monitoring_stations in Absolute Number, aqi_value in Indices",,0.0
2023-08-09,Punjab,Ludhiana,1.0,PM10,93.0,Satisfactory,"number_of_monitoring_stations in Absolute Number, aqi_value in Indices",,0.0
2023-08-09,Punjab,Patiala,1.0,PM10,100.0,Satisfactory,"number_of_monitoring_stations in Absolute Number, aqi_value in Indices",,0.0
2023-08-09,Punjab,Rupnagar,1.0,PM10,82.0,Satisfactory,"number_of_monitoring_stations in Absolute Number, aqi_value in Indices",,0.0
2023-08-10,Punjab,Amritsar,1.0,PM2.5,128.0,Moderate,"number_of_monitoring_stations in Absolute Number, aqi_value in Indices",,0.0
2023-08-10,Punjab,Bathinda,1.0,PM10,93.0,Satisfactory,"number_of_monitoring_stations in Absolute Number, aqi_value in Indices",,0.0
2023-08-10,Punjab,Jalandhar,1.0,PM10,74.0,Satisfactory,"number_of_monitoring_stations in Absolute Number, aqi_value in Indices",,0.0
2023-08-10,Punjab,Ludhiana,1.0,PM10,103.0,Moderate,"number_of_monitoring_stations in Absolute Number, aqi_value in Indices",,0.0
2023-08-10,Punjab,Patiala,1.0,PM10,88.0,Satisfactory,"number_of_monitoring_stations in Absolute Number, aqi_value in Indices",,0.0
2023-08-10,Punjab,Rupnagar,1.0,PM10,114.0,Moderate,"number_of_monitoring_stations in Absolute Number, aqi_value in Indices",,0.0
2023-08-11,Punjab,Amritsar,1.0,PM2.5,88.0,Satisfactory,"number_of_monitoring_stations in Absolute Number, aqi_value in Indices",,0.0
2023-08-11,Punjab,Bathinda,1.0,PM10,85.0,Satisfactory,"number_of_monitoring_stations in Absolute Number, aqi_value in Indices",,0.0
2023-08-11,Punjab,Jalandhar,1.0,PM10,58.0,Satisfactory,"number_of_monitoring_stations in Absolute Number, aqi_value in Indices",,0.0
2023-08-11,Punjab,Ludhiana,1.0,PM10,82.0,Satisfactory,"number_of_monitoring_stations in Absolute Number, aqi_value in Indices",,0.0
2023-08-11,Punjab,Patiala,1.0,PM10,73.0,Satisfactory,"number_of_monitoring_stations in Absolute Number, aqi_value in Indices",,0.0
2023-08-12,Punjab,Bathinda,1.0,PM10,88.0,Satisfactory,"number_of_monitoring_stations in Absolute Number, aqi_value in Indices",,0.0
2023-08-12,Punjab,Jalandhar,1.0,PM10,93.0,Satisfactory,"number_of_monitoring_stations in Absolute Number, aqi_value in Indices",,0.0
2023-08-12,Punjab,Ludhiana,1.0,PM10,78.0,Satisfactory,"number_of_monitoring_stations in Absolute Number, aqi_value in Indices",,0.0
2023-08-12,Punjab,Patiala,1.0,PM10,74.0,Satisfactory,"number_of_monitoring_stations in Absolute Number, aqi_value in Indices",,0.0
2023-08-12,Punjab,Rupnagar,1.0,PM10,95.0,Satisfactory,"number_of_monitoring_stations in Absolute Number, aqi_value in Indices",,0.0
2023-08-13,Punjab,Jalandhar,1.0,PM10,98.0,Satisfactory,"number_of_monitoring_stations in Absolute Number, aqi_value in Indices",,0.0
2023-08-13,Punjab,Ludhiana,1.0,PM10,67.0,Satisfactory,"number_of_monitoring_stations in Absolute Number, aqi_value in Indices",,0.0
2023-08-13,Punjab,Patiala,1.0,PM10,65.0,Satisfactory,"number_of_monitoring_stations in Absolute Number, aqi_value in Indices",,0.0
2023-08-13,Punjab,Rupnagar,1.0,PM10,97.0,Satisfactory,"number_of_monitoring_stations in Absolute Number, aqi_value in Indices",,0.0
2023-08-14,Punjab,Bathinda,1.0,PM10,90.0,Satisfactory,"number_of_monitoring_stations in Absolute Number, aqi_value in Indices",,0.0
2023-08-14,Punjab,Jalandhar,1.0,PM10,82.0,Satisfactory,"number_of_monitoring_stations in Absolute Number, aqi_value in Indices",,0.0
2023-08-14,Punjab,Ludhiana,1.0,PM10,70.0,Satisfactory,"number_of_monitoring_stations in Absolute Number, aqi_value in Indices",,0.0
2023-08-14,Punjab,Patiala,1.0,O3,57.0,Satisfactory,"number_of_monitoring_stations in Absolute Number, aqi_value in Indices",,0.0
2023-08-14,Punjab,Rupnagar,1.0,PM10,79.0,Satisfactory,"number_of_monitoring_stations in Absolute Number, aqi_value in Indices",,0.0
2023-08-15,Punjab,Bathinda,1.0,PM10,78.0,Satisfactory,"number_of_monitoring_stations in Absolute Number, aqi_value in Indices",,0.0
2023-08-15,Punjab,Jalandhar,1.0,PM10,72.0,Satisfactory,"number_of_monitoring_stations in Absolute Number, aqi_value in Indices",,0.0
2023-08-15,Punjab,Ludhiana,1.0,PM10,74.0,Satisfactory,"number_of_monitoring_stations in Absolute Number, aqi_value in Indices",,0.0
2023-08-15,Punjab,Patiala,1.0,O3,62.0,Satisfactory,"number_of_monitoring_stations in Absolute Number, aqi_value in Indices",,0.0
2023-08-15,Punjab,Rupnagar,1.0,PM10,76.0,Satisfactory,"number_of_monitoring_stations in Absolute Number, aqi_value in Indices",,0.0
2023-08-16,Punjab,Bathinda,1.0,PM10,89.0,Satisfactory,"number_of_monitoring_stations in Absolute Number, aqi_value in Indices",,0.0
2023-08-16,Punjab,Jalandhar,1.0,PM10,65.0,Satisfactory,"number_of_monitoring_stations in Absolute Number, aqi_value in Indices",,0.0
2023-08-16,Punjab,Ludhiana,1.0,PM10,76.0,Satisfactory,"number_of_monitoring_stations in Absolute Number, aqi_value in Indices",,0.0
2023-08-16,Punjab,Patiala,1.0,O3,68.0,Satisfactory,"number_of_monitoring_stations in Absolute Number, aqi_value in Indices",,0.0
2023-08-16,Punjab,Rupnagar,1.0,PM10,114.0,Moderate,"number_of_monitoring_stations in Absolute Number, aqi_value in Indices",,0.0
2023-08-17,Punjab,Bathinda,1.0,PM10,96.0,Satisfactory,"number_of_monitoring_stations in Absolute Number, aqi_value in Indices",,0.0
2023-08-17,Punjab,Jalandhar,1.0,PM10,90.0,Satisfactory,"number_of_monitoring_stations in Absolute Number, aqi_value in Indices",,0.0
2023-08-17,Punjab,Ludhiana,1.0,PM10,90.0,Satisfactory,"number_of_monitoring_stations in Absolute Number, aqi_value in Indices",,0.0
2023-08-17,Punjab,Patiala,1.0,PM10,74.0,Satisfactory,"number_of_monitoring_stations in Absolute Number, aqi_value in Indices",,0.0
2023-08-17,Punjab,Rupnagar,1.0,PM10,151.0,Moderate,"number_of_monitoring_stations in Absolute Number, aqi_value in Indices",,0.0
2023-08-18,Punjab,Bathinda,1.0,PM10,112.0,Moderate,"number_of_monitoring_stations in Absolute Number, aqi_value in Indices",,0.0
2023-08-18,Punjab,Jalandhar,1.0,PM10,101.0,Moderate,"number_of_monitoring_stations in Absolute Number, aqi_value in Indices",,0.0
2023-08-18,Punjab,Ludhiana,1.0,PM10,100.0,Satisfactory,"number_of_monitoring_stations in Absolute Number, aqi_value in Indices",,0.0
2023-08-18,Punjab,Patiala,1.0,PM10,87.0,Satisfactory,"number_of_monitoring_stations in Absolute Number, aqi_value in Indices",,0.0
2023-08-18,Punjab,Rupnagar,1.0,PM10,137.0,Moderate,"number_of_monitoring_stations in Absolute Number, aqi_value in Indices",,0.0
2023-08-19,Punjab,Amritsar,1.0,PM10,63.0,Satisfactory,"number_of_monitoring_stations in Absolute Number, aqi_value in Indices",,0.0
2023-08-19,Punjab,Bathinda,1.0,PM10,146.0,Moderate,"number_of_monitoring_stations in Absolute Number, aqi_value in Indices",,0.0
2023-08-19,Punjab,Jalandhar,1.0,PM10,63.0,Satisfactory,"number_of_monitoring_stations in Absolute Number, aqi_value in Indices",,0.0
2023-08-19,Punjab,Ludhiana,1.0,PM10,123.0,Moderate,"number_of_monitoring_stations in Absolute Number, aqi_value in Indices",,0.0
2023-08-19,Punjab,Patiala,1.0,PM10,62.0,Satisfactory,"number_of_monitoring_stations in Absolute Number, aqi_value in Indices",,0.0
2023-08-20,Punjab,Amritsar,1.0,O3,54.0,Satisfactory,"number_of_monitoring_stations in Absolute Number, aqi_value in Indices",,0.0
2023-08-20,Punjab,Bathinda,1.0,PM10,65.0,Satisfactory,"number_of_monitoring_stations in Absolute Number, aqi_value in Indices",,0.0
2023-08-20,Punjab,Jalandhar,1.0,PM10,60.0,Satisfactory,"number_of_monitoring_stations in Absolute Number, aqi_value in Indices",,0.0
2023-08-20,Punjab,Ludhiana,1.0,PM2.5,155.0,Moderate,"number_of_monitoring_stations in Absolute Number, aqi_value in Indices",,0.0
2023-08-20,Punjab,Patiala,1.0,O3,52.0,Satisfactory,"number_of_monitoring_stations in Absolute Number, aqi_value in Indices",,0.0
2023-08-20,Punjab,Rupnagar,1.0,PM10,145.0,Moderate,"number_of_monitoring_stations in Absolute Number, aqi_value in Indices",,0.0
2023-08-21,Punjab,Amritsar,1.0,O3,58.0,Satisfactory,"number_of_monitoring_stations in Absolute Number, aqi_value in Indices",,0.0
2023-08-21,Punjab,Bathinda,1.0,PM10,33.0,Good,"number_of_monitoring_stations in Absolute Number, aqi_value in Indices",,0.0
2023-08-21,Punjab,Jalandhar,1.0,PM10,69.0,Satisfactory,"number_of_monitoring_stations in Absolute Number, aqi_value in Indices",,0.0
2023-08-21,Punjab,Ludhiana,1.0,PM10,72.0,Satisfactory,"number_of_monitoring_stations in Absolute Number, aqi_value in Indices",,0.0
2023-08-21,Punjab,Patiala,1.0,O3,50.0,Good,"number_of_monitoring_stations in Absolute Number, aqi_value in Indices",,0.0
2023-08-21,Punjab,Rupnagar,1.0,PM10,130.0,Moderate,"number_of_monitoring_stations in Absolute Number, aqi_value in Indices",,0.0
2023-08-22,Punjab,Amritsar,1.0,O3,56.0,Satisfactory,"number_of_monitoring_stations in Absolute Number, aqi_value in Indices",,0.0
2023-08-22,Punjab,Bathinda,1.0,SO2,60.0,Satisfactory,"number_of_monitoring_stations in Absolute Number, aqi_value in Indices",,0.0
2023-08-22,Punjab,Jalandhar,1.0,PM10,94.0,Satisfactory,"number_of_monitoring_stations in Absolute Number, aqi_value in Indices",,0.0
2023-08-22,Punjab,Ludhiana,1.0,PM10,95.0,Satisfactory,"number_of_monitoring_stations in Absolute Number, aqi_value in Indices",,0.0
2023-08-22,Punjab,Patiala,1.0,PM10,55.0,Satisfactory,"number_of_monitoring_stations in Absolute Number, aqi_value in Indices",,0.0
2023-08-22,Punjab,Rupnagar,1.0,PM10,127.0,Moderate,"number_of_monitoring_stations in Absolute Number, aqi_value in Indices",,0.0
2023-08-23,Punjab,Amritsar,1.0,PM10,97.0,Satisfactory,"number_of_monitoring_stations in Absolute Number, aqi_value in Indices",,0.0
2023-08-23,Punjab,Bathinda,1.0,PM10,98.0,Satisfactory,"number_of_monitoring_stations in Absolute Number, aqi_value in Indices",,0.0
2023-08-23,Punjab,Jalandhar,1.0,PM10,64.0,Satisfactory,"number_of_monitoring_stations in Absolute Number, aqi_value in Indices",,0.0
2023-08-23,Punjab,Ludhiana,1.0,PM10,111.0,Moderate,"number_of_monitoring_stations in Absolute Number, aqi_value in Indices",,0.0
2023-08-23,Punjab,Patiala,1.0,O3,48.0,Good,"number_of_monitoring_stations in Absolute Number, aqi_value in Indices",,0.0
2023-08-23,Punjab,Rupnagar,1.0,PM10,74.0,Satisfactory,"number_of_monitoring_stations in Absolute Number, aqi_value in Indices",,0.0
2023-08-24,Punjab,Amritsar,1.0,PM10,91.0,Satisfactory,"number_of_monitoring_stations in Absolute Number, aqi_value in Indices",,0.0
2023-08-24,Punjab,Bathinda,1.0,PM10,94.0,Satisfactory,"number_of_monitoring_stations in Absolute Number, aqi_value in Indices",,0.0
2023-08-24,Punjab,Jalandhar,1.0,PM10,55.0,Satisfactory,"number_of_monitoring_stations in Absolute Number, aqi_value in Indices",,0.0
2023-08-24,Punjab,Ludhiana,1.0,PM10,83.0,Satisfactory,"number_of_monitoring_stations in Absolute Number, aqi_value in Indices",,0.0
2023-08-24,Punjab,Patiala,1.0,O3,54.0,Satisfactory,"number_of_monitoring_stations in Absolute Number, aqi_value in Indices",,0.0
2023-08-24,Punjab,Rupnagar,1.0,CO,56.0,Satisfactory,"number_of_monitoring_stations in Absolute Number, aqi_value in Indices",,0.0
2023-08-25,Punjab,Amritsar,1.0,O3,56.0,Satisfactory,"number_of_monitoring_stations in Absolute Number, aqi_value in Indices",,0.0
2023-08-25,Punjab,Bathinda,1.0,PM10,104.0,Moderate,"number_of_monitoring_stations in Absolute Number, aqi_value in Indices",,0.0
2023-08-25,Punjab,Jalandhar,1.0,PM10,94.0,Satisfactory,"number_of_monitoring_stations in Absolute Number, aqi_value in Indices",,0.0
2023-08-25,Punjab,Ludhiana,1.0,PM10,88.0,Satisfactory,"number_of_monitoring_stations in Absolute Number, aqi_value in Indices",,0.0
2023-08-25,Punjab,Patiala,1.0,PM10,88.0,Satisfactory,"number_of_monitoring_stations in Absolute Number, aqi_value in Indices",,0.0
2023-08-25,Punjab,Rupnagar,1.0,PM10,86.0,Satisfactory,"number_of_monitoring_stations in Absolute Number, aqi_value in Indices",,0.0
2023-08-26,Punjab,Amritsar,1.0,PM10,77.0,Satisfactory,"number_of_monitoring_stations in Absolute Number, aqi_value in Indices",,0.0
2023-08-26,Punjab,Jalandhar,1.0,PM10,58.0,Satisfactory,"number_of_monitoring_stations in Absolute Number, aqi_value in Indices",,0.0
2023-08-26,Punjab,Ludhiana,1.0,PM10,60.0,Satisfactory,"number_of_monitoring_stations in Absolute Number, aqi_value in Indices",,0.0
2023-08-26,Punjab,Patiala,1.0,PM10,62.0,Satisfactory,"number_of_monitoring_stations in Absolute Number, aqi_value in Indices",,0.0
2023-08-26,Punjab,Rupnagar,1.0,PM10,84.0,Satisfactory,"number_of_monitoring_stations in Absolute Number, aqi_value in Indices",,0.0
2023-08-27,Punjab,Amritsar,1.0,PM10,88.0,Satisfactory,"number_of_monitoring_stations in Absolute Number, aqi_value in Indices",,0.0
2023-08-27,Punjab,Bathinda,1.0,PM10,140.0,Moderate,"number_of_monitoring_stations in Absolute Number, aqi_value in Indices",,0.0
2023-08-27,Punjab,Jalandhar,1.0,PM10,105.0,Moderate,"number_of_monitoring_stations in Absolute Number, aqi_value in Indices",,0.0
2023-08-27,Punjab,Ludhiana,1.0,PM10,62.0,Satisfactory,"number_of_monitoring_stations in Absolute Number, aqi_value in Indices",,0.0
2023-08-27,Punjab,Patiala,1.0,PM10,76.0,Satisfactory,"number_of_monitoring_stations in Absolute Number, aqi_value in Indices",,0.0
2023-08-27,Punjab,Rupnagar,1.0,PM10,135.0,Moderate,"number_of_monitoring_stations in Absolute Number, aqi_value in Indices",,0.0
2023-08-28,Punjab,Amritsar,1.0,PM10,88.0,Satisfactory,"number_of_monitoring_stations in Absolute Number, aqi_value in Indices",,0.0
2023-08-28,Punjab,Bathinda,1.0,PM10,152.0,Moderate,"number_of_monitoring_stations in Absolute Number, aqi_value in Indices",,0.0
2023-08-28,Punjab,Jalandhar,1.0,PM10,83.0,Satisfactory,"number_of_monitoring_stations in Absolute Number, aqi_value in Indices",,0.0
2023-08-28,Punjab,Ludhiana,1.0,PM10,71.0,Satisfactory,"number_of_monitoring_stations in Absolute Number, aqi_value in Indices",,0.0
2023-08-28,Punjab,Patiala,1.0,PM10,77.0,Satisfactory,"number_of_monitoring_stations in Absolute Number, aqi_value in Indices",,0.0
2023-08-28,Punjab,Rupnagar,1.0,PM10,159.0,Moderate,"number_of_monitoring_stations in Absolute Number, aqi_value in Indices",,0.0
2023-08-29,Punjab,Amritsar,1.0,O3,53.0,Satisfactory,"number_of_monitoring_stations in Absolute Number, aqi_value in Indices",,0.0
2023-08-29,Punjab,Bathinda,1.0,PM10,145.0,Moderate,"number_of_monitoring_stations in Absolute Number, aqi_value in Indices",,0.0
2023-08-29,Punjab,Jalandhar,1.0,PM10,78.0,Satisfactory,"number_of_monitoring_stations in Absolute Number, aqi_value in Indices",,0.0
2023-08-29,Punjab,Ludhiana,1.0,PM10,74.0,Satisfactory,"number_of_monitoring_stations in Absolute Number, aqi_value in Indices",,0.0
2023-08-29,Punjab,Patiala,1.0,O3,68.0,Satisfactory,"number_of_monitoring_stations in Absolute Number, aqi_value in Indices",,0.0
2023-08-29,Punjab,Rupnagar,1.0,PM10,143.0,Moderate,"number_of_monitoring_stations in Absolute Number, aqi_value in Indices",,0.0
2023-08-30,Punjab,Amritsar,1.0,PM10,60.0,Satisfactory,"number_of_monitoring_stations in Absolute Number, aqi_value in Indices",,0.0
2023-08-30,Punjab,Bathinda,1.0,PM10,124.0,Moderate,"number_of_monitoring_stations in Absolute Number, aqi_value in Indices",,0.0
2023-08-30,Punjab,Jalandhar,1.0,PM10,110.0,Moderate,"number_of_monitoring_stations in Absolute Number, aqi_value in Indices",,0.0
2023-08-30,Punjab,Ludhiana,1.0,PM10,79.0,Satisfactory,"number_of_monitoring_stations in Absolute Number, aqi_value in Indices",,0.0
2023-08-30,Punjab,Patiala,1.0,PM10,94.0,Satisfactory,"number_of_monitoring_stations in Absolute Number, aqi_value in Indices",,0.0
2023-08-30,Punjab,Rupnagar,1.0,PM10,172.0,Moderate,"number_of_monitoring_stations in Absolute Number, aqi_value in Indices",,0.0
2023-08-31,Punjab,Amritsar,1.0,PM10,62.0,Satisfactory,"number_of_monitoring_stations in Absolute Number, aqi_value in Indices",,0.0
2023-08-31,Punjab,Bathinda,1.0,PM10,127.0,Moderate,"number_of_monitoring_stations in Absolute Number, aqi_value in Indices",,0.0
2023-08-31,Punjab,Jalandhar,1.0,PM10,133.0,Moderate,"number_of_monitoring_stations in Absolute Number, aqi_value in Indices",,0.0
2023-08-31,Punjab,Ludhiana,1.0,PM10,102.0,Moderate,"number_of_monitoring_stations in Absolute Number, aqi_value in Indices",,0.0
2023-08-31,Punjab,Patiala,1.0,PM10,103.0,Moderate,"number_of_monitoring_stations in Absolute Number, aqi_value in Indices",,0.0
2023-09-01,Punjab,Amritsar,1.0,PM10,77.0,Satisfactory,"number_of_monitoring_stations in Absolute Number, aqi_value in Indices",,0.0
2023-09-01,Punjab,Bathinda,1.0,PM10,147.0,Moderate,"number_of_monitoring_stations in Absolute Number, aqi_value in Indices",,0.0
2023-09-01,Punjab,Jalandhar,1.0,PM10,120.0,Moderate,"number_of_monitoring_stations in Absolute Number, aqi_value in Indices",,0.0
2023-09-01,Punjab,Ludhiana,1.0,PM10,92.0,Satisfactory,"number_of_monitoring_stations in Absolute Number, aqi_value in Indices",,0.0
2023-09-01,Punjab,Patiala,1.0,PM10,110.0,Moderate,"number_of_monitoring_stations in Absolute Number, aqi_value in Indices",,0.0
2023-09-01,Punjab,Rupnagar,1.0,PM10,194.0,Moderate,"number_of_monitoring_stations in Absolute Number, aqi_value in Indices",,0.0
2023-09-02,Punjab,Amritsar,1.0,PM10,77.0,Satisfactory,"number_of_monitoring_stations in Absolute Number, aqi_value in Indices",,0.0
2023-09-02,Punjab,Bathinda,1.0,PM10,114.0,Moderate,"number_of_monitoring_stations in Absolute Number, aqi_value in Indices",,0.0
2023-09-02,Punjab,Jalandhar,1.0,PM10,116.0,Moderate,"number_of_monitoring_stations in Absolute Number, aqi_value in Indices",,0.0
2023-09-02,Punjab,Ludhiana,1.0,PM10,88.0,Satisfactory,"number_of_monitoring_stations in Absolute Number, aqi_value in Indices",,0.0
2023-09-02,Punjab,Patiala,1.0,PM10,96.0,Satisfactory,"number_of_monitoring_stations in Absolute Number, aqi_value in Indices",,0.0
2023-09-02,Punjab,Rupnagar,1.0,PM10,134.0,Moderate,"number_of_monitoring_stations in Absolute Number, aqi_value in Indices",,0.0
2023-09-03,Punjab,Amritsar,1.0,PM10,69.0,Satisfactory,"number_of_monitoring_stations in Absolute Number, aqi_value in Indices",,0.0
2023-09-03,Punjab,Bathinda,1.0,PM10,139.0,Moderate,"number_of_monitoring_stations in Absolute Number, aqi_value in Indices",,0.0
2023-09-03,Punjab,Jalandhar,1.0,PM10,107.0,Moderate,"number_of_monitoring_stations in Absolute Number, aqi_value in Indices",,0.0
2023-09-03,Punjab,Ludhiana,1.0,PM10,88.0,Satisfactory,"number_of_monitoring_stations in Absolute Number, aqi_value in Indices",,0.0
2023-09-03,Punjab,Patiala,1.0,PM10,98.0,Satisfactory,"number_of_monitoring_stations in Absolute Number, aqi_value in Indices",,0.0
2023-09-03,Punjab,Rupnagar,1.0,PM10,194.0,Moderate,"number_of_monitoring_stations in Absolute Number, aqi_value in Indices",,0.0
2023-09-04,Punjab,Amritsar,1.0,PM10,65.0,Satisfactory,"number_of_monitoring_stations in Absolute Number, aqi_value in Indices",,0.0
2023-09-04,Punjab,Bathinda,1.0,PM10,112.0,Moderate,"number_of_monitoring_stations in Absolute Number, aqi_value in Indices",,0.0
2023-09-04,Punjab,Jalandhar,1.0,PM10,66.0,Satisfactory,"number_of_monitoring_stations in Absolute Number, aqi_value in Indices",,0.0
2023-09-04,Punjab,Ludhiana,1.0,PM10,74.0,Satisfactory,"number_of_monitoring_stations in Absolute Number, aqi_value in Indices",,0.0
2023-09-04,Punjab,Patiala,1.0,PM10,98.0,Satisfactory,"number_of_monitoring_stations in Absolute Number, aqi_value in Indices",,0.0
2023-09-04,Punjab,Rupnagar,1.0,PM10,201.0,Poor,"number_of_monitoring_stations in Absolute Number, aqi_value in Indices",,0.0
2023-09-05,Punjab,Bathinda,1.0,PM10,123.0,Moderate,"number_of_monitoring_stations in Absolute Number, aqi_value in Indices",,0.0
2023-09-05,Punjab,Jalandhar,1.0,PM10,58.0,Satisfactory,"number_of_monitoring_stations in Absolute Number, aqi_value in Indices",,0.0
2023-09-05,Punjab,Ludhiana,1.0,PM10,95.0,Satisfactory,"number_of_monitoring_stations in Absolute Number, aqi_value in Indices",,0.0
2023-09-05,Punjab,Patiala,1.0,PM10,81.0,Satisfactory,"number_of_monitoring_stations in Absolute Number, aqi_value in Indices",,0.0
2023-09-05,Punjab,Rupnagar,1.0,PM10,201.0,Poor,"number_of_monitoring_stations in Absolute Number, aqi_value in Indices",,0.0
2023-09-06,Punjab,Bathinda,1.0,PM10,138.0,Moderate,"number_of_monitoring_stations in Absolute Number, aqi_value in Indices",,0.0
2023-09-06,Punjab,Jalandhar,1.0,PM10,50.0,Good,"number_of_monitoring_stations in Absolute Number, aqi_value in Indices",,0.0
2023-09-06,Punjab,Ludhiana,1.0,PM10,60.0,Satisfactory,"number_of_monitoring_stations in Absolute Number, aqi_value in Indices",,0.0
2023-09-06,Punjab,Patiala,1.0,PM10,81.0,Satisfactory,"number_of_monitoring_stations in Absolute Number, aqi_value in Indices",,0.0
2023-09-06,Punjab,Rupnagar,1.0,PM10,194.0,Moderate,"number_of_monitoring_stations in Absolute Number, aqi_value in Indices",,0.0
2023-09-07,Punjab,Amritsar,1.0,PM10,61.0,Satisfactory,"number_of_monitoring_stations in Absolute Number, aqi_value in Indices",,0.0
2023-09-07,Punjab,Bathinda,1.0,PM10,145.0,Moderate,"number_of_monitoring_stations in Absolute Number, aqi_value in Indices",,0.0
2023-09-07,Punjab,Jalandhar,1.0,PM10,62.0,Satisfactory,"number_of_monitoring_stations in Absolute Number, aqi_value in Indices",,0.0
2023-09-07,Punjab,Ludhiana,1.0,O3,64.0,Satisfactory,"number_of_monitoring_stations in Absolute Number, aqi_value in Indices",,0.0
2023-09-07,Punjab,Patiala,1.0,PM10,92.0,Satisfactory,"number_of_monitoring_stations in Absolute Number, aqi_value in Indices",,0.0
2023-09-07,Punjab,Rupnagar,1.0,PM10,129.0,Moderate,"number_of_monitoring_stations in Absolute Number, aqi_value in Indices",,0.0
2023-09-08,Punjab,Amritsar,1.0,PM10,61.0,Satisfactory,"number_of_monitoring_stations in Absolute Number, aqi_value in Indices",,0.0
2023-09-08,Punjab,Bathinda,1.0,PM10,121.0,Moderate,"number_of_monitoring_stations in Absolute Number, aqi_value in Indices",,0.0
2023-09-08,Punjab,Jalandhar,1.0,PM10,86.0,Satisfactory,"number_of_monitoring_stations in Absolute Number, aqi_value in Indices",,0.0
2023-09-08,Punjab,Ludhiana,1.0,PM10,94.0,Satisfactory,"number_of_monitoring_stations in Absolute Number, aqi_value in Indices",,0.0
2023-09-08,Punjab,Patiala,1.0,PM10,75.0,Satisfactory,"number_of_monitoring_stations in Absolute Number, aqi_value in Indices",,0.0
2023-09-09,Punjab,Amritsar,1.0,PM2.5,49.0,Good,"number_of_monitoring_stations in Absolute Number, aqi_value in Indices",,0.0
2023-09-09,Punjab,Bathinda,1.0,PM10,104.0,Moderate,"number_of_monitoring_stations in Absolute Number, aqi_value in Indices",,0.0
2023-09-09,Punjab,Jalandhar,1.0,PM10,82.0,Satisfactory,"number_of_monitoring_stations in Absolute Number, aqi_value in Indices",,0.0
2023-09-09,Punjab,Ludhiana,1.0,PM10,85.0,Satisfactory,"number_of_monitoring_stations in Absolute Number, aqi_value in Indices",,0.0
2023-09-09,Punjab,Patiala,1.0,O3,61.0,Satisfactory,"number_of_monitoring_stations in Absolute Number, aqi_value in Indices",,0.0
2023-09-10,Punjab,Amritsar,1.0,O3,51.0,Satisfactory,"number_of_monitoring_stations in Absolute Number, aqi_value in Indices",,0.0
2023-09-10,Punjab,Bathinda,1.0,PM2.5,58.0,Satisfactory,"number_of_monitoring_stations in Absolute Number, aqi_value in Indices",,0.0
2023-09-10,Punjab,Jalandhar,1.0,O3,58.0,Satisfactory,"number_of_monitoring_stations in Absolute Number, aqi_value in Indices",,0.0
2023-09-10,Punjab,Ludhiana,1.0,PM10,40.0,Good,"number_of_monitoring_stations in Absolute Number, aqi_value in Indices",,0.0
2023-09-10,Punjab,Patiala,1.0,O3,60.0,Satisfactory,"number_of_monitoring_stations in Absolute Number, aqi_value in Indices",,0.0
2023-09-11,Punjab,Jalandhar,1.0,PM2.5,45.0,Good,"number_of_monitoring_stations in Absolute Number, aqi_value in Indices",,0.0
2023-09-11,Punjab,Ludhiana,1.0,O3,37.0,Good,"number_of_monitoring_stations in Absolute Number, aqi_value in Indices",,0.0
2023-09-12,Punjab,Amritsar,1.0,PM10,60.0,Satisfactory,"number_of_monitoring_stations in Absolute Number, aqi_value in Indices",,0.0
2023-09-12,Punjab,Bathinda,1.0,PM10,92.0,Satisfactory,"number_of_monitoring_stations in Absolute Number, aqi_value in Indices",,0.0
2023-09-12,Punjab,Jalandhar,1.0,PM10,72.0,Satisfactory,"number_of_monitoring_stations in Absolute Number, aqi_value in Indices",,0.0
2023-09-12,Punjab,Ludhiana,1.0,PM10,89.0,Satisfactory,"number_of_monitoring_stations in Absolute Number, aqi_value in Indices",,0.0
2023-09-12,Punjab,Patiala,1.0,PM10,54.0,Satisfactory,"number_of_monitoring_stations in Absolute Number, aqi_value in Indices",,0.0
2023-09-13,Punjab,Amritsar,1.0,PM10,79.0,Satisfactory,"number_of_monitoring_stations in Absolute Number, aqi_value in Indices",,0.0
2023-09-13,Punjab,Bathinda,1.0,PM2.5,55.0,Satisfactory,"number_of_monitoring_stations in Absolute Number, aqi_value in Indices",,0.0
2023-09-13,Punjab,Jalandhar,1.0,PM10,99.0,Satisfactory,"number_of_monitoring_stations in Absolute Number, aqi_value in Indices",,0.0
2023-09-13,Punjab,Ludhiana,1.0,PM10,129.0,Moderate,"number_of_monitoring_stations in Absolute Number, aqi_value in Indices",,0.0
2023-09-13,Punjab,Patiala,1.0,PM10,67.0,Satisfactory,"number_of_monitoring_stations in Absolute Number, aqi_value in Indices",,0.0
2023-09-14,Punjab,Bathinda,1.0,PM10,116.0,Moderate,"number_of_monitoring_stations in Absolute Number, aqi_value in Indices",,0.0
2023-09-14,Punjab,Jalandhar,1.0,PM10,96.0,Satisfactory,"number_of_monitoring_stations in Absolute Number, aqi_value in Indices",,0.0
2023-09-14,Punjab,Ludhiana,1.0,PM10,100.0,Satisfactory,"number_of_monitoring_stations in Absolute Number, aqi_value in Indices",,0.0
2023-09-14,Punjab,Patiala,1.0,PM10,72.0,Satisfactory,"number_of_monitoring_stations in Absolute Number, aqi_value in Indices",,0.0
2023-09-15,Punjab,Amritsar,1.0,PM10,116.0,Moderate,"number_of_monitoring_stations in Absolute Number, aqi_value in Indices",,0.0
2023-09-15,Punjab,Bathinda,1.0,PM10,136.0,Moderate,"number_of_monitoring_stations in Absolute Number, aqi_value in Indices",,0.0
2023-09-15,Punjab,Jalandhar,1.0,PM10,67.0,Satisfactory,"number_of_monitoring_stations in Absolute Number, aqi_value in Indices",,0.0
2023-09-15,Punjab,Ludhiana,1.0,PM2.5,153.0,Moderate,"number_of_monitoring_stations in Absolute Number, aqi_value in Indices",,0.0
2023-09-15,Punjab,Patiala,1.0,PM10,75.0,Satisfactory,"number_of_monitoring_stations in Absolute Number, aqi_value in Indices",,0.0
2023-09-15,Punjab,Rupnagar,1.0,PM10,170.0,Moderate,"number_of_monitoring_stations in Absolute Number, aqi_value in Indices",,0.0
2023-09-16,Punjab,Amritsar,1.0,PM10,88.0,Satisfactory,"number_of_monitoring_stations in Absolute Number, aqi_value in Indices",,6.0
2023-09-16,Punjab,Bathinda,1.0,PM10,125.0,Moderate,"number_of_monitoring_stations in Absolute Number, aqi_value in Indices",,0.0
2023-09-16,Punjab,Jalandhar,1.0,PM10,75.0,Satisfactory,"number_of_monitoring_stations in Absolute Number, aqi_value in Indices",,0.0
2023-09-16,Punjab,Ludhiana,1.0,PM10,90.0,Satisfactory,"number_of_monitoring_stations in Absolute Number, aqi_value in Indices",,0.0
2023-09-16,Punjab,Patiala,1.0,O3,47.0,Good,"number_of_monitoring_stations in Absolute Number, aqi_value in Indices",,0.0
2023-09-16,Punjab,Rupnagar,1.0,PM10,131.0,Moderate,"number_of_monitoring_stations in Absolute Number, aqi_value in Indices",,0.0
2023-09-17,Punjab,Amritsar,1.0,PM10,104.0,Moderate,"number_of_monitoring_stations in Absolute Number, aqi_value in Indices",,0.0
2023-09-17,Punjab,Bathinda,1.0,PM10,85.0,Satisfactory,"number_of_monitoring_stations in Absolute Number, aqi_value in Indices",,0.0
2023-09-17,Punjab,Jalandhar,1.0,PM10,88.0,Satisfactory,"number_of_monitoring_stations in Absolute Number, aqi_value in Indices",,0.0
2023-09-17,Punjab,Ludhiana,1.0,PM10,56.0,Satisfactory,"number_of_monitoring_stations in Absolute Number, aqi_value in Indices",,0.0
2023-09-17,Punjab,Patiala,1.0,CO,46.0,Good,"number_of_monitoring_stations in Absolute Number, aqi_value in Indices",,0.0
2023-09-17,Punjab,Rupnagar,1.0,PM10,56.0,Satisfactory,"number_of_monitoring_stations in Absolute Number, aqi_value in Indices",,0.0
2023-09-18,Punjab,Amritsar,1.0,PM10,80.0,Satisfactory,"number_of_monitoring_stations in Absolute Number, aqi_value in Indices",,0.0
2023-09-18,Punjab,Bathinda,1.0,PM10,91.0,Satisfactory,"number_of_monitoring_stations in Absolute Number, aqi_value in Indices",,0.0
2023-09-18,Punjab,Jalandhar,1.0,PM10,51.0,Satisfactory,"number_of_monitoring_stations in Absolute Number, aqi_value in Indices",,0.0
2023-09-18,Punjab,Ludhiana,1.0,PM10,44.0,Good,"number_of_monitoring_stations in Absolute Number, aqi_value in Indices",,0.0
2023-09-18,Punjab,Patiala,1.0,O3,36.0,Good,"number_of_monitoring_stations in Absolute Number, aqi_value in Indices",,0.0
2023-09-18,Punjab,Rupnagar,1.0,PM10,75.0,Satisfactory,"number_of_monitoring_stations in Absolute Number, aqi_value in Indices",,0.0
2023-09-19,Punjab,Amritsar,1.0,CO,74.0,Satisfactory,"number_of_monitoring_stations in Absolute Number, aqi_value in Indices",,0.0
2023-09-19,Punjab,Jalandhar,1.0,PM10,59.0,Satisfactory,"number_of_monitoring_stations in Absolute Number, aqi_value in Indices",,0.0
2023-09-19,Punjab,Ludhiana,1.0,PM10,75.0,Satisfactory,"number_of_monitoring_stations in Absolute Number, aqi_value in Indices",,0.0
2023-09-19,Punjab,Patiala,1.0,PM10,39.0,Good,"number_of_monitoring_stations in Absolute Number, aqi_value in Indices",,0.0
2023-09-19,Punjab,Rupnagar,1.0,PM10,77.0,Satisfactory,"number_of_monitoring_stations in Absolute Number, aqi_value in Indices",,0.0
2023-09-20,Punjab,Amritsar,1.0,CO,88.0,Satisfactory,"number_of_monitoring_stations in Absolute Number, aqi_value in Indices",,0.0
2023-09-20,Punjab,Bathinda,1.0,PM10,62.0,Satisfactory,"number_of_monitoring_stations in Absolute Number, aqi_value in Indices",,0.0
2023-09-20,Punjab,Jalandhar,1.0,PM10,52.0,Satisfactory,"number_of_monitoring_stations in Absolute Number, aqi_value in Indices",,0.0
2023-09-20,Punjab,Ludhiana,1.0,PM10,59.0,Satisfactory,"number_of_monitoring_stations in Absolute Number, aqi_value in Indices",,0.0
2023-09-20,Punjab,Patiala,1.0,O3,40.0,Good,"number_of_monitoring_stations in Absolute Number, aqi_value in Indices",,0.0
2023-09-20,Punjab,Rupnagar,1.0,PM10,80.0,Satisfactory,"number_of_monitoring_stations in Absolute Number, aqi_value in Indices",,0.0
2023-09-21,Punjab,Amritsar,1.0,PM10,88.0,Satisfactory,"number_of_monitoring_stations in Absolute Number, aqi_value in Indices",,0.0
2023-09-21,Punjab,Bathinda,1.0,PM10,54.0,Satisfactory,"number_of_monitoring_stations in Absolute Number, aqi_value in Indices",,0.0
2023-09-21,Punjab,Jalandhar,1.0,PM10,48.0,Good,"number_of_monitoring_stations in Absolute Number, aqi_value in Indices",,0.0
2023-09-21,Punjab,Ludhiana,1.0,PM10,51.0,Satisfactory,"number_of_monitoring_stations in Absolute Number, aqi_value in Indices",,0.0
2023-09-21,Punjab,Patiala,1.0,PM10,65.0,Satisfactory,"number_of_monitoring_stations in Absolute Number, aqi_value in Indices",,0.0
2023-09-21,Punjab,Rupnagar,1.0,PM10,61.0,Satisfactory,"number_of_monitoring_stations in Absolute Number, aqi_value in Indices",,0.0
2023-09-22,Punjab,Amritsar,1.0,PM2.5,91.0,Satisfactory,"number_of_monitoring_stations in Absolute Number, aqi_value in Indices",,0.0
2023-09-22,Punjab,Bathinda,1.0,PM2.5,51.0,Satisfactory,"number_of_monitoring_stations in Absolute Number, aqi_value in Indices",,0.0
2023-09-22,Punjab,Jalandhar,1.0,PM10,73.0,Satisfactory,"number_of_monitoring_stations in Absolute Number, aqi_value in Indices",,0.0
2023-09-22,Punjab,Ludhiana,1.0,PM10,94.0,Satisfactory,"number_of_monitoring_stations in Absolute Number, aqi_value in Indices",,0.0
2023-09-22,Punjab,Patiala,1.0,PM10,54.0,Satisfactory,"number_of_monitoring_stations in Absolute Number, aqi_value in Indices",,0.0
2023-09-22,Punjab,Rupnagar,1.0,PM10,116.0,Moderate,"number_of_monitoring_stations in Absolute Number, aqi_value in Indices",,0.0
2023-09-23,Punjab,Amritsar,1.0,CO,89.0,Satisfactory,"number_of_monitoring_stations in Absolute Number, aqi_value in Indices",,0.0
2023-09-23,Punjab,Bathinda,1.0,PM10,135.0,Moderate,"number_of_monitoring_stations in Absolute Number, aqi_value in Indices",,0.0
2023-09-23,Punjab,Jalandhar,1.0,O3,166.0,Moderate,"number_of_monitoring_stations in Absolute Number, aqi_value in Indices",,0.0
2023-09-23,Punjab,Ludhiana,1.0,PM10,106.0,Moderate,"number_of_monitoring_stations in Absolute Number, aqi_value in Indices",,0.0
2023-09-23,Punjab,Patiala,1.0,PM10,48.0,Good,"number_of_monitoring_stations in Absolute Number, aqi_value in Indices",,0.0
2023-09-23,Punjab,Rupnagar,1.0,PM10,111.0,Moderate,"number_of_monitoring_stations in Absolute Number, aqi_value in Indices",,0.0
2023-09-24,Punjab,Amritsar,1.0,CO,88.0,Satisfactory,"number_of_monitoring_stations in Absolute Number, aqi_value in Indices",,0.0
2023-09-24,Punjab,Jalandhar,1.0,PM10,65.0,Satisfactory,"number_of_monitoring_stations in Absolute Number, aqi_value in Indices",,0.0
2023-09-24,Punjab,Ludhiana,1.0,PM10,73.0,Satisfactory,"number_of_monitoring_stations in Absolute Number, aqi_value in Indices",,0.0
2023-09-24,Punjab,Patiala,1.0,O3,42.0,Good,"number_of_monitoring_stations in Absolute Number, aqi_value in Indices",,0.0
2023-09-24,Punjab,Rupnagar,1.0,PM10,86.0,Satisfactory,"number_of_monitoring_stations in Absolute Number, aqi_value in Indices",,0.0
2023-09-25,Punjab,Amritsar,1.0,CO,88.0,Satisfactory,"number_of_monitoring_stations in Absolute Number, aqi_value in Indices",,0.0
2023-09-25,Punjab,Jalandhar,1.0,O3,55.0,Satisfactory,"number_of_monitoring_stations in Absolute Number, aqi_value in Indices",,0.0
2023-09-25,Punjab,Ludhiana,1.0,PM10,101.0,Moderate,"number_of_monitoring_stations in Absolute Number, aqi_value in Indices",,0.0
2023-09-25,Punjab,Patiala,1.0,PM10,43.0,Good,"number_of_monitoring_stations in Absolute Number, aqi_value in Indices",,0.0
2023-09-25,Punjab,Rupnagar,1.0,PM10,83.0,Satisfactory,"number_of_monitoring_stations in Absolute Number, aqi_value in Indices",,0.0
2023-09-26,Punjab,Amritsar,1.0,CO,89.0,Satisfactory,"number_of_monitoring_stations in Absolute Number, aqi_value in Indices",,3.0
2023-09-26,Punjab,Bathinda,1.0,PM10,62.0,Satisfactory,"number_of_monitoring_stations in Absolute Number, aqi_value in Indices",,0.0
2023-09-26,Punjab,Jalandhar,1.0,PM10,64.0,Satisfactory,"number_of_monitoring_stations in Absolute Number, aqi_value in Indices",,0.0
2023-09-26,Punjab,Ludhiana,1.0,PM2.5,74.0,Satisfactory,"number_of_monitoring_stations in Absolute Number, aqi_value in Indices",,0.0
2023-09-26,Punjab,Patiala,1.0,PM10,69.0,Satisfactory,"number_of_monitoring_stations in Absolute Number, aqi_value in Indices",,0.0
2023-09-26,Punjab,Rupnagar,1.0,PM10,100.0,Satisfactory,"number_of_monitoring_stations in Absolute Number, aqi_value in Indices",,0.0
2023-09-27,Punjab,Amritsar,1.0,PM2.5,101.0,Moderate,"number_of_monitoring_stations in Absolute Number, aqi_value in Indices",,21.0
2023-09-27,Punjab,Bathinda,1.0,PM10,70.0,Satisfactory,"number_of_monitoring_stations in Absolute Number, aqi_value in Indices",,0.0
2023-09-27,Punjab,Jalandhar,1.0,PM10,72.0,Satisfactory,"number_of_monitoring_stations in Absolute Number, aqi_value in Indices",,0.0
2023-09-27,Punjab,Ludhiana,1.0,PM10,65.0,Satisfactory,"number_of_monitoring_stations in Absolute Number, aqi_value in Indices",,0.0
2023-09-27,Punjab,Patiala,1.0,PM10,66.0,Satisfactory,"number_of_monitoring_stations in Absolute Number, aqi_value in Indices",,0.0
2023-09-27,Punjab,Rupnagar,1.0,PM10,108.0,Moderate,"number_of_monitoring_stations in Absolute Number, aqi_value in Indices",,0.0
2023-09-28,Punjab,Amritsar,1.0,PM2.5,161.0,Moderate,"number_of_monitoring_stations in Absolute Number, aqi_value in Indices",,24.0
2023-09-28,Punjab,Bathinda,1.0,PM10,86.0,Satisfactory,"number_of_monitoring_stations in Absolute Number, aqi_value in Indices",,0.0
2023-09-28,Punjab,Jalandhar,1.0,PM10,94.0,Satisfactory,"number_of_monitoring_stations in Absolute Number, aqi_value in Indices",,0.0
2023-09-28,Punjab,Ludhiana,1.0,PM10,78.0,Satisfactory,"number_of_monitoring_stations in Absolute Number, aqi_value in Indices",,0.0
2023-09-28,Punjab,Patiala,1.0,PM10,79.0,Satisfactory,"number_of_monitoring_stations in Absolute Number, aqi_value in Indices",,0.0
2023-09-28,Punjab,Rupnagar,1.0,PM10,101.0,Moderate,"number_of_monitoring_stations in Absolute Number, aqi_value in Indices",,0.0
2023-09-29,Punjab,Amritsar,1.0,PM2.5,138.0,Moderate,"number_of_monitoring_stations in Absolute Number, aqi_value in Indices",,57.0
2023-09-29,Punjab,Bathinda,1.0,PM10,141.0,Moderate,"number_of_monitoring_stations in Absolute Number, aqi_value in Indices",,0.0
2023-09-29,Punjab,Jalandhar,1.0,PM10,106.0,Moderate,"number_of_monitoring_stations in Absolute Number, aqi_value in Indices",,1.0
2023-09-29,Punjab,Ludhiana,1.0,PM10,103.0,Moderate,"number_of_monitoring_stations in Absolute Number, aqi_value in Indices",,1.0
2023-09-29,Punjab,Patiala,1.0,PM10,100.0,Satisfactory,"number_of_monitoring_stations in Absolute Number, aqi_value in Indices",,1.0
2023-09-29,Punjab,Rupnagar,1.0,PM10,118.0,Moderate,"number_of_monitoring_stations in Absolute Number, aqi_value in Indices",,0.0
2023-09-30,Punjab,Amritsar,1.0,PM2.5,60.0,Satisfactory,"number_of_monitoring_stations in Absolute Number, aqi_value in Indices",,63.0
2023-09-30,Punjab,Bathinda,1.0,PM10,133.0,Moderate,"number_of_monitoring_stations in Absolute Number, aqi_value in Indices",,0.0
2023-09-30,Punjab,Jalandhar,1.0,PM10,96.0,Satisfactory,"number_of_monitoring_stations in Absolute Number, aqi_value in Indices",,1.0
2023-09-30,Punjab,Ludhiana,1.0,PM10,102.0,Moderate,"number_of_monitoring_stations in Absolute Number, aqi_value in Indices",,1.0
2023-09-30,Punjab,Patiala,1.0,PM10,106.0,Moderate,"number_of_monitoring_stations in Absolute Number, aqi_value in Indices",,2.0
2023-09-30,Punjab,Rupnagar,1.0,PM10,119.0,Moderate,"number_of_monitoring_stations in Absolute Number, aqi_value in Indices",,0.0
2023-10-01,Punjab,Amritsar,1.0,PM2.5,86.0,Satisfactory,"number_of_monitoring_stations in Absolute Number, aqi_value in Indices",,86.0
2023-10-01,Punjab,Bathinda,1.0,PM10,104.0,Moderate,"number_of_monitoring_stations in Absolute Number, aqi_value in Indices",,0.0
2023-10-01,Punjab,Jalandhar,1.0,PM10,87.0,Satisfactory,"number_of_monitoring_stations in Absolute Number, aqi_value in Indices",,0.0
2023-10-01,Punjab,Ludhiana,1.0,PM10,110.0,Moderate,"number_of_monitoring_stations in Absolute Number, aqi_value in Indices",,1.0
2023-10-01,Punjab,Patiala,1.0,PM10,117.0,Moderate,"number_of_monitoring_stations in Absolute Number, aqi_value in Indices",,5.0
2023-10-01,Punjab,Rupnagar,1.0,PM10,91.0,Satisfactory,"number_of_monitoring_stations in Absolute Number, aqi_value in Indices",,0.0
2023-10-02,Punjab,Amritsar,1.0,PM2.5,109.0,Moderate,"number_of_monitoring_stations in Absolute Number, aqi_value in Indices",,73.0
2023-10-02,Punjab,Bathinda,1.0,PM10,107.0,Moderate,"number_of_monitoring_stations in Absolute Number, aqi_value in Indices",,0.0
2023-10-02,Punjab,Jalandhar,1.0,PM2.5,71.0,Satisfactory,"number_of_monitoring_stations in Absolute Number, aqi_value in Indices",,4.0
2023-10-02,Punjab,Ludhiana,1.0,PM10,82.0,Satisfactory,"number_of_monitoring_stations in Absolute Number, aqi_value in Indices",,1.0
2023-10-02,Punjab,Patiala,1.0,PM10,99.0,Satisfactory,"number_of_monitoring_stations in Absolute Number, aqi_value in Indices",,6.0
2023-10-02,Punjab,Rupnagar,1.0,PM10,82.0,Satisfactory,"number_of_monitoring_stations in Absolute Number, aqi_value in Indices",,0.0
2023-10-03,Punjab,Amritsar,1.0,PM2.5,75.0,Satisfactory,"number_of_monitoring_stations in Absolute Number, aqi_value in Indices",,48.0
2023-10-03,Punjab,Bathinda,1.0,PM10,129.0,Moderate,"number_of_monitoring_stations in Absolute Number, aqi_value in Indices",,0.0
2023-10-03,Punjab,Jalandhar,1.0,PM2.5,67.0,Satisfactory,"number_of_monitoring_stations in Absolute Number, aqi_value in Indices",,2.0
2023-10-03,Punjab,Ludhiana,1.0,PM10,88.0,Satisfactory,"number_of_monitoring_stations in Absolute Number, aqi_value in Indices",,0.0
2023-10-03,Punjab,Patiala,1.0,PM10,108.0,Moderate,"number_of_monitoring_stations in Absolute Number, aqi_value in Indices",,7.0
2023-10-03,Punjab,Rupnagar,1.0,PM10,136.0,Moderate,"number_of_monitoring_stations in Absolute Number, aqi_value in Indices",,0.0
2023-10-04,Punjab,Amritsar,1.0,PM2.5,82.0,Satisfactory,"number_of_monitoring_stations in Absolute Number, aqi_value in Indices",,48.0
2023-10-04,Punjab,Bathinda,1.0,PM10,128.0,Moderate,"number_of_monitoring_stations in Absolute Number, aqi_value in Indices",,0.0
2023-10-04,Punjab,Jalandhar,1.0,PM10,141.0,Moderate,"number_of_monitoring_stations in Absolute Number, aqi_value in Indices",,1.0
2023-10-04,Punjab,Ludhiana,1.0,PM10,115.0,Moderate,"number_of_monitoring_stations in Absolute Number, aqi_value in Indices",,2.0
2023-10-04,Punjab,Patiala,1.0,PM10,116.0,Moderate,"number_of_monitoring_stations in Absolute Number, aqi_value in Indices",,8.0
2023-10-04,Punjab,Rupnagar,1.0,PM10,147.0,Moderate,"number_of_monitoring_stations in Absolute Number, aqi_value in Indices",,0.0
2023-10-05,Punjab,Amritsar,1.0,PM2.5,90.0,Satisfactory,"number_of_monitoring_stations in Absolute Number, aqi_value in Indices",,49.0
2023-10-05,Punjab,Bathinda,1.0,PM10,135.0,Moderate,"number_of_monitoring_stations in Absolute Number, aqi_value in Indices",,0.0
2023-10-05,Punjab,Jalandhar,1.0,PM10,123.0,Moderate,"number_of_monitoring_stations in Absolute Number, aqi_value in Indices",,3.0
2023-10-05,Punjab,Ludhiana,1.0,PM10,111.0,Moderate,"number_of_monitoring_stations in Absolute Number, aqi_value in Indices",,0.0
2023-10-05,Punjab,Patiala,1.0,PM10,119.0,Moderate,"number_of_monitoring_stations in Absolute Number, aqi_value in Indices",,7.0
2023-10-05,Punjab,Rupnagar,1.0,PM10,131.0,Moderate,"number_of_monitoring_stations in Absolute Number, aqi_value in Indices",,1.0
2023-10-06,Punjab,Amritsar,1.0,PM2.5,91.0,Satisfactory,"number_of_monitoring_stations in Absolute Number, aqi_value in Indices",,41.0
2023-10-06,Punjab,Bathinda,1.0,PM10,192.0,Moderate,"number_of_monitoring_stations in Absolute Number, aqi_value in Indices",,0.0
2023-10-06,Punjab,Jalandhar,1.0,PM10,82.0,Satisfactory,"number_of_monitoring_stations in Absolute Number, aqi_value in Indices",,1.0
2023-10-06,Punjab,Ludhiana,1.0,PM2.5,110.0,Moderate,"number_of_monitoring_stations in Absolute Number, aqi_value in Indices",,1.0
2023-10-06,Punjab,Patiala,1.0,PM10,119.0,Moderate,"number_of_monitoring_stations in Absolute Number, aqi_value in Indices",,10.0
2023-10-06,Punjab,Rupnagar,1.0,PM10,147.0,Moderate,"number_of_monitoring_stations in Absolute Number, aqi_value in Indices",,0.0
2023-10-07,Punjab,Amritsar,1.0,PM2.5,70.0,Satisfactory,"number_of_monitoring_stations in Absolute Number, aqi_value in Indices",,18.0
2023-10-07,Punjab,Bathinda,1.0,PM10,146.0,Moderate,"number_of_monitoring_stations in Absolute Number, aqi_value in Indices",,0.0
2023-10-07,Punjab,Jalandhar,1.0,PM10,115.0,Moderate,"number_of_monitoring_stations in Absolute Number, aqi_value in Indices",,0.0
2023-10-07,Punjab,Ludhiana,1.0,PM2.5,179.0,Moderate,"number_of_monitoring_stations in Absolute Number, aqi_value in Indices",,0.0
2023-10-07,Punjab,Patiala,1.0,PM2.5,139.0,Moderate,"number_of_monitoring_stations in Absolute Number, aqi_value in Indices",,3.0
2023-10-07,Punjab,Rupnagar,1.0,PM10,164.0,Moderate,"number_of_monitoring_stations in Absolute Number, aqi_value in Indices",,0.0
2023-10-08,Punjab,Amritsar,1.0,PM2.5,64.0,Satisfactory,"number_of_monitoring_stations in Absolute Number, aqi_value in Indices",,22.0
2023-10-08,Punjab,Jalandhar,1.0,PM10,104.0,Moderate,"number_of_monitoring_stations in Absolute Number, aqi_value in Indices",,1.0
2023-10-08,Punjab,Ludhiana,1.0,PM2.5,140.0,Moderate,"number_of_monitoring_stations in Absolute Number, aqi_value in Indices",,1.0
2023-10-08,Punjab,Patiala,1.0,PM10,114.0,Moderate,"number_of_monitoring_stations in Absolute Number, aqi_value in Indices",,13.0
2023-10-08,Punjab,Rupnagar,1.0,PM10,156.0,Moderate,"number_of_monitoring_stations in Absolute Number, aqi_value in Indices",,0.0
2023-10-09,Punjab,Amritsar,1.0,PM2.5,71.0,Satisfactory,"number_of_monitoring_stations in Absolute Number, aqi_value in Indices",,8.0
2023-10-09,Punjab,Bathinda,1.0,PM10,155.0,Moderate,"number_of_monitoring_stations in Absolute Number, aqi_value in Indices",,0.0
2023-10-09,Punjab,Jalandhar,1.0,PM10,108.0,Moderate,"number_of_monitoring_stations in Absolute Number, aqi_value in Indices",,2.0
2023-10-09,Punjab,Ludhiana,1.0,PM2.5,123.0,Moderate,"number_of_monitoring_stations in Absolute Number, aqi_value in Indices",,1.0
2023-10-09,Punjab,Patiala,1.0,PM10,113.0,Moderate,"number_of_monitoring_stations in Absolute Number, aqi_value in Indices",,15.0
2023-10-09,Punjab,Rupnagar,1.0,PM10,164.0,Moderate,"number_of_monitoring_stations in Absolute Number, aqi_value in Indices",,0.0
2023-10-10,Punjab,Amritsar,1.0,PM2.5,69.0,Satisfactory,"number_of_monitoring_stations in Absolute Number, aqi_value in Indices",,1.0
2023-10-10,Punjab,Bathinda,1.0,PM10,107.0,Moderate,"number_of_monitoring_stations in Absolute Number, aqi_value in Indices",,0.0
2023-10-10,Punjab,Ludhiana,1.0,PM2.5,109.0,Moderate,"number_of_monitoring_stations in Absolute Number, aqi_value in Indices",,0.0
2023-10-10,Punjab,Patiala,1.0,PM10,85.0,Satisfactory,"number_of_monitoring_stations in Absolute Number, aqi_value in Indices",,1.0
2023-10-10,Punjab,Rupnagar,1.0,PM10,99.0,Satisfactory,"number_of_monitoring_stations in Absolute Number, aqi_value in Indices",,0.0
2023-10-11,Punjab,Amritsar,1.0,PM2.5,79.0,Satisfactory,"number_of_monitoring_stations in Absolute Number, aqi_value in Indices",,4.0
2023-10-11,Punjab,Bathinda,1.0,PM10,74.0,Satisfactory,"number_of_monitoring_stations in Absolute Number, aqi_value in Indices",,0.0
2023-10-11,Punjab,Jalandhar,1.0,PM10,90.0,Satisfactory,"number_of_monitoring_stations in Absolute Number, aqi_value in Indices",,0.0
2023-10-11,Punjab,Ludhiana,1.0,PM2.5,51.0,Satisfactory,"number_of_monitoring_stations in Absolute Number, aqi_value in Indices",,0.0
2023-10-11,Punjab,Patiala,1.0,O3,57.0,Satisfactory,"number_of_monitoring_stations in Absolute Number, aqi_value in Indices",,5.0
2023-10-11,Punjab,Rupnagar,1.0,PM10,146.0,Moderate,"number_of_monitoring_stations in Absolute Number, aqi_value in Indices",,0.0
2023-10-12,Punjab,Amritsar,1.0,PM2.5,99.0,Satisfactory,"number_of_monitoring_stations in Absolute Number, aqi_value in Indices",,3.0
2023-10-12,Punjab,Bathinda,1.0,PM10,148.0,Moderate,"number_of_monitoring_stations in Absolute Number, aqi_value in Indices",,0.0
2023-10-12,Punjab,Jalandhar,1.0,PM2.5,119.0,Moderate,"number_of_monitoring_stations in Absolute Number, aqi_value in Indices",,0.0
2023-10-12,Punjab,Ludhiana,1.0,PM10,87.0,Satisfactory,"number_of_monitoring_stations in Absolute Number, aqi_value in Indices",,1.0
2023-10-12,Punjab,Patiala,1.0,PM10,68.0,Satisfactory,"number_of_monitoring_stations in Absolute Number, aqi_value in Indices",,0.0
2023-10-12,Punjab,Rupnagar,1.0,PM10,149.0,Moderate,"number_of_monitoring_stations in Absolute Number, aqi_value in Indices",,0.0
2023-10-13,Punjab,Amritsar,1.0,PM2.5,127.0,Moderate,"number_of_monitoring_stations in Absolute Number, aqi_value in Indices",,54.0
2023-10-13,Punjab,Bathinda,1.0,PM2.5,187.0,Moderate,"number_of_monitoring_stations in Absolute Number, aqi_value in Indices",,1.0
2023-10-13,Punjab,Jalandhar,1.0,PM10,119.0,Moderate,"number_of_monitoring_stations in Absolute Number, aqi_value in Indices",,1.0
2023-10-13,Punjab,Ludhiana,1.0,PM10,105.0,Moderate,"number_of_monitoring_stations in Absolute Number, aqi_value in Indices",,8.0
2023-10-13,Punjab,Patiala,1.0,PM10,97.0,Satisfactory,"number_of_monitoring_stations in Absolute Number, aqi_value in Indices",,18.0
2023-10-13,Punjab,Rupnagar,1.0,PM10,172.0,Moderate,"number_of_monitoring_stations in Absolute Number, aqi_value in Indices",,0.0
2023-10-14,Punjab,Bathinda,1.0,PM2.5,182.0,Moderate,"number_of_monitoring_stations in Absolute Number, aqi_value in Indices",,1.0
2023-10-14,Punjab,Jalandhar,1.0,PM10,86.0,Satisfactory,"number_of_monitoring_stations in Absolute Number, aqi_value in Indices",,3.0
2023-10-14,Punjab,Ludhiana,1.0,PM10,151.0,Moderate,"number_of_monitoring_stations in Absolute Number, aqi_value in Indices",,5.0
2023-10-14,Punjab,Patiala,1.0,PM2.5,119.0,Moderate,"number_of_monitoring_stations in Absolute Number, aqi_value in Indices",,12.0
2023-10-14,Punjab,Rupnagar,1.0,PM10,146.0,Moderate,"number_of_monitoring_stations in Absolute Number, aqi_value in Indices",,0.0
2023-10-15,Punjab,Amritsar,1.0,PM2.5,78.0,Satisfactory,"number_of_monitoring_stations in Absolute Number, aqi_value in Indices",,0.0
2023-10-15,Punjab,Bathinda,1.0,PM10,70.0,Satisfactory,"number_of_monitoring_stations in Absolute Number, aqi_value in Indices",,0.0
2023-10-15,Punjab,Ludhiana,1.0,PM10,58.0,Satisfactory,"number_of_monitoring_stations in Absolute Number, aqi_value in Indices",,1.0
2023-10-15,Punjab,Patiala,1.0,PM10,77.0,Satisfactory,"number_of_monitoring_stations in Absolute Number, aqi_value in Indices",,32.0
2023-10-15,Punjab,Rupnagar,1.0,PM10,126.0,Moderate,"number_of_monitoring_stations in Absolute Number, aqi_value in Indices",,0.0
2023-10-16,Punjab,Amritsar,1.0,PM2.5,89.0,Satisfactory,"number_of_monitoring_stations in Absolute Number, aqi_value in Indices",,0.0
2023-10-16,Punjab,Bathinda,1.0,PM10,96.0,Satisfactory,"number_of_monitoring_stations in Absolute Number, aqi_value in Indices",,0.0
2023-10-16,Punjab,Jalandhar,1.0,PM10,89.0,Satisfactory,"number_of_monitoring_stations in Absolute Number, aqi_value in Indices",,0.0
2023-10-16,Punjab,Ludhiana,1.0,PM10,63.0,Satisfactory,"number_of_monitoring_stations in Absolute Number, aqi_value in Indices",,0.0
2023-10-16,Punjab,Patiala,1.0,PM10,52.0,Satisfactory,"number_of_monitoring_stations in Absolute Number, aqi_value in Indices",,0.0
2023-10-16,Punjab,Rupnagar,1.0,PM10,149.0,Moderate,"number_of_monitoring_stations in Absolute Number, aqi_value in Indices",,0.0
2023-10-17,Punjab,Amritsar,1.0,PM2.5,110.0,Moderate,"number_of_monitoring_stations in Absolute Number, aqi_value in Indices",,0.0
2023-10-17,Punjab,Bathinda,1.0,CO,60.0,Satisfactory,"number_of_monitoring_stations in Absolute Number, aqi_value in Indices",,0.0
2023-10-17,Punjab,Jalandhar,1.0,PM10,66.0,Satisfactory,"number_of_monitoring_stations in Absolute Number, aqi_value in Indices",,0.0
2023-10-17,Punjab,Ludhiana,1.0,PM10,73.0,Satisfactory,"number_of_monitoring_stations in Absolute Number, aqi_value in Indices",,0.0
2023-10-17,Punjab,Patiala,1.0,O3,51.0,Satisfactory,"number_of_monitoring_stations in Absolute Number, aqi_value in Indices",,0.0
2023-10-17,Punjab,Rupnagar,1.0,PM10,88.0,Satisfactory,"number_of_monitoring_stations in Absolute Number, aqi_value in Indices",,0.0
2023-10-18,Punjab,Amritsar,1.0,PM2.5,114.0,Moderate,"number_of_monitoring_stations in Absolute Number, aqi_value in Indices",,0.0
2023-10-18,Punjab,Bathinda,1.0,CO,50.0,Good,"number_of_monitoring_stations in Absolute Number, aqi_value in Indices",,0.0
2023-10-18,Punjab,Jalandhar,1.0,PM10,69.0,Satisfactory,"number_of_monitoring_stations in Absolute Number, aqi_value in Indices",,0.0
2023-10-18,Punjab,Ludhiana,1.0,PM10,44.0,Good,"number_of_monitoring_stations in Absolute Number, aqi_value in Indices",,0.0
2023-10-18,Punjab,Patiala,1.0,PM10,52.0,Satisfactory,"number_of_monitoring_stations in Absolute Number, aqi_value in Indices",,3.0
2023-10-18,Punjab,Rupnagar,1.0,PM10,111.0,Moderate,"number_of_monitoring_stations in Absolute Number, aqi_value in Indices",,0.0
2023-10-19,Punjab,Amritsar,1.0,PM2.5,93.0,Satisfactory,"number_of_monitoring_stations in Absolute Number, aqi_value in Indices",,4.0
2023-10-19,Punjab,Bathinda,1.0,PM10,100.0,Satisfactory,"number_of_monitoring_stations in Absolute Number, aqi_value in Indices",,0.0
2023-10-19,Punjab,Jalandhar,1.0,PM10,76.0,Satisfactory,"number_of_monitoring_stations in Absolute Number, aqi_value in Indices",,0.0
2023-10-19,Punjab,Ludhiana,1.0,PM10,72.0,Satisfactory,"number_of_monitoring_stations in Absolute Number, aqi_value in Indices",,2.0
2023-10-19,Punjab,Patiala,1.0,PM10,45.0,Good,"number_of_monitoring_stations in Absolute Number, aqi_value in Indices",,5.0
2023-10-19,Punjab,Rupnagar,1.0,PM10,96.0,Satisfactory,"number_of_monitoring_stations in Absolute Number, aqi_value in Indices",,0.0
2023-10-20,Punjab,Amritsar,1.0,PM10,89.0,Satisfactory,"number_of_monitoring_stations in Absolute Number, aqi_value in Indices",,17.0
2023-10-20,Punjab,Bathinda,1.0,PM10,151.0,Moderate,"number_of_monitoring_stations in Absolute Number, aqi_value in Indices",,2.0
2023-10-20,Punjab,Jalandhar,1.0,PM10,103.0,Moderate,"number_of_monitoring_stations in Absolute Number, aqi_value in Indices",,6.0
2023-10-20,Punjab,Ludhiana,1.0,PM10,97.0,Satisfactory,"number_of_monitoring_stations in Absolute Number, aqi_value in Indices",,8.0
2023-10-20,Punjab,Patiala,1.0,PM10,70.0,Satisfactory,"number_of_monitoring_stations in Absolute Number, aqi_value in Indices",,28.0
2023-10-20,Punjab,Rupnagar,1.0,PM10,121.0,Moderate,"number_of_monitoring_stations in Absolute Number, aqi_value in Indices",,0.0
2023-10-21,Punjab,Amritsar,1.0,PM10,94.0,Satisfactory,"number_of_monitoring_stations in Absolute Number, aqi_value in Indices",,34.0
2023-10-21,Punjab,Bathinda,1.0,PM2.5,187.0,Moderate,"number_of_monitoring_stations in Absolute Number, aqi_value in Indices",,2.0
2023-10-21,Punjab,Jalandhar,1.0,PM10,85.0,Satisfactory,"number_of_monitoring_stations in Absolute Number, aqi_value in Indices",,3.0
2023-10-21,Punjab,Ludhiana,1.0,PM10,103.0,Moderate,"number_of_monitoring_stations in Absolute Number, aqi_value in Indices",,3.0
2023-10-21,Punjab,Patiala,1.0,PM10,89.0,Satisfactory,"number_of_monitoring_stations in Absolute Number, aqi_value in Indices",,19.0
2023-10-21,Punjab,Rupnagar,1.0,PM10,161.0,Moderate,"number_of_monitoring_stations in Absolute Number, aqi_value in Indices",,0.0
2023-10-22,Punjab,Amritsar,1.0,PM10,88.0,Satisfactory,"number_of_monitoring_stations in Absolute Number, aqi_value in Indices",,1.0
2023-10-22,Punjab,Bathinda,1.0,PM2.5,77.0,Satisfactory,"number_of_monitoring_stations in Absolute Number, aqi_value in Indices",,1.0
2023-10-22,Punjab,Jalandhar,1.0,PM10,124.0,Moderate,"number_of_monitoring_stations in Absolute Number, aqi_value in Indices",,0.0
2023-10-22,Punjab,Ludhiana,1.0,PM10,107.0,Moderate,"number_of_monitoring_stations in Absolute Number, aqi_value in Indices",,5.0
2023-10-22,Punjab,Patiala,1.0,PM2.5,136.0,Moderate,"number_of_monitoring_stations in Absolute Number, aqi_value in Indices",,1.0
2023-10-22,Punjab,Rupnagar,1.0,PM10,124.0,Moderate,"number_of_monitoring_stations in Absolute Number, aqi_value in Indices",,0.0
2023-10-23,Punjab,Amritsar,1.0,PM10,88.0,Satisfactory,"number_of_monitoring_stations in Absolute Number, aqi_value in Indices",,29.0
2023-10-23,Punjab,Bathinda,1.0,PM2.5,68.0,Satisfactory,"number_of_monitoring_stations in Absolute Number, aqi_value in Indices",,1.0
2023-10-23,Punjab,Jalandhar,1.0,PM10,87.0,Satisfactory,"number_of_monitoring_stations in Absolute Number, aqi_value in Indices",,6.0
2023-10-23,Punjab,Ludhiana,1.0,PM10,93.0,Satisfactory,"number_of_monitoring_stations in Absolute Number, aqi_value in Indices",,10.0
2023-10-23,Punjab,Patiala,1.0,PM10,93.0,Satisfactory,"number_of_monitoring_stations in Absolute Number, aqi_value in Indices",,14.0
2023-10-23,Punjab,Rupnagar,1.0,PM10,108.0,Moderate,"number_of_monitoring_stations in Absolute Number, aqi_value in Indices",,0.0
2023-10-24,Punjab,Amritsar,1.0,PM10,97.0,Satisfactory,"number_of_monitoring_stations in Absolute Number, aqi_value in Indices",,26.0
2023-10-24,Punjab,Bathinda,1.0,PM10,74.0,Satisfactory,"number_of_monitoring_stations in Absolute Number, aqi_value in Indices",,3.0
2023-10-24,Punjab,Jalandhar,1.0,PM10,101.0,Moderate,"number_of_monitoring_stations in Absolute Number, aqi_value in Indices",,8.0
2023-10-24,Punjab,Ludhiana,1.0,PM10,101.0,Moderate,"number_of_monitoring_stations in Absolute Number, aqi_value in Indices",,42.0
2023-10-24,Punjab,Patiala,1.0,PM10,100.0,Satisfactory,"number_of_monitoring_stations in Absolute Number, aqi_value in Indices",,63.0
2023-10-24,Punjab,Rupnagar,1.0,PM10,134.0,Moderate,"number_of_monitoring_stations in Absolute Number, aqi_value in Indices",,2.0
2023-10-25,Punjab,Amritsar,1.0,PM10,126.0,Moderate,"number_of_monitoring_stations in Absolute Number, aqi_value in Indices",,79.0
2023-10-25,Punjab,Bathinda,1.0,PM2.5,77.0,Satisfactory,"number_of_monitoring_stations in Absolute Number, aqi_value in Indices",,4.0
2023-10-25,Punjab,Jalandhar,1.0,PM10,107.0,Moderate,"number_of_monitoring_stations in Absolute Number, aqi_value in Indices",,11.0
2023-10-25,Punjab,Ludhiana,1.0,PM10,116.0,Moderate,"number_of_monitoring_stations in Absolute Number, aqi_value in Indices",,16.0
2023-10-25,Punjab,Patiala,1.0,PM10,104.0,Moderate,"number_of_monitoring_stations in Absolute Number, aqi_value in Indices",,47.0
2023-10-25,Punjab,Rupnagar,1.0,PM10,123.0,Moderate,"number_of_monitoring_stations in Absolute Number, aqi_value in Indices",,2.0
2023-10-26,Punjab,Amritsar,1.0,PM2.5,172.0,Moderate,"number_of_monitoring_stations in Absolute Number, aqi_value in Indices",,91.0
2023-10-26,Punjab,Bathinda,1.0,PM2.5,72.0,Satisfactory,"number_of_monitoring_stations in Absolute Number, aqi_value in Indices",,13.0
2023-10-26,Punjab,Jalandhar,1.0,PM2.5,193.0,Moderate,"number_of_monitoring_stations in Absolute Number, aqi_value in Indices",,23.0
2023-10-26,Punjab,Ludhiana,1.0,PM2.5,143.0,Moderate,"number_of_monitoring_stations in Absolute Number, aqi_value in Indices",,24.0
2023-10-26,Punjab,Patiala,1.0,PM10,118.0,Moderate,"number_of_monitoring_stations in Absolute Number, aqi_value in Indices",,81.0
2023-10-26,Punjab,Rupnagar,1.0,PM10,133.0,Moderate,"number_of_monitoring_stations in Absolute Number, aqi_value in Indices",,0.0
2023-10-27,Punjab,Amritsar,1.0,PM2.5,144.0,Moderate,"number_of_monitoring_stations in Absolute Number, aqi_value in Indices",,76.0
2023-10-27,Punjab,Bathinda,1.0,PM10,73.0,Satisfactory,"number_of_monitoring_stations in Absolute Number, aqi_value in Indices",,18.0
2023-10-27,Punjab,Jalandhar,1.0,PM10,114.0,Moderate,"number_of_monitoring_stations in Absolute Number, aqi_value in Indices",,30.0
2023-10-27,Punjab,Ludhiana,1.0,PM2.5,151.0,Moderate,"number_of_monitoring_stations in Absolute Number, aqi_value in Indices",,31.0
2023-10-27,Punjab,Patiala,1.0,PM2.5,134.0,Moderate,"number_of_monitoring_stations in Absolute Number, aqi_value in Indices",,97.0
2023-10-27,Punjab,Rupnagar,1.0,PM10,159.0,Moderate,"number_of_monitoring_stations in Absolute Number, aqi_value in Indices",,2.0
2023-10-28,Punjab,Amritsar,1.0,PM2.5,155.0,Moderate,"number_of_monitoring_stations in Absolute Number, aqi_value in Indices",,2.0
2023-10-28,Punjab,Bathinda,1.0,PM2.5,196.0,Moderate,"number_of_monitoring_stations in Absolute Number, aqi_value in Indices",,3.0
2023-10-28,Punjab,Jalandhar,1.0,PM2.5,141.0,Moderate,"number_of_monitoring_stations in Absolute Number, aqi_value in Indices",,4.0
2023-10-28,Punjab,Ludhiana,1.0,PM10,134.0,Moderate,"number_of_monitoring_stations in Absolute Number, aqi_value in Indices",,2.0
2023-10-28,Punjab,Patiala,1.0,PM2.5,120.0,Moderate,"number_of_monitoring_stations in Absolute Number, aqi_value in Indices",,4.0
2023-10-29,Punjab,Amritsar,1.0,PM2.5,134.0,Moderate,"number_of_monitoring_stations in Absolute Number, aqi_value in Indices",,57.0
2023-10-29,Punjab,Bathinda,1.0,PM2.5,328.0,Very Poor,"number_of_monitoring_stations in Absolute Number, aqi_value in Indices",,34.0
2023-10-29,Punjab,Jalandhar,1.0,PM10,129.0,Moderate,"number_of_monitoring_stations in Absolute Number, aqi_value in Indices",,30.0
2023-10-29,Punjab,Ludhiana,1.0,PM2.5,217.0,Poor,"number_of_monitoring_stations in Absolute Number, aqi_value in Indices",,57.0
2023-10-29,Punjab,Patiala,1.0,PM2.5,202.0,Poor,"number_of_monitoring_stations in Absolute Number, aqi_value in Indices",,83.0
2023-10-29,Punjab,Rupnagar,1.0,PM2.5,201.0,Poor,"number_of_monitoring_stations in Absolute Number, aqi_value in Indices",,5.0
2023-10-30,Punjab,Amritsar,1.0,PM2.5,195.0,Moderate,"number_of_monitoring_stations in Absolute Number, aqi_value in Indices",,43.0
2023-10-30,Punjab,Bathinda,1.0,PM2.5,381.0,Very Poor,"number_of_monitoring_stations in Absolute Number, aqi_value in Indices",,44.0
2023-10-30,Punjab,Jalandhar,1.0,PM2.5,181.0,Moderate,"number_of_monitoring_stations in Absolute Number, aqi_value in Indices",,30.0
2023-10-30,Punjab,Ludhiana,1.0,PM2.5,250.0,Poor,"number_of_monitoring_stations in Absolute Number, aqi_value in Indices",,53.0
2023-10-30,Punjab,Patiala,1.0,PM2.5,150.0,Moderate,"number_of_monitoring_stations in Absolute Number, aqi_value in Indices",,55.0
2023-10-30,Punjab,Rupnagar,1.0,PM2.5,228.0,Poor,"number_of_monitoring_stations in Absolute Number, aqi_value in Indices",,0.0
2023-10-31,Punjab,Amritsar,1.0,PM2.5,177.0,Moderate,"number_of_monitoring_stations in Absolute Number, aqi_value in Indices",,64.0
2023-10-31,Punjab,Bathinda,1.0,PM2.5,326.0,Very Poor,"number_of_monitoring_stations in Absolute Number, aqi_value in Indices",,70.0
2023-10-31,Punjab,Jalandhar,1.0,PM2.5,183.0,Moderate,"number_of_monitoring_stations in Absolute Number, aqi_value in Indices",,64.0
2023-10-31,Punjab,Ludhiana,1.0,PM2.5,186.0,Moderate,"number_of_monitoring_stations in Absolute Number, aqi_value in Indices",,69.0
2023-10-31,Punjab,Patiala,1.0,PM2.5,254.0,Poor,"number_of_monitoring_stations in Absolute Number, aqi_value in Indices",,84.0
2023-10-31,Punjab,Rupnagar,1.0,PM2.5,217.0,Poor,"number_of_monitoring_stations in Absolute Number, aqi_value in Indices",,6.0
2023-11-01,Punjab,Amritsar,1.0,PM2.5,227.0,Poor,"number_of_monitoring_stations in Absolute Number, aqi_value in Indices",,86.0
2023-11-01,Punjab,Bathinda,1.0,PM2.5,277.0,Poor,"number_of_monitoring_stations in Absolute Number, aqi_value in Indices",,97.0
2023-11-01,Punjab,Jalandhar,1.0,PM2.5,144.0,Moderate,"number_of_monitoring_stations in Absolute Number, aqi_value in Indices",,66.0
2023-11-01,Punjab,Ludhiana,1.0,PM2.5,245.0,Poor,"number_of_monitoring_stations in Absolute Number, aqi_value in Indices",,75.0
2023-11-01,Punjab,Patiala,1.0,PM2.5,161.0,Moderate,"number_of_monitoring_stations in Absolute Number, aqi_value in Indices",,127.0
2023-11-02,Punjab,Amritsar,1.0,PM2.5,156.0,Moderate,"number_of_monitoring_stations in Absolute Number, aqi_value in Indices",,57.0
2023-11-02,Punjab,Bathinda,1.0,PM2.5,306.0,Very Poor,"number_of_monitoring_stations in Absolute Number, aqi_value in Indices",,111.0
2023-11-02,Punjab,Jalandhar,1.0,PM2.5,221.0,Poor,"number_of_monitoring_stations in Absolute Number, aqi_value in Indices",,66.0
2023-11-02,Punjab,Ludhiana,1.0,PM2.5,219.0,Poor,"number_of_monitoring_stations in Absolute Number, aqi_value in Indices",,80.0
2023-11-02,Punjab,Patiala,1.0,PM2.5,307.0,Very Poor,"number_of_monitoring_stations in Absolute Number, aqi_value in Indices",,88.0
2023-11-03,Punjab,Amritsar,1.0,PM2.5,248.0,Poor,"number_of_monitoring_stations in Absolute Number, aqi_value in Indices",,43.0
2023-11-03,Punjab,Bathinda,1.0,PM2.5,338.0,Very Poor,"number_of_monitoring_stations in Absolute Number, aqi_value in Indices",,112.0
2023-11-03,Punjab,Jalandhar,1.0,PM2.5,268.0,Poor,"number_of_monitoring_stations in Absolute Number, aqi_value in Indices",,77.0
2023-11-03,Punjab,Ludhiana,1.0,PM2.5,228.0,Poor,"number_of_monitoring_stations in Absolute Number, aqi_value in Indices",,59.0
2023-11-03,Punjab,Patiala,1.0,PM2.5,243.0,Poor,"number_of_monitoring_stations in Absolute Number, aqi_value in Indices",,99.0
2023-11-04,Punjab,Amritsar,1.0,PM2.5,282.0,Poor,"number_of_monitoring_stations in Absolute Number, aqi_value in Indices",,23.0
2023-11-04,Punjab,Bathinda,1.0,PM2.5,385.0,Very Poor,"number_of_monitoring_stations in Absolute Number, aqi_value in Indices",,112.0
2023-11-04,Punjab,Jalandhar,1.0,PM2.5,295.0,Poor,"number_of_monitoring_stations in Absolute Number, aqi_value in Indices",,67.0
2023-11-04,Punjab,Ludhiana,1.0,PM2.5,289.0,Poor,"number_of_monitoring_stations in Absolute Number, aqi_value in Indices",,74.0
2023-11-04,Punjab,Patiala,1.0,PM2.5,247.0,Poor,"number_of_monitoring_stations in Absolute Number, aqi_value in Indices",,49.0
2023-11-05,Punjab,Amritsar,1.0,PM2.5,178.0,Moderate,"number_of_monitoring_stations in Absolute Number, aqi_value in Indices",,56.0
2023-11-05,Punjab,Bathinda,1.0,PM2.5,375.0,Very Poor,"number_of_monitoring_stations in Absolute Number, aqi_value in Indices",,247.0
2023-11-05,Punjab,Jalandhar,1.0,PM2.5,261.0,Poor,"number_of_monitoring_stations in Absolute Number, aqi_value in Indices",,155.0
2023-11-05,Punjab,Ludhiana,1.0,PM2.5,243.0,Poor,"number_of_monitoring_stations in Absolute Number, aqi_value in Indices",,184.0
2023-11-05,Punjab,Patiala,1.0,PM2.5,248.0,Poor,"number_of_monitoring_stations in Absolute Number, aqi_value in Indices",,169.0
2023-11-06,Punjab,Amritsar,1.0,PM2.5,316.0,Very Poor,"number_of_monitoring_stations in Absolute Number, aqi_value in Indices",,7.0
2023-11-06,Punjab,Bathinda,1.0,PM2.5,288.0,Poor,"number_of_monitoring_stations in Absolute Number, aqi_value in Indices",,210.0
2023-11-06,Punjab,Jalandhar,1.0,PM2.5,222.0,Poor,"number_of_monitoring_stations in Absolute Number, aqi_value in Indices",,70.0
2023-11-06,Punjab,Ludhiana,1.0,PM2.5,282.0,Poor,"number_of_monitoring_stations in Absolute Number, aqi_value in Indices",,89.0
2023-11-06,Punjab,Patiala,1.0,PM2.5,219.0,Poor,"number_of_monitoring_stations in Absolute Number, aqi_value in Indices",,89.0
2023-11-07,Punjab,Amritsar,1.0,PM2.5,205.0,Poor,"number_of_monitoring_stations in Absolute Number, aqi_value in Indices",,5.0
2023-11-07,Punjab,Bathinda,1.0,PM2.5,343.0,Very Poor,"number_of_monitoring_stations in Absolute Number, aqi_value in Indices",,129.0
2023-11-07,Punjab,Jalandhar,1.0,PM2.5,252.0,Poor,"number_of_monitoring_stations in Absolute Number, aqi_value in Indices",,50.0
2023-11-07,Punjab,Ludhiana,1.0,PM2.5,239.0,Poor,"number_of_monitoring_stations in Absolute Number, aqi_value in Indices",,86.0
2023-11-07,Punjab,Patiala,1.0,PM2.5,250.0,Poor,"number_of_monitoring_stations in Absolute Number, aqi_value in Indices",,68.0
2023-11-07,Punjab,Rupnagar,1.0,PM2.5,214.0,Poor,"number_of_monitoring_stations in Absolute Number, aqi_value in Indices",,0.0
2023-11-08,Punjab,Amritsar,1.0,PM2.5,240.0,Poor,"number_of_monitoring_stations in Absolute Number, aqi_value in Indices",,10.0
2023-11-08,Punjab,Bathinda,1.0,PM2.5,348.0,Very Poor,"number_of_monitoring_stations in Absolute Number, aqi_value in Indices",,221.0
2023-11-08,Punjab,Jalandhar,1.0,PM2.5,266.0,Poor,"number_of_monitoring_stations in Absolute Number, aqi_value in Indices",,90.0
2023-11-08,Punjab,Ludhiana,1.0,PM2.5,292.0,Poor,"number_of_monitoring_stations in Absolute Number, aqi_value in Indices",,96.0
2023-11-08,Punjab,Patiala,1.0,PM2.5,267.0,Poor,"number_of_monitoring_stations in Absolute Number, aqi_value in Indices",,106.0
2023-11-08,Punjab,Rupnagar,1.0,PM2.5,207.0,Poor,"number_of_monitoring_stations in Absolute Number, aqi_value in Indices",,2.0
2023-11-09,Punjab,Amritsar,1.0,PM2.5,229.0,Poor,"number_of_monitoring_stations in Absolute Number, aqi_value in Indices",,5.0
2023-11-09,Punjab,Bathinda,1.0,PM2.5,372.0,Very Poor,"number_of_monitoring_stations in Absolute Number, aqi_value in Indices",,17.0
2023-11-09,Punjab,Jalandhar,1.0,PM2.5,249.0,Poor,"number_of_monitoring_stations in Absolute Number, aqi_value in Indices",,32.0
2023-11-09,Punjab,Ludhiana,1.0,PM2.5,285.0,Poor,"number_of_monitoring_stations in Absolute Number, aqi_value in Indices",,17.0
2023-11-09,Punjab,Patiala,1.0,PM2.5,306.0,Very Poor,"number_of_monitoring_stations in Absolute Number, aqi_value in Indices",,29.0
2023-11-09,Punjab,Rupnagar,1.0,PM2.5,205.0,Poor,"number_of_monitoring_stations in Absolute Number, aqi_value in Indices",,2.0
2023-11-10,Punjab,Amritsar,1.0,PM2.5,212.0,Poor,"number_of_monitoring_stations in Absolute Number, aqi_value in Indices",,0.0
2023-11-10,Punjab,Bathinda,1.0,PM10,383.0,Very Poor,"number_of_monitoring_stations in Absolute Number, aqi_value in Indices",,0.0
2023-11-10,Punjab,Jalandhar,1.0,PM2.5,221.0,Poor,"number_of_monitoring_stations in Absolute Number, aqi_value in Indices",,0.0
2023-11-10,Punjab,Ludhiana,1.0,PM2.5,267.0,Poor,"number_of_monitoring_stations in Absolute Number, aqi_value in Indices",,2.0
2023-11-10,Punjab,Patiala,1.0,PM2.5,306.0,Very Poor,"number_of_monitoring_stations in Absolute Number, aqi_value in Indices",,0.0
2023-11-10,Punjab,Rupnagar,1.0,PM2.5,225.0,Poor,"number_of_monitoring_stations in Absolute Number, aqi_value in Indices",,0.0
2023-11-11,Punjab,Amritsar,1.0,PM2.5,107.0,Moderate,"number_of_monitoring_stations in Absolute Number, aqi_value in Indices",,0.0
2023-11-11,Punjab,Bathinda,1.0,PM10,69.0,Satisfactory,"number_of_monitoring_stations in Absolute Number, aqi_value in Indices",,3.0
2023-11-11,Punjab,Jalandhar,1.0,PM2.5,52.0,Satisfactory,"number_of_monitoring_stations in Absolute Number, aqi_value in Indices",,0.0
2023-11-11,Punjab,Ludhiana,1.0,CO,53.0,Satisfactory,"number_of_monitoring_stations in Absolute Number, aqi_value in Indices",,4.0
2023-11-11,Punjab,Patiala,1.0,PM2.5,61.0,Satisfactory,"number_of_monitoring_stations in Absolute Number, aqi_value in Indices",,3.0
2023-11-12,Punjab,Amritsar,1.0,PM2.5,112.0,Moderate,"number_of_monitoring_stations in Absolute Number, aqi_value in Indices",,2.0
2023-11-12,Punjab,Bathinda,1.0,PM2.5,180.0,Moderate,"number_of_monitoring_stations in Absolute Number, aqi_value in Indices",,75.0
2023-11-12,Punjab,Jalandhar,1.0,PM2.5,138.0,Moderate,"number_of_monitoring_stations in Absolute Number, aqi_value in Indices",,2.0
2023-11-12,Punjab,Ludhiana,1.0,PM10,79.0,Satisfactory,"number_of_monitoring_stations in Absolute Number, aqi_value in Indices",,143.0
2023-11-12,Punjab,Patiala,1.0,PM10,88.0,Satisfactory,"number_of_monitoring_stations in Absolute Number, aqi_value in Indices",,65.0
2023-11-12,Punjab,Rupnagar,1.0,PM10,128.0,Moderate,"number_of_monitoring_stations in Absolute Number, aqi_value in Indices",,0.0
2023-11-13,Punjab,Amritsar,1.0,PM2.5,256.0,Poor,"number_of_monitoring_stations in Absolute Number, aqi_value in Indices",,12.0
2023-11-13,Punjab,Bathinda,1.0,PM2.5,380.0,Very Poor,"number_of_monitoring_stations in Absolute Number, aqi_value in Indices",,272.0
2023-11-13,Punjab,Jalandhar,1.0,PM2.5,291.0,Poor,"number_of_monitoring_stations in Absolute Number, aqi_value in Indices",,13.0
2023-11-13,Punjab,Ludhiana,1.0,PM2.5,285.0,Poor,"number_of_monitoring_stations in Absolute Number, aqi_value in Indices",,36.0
2023-11-13,Punjab,Patiala,1.0,PM2.5,295.0,Poor,"number_of_monitoring_stations in Absolute Number, aqi_value in Indices",,41.0
2023-11-13,Punjab,Rupnagar,1.0,PM2.5,143.0,Moderate,"number_of_monitoring_stations in Absolute Number, aqi_value in Indices",,0.0
2023-11-14,Punjab,Amritsar,1.0,PM2.5,169.0,Moderate,"number_of_monitoring_stations in Absolute Number, aqi_value in Indices",,15.0
2023-11-14,Punjab,Bathinda,1.0,PM2.5,387.0,Very Poor,"number_of_monitoring_stations in Absolute Number, aqi_value in Indices",,258.0
2023-11-14,Punjab,Jalandhar,1.0,PM10,231.0,Poor,"number_of_monitoring_stations in Absolute Number, aqi_value in Indices",,31.0
2023-11-14,Punjab,Ludhiana,1.0,PM2.5,240.0,Poor,"number_of_monitoring_stations in Absolute Number, aqi_value in Indices",,89.0
2023-11-14,Punjab,Patiala,1.0,PM2.5,246.0,Poor,"number_of_monitoring_stations in Absolute Number, aqi_value in Indices",,39.0
2023-11-14,Punjab,Rupnagar,1.0,PM10,150.0,Moderate,"number_of_monitoring_stations in Absolute Number, aqi_value in Indices",,1.0
2023-11-15,Punjab,Amritsar,1.0,PM2.5,170.0,Moderate,"number_of_monitoring_stations in Absolute Number, aqi_value in Indices",,29.0
2023-11-15,Punjab,Bathinda,1.0,PM2.5,365.0,Very Poor,"number_of_monitoring_stations in Absolute Number, aqi_value in Indices",,356.0
2023-11-15,Punjab,Jalandhar,1.0,PM2.5,203.0,Poor,"number_of_monitoring_stations in Absolute Number, aqi_value in Indices",,85.0
2023-11-15,Punjab,Ludhiana,1.0,PM10,160.0,Moderate,"number_of_monitoring_stations in Absolute Number, aqi_value in Indices",,144.0
2023-11-15,Punjab,Patiala,1.0,PM2.5,248.0,Poor,"number_of_monitoring_stations in Absolute Number, aqi_value in Indices",,66.0
2023-11-15,Punjab,Rupnagar,1.0,PM10,153.0,Moderate,"number_of_monitoring_stations in Absolute Number, aqi_value in Indices",,0.0
2023-11-16,Punjab,Amritsar,1.0,PM2.5,289.0,Poor,"number_of_monitoring_stations in Absolute Number, aqi_value in Indices",,7.0
2023-11-16,Punjab,Bathinda,1.0,PM10,343.0,Very Poor,"number_of_monitoring_stations in Absolute Number, aqi_value in Indices",,170.0
2023-11-16,Punjab,Jalandhar,1.0,PM2.5,283.0,Poor,"number_of_monitoring_stations in Absolute Number, aqi_value in Indices",,45.0
2023-11-16,Punjab,Ludhiana,1.0,PM2.5,245.0,Poor,"number_of_monitoring_stations in Absolute Number, aqi_value in Indices",,110.0
2023-11-16,Punjab,Patiala,1.0,PM2.5,249.0,Poor,"number_of_monitoring_stations in Absolute Number, aqi_value in Indices",,30.0
2023-11-16,Punjab,Rupnagar,1.0,PM10,175.0,Moderate,"number_of_monitoring_stations in Absolute Number, aqi_value in Indices",,0.0
2023-11-17,Punjab,Amritsar,1.0,PM2.5,189.0,Moderate,"number_of_monitoring_stations in Absolute Number, aqi_value in Indices",,11.0
2023-11-17,Punjab,Jalandhar,1.0,PM2.5,235.0,Poor,"number_of_monitoring_stations in Absolute Number, aqi_value in Indices",,42.0
2023-11-17,Punjab,Ludhiana,1.0,PM2.5,225.0,Poor,"number_of_monitoring_stations in Absolute Number, aqi_value in Indices",,63.0
2023-11-17,Punjab,Patiala,1.0,PM2.5,182.0,Moderate,"number_of_monitoring_stations in Absolute Number, aqi_value in Indices",,22.0
2023-11-17,Punjab,Rupnagar,1.0,PM10,187.0,Moderate,"number_of_monitoring_stations in Absolute Number, aqi_value in Indices",,1.0
2023-11-18,Punjab,Amritsar,1.0,PM2.5,197.0,Moderate,"number_of_monitoring_stations in Absolute Number, aqi_value in Indices",,4.0
2023-11-18,Punjab,Bathinda,1.0,PM10,319.0,Very Poor,"number_of_monitoring_stations in Absolute Number, aqi_value in Indices",,57.0
2023-11-18,Punjab,Jalandhar,1.0,PM2.5,263.0,Poor,"number_of_monitoring_stations in Absolute Number, aqi_value in Indices",,11.0
2023-11-18,Punjab,Ludhiana,1.0,PM2.5,217.0,Poor,"number_of_monitoring_stations in Absolute Number, aqi_value in Indices",,23.0
2023-11-18,Punjab,Patiala,1.0,PM2.5,213.0,Poor,"number_of_monitoring_stations in Absolute Number, aqi_value in Indices",,10.0
2023-11-18,Punjab,Rupnagar,1.0,PM10,178.0,Moderate,"number_of_monitoring_stations in Absolute Number, aqi_value in Indices",,0.0
2023-11-19,Punjab,Amritsar,1.0,PM2.5,212.0,Poor,"number_of_monitoring_stations in Absolute Number, aqi_value in Indices",,15.0
2023-11-19,Punjab,Bathinda,1.0,PM2.5,296.0,Poor,"number_of_monitoring_stations in Absolute Number, aqi_value in Indices",,55.0
2023-11-19,Punjab,Jalandhar,1.0,PM2.5,200.0,Moderate,"number_of_monitoring_stations in Absolute Number, aqi_value in Indices",,15.0
2023-11-19,Punjab,Ludhiana,1.0,PM2.5,237.0,Poor,"number_of_monitoring_stations in Absolute Number, aqi_value in Indices",,23.0
2023-11-19,Punjab,Patiala,1.0,PM2.5,229.0,Poor,"number_of_monitoring_stations in Absolute Number, aqi_value in Indices",,12.0
2023-11-19,Punjab,Rupnagar,1.0,PM10,248.0,Poor,"number_of_monitoring_stations in Absolute Number, aqi_value in Indices",,0.0
2023-11-20,Punjab,Amritsar,1.0,PM2.5,272.0,Poor,"number_of_monitoring_stations in Absolute Number, aqi_value in Indices",,7.0
2023-11-20,Punjab,Bathinda,1.0,PM2.5,289.0,Poor,"number_of_monitoring_stations in Absolute Number, aqi_value in Indices",,55.0
2023-11-20,Punjab,Jalandhar,1.0,PM2.5,247.0,Poor,"number_of_monitoring_stations in Absolute Number, aqi_value in Indices",,10.0
2023-11-20,Punjab,Ludhiana,1.0,PM2.5,218.0,Poor,"number_of_monitoring_stations in Absolute Number, aqi_value in Indices",,11.0
2023-11-20,Punjab,Patiala,1.0,PM2.5,208.0,Poor,"number_of_monitoring_stations in Absolute Number, aqi_value in Indices",,4.0
2023-11-20,Punjab,Rupnagar,1.0,PM10,227.0,Poor,"number_of_monitoring_stations in Absolute Number, aqi_value in Indices",,0.0
2023-11-21,Punjab,Amritsar,1.0,PM2.5,174.0,Moderate,"number_of_monitoring_stations in Absolute Number, aqi_value in Indices",,6.0
2023-11-21,Punjab,Bathinda,1.0,PM2.5,400.0,Very Poor,"number_of_monitoring_stations in Absolute Number, aqi_value in Indices",,37.0
2023-11-21,Punjab,Jalandhar,1.0,PM2.5,245.0,Poor,"number_of_monitoring_stations in Absolute Number, aqi_value in Indices",,10.0
2023-11-21,Punjab,Ludhiana,1.0,PM2.5,236.0,Poor,"number_of_monitoring_stations in Absolute Number, aqi_value in Indices",,16.0
2023-11-21,Punjab,Patiala,1.0,PM2.5,189.0,Moderate,"number_of_monitoring_stations in Absolute Number, aqi_value in Indices",,14.0
2023-11-21,Punjab,Rupnagar,1.0,PM10,159.0,Moderate,"number_of_monitoring_stations in Absolute Number, aqi_value in Indices",,0.0
2023-11-22,Punjab,Amritsar,1.0,PM2.5,224.0,Poor,"number_of_monitoring_stations in Absolute Number, aqi_value in Indices",,4.0
2023-11-22,Punjab,Bathinda,1.0,PM2.5,340.0,Very Poor,"number_of_monitoring_stations in Absolute Number, aqi_value in Indices",,40.0
2023-11-22,Punjab,Jalandhar,1.0,PM2.5,226.0,Poor,"number_of_monitoring_stations in Absolute Number, aqi_value in Indices",,14.0
2023-11-22,Punjab,Ludhiana,1.0,PM2.5,279.0,Poor,"number_of_monitoring_stations in Absolute Number, aqi_value in Indices",,17.0
2023-11-22,Punjab,Patiala,1.0,PM2.5,240.0,Poor,"number_of_monitoring_stations in Absolute Number, aqi_value in Indices",,11.0
2023-11-23,Punjab,Amritsar,1.0,PM10,188.0,Moderate,"number_of_monitoring_stations in Absolute Number, aqi_value in Indices",,1.0
2023-11-23,Punjab,Bathinda,1.0,PM10,353.0,Very Poor,"number_of_monitoring_stations in Absolute Number, aqi_value in Indices",,15.0
2023-11-23,Punjab,Jalandhar,1.0,PM2.5,210.0,Poor,"number_of_monitoring_stations in Absolute Number, aqi_value in Indices",,6.0
2023-11-23,Punjab,Ludhiana,1.0,PM10,287.0,Poor,"number_of_monitoring_stations in Absolute Number, aqi_value in Indices",,4.0
2023-11-23,Punjab,Patiala,1.0,PM2.5,254.0,Poor,"number_of_monitoring_stations in Absolute Number, aqi_value in Indices",,2.0
2023-11-23,Punjab,Rupnagar,1.0,PM2.5,222.0,Poor,"number_of_monitoring_stations in Absolute Number, aqi_value in Indices",,0.0
2023-11-24,Punjab,Amritsar,1.0,PM2.5,270.0,Poor,"number_of_monitoring_stations in Absolute Number, aqi_value in Indices",,1.0
2023-11-24,Punjab,Bathinda,1.0,PM10,384.0,Very Poor,"number_of_monitoring_stations in Absolute Number, aqi_value in Indices",,8.0
2023-11-24,Punjab,Jalandhar,1.0,PM2.5,258.0,Poor,"number_of_monitoring_stations in Absolute Number, aqi_value in Indices",,1.0
2023-11-24,Punjab,Ludhiana,1.0,PM2.5,236.0,Poor,"number_of_monitoring_stations in Absolute Number, aqi_value in Indices",,6.0
2023-11-24,Punjab,Patiala,1.0,PM2.5,166.0,Moderate,"number_of_monitoring_stations in Absolute Number, aqi_value in Indices",,5.0
2023-11-24,Punjab,Rupnagar,1.0,PM2.5,227.0,Poor,"number_of_monitoring_stations in Absolute Number, aqi_value in Indices",,0.0
2023-11-25,Punjab,Amritsar,1.0,PM2.5,219.0,Poor,"number_of_monitoring_stations in Absolute Number, aqi_value in Indices",,0.0
2023-11-25,Punjab,Bathinda,1.0,PM2.5,337.0,Very Poor,"number_of_monitoring_stations in Absolute Number, aqi_value in Indices",,1.0
2023-11-25,Punjab,Jalandhar,1.0,PM2.5,266.0,Poor,"number_of_monitoring_stations in Absolute Number, aqi_value in Indices",,0.0
2023-11-25,Punjab,Ludhiana,1.0,PM2.5,202.0,Poor,"number_of_monitoring_stations in Absolute Number, aqi_value in Indices",,0.0
2023-11-25,Punjab,Patiala,1.0,PM2.5,167.0,Moderate,"number_of_monitoring_stations in Absolute Number, aqi_value in Indices",,0.0
2023-11-26,Punjab,Amritsar,1.0,PM2.5,218.0,Poor,"number_of_monitoring_stations in Absolute Number, aqi_value in Indices",,0.0
2023-11-26,Punjab,Bathinda,1.0,PM10,296.0,Poor,"number_of_monitoring_stations in Absolute Number, aqi_value in Indices",,1.0
2023-11-26,Punjab,Jalandhar,1.0,PM2.5,155.0,Moderate,"number_of_monitoring_stations in Absolute Number, aqi_value in Indices",,0.0
2023-11-26,Punjab,Ludhiana,1.0,PM2.5,250.0,Poor,"number_of_monitoring_stations in Absolute Number, aqi_value in Indices",,1.0
2023-11-26,Punjab,Patiala,1.0,PM2.5,162.0,Moderate,"number_of_monitoring_stations in Absolute Number, aqi_value in Indices",,1.0
2023-11-27,Punjab,Amritsar,1.0,PM2.5,218.0,Poor,"number_of_monitoring_stations in Absolute Number, aqi_value in Indices",,0.0
2023-11-27,Punjab,Bathinda,1.0,PM10,355.0,Very Poor,"number_of_monitoring_stations in Absolute Number, aqi_value in Indices",,0.0
2023-11-27,Punjab,Jalandhar,1.0,PM2.5,160.0,Moderate,"number_of_monitoring_stations in Absolute Number, aqi_value in Indices",,0.0
2023-11-27,Punjab,Ludhiana,1.0,PM2.5,241.0,Poor,"number_of_monitoring_stations in Absolute Number, aqi_value in Indices",,0.0
2023-11-27,Punjab,Patiala,1.0,PM2.5,194.0,Moderate,"number_of_monitoring_stations in Absolute Number, aqi_value in Indices",,0.0
2023-11-27,Punjab,Rupnagar,1.0,PM2.5,249.0,Poor,"number_of_monitoring_stations in Absolute Number, aqi_value in Indices",,0.0
2023-11-28,Punjab,Amritsar,1.0,PM2.5,195.0,Moderate,"number_of_monitoring_stations in Absolute Number, aqi_value in Indices",,0.0
2023-11-28,Punjab,Bathinda,1.0,PM2.5,307.0,Very Poor,"number_of_monitoring_stations in Absolute Number, aqi_value in Indices",,2.0
2023-11-28,Punjab,Jalandhar,1.0,PM2.5,206.0,Poor,"number_of_monitoring_stations in Absolute Number, aqi_value in Indices",,2.0
2023-11-28,Punjab,Ludhiana,1.0,PM2.5,269.0,Poor,"number_of_monitoring_stations in Absolute Number, aqi_value in Indices",,0.0
2023-11-28,Punjab,Patiala,1.0,PM2.5,124.0,Moderate,"number_of_monitoring_stations in Absolute Number, aqi_value in Indices",,0.0
2023-11-28,Punjab,Rupnagar,1.0,PM2.5,158.0,Moderate,"number_of_monitoring_stations in Absolute Number, aqi_value in Indices",,0.0
2023-11-29,Punjab,Amritsar,1.0,PM2.5,198.0,Moderate,"number_of_monitoring_stations in Absolute Number, aqi_value in Indices",,0.0
2023-11-29,Punjab,Bathinda,1.0,PM2.5,216.0,Poor,"number_of_monitoring_stations in Absolute Number, aqi_value in Indices",,3.0
2023-11-29,Punjab,Jalandhar,1.0,PM2.5,208.0,Poor,"number_of_monitoring_stations in Absolute Number, aqi_value in Indices",,1.0
2023-11-29,Punjab,Ludhiana,1.0,PM2.5,185.0,Moderate,"number_of_monitoring_stations in Absolute Number, aqi_value in Indices",,3.0
2023-11-29,Punjab,Patiala,1.0,PM2.5,133.0,Moderate,"number_of_monitoring_stations in Absolute Number, aqi_value in Indices",,0.0
2023-11-29,Punjab,Rupnagar,1.0,PM10,187.0,Moderate,"number_of_monitoring_stations in Absolute Number, aqi_value in Indices",,0.0
2023-11-30,Punjab,Amritsar,1.0,PM2.5,167.0,Moderate,"number_of_monitoring_stations in Absolute Number, aqi_value in Indices",,0.0
2023-11-30,Punjab,Bathinda,1.0,PM10,203.0,Poor,"number_of_monitoring_stations in Absolute Number, aqi_value in Indices",,2.0
2023-11-30,Punjab,Jalandhar,1.0,PM2.5,165.0,Moderate,"number_of_monitoring_stations in Absolute Number, aqi_value in Indices",,0.0
2023-11-30,Punjab,Ludhiana,1.0,PM2.5,176.0,Moderate,"number_of_monitoring_stations in Absolute Number, aqi_value in Indices",,0.0
2023-11-30,Punjab,Patiala,1.0,PM2.5,153.0,Moderate,"number_of_monitoring_stations in Absolute Number, aqi_value in Indices",,0.0
2023-11-30,Punjab,Rupnagar,1.0,PM10,233.0,Poor,"number_of_monitoring_stations in Absolute Number, aqi_value in Indices",,0.0
2023-12-01,Punjab,Amritsar,1.0,PM10,88.0,Satisfactory,"number_of_monitoring_stations in Absolute Number, aqi_value in Indices",,0.0
2023-12-01,Punjab,Bathinda,1.0,PM10,133.0,Moderate,"number_of_monitoring_stations in Absolute Number, aqi_value in Indices",,0.0
2023-12-01,Punjab,Jalandhar,1.0,PM10,68.0,Satisfactory,"number_of_monitoring_stations in Absolute Number, aqi_value in Indices",,0.0
2023-12-01,Punjab,Ludhiana,1.0,PM10,66.0,Satisfactory,"number_of_monitoring_stations in Absolute Number, aqi_value in Indices",,0.0
2023-12-01,Punjab,Patiala,1.0,PM10,71.0,Satisfactory,"number_of_monitoring_stations in Absolute Number, aqi_value in Indices",,0.0
2023-12-01,Punjab,Rupnagar,1.0,PM10,114.0,Moderate,"number_of_monitoring_stations in Absolute Number, aqi_value in Indices",,0.0
2023-12-02,Punjab,Amritsar,1.0,PM2.5,127.0,Moderate,"number_of_monitoring_stations in Absolute Number, aqi_value in Indices",,0.0
2023-12-02,Punjab,Bathinda,1.0,PM10,92.0,Satisfactory,"number_of_monitoring_stations in Absolute Number, aqi_value in Indices",,0.0
2023-12-02,Punjab,Jalandhar,1.0,PM2.5,126.0,Moderate,"number_of_monitoring_stations in Absolute Number, aqi_value in Indices",,0.0
2023-12-02,Punjab,Ludhiana,1.0,PM10,81.0,Satisfactory,"number_of_monitoring_stations in Absolute Number, aqi_value in Indices",,0.0
2023-12-02,Punjab,Patiala,1.0,PM10,79.0,Satisfactory,"number_of_monitoring_stations in Absolute Number, aqi_value in Indices",,0.0
2023-12-02,Punjab,Rupnagar,1.0,PM10,195.0,Moderate,"number_of_monitoring_stations in Absolute Number, aqi_value in Indices",,0.0
2023-12-03,Punjab,Amritsar,1.0,PM2.5,198.0,Moderate,"number_of_monitoring_stations in Absolute Number, aqi_value in Indices",,0.0
2023-12-03,Punjab,Bathinda,1.0,PM10,80.0,Satisfactory,"number_of_monitoring_stations in Absolute Number, aqi_value in Indices",,0.0
2023-12-03,Punjab,Jalandhar,1.0,PM2.5,219.0,Poor,"number_of_monitoring_stations in Absolute Number, aqi_value in Indices",,0.0
2023-12-03,Punjab,Ludhiana,1.0,PM2.5,132.0,Moderate,"number_of_monitoring_stations in Absolute Number, aqi_value in Indices",,0.0
2023-12-03,Punjab,Patiala,1.0,PM10,102.0,Moderate,"number_of_monitoring_stations in Absolute Number, aqi_value in Indices",,0.0
2023-12-04,Punjab,Amritsar,1.0,PM2.5,184.0,Moderate,"number_of_monitoring_stations in Absolute Number, aqi_value in Indices",,0.0
2023-12-04,Punjab,Bathinda,1.0,PM10,110.0,Moderate,"number_of_monitoring_stations in Absolute Number, aqi_value in Indices",,0.0
2023-12-04,Punjab,Jalandhar,1.0,PM2.5,167.0,Moderate,"number_of_monitoring_stations in Absolute Number, aqi_value in Indices",,0.0
2023-12-04,Punjab,Ludhiana,1.0,PM2.5,188.0,Moderate,"number_of_monitoring_stations in Absolute Number, aqi_value in Indices",,0.0
2023-12-04,Punjab,Patiala,1.0,PM2.5,111.0,Moderate,"number_of_monitoring_stations in Absolute Number, aqi_value in Indices",,0.0
2023-12-05,Punjab,Amritsar,1.0,PM2.5,140.0,Moderate,"number_of_monitoring_stations in Absolute Number, aqi_value in Indices",,0.0
2023-12-05,Punjab,Bathinda,1.0,PM10,151.0,Moderate,"number_of_monitoring_stations in Absolute Number, aqi_value in Indices",,0.0
2023-12-05,Punjab,Jalandhar,1.0,PM10,93.0,Satisfactory,"number_of_monitoring_stations in Absolute Number, aqi_value in Indices",,0.0
2023-12-05,Punjab,Ludhiana,1.0,PM2.5,126.0,Moderate,"number_of_monitoring_stations in Absolute Number, aqi_value in Indices",,0.0
2023-12-05,Punjab,Patiala,1.0,PM2.5,170.0,Moderate,"number_of_monitoring_stations in Absolute Number, aqi_value in Indices",,0.0
2023-12-05,Punjab,Rupnagar,1.0,PM10,150.0,Moderate,"number_of_monitoring_stations in Absolute Number, aqi_value in Indices",,0.0
2023-12-06,Punjab,Amritsar,1.0,PM2.5,174.0,Moderate,"number_of_monitoring_stations in Absolute Number, aqi_value in Indices",,0.0
2023-12-06,Punjab,Bathinda,1.0,PM10,91.0,Satisfactory,"number_of_monitoring_stations in Absolute Number, aqi_value in Indices",,0.0
2023-12-06,Punjab,Jalandhar,1.0,PM2.5,133.0,Moderate,"number_of_monitoring_stations in Absolute Number, aqi_value in Indices",,0.0
2023-12-06,Punjab,Ludhiana,1.0,PM10,91.0,Satisfactory,"number_of_monitoring_stations in Absolute Number, aqi_value in Indices",,0.0
2023-12-06,Punjab,Patiala,1.0,PM10,89.0,Satisfactory,"number_of_monitoring_stations in Absolute Number, aqi_value in Indices",,0.0
2023-12-06,Punjab,Rupnagar,1.0,PM10,168.0,Moderate,"number_of_monitoring_stations in Absolute Number, aqi_value in Indices",,0.0
2023-12-07,Punjab,Amritsar,1.0,PM2.5,124.0,Moderate,"number_of_monitoring_stations in Absolute Number, aqi_value in Indices",,0.0
2023-12-07,Punjab,Bathinda,1.0,PM10,97.0,Satisfactory,"number_of_monitoring_stations in Absolute Number, aqi_value in Indices",,0.0
2023-12-07,Punjab,Jalandhar,1.0,PM2.5,143.0,Moderate,"number_of_monitoring_stations in Absolute Number, aqi_value in Indices",,0.0
2023-12-07,Punjab,Ludhiana,1.0,PM2.5,176.0,Moderate,"number_of_monitoring_stations in Absolute Number, aqi_value in Indices",,0.0
2023-12-07,Punjab,Patiala,1.0,PM10,110.0,Moderate,"number_of_monitoring_stations in Absolute Number, aqi_value in Indices",,0.0
2023-12-07,Punjab,Rupnagar,1.0,PM10,224.0,Poor,"number_of_monitoring_stations in Absolute Number, aqi_value in Indices",,0.0
2023-12-08,Punjab,Amritsar,1.0,PM2.5,174.0,Moderate,"number_of_monitoring_stations in Absolute Number, aqi_value in Indices",,0.0
2023-12-08,Punjab,Bathinda,1.0,PM10,86.0,Satisfactory,"number_of_monitoring_stations in Absolute Number, aqi_value in Indices",,0.0
2023-12-08,Punjab,Jalandhar,1.0,PM2.5,157.0,Moderate,"number_of_monitoring_stations in Absolute Number, aqi_value in Indices",,0.0
2023-12-08,Punjab,Ludhiana,1.0,PM2.5,219.0,Poor,"number_of_monitoring_stations in Absolute Number, aqi_value in Indices",,0.0
2023-12-08,Punjab,Patiala,1.0,PM10,110.0,Moderate,"number_of_monitoring_stations in Absolute Number, aqi_value in Indices",,0.0
2023-12-08,Punjab,Rupnagar,1.0,PM2.5,181.0,Moderate,"number_of_monitoring_stations in Absolute Number, aqi_value in Indices",,0.0
2023-12-09,Punjab,Amritsar,1.0,PM2.5,147.0,Moderate,"number_of_monitoring_stations in Absolute Number, aqi_value in Indices",,0.0
2023-12-09,Punjab,Bathinda,1.0,PM2.5,110.0,Moderate,"number_of_monitoring_stations in Absolute Number, aqi_value in Indices",,0.0
2023-12-09,Punjab,Jalandhar,1.0,PM2.5,161.0,Moderate,"number_of_monitoring_stations in Absolute Number, aqi_value in Indices",,0.0
2023-12-09,Punjab,Ludhiana,1.0,PM2.5,273.0,Poor,"number_of_monitoring_stations in Absolute Number, aqi_value in Indices",,0.0
2023-12-09,Punjab,Patiala,1.0,PM2.5,122.0,Moderate,"number_of_monitoring_stations in Absolute Number, aqi_value in Indices",,0.0
2023-12-09,Punjab,Rupnagar,1.0,PM2.5,182.0,Moderate,"number_of_monitoring_stations in Absolute Number, aqi_value in Indices",,0.0
2023-12-10,Punjab,Amritsar,1.0,PM2.5,130.0,Moderate,"number_of_monitoring_stations in Absolute Number, aqi_value in Indices",,0.0
2023-12-10,Punjab,Bathinda,1.0,PM2.5,127.0,Moderate,"number_of_monitoring_stations in Absolute Number, aqi_value in Indices",,0.0
2023-12-10,Punjab,Jalandhar,1.0,PM2.5,126.0,Moderate,"number_of_monitoring_stations in Absolute Number, aqi_value in Indices",,0.0
2023-12-10,Punjab,Ludhiana,1.0,PM2.5,242.0,Poor,"number_of_monitoring_stations in Absolute Number, aqi_value in Indices",,0.0
2023-12-10,Punjab,Patiala,1.0,PM10,100.0,Satisfactory,"number_of_monitoring_stations in Absolute Number, aqi_value in Indices",,0.0
2023-12-10,Punjab,Rupnagar,1.0,PM2.5,210.0,Poor,"number_of_monitoring_stations in Absolute Number, aqi_value in Indices",,0.0
2023-12-11,Punjab,Amritsar,1.0,PM2.5,152.0,Moderate,"number_of_monitoring_stations in Absolute Number, aqi_value in Indices",,0.0
2023-12-11,Punjab,Bathinda,1.0,PM2.5,144.0,Moderate,"number_of_monitoring_stations in Absolute Number, aqi_value in Indices",,0.0
2023-12-11,Punjab,Jalandhar,1.0,PM2.5,130.0,Moderate,"number_of_monitoring_stations in Absolute Number, aqi_value in Indices",,0.0
2023-12-11,Punjab,Ludhiana,1.0,PM2.5,297.0,Poor,"number_of_monitoring_stations in Absolute Number, aqi_value in Indices",,0.0
2023-12-11,Punjab,Patiala,1.0,PM2.5,121.0,Moderate,"number_of_monitoring_stations in Absolute Number, aqi_value in Indices",,0.0
2023-12-11,Punjab,Rupnagar,1.0,PM2.5,261.0,Poor,"number_of_monitoring_stations in Absolute Number, aqi_value in Indices",,0.0
2023-12-12,Punjab,Amritsar,1.0,PM2.5,202.0,Poor,"number_of_monitoring_stations in Absolute Number, aqi_value in Indices",,0.0
2023-12-12,Punjab,Bathinda,1.0,PM10,158.0,Moderate,"number_of_monitoring_stations in Absolute Number, aqi_value in Indices",,0.0
2023-12-12,Punjab,Jalandhar,1.0,PM2.5,204.0,Poor,"number_of_monitoring_stations in Absolute Number, aqi_value in Indices",,0.0
2023-12-12,Punjab,Ludhiana,1.0,PM2.5,329.0,Very Poor,"number_of_monitoring_stations in Absolute Number, aqi_value in Indices",,0.0
2023-12-12,Punjab,Patiala,1.0,PM2.5,183.0,Moderate,"number_of_monitoring_stations in Absolute Number, aqi_value in Indices",,0.0
2023-12-12,Punjab,Rupnagar,1.0,PM2.5,249.0,Poor,"number_of_monitoring_stations in Absolute Number, aqi_value in Indices",,0.0
2023-12-13,Punjab,Amritsar,1.0,PM2.5,160.0,Moderate,"number_of_monitoring_stations in Absolute Number, aqi_value in Indices",,0.0
2023-12-13,Punjab,Jalandhar,1.0,PM2.5,161.0,Moderate,"number_of_monitoring_stations in Absolute Number, aqi_value in Indices",,0.0
2023-12-13,Punjab,Ludhiana,1.0,PM2.5,250.0,Poor,"number_of_monitoring_stations in Absolute Number, aqi_value in Indices",,0.0
2023-12-13,Punjab,Patiala,1.0,PM2.5,155.0,Moderate,"number_of_monitoring_stations in Absolute Number, aqi_value in Indices",,0.0
2023-12-13,Punjab,Rupnagar,1.0,PM2.5,240.0,Poor,"number_of_monitoring_stations in Absolute Number, aqi_value in Indices",,0.0
2023-12-14,Punjab,Amritsar,1.0,PM2.5,184.0,Moderate,"number_of_monitoring_stations in Absolute Number, aqi_value in Indices",,0.0
2023-12-14,Punjab,Bathinda,1.0,PM10,167.0,Moderate,"number_of_monitoring_stations in Absolute Number, aqi_value in Indices",,0.0
2023-12-14,Punjab,Jalandhar,1.0,PM2.5,155.0,Moderate,"number_of_monitoring_stations in Absolute Number, aqi_value in Indices",,0.0
2023-12-14,Punjab,Ludhiana,1.0,PM2.5,170.0,Moderate,"number_of_monitoring_stations in Absolute Number, aqi_value in Indices",,0.0
2023-12-14,Punjab,Patiala,1.0,PM10,103.0,Moderate,"number_of_monitoring_stations in Absolute Number, aqi_value in Indices",,0.0
2023-12-14,Punjab,Rupnagar,1.0,PM2.5,185.0,Moderate,"number_of_monitoring_stations in Absolute Number, aqi_value in Indices",,0.0
2023-12-15,Punjab,Amritsar,1.0,PM2.5,244.0,Poor,"number_of_monitoring_stations in Absolute Number, aqi_value in Indices",,0.0
2023-12-15,Punjab,Bathinda,1.0,PM2.5,156.0,Moderate,"number_of_monitoring_stations in Absolute Number, aqi_value in Indices",,0.0
2023-12-15,Punjab,Jalandhar,1.0,PM2.5,280.0,Poor,"number_of_monitoring_stations in Absolute Number, aqi_value in Indices",,0.0
2023-12-15,Punjab,Ludhiana,1.0,PM2.5,252.0,Poor,"number_of_monitoring_stations in Absolute Number, aqi_value in Indices",,0.0
2023-12-15,Punjab,Patiala,1.0,PM2.5,118.0,Moderate,"number_of_monitoring_stations in Absolute Number, aqi_value in Indices",,0.0
2023-12-15,Punjab,Rupnagar,1.0,PM2.5,233.0,Poor,"number_of_monitoring_stations in Absolute Number, aqi_value in Indices",,0.0
2023-12-16,Punjab,Amritsar,1.0,PM2.5,173.0,Moderate,"number_of_monitoring_stations in Absolute Number, aqi_value in Indices",,0.0
2023-12-16,Punjab,Bathinda,1.0,PM2.5,177.0,Moderate,"number_of_monitoring_stations in Absolute Number, aqi_value in Indices",,0.0
2023-12-16,Punjab,Jalandhar,1.0,PM2.5,172.0,Moderate,"number_of_monitoring_stations in Absolute Number, aqi_value in Indices",,0.0
2023-12-16,Punjab,Ludhiana,1.0,PM2.5,196.0,Moderate,"number_of_monitoring_stations in Absolute Number, aqi_value in Indices",,0.0
2023-12-16,Punjab,Patiala,1.0,PM2.5,141.0,Moderate,"number_of_monitoring_stations in Absolute Number, aqi_value in Indices",,0.0
2023-12-16,Punjab,Rupnagar,1.0,PM2.5,234.0,Poor,"number_of_monitoring_stations in Absolute Number, aqi_value in Indices",,0.0
2023-12-17,Punjab,Amritsar,1.0,PM10,103.0,Moderate,"number_of_monitoring_stations in Absolute Number, aqi_value in Indices",,0.0
2023-12-17,Punjab,Bathinda,1.0,PM2.5,162.0,Moderate,"number_of_monitoring_stations in Absolute Number, aqi_value in Indices",,0.0
2023-12-17,Punjab,Jalandhar,1.0,PM10,103.0,Moderate,"number_of_monitoring_stations in Absolute Number, aqi_value in Indices",,0.0
2023-12-17,Punjab,Ludhiana,1.0,PM2.5,155.0,Moderate,"number_of_monitoring_stations in Absolute Number, aqi_value in Indices",,0.0
2023-12-17,Punjab,Patiala,1.0,PM2.5,146.0,Moderate,"number_of_monitoring_stations in Absolute Number, aqi_value in Indices",,0.0
2023-12-17,Punjab,Rupnagar,1.0,PM2.5,260.0,Poor,"number_of_monitoring_stations in Absolute Number, aqi_value in Indices",,0.0
2023-12-18,Punjab,Amritsar,1.0,PM2.5,161.0,Moderate,"number_of_monitoring_stations in Absolute Number, aqi_value in Indices",,0.0
2023-12-18,Punjab,Bathinda,1.0,PM2.5,129.0,Moderate,"number_of_monitoring_stations in Absolute Number, aqi_value in Indices",,0.0
2023-12-18,Punjab,Jalandhar,1.0,PM2.5,153.0,Moderate,"number_of_monitoring_stations in Absolute Number, aqi_value in Indices",,0.0
2023-12-18,Punjab,Ludhiana,1.0,PM2.5,177.0,Moderate,"number_of_monitoring_stations in Absolute Number, aqi_value in Indices",,0.0
2023-12-18,Punjab,Patiala,1.0,PM10,93.0,Satisfactory,"number_of_monitoring_stations in Absolute Number, aqi_value in Indices",,0.0
2023-12-18,Punjab,Rupnagar,1.0,PM2.5,229.0,Poor,"number_of_monitoring_stations in Absolute Number, aqi_value in Indices",,0.0
2023-12-19,Punjab,Amritsar,1.0,PM2.5,245.0,Poor,"number_of_monitoring_stations in Absolute Number, aqi_value in Indices",,0.0
2023-12-19,Punjab,Bathinda,1.0,PM2.5,90.0,Satisfactory,"number_of_monitoring_stations in Absolute Number, aqi_value in Indices",,0.0
2023-12-19,Punjab,Jalandhar,1.0,PM2.5,246.0,Poor,"number_of_monitoring_stations in Absolute Number, aqi_value in Indices",,0.0
2023-12-19,Punjab,Ludhiana,1.0,PM2.5,236.0,Poor,"number_of_monitoring_stations in Absolute Number, aqi_value in Indices",,0.0
2023-12-19,Punjab,Patiala,1.0,PM10,120.0,Moderate,"number_of_monitoring_stations in Absolute Number, aqi_value in Indices",,0.0
2023-12-19,Punjab,Rupnagar,1.0,PM2.5,173.0,Moderate,"number_of_monitoring_stations in Absolute Number, aqi_value in Indices",,0.0
2023-12-20,Punjab,Amritsar,1.0,PM2.5,252.0,Poor,"number_of_monitoring_stations in Absolute Number, aqi_value in Indices",,0.0
2023-12-20,Punjab,Bathinda,1.0,PM2.5,77.0,Satisfactory,"number_of_monitoring_stations in Absolute Number, aqi_value in Indices",,0.0
2023-12-20,Punjab,Jalandhar,1.0,PM2.5,209.0,Poor,"number_of_monitoring_stations in Absolute Number, aqi_value in Indices",,0.0
2023-12-20,Punjab,Ludhiana,1.0,PM2.5,237.0,Poor,"number_of_monitoring_stations in Absolute Number, aqi_value in Indices",,0.0
2023-12-20,Punjab,Patiala,1.0,PM10,123.0,Moderate,"number_of_monitoring_stations in Absolute Number, aqi_value in Indices",,0.0
2023-12-20,Punjab,Rupnagar,1.0,PM2.5,253.0,Poor,"number_of_monitoring_stations in Absolute Number, aqi_value in Indices",,0.0
2023-12-21,Punjab,Amritsar,1.0,PM2.5,278.0,Poor,"number_of_monitoring_stations in Absolute Number, aqi_value in Indices",,0.0
2023-12-21,Punjab,Bathinda,1.0,PM2.5,107.0,Moderate,"number_of_monitoring_stations in Absolute Number, aqi_value in Indices",,0.0
2023-12-21,Punjab,Jalandhar,1.0,PM2.5,167.0,Moderate,"number_of_monitoring_stations in Absolute Number, aqi_value in Indices",,0.0
2023-12-21,Punjab,Ludhiana,1.0,PM2.5,298.0,Poor,"number_of_monitoring_stations in Absolute Number, aqi_value in Indices",,0.0
2023-12-21,Punjab,Patiala,1.0,PM2.5,234.0,Poor,"number_of_monitoring_stations in Absolute Number, aqi_value in Indices",,0.0
2023-12-21,Punjab,Rupnagar,1.0,PM2.5,311.0,Very Poor,"number_of_monitoring_stations in Absolute Number, aqi_value in Indices",,0.0
2023-12-22,Punjab,Amritsar,1.0,PM2.5,231.0,Poor,"number_of_monitoring_stations in Absolute Number, aqi_value in Indices",,0.0
2023-12-22,Punjab,Bathinda,1.0,PM2.5,173.0,Moderate,"number_of_monitoring_stations in Absolute Number, aqi_value in Indices",,0.0
2023-12-22,Punjab,Jalandhar,1.0,PM2.5,296.0,Poor,"number_of_monitoring_stations in Absolute Number, aqi_value in Indices",,0.0
2023-12-22,Punjab,Ludhiana,1.0,PM2.5,251.0,Poor,"number_of_monitoring_stations in Absolute Number, aqi_value in Indices",,0.0
2023-12-22,Punjab,Patiala,1.0,PM2.5,185.0,Moderate,"number_of_monitoring_stations in Absolute Number, aqi_value in Indices",,0.0
2023-12-22,Punjab,Rupnagar,1.0,PM2.5,325.0,Very Poor,"number_of_monitoring_stations in Absolute Number, aqi_value in Indices",,0.0
2023-12-23,Punjab,Amritsar,1.0,PM2.5,164.0,Moderate,"number_of_monitoring_stations in Absolute Number, aqi_value in Indices",,0.0
2023-12-23,Punjab,Bathinda,1.0,PM2.5,208.0,Poor,"number_of_monitoring_stations in Absolute Number, aqi_value in Indices",,0.0
2023-12-23,Punjab,Jalandhar,1.0,PM10,150.0,Moderate,"number_of_monitoring_stations in Absolute Number, aqi_value in Indices",,0.0
2023-12-23,Punjab,Ludhiana,1.0,PM2.5,275.0,Poor,"number_of_monitoring_stations in Absolute Number, aqi_value in Indices",,0.0
2023-12-23,Punjab,Patiala,1.0,PM2.5,198.0,Moderate,"number_of_monitoring_stations in Absolute Number, aqi_value in Indices",,0.0
2023-12-23,Punjab,Rupnagar,1.0,PM2.5,306.0,Very Poor,"number_of_monitoring_stations in Absolute Number, aqi_value in Indices",,0.0
2023-12-24,Punjab,Amritsar,1.0,PM2.5,199.0,Moderate,"number_of_monitoring_stations in Absolute Number, aqi_value in Indices",,0.0
2023-12-24,Punjab,Bathinda,1.0,PM2.5,144.0,Moderate,"number_of_monitoring_stations in Absolute Number, aqi_value in Indices",,0.0
2023-12-24,Punjab,Jalandhar,1.0,PM2.5,240.0,Poor,"number_of_monitoring_stations in Absolute Number, aqi_value in Indices",,0.0
2023-12-24,Punjab,Ludhiana,1.0,PM2.5,278.0,Poor,"number_of_monitoring_stations in Absolute Number, aqi_value in Indices",,0.0
2023-12-24,Punjab,Patiala,1.0,PM2.5,133.0,Moderate,"number_of_monitoring_stations in Absolute Number, aqi_value in Indices",,0.0
2023-12-24,Punjab,Rupnagar,1.0,PM2.5,264.0,Poor,"number_of_monitoring_stations in Absolute Number, aqi_value in Indices",,0.0
2023-12-25,Punjab,Amritsar,1.0,PM2.5,160.0,Moderate,"number_of_monitoring_stations in Absolute Number, aqi_value in Indices",,0.0
2023-12-25,Punjab,Bathinda,1.0,PM10,96.0,Satisfactory,"number_of_monitoring_stations in Absolute Number, aqi_value in Indices",,0.0
2023-12-25,Punjab,Jalandhar,1.0,PM2.5,235.0,Poor,"number_of_monitoring_stations in Absolute Number, aqi_value in Indices",,0.0
2023-12-25,Punjab,Ludhiana,1.0,PM2.5,174.0,Moderate,"number_of_monitoring_stations in Absolute Number, aqi_value in Indices",,0.0
2023-12-25,Punjab,Patiala,1.0,PM10,106.0,Moderate,"number_of_monitoring_stations in Absolute Number, aqi_value in Indices",,0.0
2023-12-25,Punjab,Rupnagar,1.0,PM2.5,215.0,Poor,"number_of_monitoring_stations in Absolute Number, aqi_value in Indices",,0.0
2023-12-26,Punjab,Amritsar,1.0,PM2.5,140.0,Moderate,"number_of_monitoring_stations in Absolute Number, aqi_value in Indices",,0.0
2023-12-26,Punjab,Bathinda,1.0,PM2.5,118.0,Moderate,"number_of_monitoring_stations in Absolute Number, aqi_value in Indices",,0.0
2023-12-26,Punjab,Jalandhar,1.0,PM2.5,161.0,Moderate,"number_of_monitoring_stations in Absolute Number, aqi_value in Indices",,0.0
2023-12-26,Punjab,Ludhiana,1.0,PM2.5,200.0,Moderate,"number_of_monitoring_stations in Absolute Number, aqi_value in Indices",,0.0
2023-12-26,Punjab,Patiala,1.0,PM2.5,138.0,Moderate,"number_of_monitoring_stations in Absolute Number, aqi_value in Indices",,0.0
2023-12-26,Punjab,Rupnagar,1.0,PM2.5,161.0,Moderate,"number_of_monitoring_stations in Absolute Number, aqi_value in Indices",,0.0
2023-12-27,Punjab,Amritsar,1.0,PM2.5,117.0,Moderate,"number_of_monitoring_stations in Absolute Number, aqi_value in Indices",,0.0
2023-12-27,Punjab,Bathinda,1.0,PM2.5,61.0,Satisfactory,"number_of_monitoring_stations in Absolute Number, aqi_value in Indices",,0.0
2023-12-27,Punjab,Jalandhar,1.0,PM10,134.0,Moderate,"number_of_monitoring_stations in Absolute Number, aqi_value in Indices",,0.0
2023-12-27,Punjab,Ludhiana,1.0,PM10,178.0,Moderate,"number_of_monitoring_stations in Absolute Number, aqi_value in Indices",,0.0
2023-12-27,Punjab,Patiala,1.0,PM2.5,127.0,Moderate,"number_of_monitoring_stations in Absolute Number, aqi_value in Indices",,0.0
2023-12-27,Punjab,Rupnagar,1.0,PM2.5,213.0,Poor,"number_of_monitoring_stations in Absolute Number, aqi_value in Indices",,0.0
2023-12-28,Punjab,Amritsar,1.0,PM10,94.0,Satisfactory,"number_of_monitoring_stations in Absolute Number, aqi_value in Indices",,0.0
2023-12-28,Punjab,Bathinda,1.0,PM10,86.0,Satisfactory,"number_of_monitoring_stations in Absolute Number, aqi_value in Indices",,0.0
2023-12-28,Punjab,Jalandhar,1.0,PM2.5,77.0,Satisfactory,"number_of_monitoring_stations in Absolute Number, aqi_value in Indices",,0.0
2023-12-28,Punjab,Ludhiana,1.0,PM10,110.0,Moderate,"number_of_monitoring_stations in Absolute Number, aqi_value in Indices",,0.0
2023-12-28,Punjab,Patiala,1.0,PM2.5,119.0,Moderate,"number_of_monitoring_stations in Absolute Number, aqi_value in Indices",,0.0
2023-12-28,Punjab,Rupnagar,1.0,PM2.5,105.0,Moderate,"number_of_monitoring_stations in Absolute Number, aqi_value in Indices",,0.0
2023-12-29,Punjab,Amritsar,1.0,PM2.5,116.0,Moderate,"number_of_monitoring_stations in Absolute Number, aqi_value in Indices",,0.0
2023-12-29,Punjab,Bathinda,1.0,PM2.5,124.0,Moderate,"number_of_monitoring_stations in Absolute Number, aqi_value in Indices",,0.0
2023-12-29,Punjab,Jalandhar,1.0,PM2.5,219.0,Poor,"number_of_monitoring_stations in Absolute Number, aqi_value in Indices",,0.0
2023-12-29,Punjab,Ludhiana,1.0,PM2.5,298.0,Poor,"number_of_monitoring_stations in Absolute Number, aqi_value in Indices",,0.0
2023-12-29,Punjab,Patiala,1.0,PM2.5,128.0,Moderate,"number_of_monitoring_stations in Absolute Number, aqi_value in Indices",,0.0
2023-12-29,Punjab,Rupnagar,1.0,PM10,83.0,Satisfactory,"number_of_monitoring_stations in Absolute Number, aqi_value in Indices",,0.0
2023-12-30,Punjab,Amritsar,1.0,PM2.5,118.0,Moderate,"number_of_monitoring_stations in Absolute Number, aqi_value in Indices",,0.0
2023-12-30,Punjab,Bathinda,1.0,PM2.5,166.0,Moderate,"number_of_monitoring_stations in Absolute Number, aqi_value in Indices",,0.0
2023-12-30,Punjab,Jalandhar,1.0,PM2.5,156.0,Moderate,"number_of_monitoring_stations in Absolute Number, aqi_value in Indices",,0.0
2023-12-30,Punjab,Ludhiana,1.0,PM10,106.0,Moderate,"number_of_monitoring_stations in Absolute Number, aqi_value in Indices",,0.0
2023-12-30,Punjab,Patiala,1.0,PM2.5,90.0,Satisfactory,"number_of_monitoring_stations in Absolute Number, aqi_value in Indices",,0.0
2023-12-30,Punjab,Rupnagar,1.0,PM2.5,104.0,Moderate,"number_of_monitoring_stations in Absolute Number, aqi_value in Indices",,0.0
2023-12-31,Punjab,Amritsar,1.0,PM2.5,131.0,Moderate,"number_of_monitoring_stations in Absolute Number, aqi_value in Indices",,0.0
2023-12-31,Punjab,Bathinda,1.0,PM2.5,234.0,Poor,"number_of_monitoring_stations in Absolute Number, aqi_value in Indices",,0.0
2023-12-31,Punjab,Jalandhar,1.0,PM10,106.0,Moderate,"number_of_monitoring_stations in Absolute Number, aqi_value in Indices",,0.0
2023-12-31,Punjab,Ludhiana,1.0,PM2.5,122.0,Moderate,"number_of_monitoring_stations in Absolute Number, aqi_value in Indices",,0.0
2023-12-31,Punjab,Patiala,1.0,PM10,63.0,Satisfactory,"number_of_monitoring_stations in Absolute Number, aqi_value in Indices",,0.0
2023-12-31,Punjab,Rupnagar,1.0,PM2.5,94.0,Satisfactory,"number_of_monitoring_stations in Absolute Number, aqi_value in Indices",,0.0
2024-01-01,Punjab,Amritsar,1.0,PM2.5,186.0,Moderate,"number_of_monitoring_stations in Absolute Number, aqi_value in Indices",,0.0
2024-01-01,Punjab,Bathinda,1.0,PM2.5,172.0,Moderate,"number_of_monitoring_stations in Absolute Number, aqi_value in Indices",,0.0
2024-01-01,Punjab,Jalandhar,1.0,PM2.5,93.0,Satisfactory,"number_of_monitoring_stations in Absolute Number, aqi_value in Indices",,0.0
2024-01-01,Punjab,Ludhiana,1.0,PM10,99.0,Satisfactory,"number_of_monitoring_stations in Absolute Number, aqi_value in Indices",,0.0
2024-01-01,Punjab,Patiala,1.0,PM2.5,102.0,Moderate,"number_of_monitoring_stations in Absolute Number, aqi_value in Indices",,0.0
2024-01-01,Punjab,Rupnagar,1.0,PM2.5,217.0,Poor,"number_of_monitoring_stations in Absolute Number, aqi_value in Indices",,0.0
2024-01-02,Punjab,Amritsar,1.0,PM2.5,138.0,Moderate,"number_of_monitoring_stations in Absolute Number, aqi_value in Indices",,0.0
2024-01-02,Punjab,Bathinda,1.0,PM2.5,117.0,Moderate,"number_of_monitoring_stations in Absolute Number, aqi_value in Indices",,0.0
2024-01-02,Punjab,Jalandhar,1.0,PM10,100.0,Satisfactory,"number_of_monitoring_stations in Absolute Number, aqi_value in Indices",,0.0
2024-01-02,Punjab,Ludhiana,1.0,PM10,107.0,Moderate,"number_of_monitoring_stations in Absolute Number, aqi_value in Indices",,0.0
2024-01-02,Punjab,Patiala,1.0,PM10,68.0,Satisfactory,"number_of_monitoring_stations in Absolute Number, aqi_value in Indices",,0.0
2024-01-02,Punjab,Rupnagar,1.0,PM2.5,125.0,Moderate,"number_of_monitoring_stations in Absolute Number, aqi_value in Indices",,0.0
2024-01-03,Punjab,Amritsar,1.0,PM2.5,142.0,Moderate,"number_of_monitoring_stations in Absolute Number, aqi_value in Indices",,0.0
2024-01-03,Punjab,Bathinda,1.0,PM10,97.0,Satisfactory,"number_of_monitoring_stations in Absolute Number, aqi_value in Indices",,0.0
2024-01-03,Punjab,Jalandhar,1.0,PM2.5,142.0,Moderate,"number_of_monitoring_stations in Absolute Number, aqi_value in Indices",,0.0
2024-01-03,Punjab,Ludhiana,1.0,PM2.5,187.0,Moderate,"number_of_monitoring_stations in Absolute Number, aqi_value in Indices",,0.0
2024-01-03,Punjab,Patiala,1.0,PM2.5,131.0,Moderate,"number_of_monitoring_stations in Absolute Number, aqi_value in Indices",,0.0
2024-01-03,Punjab,Rupnagar,1.0,PM2.5,257.0,Poor,"number_of_monitoring_stations in Absolute Number, aqi_value in Indices",,0.0
2024-01-04,Punjab,Amritsar,1.0,PM10,127.0,Moderate,"number_of_monitoring_stations in Absolute Number, aqi_value in Indices",,0.0
2024-01-04,Punjab,Bathinda,1.0,PM2.5,109.0,Moderate,"number_of_monitoring_stations in Absolute Number, aqi_value in Indices",,0.0
2024-01-04,Punjab,Jalandhar,1.0,PM2.5,93.0,Satisfactory,"number_of_monitoring_stations in Absolute Number, aqi_value in Indices",,0.0
2024-01-04,Punjab,Ludhiana,1.0,PM2.5,122.0,Moderate,"number_of_monitoring_stations in Absolute Number, aqi_value in Indices",,0.0
2024-01-04,Punjab,Rupnagar,1.0,PM2.5,137.0,Moderate,"number_of_monitoring_stations in Absolute Number, aqi_value in Indices",,0.0
2024-01-05,Punjab,Amritsar,1.0,PM10,136.0,Moderate,"number_of_monitoring_stations in Absolute Number, aqi_value in Indices",,0.0
2024-01-05,Punjab,Bathinda,1.0,PM2.5,146.0,Moderate,"number_of_monitoring_stations in Absolute Number, aqi_value in Indices",,0.0
2024-01-05,Punjab,Jalandhar,1.0,PM2.5,96.0,Satisfactory,"number_of_monitoring_stations in Absolute Number, aqi_value in Indices",,0.0
2024-01-05,Punjab,Ludhiana,1.0,PM10,91.0,Satisfactory,"number_of_monitoring_stations in Absolute Number, aqi_value in Indices",,0.0
2024-01-05,Punjab,Patiala,1.0,PM2.5,103.0,Moderate,"number_of_monitoring_stations in Absolute Number, aqi_value in Indices",,0.0
2024-01-05,Punjab,Rupnagar,1.0,PM2.5,106.0,Moderate,"number_of_monitoring_stations in Absolute Number, aqi_value in Indices",,0.0
2024-01-06,Punjab,Amritsar,1.0,PM10,124.0,Moderate,"number_of_monitoring_stations in Absolute Number, aqi_value in Indices",,0.0
2024-01-06,Punjab,Bathinda,1.0,PM10,88.0,Satisfactory,"number_of_monitoring_stations in Absolute Number, aqi_value in Indices",,0.0
2024-01-06,Punjab,Jalandhar,1.0,PM2.5,146.0,Moderate,"number_of_monitoring_stations in Absolute Number, aqi_value in Indices",,0.0
2024-01-06,Punjab,Ludhiana,1.0,PM10,115.0,Moderate,"number_of_monitoring_stations in Absolute Number, aqi_value in Indices",,0.0
2024-01-06,Punjab,Patiala,1.0,PM2.5,138.0,Moderate,"number_of_monitoring_stations in Absolute Number, aqi_value in Indices",,0.0
2024-01-06,Punjab,Rupnagar,1.0,CO,88.0,Satisfactory,"number_of_monitoring_stations in Absolute Number, aqi_value in Indices",,0.0
2024-01-07,Punjab,Amritsar,1.0,PM10,116.0,Moderate,"number_of_monitoring_stations in Absolute Number, aqi_value in Indices",,0.0
2024-01-07,Punjab,Bathinda,1.0,PM2.5,86.0,Satisfactory,"number_of_monitoring_stations in Absolute Number, aqi_value in Indices",,0.0
2024-01-07,Punjab,Jalandhar,1.0,PM10,76.0,Satisfactory,"number_of_monitoring_stations in Absolute Number, aqi_value in Indices",,0.0
2024-01-07,Punjab,Ludhiana,1.0,PM2.5,104.0,Moderate,"number_of_monitoring_stations in Absolute Number, aqi_value in Indices",,0.0
2024-01-07,Punjab,Patiala,1.0,PM10,86.0,Satisfactory,"number_of_monitoring_stations in Absolute Number, aqi_value in Indices",,0.0
2024-01-07,Punjab,Rupnagar,1.0,PM2.5,97.0,Satisfactory,"number_of_monitoring_stations in Absolute Number, aqi_value in Indices",,0.0
2024-01-08,Punjab,Amritsar,1.0,PM10,134.0,Moderate,"number_of_monitoring_stations in Absolute Number, aqi_value in Indices",,0.0
2024-01-08,Punjab,Bathinda,1.0,PM2.5,92.0,Satisfactory,"number_of_monitoring_stations in Absolute Number, aqi_value in Indices",,0.0
2024-01-08,Punjab,Jalandhar,1.0,PM2.5,82.0,Satisfactory,"number_of_monitoring_stations in Absolute Number, aqi_value in Indices",,0.0
2024-01-08,Punjab,Ludhiana,1.0,PM2.5,140.0,Moderate,"number_of_monitoring_stations in Absolute Number, aqi_value in Indices",,0.0
2024-01-08,Punjab,Patiala,1.0,PM10,84.0,Satisfactory,"number_of_monitoring_stations in Absolute Number, aqi_value in Indices",,0.0
2024-01-08,Punjab,Rupnagar,1.0,PM2.5,151.0,Moderate,"number_of_monitoring_stations in Absolute Number, aqi_value in Indices",,0.0
2024-01-09,Punjab,Amritsar,1.0,PM2.5,180.0,Moderate,"number_of_monitoring_stations in Absolute Number, aqi_value in Indices",,0.0
2024-01-09,Punjab,Bathinda,1.0,PM10,88.0,Satisfactory,"number_of_monitoring_stations in Absolute Number, aqi_value in Indices",,0.0
2024-01-09,Punjab,Jalandhar,1.0,PM2.5,159.0,Moderate,"number_of_monitoring_stations in Absolute Number, aqi_value in Indices",,0.0
2024-01-09,Punjab,Ludhiana,1.0,PM2.5,179.0,Moderate,"number_of_monitoring_stations in Absolute Number, aqi_value in Indices",,0.0
2024-01-09,Punjab,Patiala,1.0,PM10,82.0,Satisfactory,"number_of_monitoring_stations in Absolute Number, aqi_value in Indices",,0.0
2024-01-09,Punjab,Rupnagar,1.0,PM2.5,130.0,Moderate,"number_of_monitoring_stations in Absolute Number, aqi_value in Indices",,0.0
2024-01-10,Punjab,Amritsar,1.0,PM10,134.0,Moderate,"number_of_monitoring_stations in Absolute Number, aqi_value in Indices",,0.0
2024-01-10,Punjab,Bathinda,1.0,PM2.5,142.0,Moderate,"number_of_monitoring_stations in Absolute Number, aqi_value in Indices",,0.0
2024-01-10,Punjab,Jalandhar,1.0,PM10,94.0,Satisfactory,"number_of_monitoring_stations in Absolute Number, aqi_value in Indices",,0.0
2024-01-10,Punjab,Ludhiana,1.0,PM2.5,100.0,Satisfactory,"number_of_monitoring_stations in Absolute Number, aqi_value in Indices",,0.0
2024-01-10,Punjab,Patiala,1.0,PM2.5,127.0,Moderate,"number_of_monitoring_stations in Absolute Number, aqi_value in Indices",,0.0
2024-01-10,Punjab,Rupnagar,1.0,PM2.5,112.0,Moderate,"number_of_monitoring_stations in Absolute Number, aqi_value in Indices",,0.0
2024-01-11,Punjab,Amritsar,1.0,PM10,133.0,Moderate,"number_of_monitoring_stations in Absolute Number, aqi_value in Indices",,0.0
2024-01-11,Punjab,Bathinda,1.0,PM2.5,99.0,Satisfactory,"number_of_monitoring_stations in Absolute Number, aqi_value in Indices",,0.0
2024-01-11,Punjab,Jalandhar,1.0,PM2.5,160.0,Moderate,"number_of_monitoring_stations in Absolute Number, aqi_value in Indices",,0.0
2024-01-11,Punjab,Ludhiana,1.0,PM2.5,244.0,Poor,"number_of_monitoring_stations in Absolute Number, aqi_value in Indices",,0.0
2024-01-11,Punjab,Patiala,1.0,PM2.5,205.0,Poor,"number_of_monitoring_stations in Absolute Number, aqi_value in Indices",,0.0
2024-01-11,Punjab,Rupnagar,1.0,PM2.5,140.0,Moderate,"number_of_monitoring_stations in Absolute Number, aqi_value in Indices",,0.0
2024-01-12,Punjab,Amritsar,1.0,PM2.5,144.0,Moderate,"number_of_monitoring_stations in Absolute Number, aqi_value in Indices",,0.0
2024-01-12,Punjab,Bathinda,1.0,PM2.5,90.0,Satisfactory,"number_of_monitoring_stations in Absolute Number, aqi_value in Indices",,0.0
2024-01-12,Punjab,Jalandhar,1.0,PM2.5,108.0,Moderate,"number_of_monitoring_stations in Absolute Number, aqi_value in Indices",,0.0
2024-01-12,Punjab,Ludhiana,1.0,PM2.5,182.0,Moderate,"number_of_monitoring_stations in Absolute Number, aqi_value in Indices",,0.0
2024-01-12,Punjab,Patiala,1.0,PM2.5,158.0,Moderate,"number_of_monitoring_stations in Absolute Number, aqi_value in Indices",,0.0
2024-01-12,Punjab,Rupnagar,1.0,PM2.5,97.0,Satisfactory,"number_of_monitoring_stations in Absolute Number, aqi_value in Indices",,0.0
2024-01-13,Punjab,Amritsar,1.0,PM2.5,193.0,Moderate,"number_of_monitoring_stations in Absolute Number, aqi_value in Indices",,0.0
2024-01-13,Punjab,Bathinda,1.0,PM2.5,97.0,Satisfactory,"number_of_monitoring_stations in Absolute Number, aqi_value in Indices",,0.0
2024-01-13,Punjab,Jalandhar,1.0,PM2.5,109.0,Moderate,"number_of_monitoring_stations in Absolute Number, aqi_value in Indices",,0.0
2024-01-13,Punjab,Ludhiana,1.0,PM10,328.0,Very Poor,"number_of_monitoring_stations in Absolute Number, aqi_value in Indices",,0.0
2024-01-13,Punjab,Patiala,1.0,PM2.5,243.0,Poor,"number_of_monitoring_stations in Absolute Number, aqi_value in Indices",,0.0
2024-01-13,Punjab,Rupnagar,1.0,PM2.5,274.0,Poor,"number_of_monitoring_stations in Absolute Number, aqi_value in Indices",,0.0
2024-01-14,Punjab,Amritsar,1.0,PM2.5,206.0,Poor,"number_of_monitoring_stations in Absolute Number, aqi_value in Indices",,0.0
2024-01-14,Punjab,Jalandhar,1.0,PM2.5,153.0,Moderate,"number_of_monitoring_stations in Absolute Number, aqi_value in Indices",,0.0
2024-01-14,Punjab,Ludhiana,1.0,PM2.5,183.0,Moderate,"number_of_monitoring_stations in Absolute Number, aqi_value in Indices",,0.0
2024-01-14,Punjab,Patiala,1.0,PM2.5,169.0,Moderate,"number_of_monitoring_stations in Absolute Number, aqi_value in Indices",,0.0
2024-01-14,Punjab,Rupnagar,1.0,PM2.5,187.0,Moderate,"number_of_monitoring_stations in Absolute Number, aqi_value in Indices",,0.0
2024-01-15,Punjab,Amritsar,1.0,PM2.5,161.0,Moderate,"number_of_monitoring_stations in Absolute Number, aqi_value in Indices",,0.0
2024-01-15,Punjab,Jalandhar,1.0,PM2.5,148.0,Moderate,"number_of_monitoring_stations in Absolute Number, aqi_value in Indices",,0.0
2024-01-15,Punjab,Ludhiana,1.0,PM2.5,169.0,Moderate,"number_of_monitoring_stations in Absolute Number, aqi_value in Indices",,0.0
2024-01-15,Punjab,Patiala,1.0,PM2.5,75.0,Satisfactory,"number_of_monitoring_stations in Absolute Number, aqi_value in Indices",,0.0
2024-01-15,Punjab,Rupnagar,1.0,CO,101.0,Moderate,"number_of_monitoring_stations in Absolute Number, aqi_value in Indices",,0.0
2024-01-16,Punjab,Amritsar,1.0,PM2.5,172.0,Moderate,"number_of_monitoring_stations in Absolute Number, aqi_value in Indices",,0.0
2024-01-16,Punjab,Bathinda,1.0,PM10,97.0,Satisfactory,"number_of_monitoring_stations in Absolute Number, aqi_value in Indices",,0.0
2024-01-16,Punjab,Jalandhar,1.0,PM2.5,206.0,Poor,"number_of_monitoring_stations in Absolute Number, aqi_value in Indices",,0.0
2024-01-16,Punjab,Ludhiana,1.0,PM10,131.0,Moderate,"number_of_monitoring_stations in Absolute Number, aqi_value in Indices",,0.0
2024-01-16,Punjab,Patiala,1.0,PM2.5,168.0,Moderate,"number_of_monitoring_stations in Absolute Number, aqi_value in Indices",,0.0
2024-01-17,Punjab,Amritsar,1.0,PM2.5,155.0,Moderate,"number_of_monitoring_stations in Absolute Number, aqi_value in Indices",,0.0
2024-01-17,Punjab,Bathinda,1.0,PM2.5,96.0,Satisfactory,"number_of_monitoring_stations in Absolute Number, aqi_value in Indices",,0.0
2024-01-17,Punjab,Jalandhar,1.0,PM2.5,224.0,Poor,"number_of_monitoring_stations in Absolute Number, aqi_value in Indices",,0.0
2024-01-17,Punjab,Ludhiana,1.0,PM2.5,284.0,Poor,"number_of_monitoring_stations in Absolute Number, aqi_value in Indices",,0.0
2024-01-17,Punjab,Patiala,1.0,PM2.5,157.0,Moderate,"number_of_monitoring_stations in Absolute Number, aqi_value in Indices",,0.0
2024-01-17,Punjab,Rupnagar,1.0,PM2.5,228.0,Poor,"number_of_monitoring_stations in Absolute Number, aqi_value in Indices",,0.0
2024-01-18,Punjab,Amritsar,1.0,PM2.5,153.0,Moderate,"number_of_monitoring_stations in Absolute Number, aqi_value in Indices",,0.0
2024-01-18,Punjab,Bathinda,1.0,PM2.5,72.0,Satisfactory,"number_of_monitoring_stations in Absolute Number, aqi_value in Indices",,0.0
2024-01-18,Punjab,Jalandhar,1.0,PM2.5,184.0,Moderate,"number_of_monitoring_stations in Absolute Number, aqi_value in Indices",,0.0
2024-01-18,Punjab,Ludhiana,1.0,PM2.5,231.0,Poor,"number_of_monitoring_stations in Absolute Number, aqi_value in Indices",,0.0
2024-01-18,Punjab,Patiala,1.0,PM2.5,194.0,Moderate,"number_of_monitoring_stations in Absolute Number, aqi_value in Indices",,0.0
2024-01-18,Punjab,Rupnagar,1.0,PM2.5,225.0,Poor,"number_of_monitoring_stations in Absolute Number, aqi_value in Indices",,0.0
2024-01-19,Punjab,Amritsar,1.0,PM10,132.0,Moderate,"number_of_monitoring_stations in Absolute Number, aqi_value in Indices",,0.0
2024-01-19,Punjab,Bathinda,1.0,PM10,77.0,Satisfactory,"number_of_monitoring_stations in Absolute Number, aqi_value in Indices",,0.0
2024-01-19,Punjab,Ludhiana,1.0,PM10,115.0,Moderate,"number_of_monitoring_stations in Absolute Number, aqi_value in Indices",,0.0
2024-01-19,Punjab,Patiala,1.0,PM2.5,165.0,Moderate,"number_of_monitoring_stations in Absolute Number, aqi_value in Indices",,0.0
2024-01-19,Punjab,Rupnagar,1.0,PM2.5,228.0,Poor,"number_of_monitoring_stations in Absolute Number, aqi_value in Indices",,0.0
2024-01-20,Punjab,Amritsar,1.0,PM10,128.0,Moderate,"number_of_monitoring_stations in Absolute Number, aqi_value in Indices",,0.0
2024-01-20,Punjab,Bathinda,1.0,PM10,86.0,Satisfactory,"number_of_monitoring_stations in Absolute Number, aqi_value in Indices",,0.0
2024-01-20,Punjab,Jalandhar,1.0,PM2.5,172.0,Moderate,"number_of_monitoring_stations in Absolute Number, aqi_value in Indices",,0.0
2024-01-20,Punjab,Ludhiana,1.0,PM2.5,261.0,Poor,"number_of_monitoring_stations in Absolute Number, aqi_value in Indices",,0.0
2024-01-20,Punjab,Patiala,1.0,PM2.5,167.0,Moderate,"number_of_monitoring_stations in Absolute Number, aqi_value in Indices",,0.0
2024-01-20,Punjab,Rupnagar,1.0,PM2.5,325.0,Very Poor,"number_of_monitoring_stations in Absolute Number, aqi_value in Indices",,0.0
2024-01-21,Punjab,Amritsar,1.0,PM10,132.0,Moderate,"number_of_monitoring_stations in Absolute Number, aqi_value in Indices",,0.0
2024-01-21,Punjab,Bathinda,1.0,PM10,75.0,Satisfactory,"number_of_monitoring_stations in Absolute Number, aqi_value in Indices",,0.0
2024-01-21,Punjab,Jalandhar,1.0,PM2.5,178.0,Moderate,"number_of_monitoring_stations in Absolute Number, aqi_value in Indices",,0.0
2024-01-21,Punjab,Ludhiana,1.0,PM2.5,166.0,Moderate,"number_of_monitoring_stations in Absolute Number, aqi_value in Indices",,0.0
2024-01-21,Punjab,Patiala,1.0,PM2.5,186.0,Moderate,"number_of_monitoring_stations in Absolute Number, aqi_value in Indices",,0.0
2024-01-21,Punjab,Rupnagar,1.0,PM2.5,145.0,Moderate,"number_of_monitoring_stations in Absolute Number, aqi_value in Indices",,0.0
2024-01-22,Punjab,Amritsar,1.0,PM10,132.0,Moderate,"number_of_monitoring_stations in Absolute Number, aqi_value in Indices",,0.0
2024-01-22,Punjab,Bathinda,1.0,PM2.5,96.0,Satisfactory,"number_of_monitoring_stations in Absolute Number, aqi_value in Indices",,0.0
2024-01-22,Punjab,Jalandhar,1.0,PM2.5,123.0,Moderate,"number_of_monitoring_stations in Absolute Number, aqi_value in Indices",,0.0
2024-01-22,Punjab,Ludhiana,1.0,PM2.5,174.0,Moderate,"number_of_monitoring_stations in Absolute Number, aqi_value in Indices",,0.0
2024-01-22,Punjab,Patiala,1.0,PM2.5,216.0,Poor,"number_of_monitoring_stations in Absolute Number, aqi_value in Indices",,0.0
2024-01-22,Punjab,Rupnagar,1.0,PM2.5,178.0,Moderate,"number_of_monitoring_stations in Absolute Number, aqi_value in Indices",,0.0
2024-01-23,Punjab,Amritsar,1.0,PM2.5,155.0,Moderate,"number_of_monitoring_stations in Absolute Number, aqi_value in Indices",,0.0
2024-01-23,Punjab,Bathinda,1.0,PM2.5,72.0,Satisfactory,"number_of_monitoring_stations in Absolute Number, aqi_value in Indices",,0.0
2024-01-23,Punjab,Jalandhar,1.0,PM2.5,150.0,Moderate,"number_of_monitoring_stations in Absolute Number, aqi_value in Indices",,0.0
2024-01-23,Punjab,Ludhiana,1.0,PM2.5,279.0,Poor,"number_of_monitoring_stations in Absolute Number, aqi_value in Indices",,0.0
2024-01-23,Punjab,Patiala,1.0,PM2.5,165.0,Moderate,"number_of_monitoring_stations in Absolute Number, aqi_value in Indices",,0.0
2024-01-23,Punjab,Rupnagar,1.0,PM2.5,323.0,Very Poor,"number_of_monitoring_stations in Absolute Number, aqi_value in Indices",,0.0
2024-01-24,Punjab,Amritsar,1.0,PM2.5,185.0,Moderate,"number_of_monitoring_stations in Absolute Number, aqi_value in Indices",,0.0
2024-01-24,Punjab,Bathinda,1.0,PM10,61.0,Satisfactory,"number_of_monitoring_stations in Absolute Number, aqi_value in Indices",,0.0
2024-01-24,Punjab,Jalandhar,1.0,PM2.5,110.0,Moderate,"number_of_monitoring_stations in Absolute Number, aqi_value in Indices",,0.0
2024-01-24,Punjab,Ludhiana,1.0,PM2.5,126.0,Moderate,"number_of_monitoring_stations in Absolute Number, aqi_value in Indices",,0.0
2024-01-24,Punjab,Patiala,1.0,PM2.5,151.0,Moderate,"number_of_monitoring_stations in Absolute Number, aqi_value in Indices",,0.0
2024-01-24,Punjab,Rupnagar,1.0,PM2.5,181.0,Moderate,"number_of_monitoring_stations in Absolute Number, aqi_value in Indices",,0.0
2024-01-25,Punjab,Amritsar,1.0,PM2.5,146.0,Moderate,"number_of_monitoring_stations in Absolute Number, aqi_value in Indices",,0.0
2024-01-25,Punjab,Bathinda,1.0,PM2.5,177.0,Moderate,"number_of_monitoring_stations in Absolute Number, aqi_value in Indices",,0.0
2024-01-25,Punjab,Jalandhar,1.0,PM2.5,130.0,Moderate,"number_of_monitoring_stations in Absolute Number, aqi_value in Indices",,0.0
2024-01-25,Punjab,Ludhiana,1.0,PM2.5,142.0,Moderate,"number_of_monitoring_stations in Absolute Number, aqi_value in Indices",,0.0
2024-01-25,Punjab,Patiala,1.0,PM2.5,129.0,Moderate,"number_of_monitoring_stations in Absolute Number, aqi_value in Indices",,0.0
2024-01-26,Punjab,Amritsar,1.0,PM2.5,138.0,Moderate,"number_of_monitoring_stations in Absolute Number, aqi_value in Indices",,0.0
2024-01-26,Punjab,Bathinda,1.0,PM2.5,78.0,Satisfactory,"number_of_monitoring_stations in Absolute Number, aqi_value in Indices",,0.0
2024-01-26,Punjab,Jalandhar,1.0,PM2.5,182.0,Moderate,"number_of_monitoring_stations in Absolute Number, aqi_value in Indices",,0.0
2024-01-26,Punjab,Patiala,1.0,PM2.5,130.0,Moderate,"number_of_monitoring_stations in Absolute Number, aqi_value in Indices",,0.0
2024-01-26,Punjab,Rupnagar,1.0,PM2.5,233.0,Poor,"number_of_monitoring_stations in Absolute Number, aqi_value in Indices",,0.0
2024-01-27,Punjab,Amritsar,1.0,PM10,130.0,Moderate,"number_of_monitoring_stations in Absolute Number, aqi_value in Indices",,0.0
2024-01-27,Punjab,Bathinda,1.0,PM10,73.0,Satisfactory,"number_of_monitoring_stations in Absolute Number, aqi_value in Indices",,0.0
2024-01-27,Punjab,Jalandhar,1.0,PM2.5,185.0,Moderate,"number_of_monitoring_stations in Absolute Number, aqi_value in Indices",,0.0
2024-01-27,Punjab,Ludhiana,1.0,PM2.5,96.0,Satisfactory,"number_of_monitoring_stations in Absolute Number, aqi_value in Indices",,0.0
2024-01-27,Punjab,Patiala,1.0,PM2.5,105.0,Moderate,"number_of_monitoring_stations in Absolute Number, aqi_value in Indices",,0.0
2024-01-27,Punjab,Rupnagar,1.0,PM2.5,210.0,Poor,"number_of_monitoring_stations in Absolute Number, aqi_value in Indices",,0.0
2024-01-28,Punjab,Amritsar,1.0,PM2.5,155.0,Moderate,"number_of_monitoring_stations in Absolute Number, aqi_value in Indices",,0.0
2024-01-28,Punjab,Bathinda,1.0,PM2.5,64.0,Satisfactory,"number_of_monitoring_stations in Absolute Number, aqi_value in Indices",,0.0
2024-01-28,Punjab,Jalandhar,1.0,PM2.5,210.0,Poor,"number_of_monitoring_stations in Absolute Number, aqi_value in Indices",,0.0
2024-01-28,Punjab,Ludhiana,1.0,PM2.5,203.0,Poor,"number_of_monitoring_stations in Absolute Number, aqi_value in Indices",,0.0
2024-01-28,Punjab,Patiala,1.0,PM2.5,110.0,Moderate,"number_of_monitoring_stations in Absolute Number, aqi_value in Indices",,0.0
2024-01-28,Punjab,Rupnagar,1.0,PM2.5,223.0,Poor,"number_of_monitoring_stations in Absolute Number, aqi_value in Indices",,0.0
2024-01-29,Punjab,Amritsar,1.0,PM2.5,147.0,Moderate,"number_of_monitoring_stations in Absolute Number, aqi_value in Indices",,0.0
2024-01-29,Punjab,Bathinda,1.0,PM10,129.0,Moderate,"number_of_monitoring_stations in Absolute Number, aqi_value in Indices",,0.0
2024-01-29,Punjab,Jalandhar,1.0,PM2.5,124.0,Moderate,"number_of_monitoring_stations in Absolute Number, aqi_value in Indices",,0.0
2024-01-29,Punjab,Ludhiana,1.0,PM2.5,239.0,Poor,"number_of_monitoring_stations in Absolute Number, aqi_value in Indices",,0.0
2024-01-29,Punjab,Patiala,1.0,PM2.5,157.0,Moderate,"number_of_monitoring_stations in Absolute Number, aqi_value in Indices",,0.0
2024-01-29,Punjab,Rupnagar,1.0,PM2.5,238.0,Poor,"number_of_monitoring_stations in Absolute Number, aqi_value in Indices",,0.0
2024-01-30,Punjab,Amritsar,1.0,PM10,126.0,Moderate,"number_of_monitoring_stations in Absolute Number, aqi_value in Indices",,0.0
2024-01-30,Punjab,Bathinda,1.0,PM10,142.0,Moderate,"number_of_monitoring_stations in Absolute Number, aqi_value in Indices",,0.0
2024-01-30,Punjab,Jalandhar,1.0,O3,224.0,Poor,"number_of_monitoring_stations in Absolute Number, aqi_value in Indices",,0.0
2024-01-30,Punjab,Ludhiana,1.0,PM2.5,200.0,Moderate,"number_of_monitoring_stations in Absolute Number, aqi_value in Indices",,0.0
2024-01-30,Punjab,Patiala,1.0,PM2.5,114.0,Moderate,"number_of_monitoring_stations in Absolute Number, aqi_value in Indices",,0.0
2024-01-30,Punjab,Rupnagar,1.0,PM2.5,187.0,Moderate,"number_of_monitoring_stations in Absolute Number, aqi_value in Indices",,0.0
2024-01-31,Punjab,Amritsar,1.0,PM10,129.0,Moderate,"number_of_monitoring_stations in Absolute Number, aqi_value in Indices",,0.0
2024-01-31,Punjab,Bathinda,1.0,PM2.5,85.0,Satisfactory,"number_of_monitoring_stations in Absolute Number, aqi_value in Indices",,0.0
2024-01-31,Punjab,Ludhiana,1.0,PM2.5,149.0,Moderate,"number_of_monitoring_stations in Absolute Number, aqi_value in Indices",,0.0
2024-01-31,Punjab,Patiala,1.0,PM2.5,91.0,Satisfactory,"number_of_monitoring_stations in Absolute Number, aqi_value in Indices",,0.0
2024-01-31,Punjab,Rupnagar,1.0,PM2.5,234.0,Poor,"number_of_monitoring_stations in Absolute Number, aqi_value in Indices",,0.0
2024-02-01,Punjab,Amritsar,1.0,PM10,88.0,Satisfactory,"number_of_monitoring_stations in Absolute Number, aqi_value in Indices",,0.0
2024-02-01,Punjab,Bathinda,1.0,PM10,121.0,Moderate,"number_of_monitoring_stations in Absolute Number, aqi_value in Indices",,0.0
2024-02-01,Punjab,Jalandhar,1.0,PM2.5,178.0,Moderate,"number_of_monitoring_stations in Absolute Number, aqi_value in Indices",,0.0
2024-02-01,Punjab,Ludhiana,1.0,PM2.5,137.0,Moderate,"number_of_monitoring_stations in Absolute Number, aqi_value in Indices",,0.0
2024-02-01,Punjab,Patiala,1.0,PM2.5,165.0,Moderate,"number_of_monitoring_stations in Absolute Number, aqi_value in Indices",,0.0
2024-02-01,Punjab,Rupnagar,1.0,PM10,91.0,Satisfactory,"number_of_monitoring_stations in Absolute Number, aqi_value in Indices",,0.0
2024-02-02,Punjab,Amritsar,1.0,PM10,69.0,Satisfactory,"number_of_monitoring_stations in Absolute Number, aqi_value in Indices",,0.0
2024-02-02,Punjab,Bathinda,1.0,PM10,82.0,Satisfactory,"number_of_monitoring_stations in Absolute Number, aqi_value in Indices",,0.0
2024-02-02,Punjab,Jalandhar,1.0,PM10,65.0,Satisfactory,"number_of_monitoring_stations in Absolute Number, aqi_value in Indices",,0.0
2024-02-02,Punjab,Ludhiana,1.0,PM10,79.0,Satisfactory,"number_of_monitoring_stations in Absolute Number, aqi_value in Indices",,0.0
2024-02-02,Punjab,Patiala,1.0,PM10,50.0,Good,"number_of_monitoring_stations in Absolute Number, aqi_value in Indices",,0.0
2024-02-02,Punjab,Rupnagar,1.0,PM10,159.0,Moderate,"number_of_monitoring_stations in Absolute Number, aqi_value in Indices",,0.0
2024-02-03,Punjab,Amritsar,1.0,PM10,88.0,Satisfactory,"number_of_monitoring_stations in Absolute Number, aqi_value in Indices",,0.0
2024-02-03,Punjab,Bathinda,1.0,PM10,91.0,Satisfactory,"number_of_monitoring_stations in Absolute Number, aqi_value in Indices",,0.0
2024-02-03,Punjab,Jalandhar,1.0,PM10,99.0,Satisfactory,"number_of_monitoring_stations in Absolute Number, aqi_value in Indices",,0.0
2024-02-03,Punjab,Ludhiana,1.0,PM10,64.0,Satisfactory,"number_of_monitoring_stations in Absolute Number, aqi_value in Indices",,0.0
2024-02-03,Punjab,Patiala,1.0,PM10,55.0,Satisfactory,"number_of_monitoring_stations in Absolute Number, aqi_value in Indices",,0.0
2024-02-03,Punjab,Rupnagar,1.0,PM10,186.0,Moderate,"number_of_monitoring_stations in Absolute Number, aqi_value in Indices",,0.0
2024-02-04,Punjab,Bathinda,1.0,PM10,90.0,Satisfactory,"number_of_monitoring_stations in Absolute Number, aqi_value in Indices",,0.0
2024-02-04,Punjab,Jalandhar,1.0,PM10,75.0,Satisfactory,"number_of_monitoring_stations in Absolute Number, aqi_value in Indices",,0.0
2024-02-04,Punjab,Ludhiana,1.0,PM10,90.0,Satisfactory,"number_of_monitoring_stations in Absolute Number, aqi_value in Indices",,0.0
2024-02-04,Punjab,Patiala,1.0,PM2.5,57.0,Satisfactory,"number_of_monitoring_stations in Absolute Number, aqi_value in Indices",,0.0
2024-02-04,Punjab,Rupnagar,1.0,PM10,172.0,Moderate,"number_of_monitoring_stations in Absolute Number, aqi_value in Indices",,0.0
2024-02-05,Punjab,Amritsar,1.0,PM10,87.0,Satisfactory,"number_of_monitoring_stations in Absolute Number, aqi_value in Indices",,0.0
2024-02-05,Punjab,Bathinda,1.0,PM10,74.0,Satisfactory,"number_of_monitoring_stations in Absolute Number, aqi_value in Indices",,0.0
2024-02-05,Punjab,Jalandhar,1.0,PM10,43.0,Good,"number_of_monitoring_stations in Absolute Number, aqi_value in Indices",,0.0
2024-02-05,Punjab,Ludhiana,1.0,PM10,44.0,Good,"number_of_monitoring_stations in Absolute Number, aqi_value in Indices",,0.0
2024-02-05,Punjab,Patiala,1.0,PM2.5,43.0,Good,"number_of_monitoring_stations in Absolute Number, aqi_value in Indices",,0.0
2024-02-06,Punjab,Bathinda,1.0,CO,66.0,Satisfactory,"number_of_monitoring_stations in Absolute Number, aqi_value in Indices",,0.0
2024-02-06,Punjab,Jalandhar,1.0,PM10,103.0,Moderate,"number_of_monitoring_stations in Absolute Number, aqi_value in Indices",,0.0
2024-02-06,Punjab,Ludhiana,1.0,PM2.5,61.0,Satisfactory,"number_of_monitoring_stations in Absolute Number, aqi_value in Indices",,0.0
2024-02-06,Punjab,Patiala,1.0,PM10,68.0,Satisfactory,"number_of_monitoring_stations in Absolute Number, aqi_value in Indices",,0.0
2024-02-06,Punjab,Rupnagar,1.0,PM10,98.0,Satisfactory,"number_of_monitoring_stations in Absolute Number, aqi_value in Indices",,0.0
2024-02-07,Punjab,Amritsar,1.0,PM10,109.0,Moderate,"number_of_monitoring_stations in Absolute Number, aqi_value in Indices",,0.0
2024-02-07,Punjab,Jalandhar,1.0,PM2.5,128.0,Moderate,"number_of_monitoring_stations in Absolute Number, aqi_value in Indices",,0.0
2024-02-07,Punjab,Ludhiana,1.0,PM10,105.0,Moderate,"number_of_monitoring_stations in Absolute Number, aqi_value in Indices",,0.0
2024-02-07,Punjab,Patiala,1.0,PM10,73.0,Satisfactory,"number_of_monitoring_stations in Absolute Number, aqi_value in Indices",,0.0
2024-02-07,Punjab,Rupnagar,1.0,PM10,230.0,Poor,"number_of_monitoring_stations in Absolute Number, aqi_value in Indices",,0.0
2024-02-08,Punjab,Amritsar,1.0,PM10,102.0,Moderate,"number_of_monitoring_stations in Absolute Number, aqi_value in Indices",,0.0
2024-02-08,Punjab,Bathinda,1.0,PM10,75.0,Satisfactory,"number_of_monitoring_stations in Absolute Number, aqi_value in Indices",,0.0
2024-02-08,Punjab,Jalandhar,1.0,PM2.5,103.0,Moderate,"number_of_monitoring_stations in Absolute Number, aqi_value in Indices",,0.0
2024-02-08,Punjab,Ludhiana,1.0,PM10,106.0,Moderate,"number_of_monitoring_stations in Absolute Number, aqi_value in Indices",,0.0
2024-02-08,Punjab,Patiala,1.0,PM10,77.0,Satisfactory,"number_of_monitoring_stations in Absolute Number, aqi_value in Indices",,0.0
2024-02-08,Punjab,Rupnagar,1.0,PM10,107.0,Moderate,"number_of_monitoring_stations in Absolute Number, aqi_value in Indices",,0.0
2024-02-09,Punjab,Amritsar,1.0,PM10,106.0,Moderate,"number_of_monitoring_stations in Absolute Number, aqi_value in Indices",,0.0
2024-02-09,Punjab,Bathinda,1.0,PM10,103.0,Moderate,"number_of_monitoring_stations in Absolute Number, aqi_value in Indices",,0.0
2024-02-09,Punjab,Jalandhar,1.0,PM2.5,123.0,Moderate,"number_of_monitoring_stations in Absolute Number, aqi_value in Indices",,0.0
2024-02-09,Punjab,Ludhiana,1.0,PM10,99.0,Satisfactory,"number_of_monitoring_stations in Absolute Number, aqi_value in Indices",,0.0
2024-02-09,Punjab,Patiala,1.0,PM10,72.0,Satisfactory,"number_of_monitoring_stations in Absolute Number, aqi_value in Indices",,0.0
2024-02-09,Punjab,Rupnagar,1.0,PM10,112.0,Moderate,"number_of_monitoring_stations in Absolute Number, aqi_value in Indices",,0.0
2024-02-10,Punjab,Amritsar,1.0,PM10,114.0,Moderate,"number_of_monitoring_stations in Absolute Number, aqi_value in Indices",,0.0
2024-02-10,Punjab,Bathinda,1.0,PM10,146.0,Moderate,"number_of_monitoring_stations in Absolute Number, aqi_value in Indices",,0.0
2024-02-10,Punjab,Jalandhar,1.0,PM2.5,166.0,Moderate,"number_of_monitoring_stations in Absolute Number, aqi_value in Indices",,0.0
2024-02-10,Punjab,Ludhiana,1.0,PM2.5,231.0,Poor,"number_of_monitoring_stations in Absolute Number, aqi_value in Indices",,0.0
2024-02-10,Punjab,Patiala,1.0,PM2.5,129.0,Moderate,"number_of_monitoring_stations in Absolute Number, aqi_value in Indices",,0.0
2024-02-10,Punjab,Rupnagar,1.0,PM10,172.0,Moderate,"number_of_monitoring_stations in Absolute Number, aqi_value in Indices",,0.0
2024-02-11,Punjab,Amritsar,1.0,PM2.5,138.0,Moderate,"number_of_monitoring_stations in Absolute Number, aqi_value in Indices",,0.0
2024-02-11,Punjab,Bathinda,1.0,PM10,134.0,Moderate,"number_of_monitoring_stations in Absolute Number, aqi_value in Indices",,0.0
2024-02-11,Punjab,Jalandhar,1.0,PM2.5,204.0,Poor,"number_of_monitoring_stations in Absolute Number, aqi_value in Indices",,0.0
2024-02-11,Punjab,Ludhiana,1.0,PM10,112.0,Moderate,"number_of_monitoring_stations in Absolute Number, aqi_value in Indices",,0.0
2024-02-11,Punjab,Patiala,1.0,PM2.5,121.0,Moderate,"number_of_monitoring_stations in Absolute Number, aqi_value in Indices",,0.0
2024-02-11,Punjab,Rupnagar,1.0,PM10,146.0,Moderate,"number_of_monitoring_stations in Absolute Number, aqi_value in Indices",,0.0
2024-02-12,Punjab,Amritsar,1.0,PM2.5,143.0,Moderate,"number_of_monitoring_stations in Absolute Number, aqi_value in Indices",,0.0
2024-02-12,Punjab,Bathinda,1.0,PM2.5,147.0,Moderate,"number_of_monitoring_stations in Absolute Number, aqi_value in Indices",,0.0
2024-02-12,Punjab,Jalandhar,1.0,PM10,98.0,Satisfactory,"number_of_monitoring_stations in Absolute Number, aqi_value in Indices",,0.0
2024-02-12,Punjab,Ludhiana,1.0,PM2.5,125.0,Moderate,"number_of_monitoring_stations in Absolute Number, aqi_value in Indices",,0.0
2024-02-12,Punjab,Patiala,1.0,PM10,103.0,Moderate,"number_of_monitoring_stations in Absolute Number, aqi_value in Indices",,0.0
2024-02-12,Punjab,Rupnagar,1.0,PM10,114.0,Moderate,"number_of_monitoring_stations in Absolute Number, aqi_value in Indices",,0.0
2024-02-13,Punjab,Amritsar,1.0,PM2.5,148.0,Moderate,"number_of_monitoring_stations in Absolute Number, aqi_value in Indices",,0.0
2024-02-13,Punjab,Bathinda,1.0,PM2.5,149.0,Moderate,"number_of_monitoring_stations in Absolute Number, aqi_value in Indices",,0.0
2024-02-13,Punjab,Jalandhar,1.0,PM10,144.0,Moderate,"number_of_monitoring_stations in Absolute Number, aqi_value in Indices",,0.0
2024-02-13,Punjab,Ludhiana,1.0,PM2.5,148.0,Moderate,"number_of_monitoring_stations in Absolute Number, aqi_value in Indices",,0.0
2024-02-13,Punjab,Patiala,1.0,PM2.5,116.0,Moderate,"number_of_monitoring_stations in Absolute Number, aqi_value in Indices",,0.0
2024-02-13,Punjab,Rupnagar,1.0,PM10,124.0,Moderate,"number_of_monitoring_stations in Absolute Number, aqi_value in Indices",,0.0
2024-02-14,Punjab,Amritsar,1.0,PM2.5,134.0,Moderate,"number_of_monitoring_stations in Absolute Number, aqi_value in Indices",,0.0
2024-02-14,Punjab,Bathinda,1.0,PM2.5,131.0,Moderate,"number_of_monitoring_stations in Absolute Number, aqi_value in Indices",,0.0
2024-02-14,Punjab,Jalandhar,1.0,PM10,109.0,Moderate,"number_of_monitoring_stations in Absolute Number, aqi_value in Indices",,0.0
2024-02-14,Punjab,Ludhiana,1.0,PM10,116.0,Moderate,"number_of_monitoring_stations in Absolute Number, aqi_value in Indices",,0.0
2024-02-14,Punjab,Patiala,1.0,PM2.5,187.0,Moderate,"number_of_monitoring_stations in Absolute Number, aqi_value in Indices",,0.0
2024-02-14,Punjab,Rupnagar,1.0,PM10,116.0,Moderate,"number_of_monitoring_stations in Absolute Number, aqi_value in Indices",,0.0
2024-02-15,Punjab,Amritsar,1.0,PM2.5,173.0,Moderate,"number_of_monitoring_stations in Absolute Number, aqi_value in Indices",,0.0
2024-02-15,Punjab,Bathinda,1.0,PM2.5,147.0,Moderate,"number_of_monitoring_stations in Absolute Number, aqi_value in Indices",,0.0
2024-02-15,Punjab,Jalandhar,1.0,PM10,117.0,Moderate,"number_of_monitoring_stations in Absolute Number, aqi_value in Indices",,0.0
2024-02-15,Punjab,Ludhiana,1.0,PM2.5,138.0,Moderate,"number_of_monitoring_stations in Absolute Number, aqi_value in Indices",,0.0
2024-02-15,Punjab,Patiala,1.0,PM2.5,109.0,Moderate,"number_of_monitoring_stations in Absolute Number, aqi_value in Indices",,0.0
2024-02-15,Punjab,Rupnagar,1.0,PM10,106.0,Moderate,"number_of_monitoring_stations in Absolute Number, aqi_value in Indices",,0.0
2024-02-16,Punjab,Amritsar,1.0,PM2.5,163.0,Moderate,"number_of_monitoring_stations in Absolute Number, aqi_value in Indices",,0.0
2024-02-16,Punjab,Bathinda,1.0,PM10,163.0,Moderate,"number_of_monitoring_stations in Absolute Number, aqi_value in Indices",,0.0
2024-02-16,Punjab,Jalandhar,1.0,PM10,131.0,Moderate,"number_of_monitoring_stations in Absolute Number, aqi_value in Indices",,0.0
2024-02-16,Punjab,Ludhiana,1.0,PM2.5,123.0,Moderate,"number_of_monitoring_stations in Absolute Number, aqi_value in Indices",,0.0
2024-02-16,Punjab,Patiala,1.0,PM2.5,137.0,Moderate,"number_of_monitoring_stations in Absolute Number, aqi_value in Indices",,0.0
2024-02-16,Punjab,Rupnagar,1.0,PM10,117.0,Moderate,"number_of_monitoring_stations in Absolute Number, aqi_value in Indices",,0.0
2024-02-17,Punjab,Amritsar,1.0,PM2.5,158.0,Moderate,"number_of_monitoring_stations in Absolute Number, aqi_value in Indices",,0.0
2024-02-17,Punjab,Bathinda,1.0,PM2.5,92.0,Satisfactory,"number_of_monitoring_stations in Absolute Number, aqi_value in Indices",,0.0
2024-02-17,Punjab,Jalandhar,1.0,PM10,133.0,Moderate,"number_of_monitoring_stations in Absolute Number, aqi_value in Indices",,0.0
2024-02-17,Punjab,Ludhiana,1.0,PM10,116.0,Moderate,"number_of_monitoring_stations in Absolute Number, aqi_value in Indices",,0.0
2024-02-17,Punjab,Patiala,1.0,PM10,93.0,Satisfactory,"number_of_monitoring_stations in Absolute Number, aqi_value in Indices",,0.0
2024-02-17,Punjab,Rupnagar,1.0,PM10,113.0,Moderate,"number_of_monitoring_stations in Absolute Number, aqi_value in Indices",,0.0
2024-02-18,Punjab,Amritsar,1.0,PM2.5,152.0,Moderate,"number_of_monitoring_stations in Absolute Number, aqi_value in Indices",,0.0
2024-02-18,Punjab,Bathinda,1.0,PM2.5,88.0,Satisfactory,"number_of_monitoring_stations in Absolute Number, aqi_value in Indices",,0.0
2024-02-18,Punjab,Jalandhar,1.0,PM10,144.0,Moderate,"number_of_monitoring_stations in Absolute Number, aqi_value in Indices",,0.0
2024-02-18,Punjab,Ludhiana,1.0,PM2.5,202.0,Poor,"number_of_monitoring_stations in Absolute Number, aqi_value in Indices",,0.0
2024-02-18,Punjab,Patiala,1.0,PM2.5,123.0,Moderate,"number_of_monitoring_stations in Absolute Number, aqi_value in Indices",,0.0
2024-02-18,Punjab,Rupnagar,1.0,PM2.5,134.0,Moderate,"number_of_monitoring_stations in Absolute Number, aqi_value in Indices",,0.0
2024-02-19,Punjab,Amritsar,1.0,PM2.5,138.0,Moderate,"number_of_monitoring_stations in Absolute Number, aqi_value in Indices",,0.0
2024-02-19,Punjab,Bathinda,1.0,PM2.5,115.0,Moderate,"number_of_monitoring_stations in Absolute Number, aqi_value in Indices",,0.0
2024-02-19,Punjab,Jalandhar,1.0,PM10,134.0,Moderate,"number_of_monitoring_stations in Absolute Number, aqi_value in Indices",,0.0
2024-02-19,Punjab,Ludhiana,1.0,PM2.5,223.0,Poor,"number_of_monitoring_stations in Absolute Number, aqi_value in Indices",,0.0
2024-02-19,Punjab,Rupnagar,1.0,PM2.5,135.0,Moderate,"number_of_monitoring_stations in Absolute Number, aqi_value in Indices",,0.0
2024-02-20,Punjab,Amritsar,1.0,PM2.5,148.0,Moderate,"number_of_monitoring_stations in Absolute Number, aqi_value in Indices",,0.0
2024-02-20,Punjab,Bathinda,1.0,PM2.5,66.0,Satisfactory,"number_of_monitoring_stations in Absolute Number, aqi_value in Indices",,0.0
2024-02-20,Punjab,Jalandhar,1.0,PM10,104.0,Moderate,"number_of_monitoring_stations in Absolute Number, aqi_value in Indices",,0.0
2024-02-20,Punjab,Ludhiana,1.0,PM10,102.0,Moderate,"number_of_monitoring_stations in Absolute Number, aqi_value in Indices",,0.0
2024-02-20,Punjab,Patiala,1.0,PM10,86.0,Satisfactory,"number_of_monitoring_stations in Absolute Number, aqi_value in Indices",,0.0
2024-02-20,Punjab,Rupnagar,1.0,PM10,60.0,Satisfactory,"number_of_monitoring_stations in Absolute Number, aqi_value in Indices",,0.0
2024-02-21,Punjab,Amritsar,1.0,PM2.5,120.0,Moderate,"number_of_monitoring_stations in Absolute Number, aqi_value in Indices",,0.0
2024-02-21,Punjab,Bathinda,1.0,PM10,133.0,Moderate,"number_of_monitoring_stations in Absolute Number, aqi_value in Indices",,0.0
2024-02-21,Punjab,Jalandhar,1.0,PM10,106.0,Moderate,"number_of_monitoring_stations in Absolute Number, aqi_value in Indices",,0.0
2024-02-21,Punjab,Ludhiana,1.0,PM10,110.0,Moderate,"number_of_monitoring_stations in Absolute Number, aqi_value in Indices",,0.0
2024-02-21,Punjab,Patiala,1.0,PM2.5,73.0,Satisfactory,"number_of_monitoring_stations in Absolute Number, aqi_value in Indices",,0.0
2024-02-21,Punjab,Rupnagar,1.0,PM10,76.0,Satisfactory,"number_of_monitoring_stations in Absolute Number, aqi_value in Indices",,0.0
2024-02-22,Punjab,Amritsar,1.0,PM10,79.0,Satisfactory,"number_of_monitoring_stations in Absolute Number, aqi_value in Indices",,0.0
2024-02-22,Punjab,Bathinda,1.0,PM10,93.0,Satisfactory,"number_of_monitoring_stations in Absolute Number, aqi_value in Indices",,0.0
2024-02-22,Punjab,Jalandhar,1.0,PM10,97.0,Satisfactory,"number_of_monitoring_stations in Absolute Number, aqi_value in Indices",,0.0
2024-02-22,Punjab,Ludhiana,1.0,PM10,68.0,Satisfactory,"number_of_monitoring_stations in Absolute Number, aqi_value in Indices",,0.0
2024-02-22,Punjab,Patiala,1.0,PM10,78.0,Satisfactory,"number_of_monitoring_stations in Absolute Number, aqi_value in Indices",,0.0
2024-02-22,Punjab,Rupnagar,1.0,PM10,104.0,Moderate,"number_of_monitoring_stations in Absolute Number, aqi_value in Indices",,0.0
2024-02-23,Punjab,Amritsar,1.0,PM10,92.0,Satisfactory,"number_of_monitoring_stations in Absolute Number, aqi_value in Indices",,0.0
2024-02-23,Punjab,Bathinda,1.0,PM2.5,36.0,Good,"number_of_monitoring_stations in Absolute Number, aqi_value in Indices",,0.0
2024-02-23,Punjab,Jalandhar,1.0,PM10,74.0,Satisfactory,"number_of_monitoring_stations in Absolute Number, aqi_value in Indices",,0.0
2024-02-23,Punjab,Ludhiana,1.0,PM10,62.0,Satisfactory,"number_of_monitoring_stations in Absolute Number, aqi_value in Indices",,0.0
2024-02-23,Punjab,Patiala,1.0,PM10,68.0,Satisfactory,"number_of_monitoring_stations in Absolute Number, aqi_value in Indices",,0.0
2024-02-23,Punjab,Rupnagar,1.0,PM10,76.0,Satisfactory,"number_of_monitoring_stations in Absolute Number, aqi_value in Indices",,0.0
2024-02-24,Punjab,Amritsar,1.0,PM10,68.0,Satisfactory,"number_of_monitoring_stations in Absolute Number, aqi_value in Indices",,0.0
2024-02-24,Punjab,Bathinda,1.0,SO2,61.0,Satisfactory,"number_of_monitoring_stations in Absolute Number, aqi_value in Indices",,0.0
2024-02-24,Punjab,Jalandhar,1.0,PM10,100.0,Satisfactory,"number_of_monitoring_stations in Absolute Number, aqi_value in Indices",,0.0
2024-02-24,Punjab,Ludhiana,1.0,PM10,95.0,Satisfactory,"number_of_monitoring_stations in Absolute Number, aqi_value in Indices",,0.0
2024-02-24,Punjab,Patiala,1.0,PM10,72.0,Satisfactory,"number_of_monitoring_stations in Absolute Number, aqi_value in Indices",,0.0
2024-02-24,Punjab,Rupnagar,1.0,PM10,96.0,Satisfactory,"number_of_monitoring_stations in Absolute Number, aqi_value in Indices",,0.0
2024-02-25,Punjab,Amritsar,1.0,CO,58.0,Satisfactory,"number_of_monitoring_stations in Absolute Number, aqi_value in Indices",,0.0
2024-02-25,Punjab,Bathinda,1.0,PM10,103.0,Moderate,"number_of_monitoring_stations in Absolute Number, aqi_value in Indices",,0.0
2024-02-25,Punjab,Jalandhar,1.0,PM10,105.0,Moderate,"number_of_monitoring_stations in Absolute Number, aqi_value in Indices",,0.0
2024-02-25,Punjab,Ludhiana,1.0,PM10,119.0,Moderate,"number_of_monitoring_stations in Absolute Number, aqi_value in Indices",,0.0
2024-02-25,Punjab,Patiala,1.0,PM10,77.0,Satisfactory,"number_of_monitoring_stations in Absolute Number, aqi_value in Indices",,0.0
2024-02-25,Punjab,Rupnagar,1.0,PM10,134.0,Moderate,"number_of_monitoring_stations in Absolute Number, aqi_value in Indices",,0.0
2024-02-26,Punjab,Amritsar,1.0,CO,64.0,Satisfactory,"number_of_monitoring_stations in Absolute Number, aqi_value in Indices",,0.0
2024-02-26,Punjab,Bathinda,1.0,PM10,99.0,Satisfactory,"number_of_monitoring_stations in Absolute Number, aqi_value in Indices",,0.0
2024-02-26,Punjab,Jalandhar,1.0,PM10,98.0,Satisfactory,"number_of_monitoring_stations in Absolute Number, aqi_value in Indices",,0.0
2024-02-26,Punjab,Ludhiana,1.0,PM10,79.0,Satisfactory,"number_of_monitoring_stations in Absolute Number, aqi_value in Indices",,0.0
2024-02-26,Punjab,Patiala,1.0,PM10,76.0,Satisfactory,"number_of_monitoring_stations in Absolute Number, aqi_value in Indices",,0.0
2024-02-26,Punjab,Rupnagar,1.0,PM10,91.0,Satisfactory,"number_of_monitoring_stations in Absolute Number, aqi_value in Indices",,0.0
2024-02-27,Punjab,Amritsar,1.0,PM10,82.0,Satisfactory,"number_of_monitoring_stations in Absolute Number, aqi_value in Indices",,0.0
2024-02-27,Punjab,Bathinda,1.0,PM2.5,44.0,Good,"number_of_monitoring_stations in Absolute Number, aqi_value in Indices",,0.0
2024-02-27,Punjab,Jalandhar,1.0,PM10,93.0,Satisfactory,"number_of_monitoring_stations in Absolute Number, aqi_value in Indices",,0.0
2024-02-27,Punjab,Ludhiana,1.0,PM10,82.0,Satisfactory,"number_of_monitoring_stations in Absolute Number, aqi_value in Indices",,0.0
2024-02-27,Punjab,Patiala,1.0,PM10,66.0,Satisfactory,"number_of_monitoring_stations in Absolute Number, aqi_value in Indices",,0.0
2024-02-27,Punjab,Rupnagar,1.0,PM10,76.0,Satisfactory,"number_of_monitoring_stations in Absolute Number, aqi_value in Indices",,0.0
2024-02-29,Punjab,Amritsar,1.0,PM10,134.0,Moderate,"number_of_monitoring_stations in Absolute Number, aqi_value in Indices",,0.0
2024-02-29,Punjab,Bathinda,1.0,PM2.5,54.0,Satisfactory,"number_of_monitoring_stations in Absolute Number, aqi_value in Indices",,0.0
2024-02-29,Punjab,Jalandhar,1.0,PM10,104.0,Moderate,"number_of_monitoring_stations in Absolute Number, aqi_value in Indices",,0.0
2024-02-29,Punjab,Ludhiana,1.0,PM10,114.0,Moderate,"number_of_monitoring_stations in Absolute Number, aqi_value in Indices",,0.0
2024-02-29,Punjab,Patiala,1.0,PM10,90.0,Satisfactory,"number_of_monitoring_stations in Absolute Number, aqi_value in Indices",,0.0
2024-02-29,Punjab,Rupnagar,1.0,PM10,105.0,Moderate,"number_of_monitoring_stations in Absolute Number, aqi_value in Indices",,0.0
2024-03-01,Punjab,Amritsar,1.0,PM10,85.0,Satisfactory,"number_of_monitoring_stations in Absolute Number, aqi_value in Indices",,0.0
2024-03-01,Punjab,Bathinda,1.0,PM10,121.0,Moderate,"number_of_monitoring_stations in Absolute Number, aqi_value in Indices",,0.0
2024-03-01,Punjab,Jalandhar,1.0,PM10,96.0,Satisfactory,"number_of_monitoring_stations in Absolute Number, aqi_value in Indices",,0.0
2024-03-01,Punjab,Ludhiana,1.0,PM10,104.0,Moderate,"number_of_monitoring_stations in Absolute Number, aqi_value in Indices",,0.0
2024-03-01,Punjab,Patiala,1.0,PM2.5,106.0,Moderate,"number_of_monitoring_stations in Absolute Number, aqi_value in Indices",,0.0
2024-03-01,Punjab,Rupnagar,1.0,PM10,230.0,Poor,"number_of_monitoring_stations in Absolute Number, aqi_value in Indices",,0.0
2024-03-02,Punjab,Amritsar,1.0,PM10,96.0,Satisfactory,"number_of_monitoring_stations in Absolute Number, aqi_value in Indices",,0.0
2024-03-02,Punjab,Bathinda,1.0,PM10,134.0,Moderate,"number_of_monitoring_stations in Absolute Number, aqi_value in Indices",,0.0
2024-03-02,Punjab,Jalandhar,1.0,PM10,35.0,Good,"number_of_monitoring_stations in Absolute Number, aqi_value in Indices",,0.0
2024-03-02,Punjab,Ludhiana,1.0,PM10,105.0,Moderate,"number_of_monitoring_stations in Absolute Number, aqi_value in Indices",,0.0
2024-03-02,Punjab,Patiala,1.0,PM10,83.0,Satisfactory,"number_of_monitoring_stations in Absolute Number, aqi_value in Indices",,0.0
2024-03-02,Punjab,Rupnagar,1.0,PM10,96.0,Satisfactory,"number_of_monitoring_stations in Absolute Number, aqi_value in Indices",,0.0
2024-03-03,Punjab,Amritsar,1.0,PM2.5,139.0,Moderate,"number_of_monitoring_stations in Absolute Number, aqi_value in Indices",,0.0
2024-03-03,Punjab,Bathinda,1.0,PM10,95.0,Satisfactory,"number_of_monitoring_stations in Absolute Number, aqi_value in Indices",,0.0
2024-03-03,Punjab,Jalandhar,1.0,PM10,64.0,Satisfactory,"number_of_monitoring_stations in Absolute Number, aqi_value in Indices",,0.0
2024-03-03,Punjab,Ludhiana,1.0,PM10,86.0,Satisfactory,"number_of_monitoring_stations in Absolute Number, aqi_value in Indices",,0.0
2024-03-03,Punjab,Patiala,1.0,PM10,64.0,Satisfactory,"number_of_monitoring_stations in Absolute Number, aqi_value in Indices",,0.0
2024-03-04,Punjab,Amritsar,1.0,PM10,95.0,Satisfactory,"number_of_monitoring_stations in Absolute Number, aqi_value in Indices",,0.0
2024-03-04,Punjab,Bathinda,1.0,PM10,63.0,Satisfactory,"number_of_monitoring_stations in Absolute Number, aqi_value in Indices",,0.0
2024-03-04,Punjab,Jalandhar,1.0,O3,66.0,Satisfactory,"number_of_monitoring_stations in Absolute Number, aqi_value in Indices",,0.0
2024-03-04,Punjab,Ludhiana,1.0,PM10,57.0,Satisfactory,"number_of_monitoring_stations in Absolute Number, aqi_value in Indices",,0.0
2024-03-04,Punjab,Patiala,1.0,PM10,71.0,Satisfactory,"number_of_monitoring_stations in Absolute Number, aqi_value in Indices",,0.0
2024-03-05,Punjab,Amritsar,1.0,PM10,92.0,Satisfactory,"number_of_monitoring_stations in Absolute Number, aqi_value in Indices",,0.0
2024-03-05,Punjab,Bathinda,1.0,PM10,60.0,Satisfactory,"number_of_monitoring_stations in Absolute Number, aqi_value in Indices",,0.0
2024-03-05,Punjab,Jalandhar,1.0,CO,46.0,Good,"number_of_monitoring_stations in Absolute Number, aqi_value in Indices",,0.0
2024-03-05,Punjab,Ludhiana,1.0,PM10,79.0,Satisfactory,"number_of_monitoring_stations in Absolute Number, aqi_value in Indices",,0.0
2024-03-05,Punjab,Patiala,1.0,PM10,62.0,Satisfactory,"number_of_monitoring_stations in Absolute Number, aqi_value in Indices",,0.0
2024-03-05,Punjab,Rupnagar,1.0,PM10,182.0,Moderate,"number_of_monitoring_stations in Absolute Number, aqi_value in Indices",,0.0
2024-03-06,Punjab,Amritsar,1.0,PM10,104.0,Moderate,"number_of_monitoring_stations in Absolute Number, aqi_value in Indices",,0.0
2024-03-06,Punjab,Bathinda,1.0,PM10,57.0,Satisfactory,"number_of_monitoring_stations in Absolute Number, aqi_value in Indices",,0.0
2024-03-06,Punjab,Jalandhar,1.0,PM2.5,48.0,Good,"number_of_monitoring_stations in Absolute Number, aqi_value in Indices",,0.0
2024-03-06,Punjab,Ludhiana,1.0,PM2.5,73.0,Satisfactory,"number_of_monitoring_stations in Absolute Number, aqi_value in Indices",,0.0
2024-03-06,Punjab,Patiala,1.0,CO,91.0,Satisfactory,"number_of_monitoring_stations in Absolute Number, aqi_value in Indices",,0.0
2024-03-06,Punjab,Rupnagar,1.0,PM10,159.0,Moderate,"number_of_monitoring_stations in Absolute Number, aqi_value in Indices",,0.0
2024-03-07,Punjab,Amritsar,1.0,PM10,104.0,Moderate,"number_of_monitoring_stations in Absolute Number, aqi_value in Indices",,0.0
2024-03-07,Punjab,Bathinda,1.0,PM10,142.0,Moderate,"number_of_monitoring_stations in Absolute Number, aqi_value in Indices",,0.0
2024-03-07,Punjab,Jalandhar,1.0,PM10,65.0,Satisfactory,"number_of_monitoring_stations in Absolute Number, aqi_value in Indices",,0.0
2024-03-07,Punjab,Ludhiana,1.0,PM2.5,77.0,Satisfactory,"number_of_monitoring_stations in Absolute Number, aqi_value in Indices",,0.0
2024-03-07,Punjab,Patiala,1.0,PM10,75.0,Satisfactory,"number_of_monitoring_stations in Absolute Number, aqi_value in Indices",,0.0
2024-03-07,Punjab,Rupnagar,1.0,PM10,216.0,Poor,"number_of_monitoring_stations in Absolute Number, aqi_value in Indices",,0.0
2024-03-08,Punjab,Amritsar,1.0,PM10,92.0,Satisfactory,"number_of_monitoring_stations in Absolute Number, aqi_value in Indices",,0.0
2024-03-08,Punjab,Bathinda,1.0,PM10,70.0,Satisfactory,"number_of_monitoring_stations in Absolute Number, aqi_value in Indices",,0.0
2024-03-08,Punjab,Jalandhar,1.0,PM10,90.0,Satisfactory,"number_of_monitoring_stations in Absolute Number, aqi_value in Indices",,0.0
2024-03-08,Punjab,Ludhiana,1.0,PM10,83.0,Satisfactory,"number_of_monitoring_stations in Absolute Number, aqi_value in Indices",,0.0
2024-03-08,Punjab,Patiala,1.0,PM10,87.0,Satisfactory,"number_of_monitoring_stations in Absolute Number, aqi_value in Indices",,0.0
2024-03-08,Punjab,Rupnagar,1.0,PM10,219.0,Poor,"number_of_monitoring_stations in Absolute Number, aqi_value in Indices",,0.0
2024-03-09,Punjab,Bathinda,1.0,PM10,73.0,Satisfactory,"number_of_monitoring_stations in Absolute Number, aqi_value in Indices",,0.0
2024-03-09,Punjab,Jalandhar,1.0,PM2.5,105.0,Moderate,"number_of_monitoring_stations in Absolute Number, aqi_value in Indices",,0.0
2024-03-09,Punjab,Ludhiana,1.0,PM10,74.0,Satisfactory,"number_of_monitoring_stations in Absolute Number, aqi_value in Indices",,0.0
2024-03-09,Punjab,Patiala,1.0,PM10,77.0,Satisfactory,"number_of_monitoring_stations in Absolute Number, aqi_value in Indices",,0.0
2024-03-09,Punjab,Rupnagar,1.0,PM10,260.0,Poor,"number_of_monitoring_stations in Absolute Number, aqi_value in Indices",,0.0
2024-03-10,Punjab,Bathinda,1.0,PM10,74.0,Satisfactory,"number_of_monitoring_stations in Absolute Number, aqi_value in Indices",,0.0
2024-03-10,Punjab,Jalandhar,1.0,PM2.5,118.0,Moderate,"number_of_monitoring_stations in Absolute Number, aqi_value in Indices",,0.0
2024-03-10,Punjab,Ludhiana,1.0,PM2.5,70.0,Satisfactory,"number_of_monitoring_stations in Absolute Number, aqi_value in Indices",,0.0
2024-03-10,Punjab,Patiala,1.0,PM10,78.0,Satisfactory,"number_of_monitoring_stations in Absolute Number, aqi_value in Indices",,0.0
2024-03-10,Punjab,Rupnagar,1.0,PM10,259.0,Poor,"number_of_monitoring_stations in Absolute Number, aqi_value in Indices",,0.0
2024-03-11,Punjab,Bathinda,1.0,PM10,102.0,Moderate,"number_of_monitoring_stations in Absolute Number, aqi_value in Indices",,0.0
2024-03-11,Punjab,Jalandhar,1.0,PM2.5,106.0,Moderate,"number_of_monitoring_stations in Absolute Number, aqi_value in Indices",,0.0
2024-03-11,Punjab,Ludhiana,1.0,PM2.5,104.0,Moderate,"number_of_monitoring_stations in Absolute Number, aqi_value in Indices",,0.0
2024-03-11,Punjab,Patiala,1.0,PM10,97.0,Satisfactory,"number_of_monitoring_stations in Absolute Number, aqi_value in Indices",,0.0
2024-03-11,Punjab,Rupnagar,1.0,PM10,222.0,Poor,"number_of_monitoring_stations in Absolute Number, aqi_value in Indices",,0.0
2024-03-12,Punjab,Amritsar,1.0,PM2.5,146.0,Moderate,"number_of_monitoring_stations in Absolute Number, aqi_value in Indices",,0.0
2024-03-12,Punjab,Bathinda,1.0,PM10,83.0,Satisfactory,"number_of_monitoring_stations in Absolute Number, aqi_value in Indices",,0.0
2024-03-12,Punjab,Jalandhar,1.0,PM10,102.0,Moderate,"number_of_monitoring_stations in Absolute Number, aqi_value in Indices",,0.0
2024-03-12,Punjab,Ludhiana,1.0,PM10,118.0,Moderate,"number_of_monitoring_stations in Absolute Number, aqi_value in Indices",,0.0
2024-03-12,Punjab,Patiala,1.0,PM10,106.0,Moderate,"number_of_monitoring_stations in Absolute Number, aqi_value in Indices",,0.0
2024-03-12,Punjab,Rupnagar,1.0,PM10,234.0,Poor,"number_of_monitoring_stations in Absolute Number, aqi_value in Indices",,0.0
2024-03-13,Punjab,Amritsar,1.0,PM10,110.0,Moderate,"number_of_monitoring_stations in Absolute Number, aqi_value in Indices",,0.0
2024-03-13,Punjab,Bathinda,1.0,PM10,90.0,Satisfactory,"number_of_monitoring_stations in Absolute Number, aqi_value in Indices",,0.0
2024-03-13,Punjab,Jalandhar,1.0,PM10,89.0,Satisfactory,"number_of_monitoring_stations in Absolute Number, aqi_value in Indices",,0.0
2024-03-13,Punjab,Ludhiana,1.0,PM2.5,112.0,Moderate,"number_of_monitoring_stations in Absolute Number, aqi_value in Indices",,0.0
2024-03-13,Punjab,Patiala,1.0,PM10,90.0,Satisfactory,"number_of_monitoring_stations in Absolute Number, aqi_value in Indices",,0.0
2024-03-13,Punjab,Rupnagar,1.0,PM10,176.0,Moderate,"number_of_monitoring_stations in Absolute Number, aqi_value in Indices",,0.0
2024-03-14,Punjab,Amritsar,1.0,PM2.5,76.0,Satisfactory,"number_of_monitoring_stations in Absolute Number, aqi_value in Indices",,0.0
2024-03-14,Punjab,Bathinda,1.0,PM10,84.0,Satisfactory,"number_of_monitoring_stations in Absolute Number, aqi_value in Indices",,0.0
2024-03-14,Punjab,Jalandhar,1.0,PM10,81.0,Satisfactory,"number_of_monitoring_stations in Absolute Number, aqi_value in Indices",,0.0
2024-03-14,Punjab,Ludhiana,1.0,PM10,107.0,Moderate,"number_of_monitoring_stations in Absolute Number, aqi_value in Indices",,0.0
2024-03-14,Punjab,Patiala,1.0,PM10,116.0,Moderate,"number_of_monitoring_stations in Absolute Number, aqi_value in Indices",,0.0
2024-03-14,Punjab,Rupnagar,1.0,PM10,189.0,Moderate,"number_of_monitoring_stations in Absolute Number, aqi_value in Indices",,0.0
2024-03-15,Punjab,Amritsar,1.0,PM10,67.0,Satisfactory,"number_of_monitoring_stations in Absolute Number, aqi_value in Indices",,0.0
2024-03-15,Punjab,Bathinda,1.0,PM10,91.0,Satisfactory,"number_of_monitoring_stations in Absolute Number, aqi_value in Indices",,0.0
2024-03-15,Punjab,Jalandhar,1.0,O3,54.0,Satisfactory,"number_of_monitoring_stations in Absolute Number, aqi_value in Indices",,0.0
2024-03-15,Punjab,Ludhiana,1.0,PM10,54.0,Satisfactory,"number_of_monitoring_stations in Absolute Number, aqi_value in Indices",,0.0
2024-03-15,Punjab,Patiala,1.0,PM10,64.0,Satisfactory,"number_of_monitoring_stations in Absolute Number, aqi_value in Indices",,0.0
2024-03-15,Punjab,Rupnagar,1.0,PM10,143.0,Moderate,"number_of_monitoring_stations in Absolute Number, aqi_value in Indices",,0.0
2024-03-16,Punjab,Amritsar,1.0,PM10,91.0,Satisfactory,"number_of_monitoring_stations in Absolute Number, aqi_value in Indices",,0.0
2024-03-16,Punjab,Bathinda,1.0,PM10,116.0,Moderate,"number_of_monitoring_stations in Absolute Number, aqi_value in Indices",,0.0
2024-03-16,Punjab,Jalandhar,1.0,PM10,80.0,Satisfactory,"number_of_monitoring_stations in Absolute Number, aqi_value in Indices",,0.0
2024-03-16,Punjab,Ludhiana,1.0,PM2.5,98.0,Satisfactory,"number_of_monitoring_stations in Absolute Number, aqi_value in Indices",,0.0
2024-03-16,Punjab,Patiala,1.0,PM10,82.0,Satisfactory,"number_of_monitoring_stations in Absolute Number, aqi_value in Indices",,0.0
2024-03-16,Punjab,Rupnagar,1.0,PM10,133.0,Moderate,"number_of_monitoring_stations in Absolute Number, aqi_value in Indices",,0.0
2024-03-17,Punjab,Amritsar,1.0,PM10,82.0,Satisfactory,"number_of_monitoring_stations in Absolute Number, aqi_value in Indices",,0.0
2024-03-17,Punjab,Bathinda,1.0,PM10,89.0,Satisfactory,"number_of_monitoring_stations in Absolute Number, aqi_value in Indices",,0.0
2024-03-17,Punjab,Jalandhar,1.0,PM10,80.0,Satisfactory,"number_of_monitoring_stations in Absolute Number, aqi_value in Indices",,0.0
2024-03-17,Punjab,Ludhiana,1.0,PM10,85.0,Satisfactory,"number_of_monitoring_stations in Absolute Number, aqi_value in Indices",,0.0
2024-03-17,Punjab,Patiala,1.0,PM10,88.0,Satisfactory,"number_of_monitoring_stations in Absolute Number, aqi_value in Indices",,0.0
2024-03-17,Punjab,Rupnagar,1.0,PM10,177.0,Moderate,"number_of_monitoring_stations in Absolute Number, aqi_value in Indices",,0.0
2024-03-18,Punjab,Amritsar,1.0,PM10,86.0,Satisfactory,"number_of_monitoring_stations in Absolute Number, aqi_value in Indices",,0.0
2024-03-18,Punjab,Bathinda,1.0,PM10,92.0,Satisfactory,"number_of_monitoring_stations in Absolute Number, aqi_value in Indices",,0.0
2024-03-18,Punjab,Jalandhar,1.0,PM10,94.0,Satisfactory,"number_of_monitoring_stations in Absolute Number, aqi_value in Indices",,0.0
2024-03-18,Punjab,Ludhiana,1.0,PM2.5,121.0,Moderate,"number_of_monitoring_stations in Absolute Number, aqi_value in Indices",,0.0
2024-03-18,Punjab,Patiala,1.0,PM10,90.0,Satisfactory,"number_of_monitoring_stations in Absolute Number, aqi_value in Indices",,0.0
2024-03-18,Punjab,Rupnagar,1.0,PM10,155.0,Moderate,"number_of_monitoring_stations in Absolute Number, aqi_value in Indices",,0.0
2024-03-19,Punjab,Amritsar,1.0,PM10,97.0,Satisfactory,"number_of_monitoring_stations in Absolute Number, aqi_value in Indices",,0.0
2024-03-19,Punjab,Bathinda,1.0,PM10,77.0,Satisfactory,"number_of_monitoring_stations in Absolute Number, aqi_value in Indices",,0.0
2024-03-19,Punjab,Jalandhar,1.0,PM2.5,140.0,Moderate,"number_of_monitoring_stations in Absolute Number, aqi_value in Indices",,0.0
2024-03-19,Punjab,Ludhiana,1.0,PM2.5,132.0,Moderate,"number_of_monitoring_stations in Absolute Number, aqi_value in Indices",,0.0
2024-03-19,Punjab,Patiala,1.0,PM10,102.0,Moderate,"number_of_monitoring_stations in Absolute Number, aqi_value in Indices",,0.0
2024-03-19,Punjab,Rupnagar,1.0,PM10,159.0,Moderate,"number_of_monitoring_stations in Absolute Number, aqi_value in Indices",,0.0
2024-03-20,Punjab,Amritsar,1.0,PM10,103.0,Moderate,"number_of_monitoring_stations in Absolute Number, aqi_value in Indices",,0.0
2024-03-20,Punjab,Bathinda,1.0,PM10,113.0,Moderate,"number_of_monitoring_stations in Absolute Number, aqi_value in Indices",,0.0
2024-03-20,Punjab,Jalandhar,1.0,PM10,110.0,Moderate,"number_of_monitoring_stations in Absolute Number, aqi_value in Indices",,0.0
2024-03-20,Punjab,Ludhiana,1.0,PM2.5,104.0,Moderate,"number_of_monitoring_stations in Absolute Number, aqi_value in Indices",,0.0
2024-03-20,Punjab,Patiala,1.0,PM10,104.0,Moderate,"number_of_monitoring_stations in Absolute Number, aqi_value in Indices",,0.0
2024-03-20,Punjab,Rupnagar,1.0,PM10,168.0,Moderate,"number_of_monitoring_stations in Absolute Number, aqi_value in Indices",,0.0
2024-03-21,Punjab,Amritsar,1.0,PM10,106.0,Moderate,"number_of_monitoring_stations in Absolute Number, aqi_value in Indices",,0.0
2024-03-21,Punjab,Bathinda,1.0,PM10,123.0,Moderate,"number_of_monitoring_stations in Absolute Number, aqi_value in Indices",,0.0
2024-03-21,Punjab,Jalandhar,1.0,PM10,94.0,Satisfactory,"number_of_monitoring_stations in Absolute Number, aqi_value in Indices",,0.0
2024-03-21,Punjab,Ludhiana,1.0,PM10,118.0,Moderate,"number_of_monitoring_stations in Absolute Number, aqi_value in Indices",,0.0
2024-03-21,Punjab,Patiala,1.0,PM10,107.0,Moderate,"number_of_monitoring_stations in Absolute Number, aqi_value in Indices",,0.0
2024-03-21,Punjab,Rupnagar,1.0,PM10,141.0,Moderate,"number_of_monitoring_stations in Absolute Number, aqi_value in Indices",,0.0
2024-03-22,Punjab,Amritsar,1.0,PM10,112.0,Moderate,"number_of_monitoring_stations in Absolute Number, aqi_value in Indices",,0.0
2024-03-22,Punjab,Bathinda,1.0,PM10,132.0,Moderate,"number_of_monitoring_stations in Absolute Number, aqi_value in Indices",,0.0
2024-03-22,Punjab,Jalandhar,1.0,PM10,81.0,Satisfactory,"number_of_monitoring_stations in Absolute Number, aqi_value in Indices",,0.0
2024-03-22,Punjab,Ludhiana,1.0,PM2.5,146.0,Moderate,"number_of_monitoring_stations in Absolute Number, aqi_value in Indices",,0.0
2024-03-22,Punjab,Patiala,1.0,PM10,108.0,Moderate,"number_of_monitoring_stations in Absolute Number, aqi_value in Indices",,0.0
2024-03-22,Punjab,Rupnagar,1.0,PM10,191.0,Moderate,"number_of_monitoring_stations in Absolute Number, aqi_value in Indices",,0.0
2024-03-23,Punjab,Amritsar,1.0,PM10,85.0,Satisfactory,"number_of_monitoring_stations in Absolute Number, aqi_value in Indices",,0.0
2024-03-23,Punjab,Bathinda,1.0,PM10,104.0,Moderate,"number_of_monitoring_stations in Absolute Number, aqi_value in Indices",,0.0
2024-03-23,Punjab,Jalandhar,1.0,PM10,85.0,Satisfactory,"number_of_monitoring_stations in Absolute Number, aqi_value in Indices",,0.0
2024-03-23,Punjab,Ludhiana,1.0,PM10,96.0,Satisfactory,"number_of_monitoring_stations in Absolute Number, aqi_value in Indices",,0.0
2024-03-23,Punjab,Patiala,1.0,PM10,102.0,Moderate,"number_of_monitoring_stations in Absolute Number, aqi_value in Indices",,0.0
2024-03-24,Punjab,Amritsar,1.0,PM10,79.0,Satisfactory,"number_of_monitoring_stations in Absolute Number, aqi_value in Indices",,0.0
2024-03-24,Punjab,Bathinda,1.0,PM10,95.0,Satisfactory,"number_of_monitoring_stations in Absolute Number, aqi_value in Indices",,0.0
2024-03-24,Punjab,Jalandhar,1.0,PM10,78.0,Satisfactory,"number_of_monitoring_stations in Absolute Number, aqi_value in Indices",,0.0
2024-03-24,Punjab,Ludhiana,1.0,PM10,82.0,Satisfactory,"number_of_monitoring_stations in Absolute Number, aqi_value in Indices",,0.0
2024-03-24,Punjab,Patiala,1.0,PM10,101.0,Moderate,"number_of_monitoring_stations in Absolute Number, aqi_value in Indices",,0.0
2024-03-24,Punjab,Rupnagar,1.0,PM10,222.0,Poor,"number_of_monitoring_stations in Absolute Number, aqi_value in Indices",,0.0
2024-03-25,Punjab,Amritsar,1.0,PM10,91.0,Satisfactory,"number_of_monitoring_stations in Absolute Number, aqi_value in Indices",,0.0
2024-03-25,Punjab,Bathinda,1.0,PM10,73.0,Satisfactory,"number_of_monitoring_stations in Absolute Number, aqi_value in Indices",,0.0
2024-03-25,Punjab,Jalandhar,1.0,PM10,71.0,Satisfactory,"number_of_monitoring_stations in Absolute Number, aqi_value in Indices",,0.0
2024-03-25,Punjab,Ludhiana,1.0,PM10,66.0,Satisfactory,"number_of_monitoring_stations in Absolute Number, aqi_value in Indices",,0.0
2024-03-25,Punjab,Patiala,1.0,PM10,77.0,Satisfactory,"number_of_monitoring_stations in Absolute Number, aqi_value in Indices",,0.0
2024-03-25,Punjab,Rupnagar,1.0,PM10,263.0,Poor,"number_of_monitoring_stations in Absolute Number, aqi_value in Indices",,0.0
2024-03-26,Punjab,Amritsar,1.0,PM10,93.0,Satisfactory,"number_of_monitoring_stations in Absolute Number, aqi_value in Indices",,0.0
2024-03-26,Punjab,Jalandhar,1.0,PM10,72.0,Satisfactory,"number_of_monitoring_stations in Absolute Number, aqi_value in Indices",,0.0
2024-03-26,Punjab,Ludhiana,1.0,PM10,67.0,Satisfactory,"number_of_monitoring_stations in Absolute Number, aqi_value in Indices",,0.0
2024-03-26,Punjab,Patiala,1.0,PM10,76.0,Satisfactory,"number_of_monitoring_stations in Absolute Number, aqi_value in Indices",,0.0
2024-03-27,Punjab,Amritsar,1.0,PM10,104.0,Moderate,"number_of_monitoring_stations in Absolute Number, aqi_value in Indices",,0.0
2024-03-27,Punjab,Jalandhar,1.0,PM10,106.0,Moderate,"number_of_monitoring_stations in Absolute Number, aqi_value in Indices",,0.0
2024-03-27,Punjab,Ludhiana,1.0,PM10,109.0,Moderate,"number_of_monitoring_stations in Absolute Number, aqi_value in Indices",,0.0
2024-03-27,Punjab,Patiala,1.0,PM10,107.0,Moderate,"number_of_monitoring_stations in Absolute Number, aqi_value in Indices",,0.0
2024-03-28,Punjab,Amritsar,1.0,PM10,82.0,Satisfactory,"number_of_monitoring_stations in Absolute Number, aqi_value in Indices",,0.0
2024-03-28,Punjab,Jalandhar,1.0,PM10,82.0,Satisfactory,"number_of_monitoring_stations in Absolute Number, aqi_value in Indices",,0.0
2024-03-28,Punjab,Ludhiana,1.0,PM10,71.0,Satisfactory,"number_of_monitoring_stations in Absolute Number, aqi_value in Indices",,0.0
2024-03-28,Punjab,Patiala,1.0,PM10,89.0,Satisfactory,"number_of_monitoring_stations in Absolute Number, aqi_value in Indices",,0.0
2024-03-28,Punjab,Rupnagar,1.0,PM10,204.0,Poor,"number_of_monitoring_stations in Absolute Number, aqi_value in Indices",,0.0
2024-03-29,Punjab,Amritsar,1.0,PM10,82.0,Satisfactory,"number_of_monitoring_stations in Absolute Number, aqi_value in Indices",,0.0
2024-03-29,Punjab,Bathinda,1.0,PM2.5,46.0,Good,"number_of_monitoring_stations in Absolute Number, aqi_value in Indices",,0.0
2024-03-29,Punjab,Jalandhar,1.0,PM10,69.0,Satisfactory,"number_of_monitoring_stations in Absolute Number, aqi_value in Indices",,0.0
2024-03-29,Punjab,Ludhiana,1.0,PM10,72.0,Satisfactory,"number_of_monitoring_stations in Absolute Number, aqi_value in Indices",,0.0
2024-03-29,Punjab,Patiala,1.0,PM10,78.0,Satisfactory,"number_of_monitoring_stations in Absolute Number, aqi_value in Indices",,0.0
2024-03-29,Punjab,Rupnagar,1.0,PM10,208.0,Poor,"number_of_monitoring_stations in Absolute Number, aqi_value in Indices",,0.0
2024-03-30,Punjab,Amritsar,1.0,NO2,84.0,Satisfactory,"number_of_monitoring_stations in Absolute Number, aqi_value in Indices",,0.0
2024-03-30,Punjab,Jalandhar,1.0,PM10,81.0,Satisfactory,"number_of_monitoring_stations in Absolute Number, aqi_value in Indices",,0.0
2024-03-30,Punjab,Ludhiana,1.0,PM2.5,87.0,Satisfactory,"number_of_monitoring_stations in Absolute Number, aqi_value in Indices",,0.0
2024-03-30,Punjab,Patiala,1.0,PM10,77.0,Satisfactory,"number_of_monitoring_stations in Absolute Number, aqi_value in Indices",,0.0
2024-03-30,Punjab,Rupnagar,1.0,PM10,212.0,Poor,"number_of_monitoring_stations in Absolute Number, aqi_value in Indices",,0.0
2024-03-31,Punjab,Amritsar,1.0,PM10,86.0,Satisfactory,"number_of_monitoring_stations in Absolute Number, aqi_value in Indices",,0.0
2024-03-31,Punjab,Ludhiana,1.0,PM10,74.0,Satisfactory,"number_of_monitoring_stations in Absolute Number, aqi_value in Indices",,0.0
2024-03-31,Punjab,Patiala,1.0,PM10,58.0,Satisfactory,"number_of_monitoring_stations in Absolute Number, aqi_value in Indices",,0.0
2024-03-31,Punjab,Rupnagar,1.0,PM10,125.0,Moderate,"number_of_monitoring_stations in Absolute Number, aqi_value in Indices",,0.0
2024-04-01,Punjab,Bathinda,1.0,PM10,84.0,Satisfactory,"number_of_monitoring_stations in Absolute Number, aqi_value in Indices",,0.0
2024-04-01,Punjab,Jalandhar,1.0,PM10,59.0,Satisfactory,"number_of_monitoring_stations in Absolute Number, aqi_value in Indices",,3.0
2024-04-01,Punjab,Ludhiana,1.0,PM10,51.0,Satisfactory,"number_of_monitoring_stations in Absolute Number, aqi_value in Indices",,0.0
2024-04-01,Punjab,Patiala,1.0,PM10,61.0,Satisfactory,"number_of_monitoring_stations in Absolute Number, aqi_value in Indices",,0.0
2024-04-01,Punjab,Rupnagar,1.0,PM10,102.0,Moderate,"number_of_monitoring_stations in Absolute Number, aqi_value in Indices",,0.0
2024-04-02,Punjab,Amritsar,1.0,PM10,128.0,Moderate,"number_of_monitoring_stations in Absolute Number, aqi_value in Indices",,0.0
2024-04-02,Punjab,Bathinda,1.0,PM10,73.0,Satisfactory,"number_of_monitoring_stations in Absolute Number, aqi_value in Indices",,0.0
2024-04-02,Punjab,Jalandhar,1.0,PM10,84.0,Satisfactory,"number_of_monitoring_stations in Absolute Number, aqi_value in Indices",,2.0
2024-04-02,Punjab,Ludhiana,1.0,PM10,82.0,Satisfactory,"number_of_monitoring_stations in Absolute Number, aqi_value in Indices",,1.0
2024-04-02,Punjab,Patiala,1.0,PM10,74.0,Satisfactory,"number_of_monitoring_stations in Absolute Number, aqi_value in Indices",,0.0
2024-04-02,Punjab,Rupnagar,1.0,PM10,120.0,Moderate,"number_of_monitoring_stations in Absolute Number, aqi_value in Indices",,0.0
2024-04-03,Punjab,Amritsar,1.0,PM10,128.0,Moderate,"number_of_monitoring_stations in Absolute Number, aqi_value in Indices",,1.0
2024-04-03,Punjab,Bathinda,1.0,PM10,96.0,Satisfactory,"number_of_monitoring_stations in Absolute Number, aqi_value in Indices",,0.0
2024-04-03,Punjab,Jalandhar,1.0,PM10,100.0,Satisfactory,"number_of_monitoring_stations in Absolute Number, aqi_value in Indices",,1.0
2024-04-03,Punjab,Ludhiana,1.0,PM10,94.0,Satisfactory,"number_of_monitoring_stations in Absolute Number, aqi_value in Indices",,0.0
2024-04-03,Punjab,Patiala,1.0,PM10,90.0,Satisfactory,"number_of_monitoring_stations in Absolute Number, aqi_value in Indices",,1.0
2024-04-03,Punjab,Rupnagar,1.0,PM10,199.0,Moderate,"number_of_monitoring_stations in Absolute Number, aqi_value in Indices",,0.0
2024-04-04,Punjab,Amritsar,1.0,PM10,75.0,Satisfactory,"number_of_monitoring_stations in Absolute Number, aqi_value in Indices",,0.0
2024-04-04,Punjab,Bathinda,1.0,PM10,107.0,Moderate,"number_of_monitoring_stations in Absolute Number, aqi_value in Indices",,0.0
2024-04-04,Punjab,Jalandhar,1.0,PM10,91.0,Satisfactory,"number_of_monitoring_stations in Absolute Number, aqi_value in Indices",,1.0
2024-04-04,Punjab,Ludhiana,1.0,PM10,86.0,Satisfactory,"number_of_monitoring_stations in Absolute Number, aqi_value in Indices",,0.0
2024-04-04,Punjab,Patiala,1.0,PM10,102.0,Moderate,"number_of_monitoring_stations in Absolute Number, aqi_value in Indices",,0.0
2024-04-04,Punjab,Rupnagar,1.0,PM10,222.0,Poor,"number_of_monitoring_stations in Absolute Number, aqi_value in Indices",,0.0
2024-04-05,Punjab,Amritsar,1.0,PM10,77.0,Satisfactory,"number_of_monitoring_stations in Absolute Number, aqi_value in Indices",,0.0
2024-04-05,Punjab,Bathinda,1.0,PM10,70.0,Satisfactory,"number_of_monitoring_stations in Absolute Number, aqi_value in Indices",,0.0
2024-04-05,Punjab,Jalandhar,1.0,PM10,81.0,Satisfactory,"number_of_monitoring_stations in Absolute Number, aqi_value in Indices",,0.0
2024-04-05,Punjab,Ludhiana,1.0,PM10,69.0,Satisfactory,"number_of_monitoring_stations in Absolute Number, aqi_value in Indices",,0.0
2024-04-05,Punjab,Patiala,1.0,PM10,106.0,Moderate,"number_of_monitoring_stations in Absolute Number, aqi_value in Indices",,0.0
2024-04-05,Punjab,Rupnagar,1.0,PM2.5,61.0,Satisfactory,"number_of_monitoring_stations in Absolute Number, aqi_value in Indices",,0.0
2024-04-06,Punjab,Bathinda,1.0,PM10,100.0,Satisfactory,"number_of_monitoring_stations in Absolute Number, aqi_value in Indices",,0.0
2024-04-06,Punjab,Ludhiana,1.0,PM10,79.0,Satisfactory,"number_of_monitoring_stations in Absolute Number, aqi_value in Indices",,0.0
2024-04-06,Punjab,Patiala,1.0,PM10,90.0,Satisfactory,"number_of_monitoring_stations in Absolute Number, aqi_value in Indices",,1.0
2024-04-06,Punjab,Rupnagar,1.0,PM2.5,101.0,Moderate,"number_of_monitoring_stations in Absolute Number, aqi_value in Indices",,0.0
2024-04-07,Punjab,Amritsar,1.0,O3,57.0,Satisfactory,"number_of_monitoring_stations in Absolute Number, aqi_value in Indices",,0.0
2024-04-07,Punjab,Bathinda,1.0,PM10,122.0,Moderate,"number_of_monitoring_stations in Absolute Number, aqi_value in Indices",,0.0
2024-04-07,Punjab,Jalandhar,1.0,PM10,89.0,Satisfactory,"number_of_monitoring_stations in Absolute Number, aqi_value in Indices",,0.0
2024-04-07,Punjab,Ludhiana,1.0,PM10,75.0,Satisfactory,"number_of_monitoring_stations in Absolute Number, aqi_value in Indices",,0.0
2024-04-07,Punjab,Patiala,1.0,PM10,89.0,Satisfactory,"number_of_monitoring_stations in Absolute Number, aqi_value in Indices",,1.0
2024-04-07,Punjab,Rupnagar,1.0,PM2.5,85.0,Satisfactory,"number_of_monitoring_stations in Absolute Number, aqi_value in Indices",,0.0
2024-04-08,Punjab,Amritsar,1.0,O3,58.0,Satisfactory,"number_of_monitoring_stations in Absolute Number, aqi_value in Indices",,0.0
2024-04-08,Punjab,Bathinda,1.0,PM10,92.0,Satisfactory,"number_of_monitoring_stations in Absolute Number, aqi_value in Indices",,0.0
2024-04-08,Punjab,Jalandhar,1.0,PM10,77.0,Satisfactory,"number_of_monitoring_stations in Absolute Number, aqi_value in Indices",,0.0
2024-04-08,Punjab,Ludhiana,1.0,PM2.5,81.0,Satisfactory,"number_of_monitoring_stations in Absolute Number, aqi_value in Indices",,3.0
2024-04-08,Punjab,Patiala,1.0,PM10,78.0,Satisfactory,"number_of_monitoring_stations in Absolute Number, aqi_value in Indices",,0.0
2024-04-08,Punjab,Rupnagar,1.0,PM2.5,104.0,Moderate,"number_of_monitoring_stations in Absolute Number, aqi_value in Indices",,0.0
2024-04-09,Punjab,Bathinda,1.0,PM10,113.0,Moderate,"number_of_monitoring_stations in Absolute Number, aqi_value in Indices",,0.0
2024-04-09,Punjab,Jalandhar,1.0,PM10,90.0,Satisfactory,"number_of_monitoring_stations in Absolute Number, aqi_value in Indices",,0.0
2024-04-09,Punjab,Ludhiana,1.0,PM10,94.0,Satisfactory,"number_of_monitoring_stations in Absolute Number, aqi_value in Indices",,0.0
2024-04-09,Punjab,Patiala,1.0,PM10,92.0,Satisfactory,"number_of_monitoring_stations in Absolute Number, aqi_value in Indices",,0.0
2024-04-09,Punjab,Rupnagar,1.0,PM2.5,83.0,Satisfactory,"number_of_monitoring_stations in Absolute Number, aqi_value in Indices",,0.0
2024-04-10,Punjab,Amritsar,1.0,PM2.5,159.0,Moderate,"number_of_monitoring_stations in Absolute Number, aqi_value in Indices",,0.0
2024-04-10,Punjab,Bathinda,1.0,PM10,112.0,Moderate,"number_of_monitoring_stations in Absolute Number, aqi_value in Indices",,0.0
2024-04-10,Punjab,Jalandhar,1.0,PM10,88.0,Satisfactory,"number_of_monitoring_stations in Absolute Number, aqi_value in Indices",,0.0
2024-04-10,Punjab,Ludhiana,1.0,PM2.5,109.0,Moderate,"number_of_monitoring_stations in Absolute Number, aqi_value in Indices",,0.0
2024-04-10,Punjab,Patiala,1.0,O3,105.0,Moderate,"number_of_monitoring_stations in Absolute Number, aqi_value in Indices",,0.0
2024-04-10,Punjab,Rupnagar,1.0,PM10,78.0,Satisfactory,"number_of_monitoring_stations in Absolute Number, aqi_value in Indices",,0.0
2024-04-11,Punjab,Amritsar,1.0,PM2.5,88.0,Satisfactory,"number_of_monitoring_stations in Absolute Number, aqi_value in Indices",,0.0
2024-04-11,Punjab,Bathinda,1.0,PM2.5,151.0,Moderate,"number_of_monitoring_stations in Absolute Number, aqi_value in Indices",,0.0
2024-04-11,Punjab,Jalandhar,1.0,PM10,62.0,Satisfactory,"number_of_monitoring_stations in Absolute Number, aqi_value in Indices",,0.0
2024-04-11,Punjab,Ludhiana,1.0,PM10,66.0,Satisfactory,"number_of_monitoring_stations in Absolute Number, aqi_value in Indices",,0.0
2024-04-11,Punjab,Patiala,1.0,PM10,81.0,Satisfactory,"number_of_monitoring_stations in Absolute Number, aqi_value in Indices",,0.0
2024-04-11,Punjab,Rupnagar,1.0,PM10,70.0,Satisfactory,"number_of_monitoring_stations in Absolute Number, aqi_value in Indices",,0.0
2024-04-12,Punjab,Amritsar,1.0,PM2.5,85.0,Satisfactory,"number_of_monitoring_stations in Absolute Number, aqi_value in Indices",,0.0
2024-04-12,Punjab,Bathinda,1.0,PM2.5,158.0,Moderate,"number_of_monitoring_stations in Absolute Number, aqi_value in Indices",,0.0
2024-04-12,Punjab,Jalandhar,1.0,PM10,99.0,Satisfactory,"number_of_monitoring_stations in Absolute Number, aqi_value in Indices",,0.0
2024-04-12,Punjab,Ludhiana,1.0,PM2.5,75.0,Satisfactory,"number_of_monitoring_stations in Absolute Number, aqi_value in Indices",,0.0
2024-04-12,Punjab,Patiala,1.0,PM10,91.0,Satisfactory,"number_of_monitoring_stations in Absolute Number, aqi_value in Indices",,0.0
2024-04-12,Punjab,Rupnagar,1.0,PM2.5,96.0,Satisfactory,"number_of_monitoring_stations in Absolute Number, aqi_value in Indices",,0.0
2024-04-13,Punjab,Amritsar,1.0,PM2.5,98.0,Satisfactory,"number_of_monitoring_stations in Absolute Number, aqi_value in Indices",,0.0
2024-04-13,Punjab,Bathinda,1.0,PM2.5,158.0,Moderate,"number_of_monitoring_stations in Absolute Number, aqi_value in Indices",,0.0
2024-04-13,Punjab,Jalandhar,1.0,PM10,104.0,Moderate,"number_of_monitoring_stations in Absolute Number, aqi_value in Indices",,0.0
2024-04-13,Punjab,Ludhiana,1.0,PM2.5,183.0,Moderate,"number_of_monitoring_stations in Absolute Number, aqi_value in Indices",,0.0
2024-04-13,Punjab,Patiala,1.0,PM10,94.0,Satisfactory,"number_of_monitoring_stations in Absolute Number, aqi_value in Indices",,0.0
2024-04-13,Punjab,Rupnagar,1.0,PM2.5,138.0,Moderate,"number_of_monitoring_stations in Absolute Number, aqi_value in Indices",,0.0
2024-04-14,Punjab,Amritsar,1.0,PM2.5,90.0,Satisfactory,"number_of_monitoring_stations in Absolute Number, aqi_value in Indices",,0.0
2024-04-14,Punjab,Bathinda,1.0,PM10,92.0,Satisfactory,"number_of_monitoring_stations in Absolute Number, aqi_value in Indices",,0.0
2024-04-14,Punjab,Jalandhar,1.0,PM10,74.0,Satisfactory,"number_of_monitoring_stations in Absolute Number, aqi_value in Indices",,0.0
2024-04-14,Punjab,Ludhiana,1.0,PM2.5,103.0,Moderate,"number_of_monitoring_stations in Absolute Number, aqi_value in Indices",,0.0
2024-04-14,Punjab,Patiala,1.0,PM10,81.0,Satisfactory,"number_of_monitoring_stations in Absolute Number, aqi_value in Indices",,0.0
2024-04-14,Punjab,Rupnagar,1.0,PM10,54.0,Satisfactory,"number_of_monitoring_stations in Absolute Number, aqi_value in Indices",,0.0
2024-04-15,Punjab,Amritsar,1.0,PM2.5,92.0,Satisfactory,"number_of_monitoring_stations in Absolute Number, aqi_value in Indices",,0.0
2024-04-15,Punjab,Bathinda,1.0,PM2.5,144.0,Moderate,"number_of_monitoring_stations in Absolute Number, aqi_value in Indices",,0.0
2024-04-15,Punjab,Jalandhar,1.0,PM10,66.0,Satisfactory,"number_of_monitoring_stations in Absolute Number, aqi_value in Indices",,0.0
2024-04-15,Punjab,Ludhiana,1.0,PM2.5,91.0,Satisfactory,"number_of_monitoring_stations in Absolute Number, aqi_value in Indices",,0.0
2024-04-15,Punjab,Patiala,1.0,PM10,101.0,Moderate,"number_of_monitoring_stations in Absolute Number, aqi_value in Indices",,0.0
2024-04-15,Punjab,Rupnagar,1.0,PM2.5,76.0,Satisfactory,"number_of_monitoring_stations in Absolute Number, aqi_value in Indices",,0.0
2024-04-16,Punjab,Amritsar,1.0,PM2.5,82.0,Satisfactory,"number_of_monitoring_stations in Absolute Number, aqi_value in Indices",,0.0
2024-04-16,Punjab,Bathinda,1.0,PM10,87.0,Satisfactory,"number_of_monitoring_stations in Absolute Number, aqi_value in Indices",,0.0
2024-04-16,Punjab,Jalandhar,1.0,PM10,76.0,Satisfactory,"number_of_monitoring_stations in Absolute Number, aqi_value in Indices",,0.0
2024-04-16,Punjab,Ludhiana,1.0,PM10,62.0,Satisfactory,"number_of_monitoring_stations in Absolute Number, aqi_value in Indices",,0.0
2024-04-16,Punjab,Patiala,1.0,PM10,84.0,Satisfactory,"number_of_monitoring_stations in Absolute Number, aqi_value in Indices",,0.0
2024-04-16,Punjab,Rupnagar,1.0,PM2.5,85.0,Satisfactory,"number_of_monitoring_stations in Absolute Number, aqi_value in Indices",,0.0
2024-04-17,Punjab,Amritsar,1.0,PM2.5,82.0,Satisfactory,"number_of_monitoring_stations in Absolute Number, aqi_value in Indices",,0.0
2024-04-17,Punjab,Jalandhar,1.0,PM10,70.0,Satisfactory,"number_of_monitoring_stations in Absolute Number, aqi_value in Indices",,0.0
2024-04-17,Punjab,Ludhiana,1.0,PM10,63.0,Satisfactory,"number_of_monitoring_stations in Absolute Number, aqi_value in Indices",,0.0
2024-04-17,Punjab,Patiala,1.0,PM10,68.0,Satisfactory,"number_of_monitoring_stations in Absolute Number, aqi_value in Indices",,0.0
2024-04-17,Punjab,Rupnagar,1.0,PM10,57.0,Satisfactory,"number_of_monitoring_stations in Absolute Number, aqi_value in Indices",,0.0
2024-04-18,Punjab,Amritsar,1.0,PM2.5,92.0,Satisfactory,"number_of_monitoring_stations in Absolute Number, aqi_value in Indices",,0.0
2024-04-18,Punjab,Bathinda,1.0,PM10,150.0,Moderate,"number_of_monitoring_stations in Absolute Number, aqi_value in Indices",,0.0
2024-04-18,Punjab,Jalandhar,1.0,PM10,86.0,Satisfactory,"number_of_monitoring_stations in Absolute Number, aqi_value in Indices",,0.0
2024-04-18,Punjab,Ludhiana,1.0,PM10,66.0,Satisfactory,"number_of_monitoring_stations in Absolute Number, aqi_value in Indices",,0.0
2024-04-18,Punjab,Patiala,1.0,PM10,80.0,Satisfactory,"number_of_monitoring_stations in Absolute Number, aqi_value in Indices",,0.0
2024-04-18,Punjab,Rupnagar,1.0,PM10,54.0,Satisfactory,"number_of_monitoring_stations in Absolute Number, aqi_value in Indices",,1.0
2024-04-19,Punjab,Amritsar,1.0,PM2.5,74.0,Satisfactory,"number_of_monitoring_stations in Absolute Number, aqi_value in Indices",,0.0
2024-04-19,Punjab,Bathinda,1.0,PM10,163.0,Moderate,"number_of_monitoring_stations in Absolute Number, aqi_value in Indices",,0.0
2024-04-19,Punjab,Jalandhar,1.0,PM10,74.0,Satisfactory,"number_of_monitoring_stations in Absolute Number, aqi_value in Indices",,0.0
2024-04-19,Punjab,Ludhiana,1.0,PM2.5,92.0,Satisfactory,"number_of_monitoring_stations in Absolute Number, aqi_value in Indices",,0.0
2024-04-19,Punjab,Rupnagar,1.0,PM2.5,81.0,Satisfactory,"number_of_monitoring_stations in Absolute Number, aqi_value in Indices",,0.0
2024-04-20,Punjab,Amritsar,1.0,PM2.5,81.0,Satisfactory,"number_of_monitoring_stations in Absolute Number, aqi_value in Indices",,0.0
2024-04-20,Punjab,Bathinda,1.0,PM10,160.0,Moderate,"number_of_monitoring_stations in Absolute Number, aqi_value in Indices",,0.0
2024-04-20,Punjab,Jalandhar,1.0,PM10,70.0,Satisfactory,"number_of_monitoring_stations in Absolute Number, aqi_value in Indices",,0.0
2024-04-20,Punjab,Ludhiana,1.0,PM2.5,93.0,Satisfactory,"number_of_monitoring_stations in Absolute Number, aqi_value in Indices",,0.0
2024-04-20,Punjab,Patiala,1.0,PM10,80.0,Satisfactory,"number_of_monitoring_stations in Absolute Number, aqi_value in Indices",,0.0
2024-04-20,Punjab,Rupnagar,1.0,PM10,41.0,Good,"number_of_monitoring_stations in Absolute Number, aqi_value in Indices",,0.0
2024-04-21,Punjab,Amritsar,1.0,PM2.5,81.0,Satisfactory,"number_of_monitoring_stations in Absolute Number, aqi_value in Indices",,0.0
2024-04-21,Punjab,Bathinda,1.0,PM2.5,39.0,Good,"number_of_monitoring_stations in Absolute Number, aqi_value in Indices",,0.0
2024-04-21,Punjab,Jalandhar,1.0,PM10,59.0,Satisfactory,"number_of_monitoring_stations in Absolute Number, aqi_value in Indices",,0.0
2024-04-21,Punjab,Ludhiana,1.0,PM2.5,86.0,Satisfactory,"number_of_monitoring_stations in Absolute Number, aqi_value in Indices",,0.0
2024-04-21,Punjab,Patiala,1.0,PM10,78.0,Satisfactory,"number_of_monitoring_stations in Absolute Number, aqi_value in Indices",,1.0
2024-04-21,Punjab,Rupnagar,1.0,PM10,45.0,Good,"number_of_monitoring_stations in Absolute Number, aqi_value in Indices",,0.0
2024-04-22,Punjab,Amritsar,1.0,PM2.5,81.0,Satisfactory,"number_of_monitoring_stations in Absolute Number, aqi_value in Indices",,0.0
2024-04-22,Punjab,Bathinda,1.0,PM2.5,34.0,Good,"number_of_monitoring_stations in Absolute Number, aqi_value in Indices",,0.0
2024-04-22,Punjab,Jalandhar,1.0,PM10,78.0,Satisfactory,"number_of_monitoring_stations in Absolute Number, aqi_value in Indices",,1.0
2024-04-22,Punjab,Ludhiana,1.0,PM10,78.0,Satisfactory,"number_of_monitoring_stations in Absolute Number, aqi_value in Indices",,0.0
2024-04-22,Punjab,Patiala,1.0,PM10,100.0,Satisfactory,"number_of_monitoring_stations in Absolute Number, aqi_value in Indices",,0.0
2024-04-22,Punjab,Rupnagar,1.0,PM10,48.0,Good,"number_of_monitoring_stations in Absolute Number, aqi_value in Indices",,0.0
2024-04-23,Punjab,Amritsar,1.0,PM2.5,77.0,Satisfactory,"number_of_monitoring_stations in Absolute Number, aqi_value in Indices",,0.0
2024-04-23,Punjab,Bathinda,1.0,PM10,115.0,Moderate,"number_of_monitoring_stations in Absolute Number, aqi_value in Indices",,0.0
2024-04-23,Punjab,Jalandhar,1.0,PM10,77.0,Satisfactory,"number_of_monitoring_stations in Absolute Number, aqi_value in Indices",,0.0
2024-04-23,Punjab,Ludhiana,1.0,PM2.5,105.0,Moderate,"number_of_monitoring_stations in Absolute Number, aqi_value in Indices",,0.0
2024-04-23,Punjab,Patiala,1.0,PM10,93.0,Satisfactory,"number_of_monitoring_stations in Absolute Number, aqi_value in Indices",,0.0
2024-04-23,Punjab,Rupnagar,1.0,PM2.5,83.0,Satisfactory,"number_of_monitoring_stations in Absolute Number, aqi_value in Indices",,0.0
2024-04-24,Punjab,Amritsar,1.0,PM2.5,73.0,Satisfactory,"number_of_monitoring_stations in Absolute Number, aqi_value in Indices",,0.0
2024-04-24,Punjab,Bathinda,1.0,PM10,151.0,Moderate,"number_of_monitoring_stations in Absolute Number, aqi_value in Indices",,3.0
2024-04-24,Punjab,Jalandhar,1.0,PM10,62.0,Satisfactory,"number_of_monitoring_stations in Absolute Number, aqi_value in Indices",,0.0
2024-04-24,Punjab,Ludhiana,1.0,PM2.5,135.0,Moderate,"number_of_monitoring_stations in Absolute Number, aqi_value in Indices",,1.0
2024-04-24,Punjab,Patiala,1.0,O3,98.0,Satisfactory,"number_of_monitoring_stations in Absolute Number, aqi_value in Indices",,0.0
2024-04-24,Punjab,Rupnagar,1.0,PM10,66.0,Satisfactory,"number_of_monitoring_stations in Absolute Number, aqi_value in Indices",,0.0
2024-04-25,Punjab,Amritsar,1.0,PM2.5,79.0,Satisfactory,"number_of_monitoring_stations in Absolute Number, aqi_value in Indices",,0.0
2024-04-25,Punjab,Bathinda,1.0,PM10,138.0,Moderate,"number_of_monitoring_stations in Absolute Number, aqi_value in Indices",,2.0
2024-04-25,Punjab,Jalandhar,1.0,PM10,65.0,Satisfactory,"number_of_monitoring_stations in Absolute Number, aqi_value in Indices",,0.0
2024-04-25,Punjab,Ludhiana,1.0,PM2.5,143.0,Moderate,"number_of_monitoring_stations in Absolute Number, aqi_value in Indices",,0.0
2024-04-25,Punjab,Patiala,1.0,PM10,107.0,Moderate,"number_of_monitoring_stations in Absolute Number, aqi_value in Indices",,1.0
2024-04-25,Punjab,Rupnagar,1.0,PM2.5,82.0,Satisfactory,"number_of_monitoring_stations in Absolute Number, aqi_value in Indices",,0.0
2024-04-26,Punjab,Amritsar,1.0,PM10,83.0,Satisfactory,"number_of_monitoring_stations in Absolute Number, aqi_value in Indices",,0.0
2024-04-26,Punjab,Bathinda,1.0,PM2.5,36.0,Good,"number_of_monitoring_stations in Absolute Number, aqi_value in Indices",,1.0
2024-04-26,Punjab,Jalandhar,1.0,PM10,84.0,Satisfactory,"number_of_monitoring_stations in Absolute Number, aqi_value in Indices",,1.0
2024-04-26,Punjab,Ludhiana,1.0,PM10,139.0,Moderate,"number_of_monitoring_stations in Absolute Number, aqi_value in Indices",,3.0
2024-04-26,Punjab,Patiala,1.0,PM10,100.0,Satisfactory,"number_of_monitoring_stations in Absolute Number, aqi_value in Indices",,2.0
2024-04-26,Punjab,Rupnagar,1.0,PM2.5,105.0,Moderate,"number_of_monitoring_stations in Absolute Number, aqi_value in Indices",,0.0
2024-04-27,Punjab,Amritsar,1.0,PM2.5,79.0,Satisfactory,"number_of_monitoring_stations in Absolute Number, aqi_value in Indices",,0.0
2024-04-27,Punjab,Bathinda,1.0,PM10,113.0,Moderate,"number_of_monitoring_stations in Absolute Number, aqi_value in Indices",,7.0
2024-04-27,Punjab,Jalandhar,1.0,O3,60.0,Satisfactory,"number_of_monitoring_stations in Absolute Number, aqi_value in Indices",,0.0
2024-04-27,Punjab,Ludhiana,1.0,PM10,86.0,Satisfactory,"number_of_monitoring_stations in Absolute Number, aqi_value in Indices",,0.0
2024-04-27,Punjab,Patiala,1.0,PM10,82.0,Satisfactory,"number_of_monitoring_stations in Absolute Number, aqi_value in Indices",,0.0
2024-04-27,Punjab,Rupnagar,1.0,PM2.5,89.0,Satisfactory,"number_of_monitoring_stations in Absolute Number, aqi_value in Indices",,0.0
2024-04-29,Punjab,Amritsar,1.0,PM2.5,86.0,Satisfactory,"number_of_monitoring_stations in Absolute Number, aqi_value in Indices",,0.0
2024-04-29,Punjab,Bathinda,1.0,PM10,146.0,Moderate,"number_of_monitoring_stations in Absolute Number, aqi_value in Indices",,1.0
2024-04-29,Punjab,Jalandhar,1.0,PM10,88.0,Satisfactory,"number_of_monitoring_stations in Absolute Number, aqi_value in Indices",,0.0
2024-04-29,Punjab,Ludhiana,1.0,PM10,49.0,Good,"number_of_monitoring_stations in Absolute Number, aqi_value in Indices",,0.0
2024-04-29,Punjab,Patiala,1.0,PM10,105.0,Moderate,"number_of_monitoring_stations in Absolute Number, aqi_value in Indices",,0.0
2024-04-29,Punjab,Rupnagar,1.0,PM10,62.0,Satisfactory,"number_of_monitoring_stations in Absolute Number, aqi_value in Indices",,0.0
2024-04-30,Punjab,Amritsar,1.0,PM2.5,72.0,Satisfactory,"number_of_monitoring_stations in Absolute Number, aqi_value in Indices",,0.0
2024-04-30,Punjab,Bathinda,1.0,PM10,78.0,Satisfactory,"number_of_monitoring_stations in Absolute Number, aqi_value in Indices",,5.0
2024-04-30,Punjab,Jalandhar,1.0,PM10,51.0,Satisfactory,"number_of_monitoring_stations in Absolute Number, aqi_value in Indices",,2.0
2024-04-30,Punjab,Ludhiana,1.0,PM10,42.0,Good,"number_of_monitoring_stations in Absolute Number, aqi_value in Indices",,0.0
2024-04-30,Punjab,Patiala,1.0,PM10,72.0,Satisfactory,"number_of_monitoring_stations in Absolute Number, aqi_value in Indices",,1.0
2024-04-30,Punjab,Rupnagar,1.0,PM10,66.0,Satisfactory,"number_of_monitoring_stations in Absolute Number, aqi_value in Indices",,0.0
2024-05-01,Punjab,Amritsar,1.0,O3,50.0,Good,"number_of_monitoring_stations in Absolute Number, aqi_value in Indices",,0.0
2024-05-01,Punjab,Bathinda,1.0,PM10,158.0,Moderate,"number_of_monitoring_stations in Absolute Number, aqi_value in Indices",,29.0
2024-05-01,Punjab,Jalandhar,1.0,PM10,76.0,Satisfactory,"number_of_monitoring_stations in Absolute Number, aqi_value in Indices",,1.0
2024-05-01,Punjab,Ludhiana,1.0,PM10,83.0,Satisfactory,"number_of_monitoring_stations in Absolute Number, aqi_value in Indices",,2.0
2024-05-01,Punjab,Patiala,1.0,PM10,95.0,Satisfactory,"number_of_monitoring_stations in Absolute Number, aqi_value in Indices",,0.0
2024-05-01,Punjab,Rupnagar,1.0,PM2.5,124.0,Moderate,"number_of_monitoring_stations in Absolute Number, aqi_value in Indices",,0.0
2024-05-02,Punjab,Amritsar,1.0,PM2.5,62.0,Satisfactory,"number_of_monitoring_stations in Absolute Number, aqi_value in Indices",,0.0
2024-05-02,Punjab,Bathinda,1.0,PM10,107.0,Moderate,"number_of_monitoring_stations in Absolute Number, aqi_value in Indices",,27.0
2024-05-02,Punjab,Jalandhar,1.0,PM10,77.0,Satisfactory,"number_of_monitoring_stations in Absolute Number, aqi_value in Indices",,0.0
2024-05-02,Punjab,Ludhiana,1.0,PM10,114.0,Moderate,"number_of_monitoring_stations in Absolute Number, aqi_value in Indices",,14.0
2024-05-02,Punjab,Patiala,1.0,PM10,112.0,Moderate,"number_of_monitoring_stations in Absolute Number, aqi_value in Indices",,12.0
2024-05-02,Punjab,Rupnagar,1.0,PM2.5,122.0,Moderate,"number_of_monitoring_stations in Absolute Number, aqi_value in Indices",,0.0
2024-05-03,Punjab,Amritsar,1.0,PM2.5,48.0,Good,"number_of_monitoring_stations in Absolute Number, aqi_value in Indices",,0.0
2024-05-03,Punjab,Bathinda,1.0,PM10,155.0,Moderate,"number_of_monitoring_stations in Absolute Number, aqi_value in Indices",,0.0
2024-05-03,Punjab,Jalandhar,1.0,PM10,105.0,Moderate,"number_of_monitoring_stations in Absolute Number, aqi_value in Indices",,0.0
2024-05-03,Punjab,Ludhiana,1.0,PM10,147.0,Moderate,"number_of_monitoring_stations in Absolute Number, aqi_value in Indices",,7.0
2024-05-03,Punjab,Patiala,1.0,PM10,127.0,Moderate,"number_of_monitoring_stations in Absolute Number, aqi_value in Indices",,0.0
2024-05-03,Punjab,Rupnagar,1.0,PM2.5,197.0,Moderate,"number_of_monitoring_stations in Absolute Number, aqi_value in Indices",,0.0
2024-05-04,Punjab,Amritsar,1.0,PM2.5,105.0,Moderate,"number_of_monitoring_stations in Absolute Number, aqi_value in Indices",,0.0
2024-05-04,Punjab,Bathinda,1.0,PM10,178.0,Moderate,"number_of_monitoring_stations in Absolute Number, aqi_value in Indices",,10.0
2024-05-04,Punjab,Jalandhar,1.0,PM10,95.0,Satisfactory,"number_of_monitoring_stations in Absolute Number, aqi_value in Indices",,10.0
2024-05-04,Punjab,Ludhiana,1.0,PM10,110.0,Moderate,"number_of_monitoring_stations in Absolute Number, aqi_value in Indices",,4.0
2024-05-04,Punjab,Patiala,1.0,PM10,116.0,Moderate,"number_of_monitoring_stations in Absolute Number, aqi_value in Indices",,14.0
2024-05-04,Punjab,Rupnagar,1.0,PM2.5,134.0,Moderate,"number_of_monitoring_stations in Absolute Number, aqi_value in Indices",,0.0
2024-05-05,Punjab,Amritsar,1.0,PM2.5,87.0,Satisfactory,"number_of_monitoring_stations in Absolute Number, aqi_value in Indices",,0.0
2024-05-05,Punjab,Bathinda,1.0,PM10,110.0,Moderate,"number_of_monitoring_stations in Absolute Number, aqi_value in Indices",,13.0
2024-05-05,Punjab,Jalandhar,1.0,PM10,101.0,Moderate,"number_of_monitoring_stations in Absolute Number, aqi_value in Indices",,0.0
2024-05-05,Punjab,Ludhiana,1.0,PM10,91.0,Satisfactory,"number_of_monitoring_stations in Absolute Number, aqi_value in Indices",,5.0
2024-05-05,Punjab,Patiala,1.0,PM10,104.0,Moderate,"number_of_monitoring_stations in Absolute Number, aqi_value in Indices",,24.0
2024-05-05,Punjab,Rupnagar,1.0,PM2.5,182.0,Moderate,"number_of_monitoring_stations in Absolute Number, aqi_value in Indices",,3.0
2024-05-06,Punjab,Amritsar,1.0,PM2.5,89.0,Satisfactory,"number_of_monitoring_stations in Absolute Number, aqi_value in Indices",,0.0
2024-05-06,Punjab,Bathinda,1.0,PM10,132.0,Moderate,"number_of_monitoring_stations in Absolute Number, aqi_value in Indices",,5.0
2024-05-06,Punjab,Jalandhar,1.0,PM10,120.0,Moderate,"number_of_monitoring_stations in Absolute Number, aqi_value in Indices",,7.0
2024-05-06,Punjab,Ludhiana,1.0,PM2.5,142.0,Moderate,"number_of_monitoring_stations in Absolute Number, aqi_value in Indices",,1.0
2024-05-06,Punjab,Patiala,1.0,PM10,161.0,Moderate,"number_of_monitoring_stations in Absolute Number, aqi_value in Indices",,8.0
2024-05-06,Punjab,Rupnagar,1.0,PM2.5,209.0,Poor,"number_of_monitoring_stations in Absolute Number, aqi_value in Indices",,0.0
2024-05-07,Punjab,Amritsar,1.0,PM2.5,104.0,Moderate,"number_of_monitoring_stations in Absolute Number, aqi_value in Indices",,7.0
2024-05-07,Punjab,Bathinda,1.0,PM10,131.0,Moderate,"number_of_monitoring_stations in Absolute Number, aqi_value in Indices",,92.0
2024-05-07,Punjab,Jalandhar,1.0,PM10,99.0,Satisfactory,"number_of_monitoring_stations in Absolute Number, aqi_value in Indices",,20.0
2024-05-07,Punjab,Ludhiana,1.0,PM2.5,154.0,Moderate,"number_of_monitoring_stations in Absolute Number, aqi_value in Indices",,15.0
2024-05-07,Punjab,Patiala,1.0,PM10,126.0,Moderate,"number_of_monitoring_stations in Absolute Number, aqi_value in Indices",,23.0
2024-05-07,Punjab,Rupnagar,1.0,PM2.5,156.0,Moderate,"number_of_monitoring_stations in Absolute Number, aqi_value in Indices",,0.0
2024-05-08,Punjab,Amritsar,1.0,PM2.5,109.0,Moderate,"number_of_monitoring_stations in Absolute Number, aqi_value in Indices",,25.0
2024-05-08,Punjab,Bathinda,1.0,PM2.5,173.0,Moderate,"number_of_monitoring_stations in Absolute Number, aqi_value in Indices",,106.0
2024-05-08,Punjab,Jalandhar,1.0,PM10,129.0,Moderate,"number_of_monitoring_stations in Absolute Number, aqi_value in Indices",,7.0
2024-05-08,Punjab,Ludhiana,1.0,PM2.5,167.0,Moderate,"number_of_monitoring_stations in Absolute Number, aqi_value in Indices",,13.0
2024-05-08,Punjab,Patiala,1.0,PM2.5,141.0,Moderate,"number_of_monitoring_stations in Absolute Number, aqi_value in Indices",,23.0
2024-05-08,Punjab,Rupnagar,1.0,PM2.5,187.0,Moderate,"number_of_monitoring_stations in Absolute Number, aqi_value in Indices",,4.0
2024-05-09,Punjab,Amritsar,1.0,PM2.5,110.0,Moderate,"number_of_monitoring_stations in Absolute Number, aqi_value in Indices",,15.0
2024-05-09,Punjab,Bathinda,1.0,PM2.5,95.0,Satisfactory,"number_of_monitoring_stations in Absolute Number, aqi_value in Indices",,52.0
2024-05-09,Punjab,Jalandhar,1.0,PM2.5,130.0,Moderate,"number_of_monitoring_stations in Absolute Number, aqi_value in Indices",,13.0
2024-05-09,Punjab,Ludhiana,1.0,PM10,133.0,Moderate,"number_of_monitoring_stations in Absolute Number, aqi_value in Indices",,7.0
2024-05-09,Punjab,Patiala,1.0,PM10,145.0,Moderate,"number_of_monitoring_stations in Absolute Number, aqi_value in Indices",,18.0
2024-05-09,Punjab,Rupnagar,1.0,PM2.5,88.0,Satisfactory,"number_of_monitoring_stations in Absolute Number, aqi_value in Indices",,0.0
2024-05-10,Punjab,Amritsar,1.0,PM2.5,104.0,Moderate,"number_of_monitoring_stations in Absolute Number, aqi_value in Indices",,47.0
2024-05-10,Punjab,Bathinda,1.0,PM10,126.0,Moderate,"number_of_monitoring_stations in Absolute Number, aqi_value in Indices",,48.0
2024-05-10,Punjab,Jalandhar,1.0,PM10,131.0,Moderate,"number_of_monitoring_stations in Absolute Number, aqi_value in Indices",,27.0
2024-05-10,Punjab,Ludhiana,1.0,PM10,133.0,Moderate,"number_of_monitoring_stations in Absolute Number, aqi_value in Indices",,42.0
2024-05-10,Punjab,Patiala,1.0,PM10,127.0,Moderate,"number_of_monitoring_stations in Absolute Number, aqi_value in Indices",,36.0
2024-05-10,Punjab,Rupnagar,1.0,PM2.5,142.0,Moderate,"number_of_monitoring_stations in Absolute Number, aqi_value in Indices",,1.0
2024-05-11,Punjab,Amritsar,1.0,PM2.5,85.0,Satisfactory,"number_of_monitoring_stations in Absolute Number, aqi_value in Indices",,0.0
2024-05-11,Punjab,Bathinda,1.0,PM10,194.0,Moderate,"number_of_monitoring_stations in Absolute Number, aqi_value in Indices",,1.0
2024-05-11,Punjab,Jalandhar,1.0,PM10,128.0,Moderate,"number_of_monitoring_stations in Absolute Number, aqi_value in Indices",,0.0
2024-05-11,Punjab,Ludhiana,1.0,PM10,142.0,Moderate,"number_of_monitoring_stations in Absolute Number, aqi_value in Indices",,1.0
2024-05-11,Punjab,Patiala,1.0,PM10,193.0,Moderate,"number_of_monitoring_stations in Absolute Number, aqi_value in Indices",,3.0
2024-05-11,Punjab,Rupnagar,1.0,PM2.5,290.0,Poor,"number_of_monitoring_stations in Absolute Number, aqi_value in Indices",,0.0
2024-05-12,Punjab,Bathinda,1.0,PM10,70.0,Satisfactory,"number_of_monitoring_stations in Absolute Number, aqi_value in Indices",,68.0
2024-05-12,Punjab,Jalandhar,1.0,PM10,87.0,Satisfactory,"number_of_monitoring_stations in Absolute Number, aqi_value in Indices",,21.0
2024-05-12,Punjab,Ludhiana,1.0,PM10,104.0,Moderate,"number_of_monitoring_stations in Absolute Number, aqi_value in Indices",,92.0
2024-05-12,Punjab,Patiala,1.0,PM10,127.0,Moderate,"number_of_monitoring_stations in Absolute Number, aqi_value in Indices",,96.0
2024-05-12,Punjab,Rupnagar,1.0,PM2.5,266.0,Poor,"number_of_monitoring_stations in Absolute Number, aqi_value in Indices",,5.0
2024-05-13,Punjab,Amritsar,1.0,PM10,85.0,Satisfactory,"number_of_monitoring_stations in Absolute Number, aqi_value in Indices",,311.0
2024-05-13,Punjab,Bathinda,1.0,PM10,86.0,Satisfactory,"number_of_monitoring_stations in Absolute Number, aqi_value in Indices",,42.0
2024-05-13,Punjab,Jalandhar,1.0,O3,65.0,Satisfactory,"number_of_monitoring_stations in Absolute Number, aqi_value in Indices",,34.0
2024-05-13,Punjab,Ludhiana,1.0,PM10,98.0,Satisfactory,"number_of_monitoring_stations in Absolute Number, aqi_value in Indices",,107.0
2024-05-13,Punjab,Patiala,1.0,PM10,105.0,Moderate,"number_of_monitoring_stations in Absolute Number, aqi_value in Indices",,46.0
2024-05-13,Punjab,Rupnagar,1.0,PM2.5,270.0,Poor,"number_of_monitoring_stations in Absolute Number, aqi_value in Indices",,5.0
2024-05-14,Punjab,Amritsar,1.0,PM2.5,130.0,Moderate,"number_of_monitoring_stations in Absolute Number, aqi_value in Indices",,115.0
2024-05-14,Punjab,Bathinda,1.0,PM10,100.0,Satisfactory,"number_of_monitoring_stations in Absolute Number, aqi_value in Indices",,31.0
2024-05-14,Punjab,Jalandhar,1.0,PM2.5,147.0,Moderate,"number_of_monitoring_stations in Absolute Number, aqi_value in Indices",,24.0
2024-05-14,Punjab,Ludhiana,1.0,PM2.5,146.0,Moderate,"number_of_monitoring_stations in Absolute Number, aqi_value in Indices",,90.0
2024-05-14,Punjab,Patiala,1.0,PM10,126.0,Moderate,"number_of_monitoring_stations in Absolute Number, aqi_value in Indices",,51.0
2024-05-14,Punjab,Rupnagar,1.0,PM2.5,253.0,Poor,"number_of_monitoring_stations in Absolute Number, aqi_value in Indices",,7.0
2024-05-15,Punjab,Amritsar,1.0,PM2.5,164.0,Moderate,"number_of_monitoring_stations in Absolute Number, aqi_value in Indices",,114.0
2024-05-15,Punjab,Bathinda,1.0,PM10,104.0,Moderate,"number_of_monitoring_stations in Absolute Number, aqi_value in Indices",,5.0
2024-05-15,Punjab,Jalandhar,1.0,PM2.5,142.0,Moderate,"number_of_monitoring_stations in Absolute Number, aqi_value in Indices",,21.0
2024-05-15,Punjab,Ludhiana,1.0,PM2.5,208.0,Poor,"number_of_monitoring_stations in Absolute Number, aqi_value in Indices",,22.0
2024-05-15,Punjab,Patiala,1.0,PM10,139.0,Moderate,"number_of_monitoring_stations in Absolute Number, aqi_value in Indices",,24.0
2024-05-15,Punjab,Rupnagar,1.0,PM2.5,106.0,Moderate,"number_of_monitoring_stations in Absolute Number, aqi_value in Indices",,2.0
2024-05-16,Punjab,Amritsar,1.0,PM2.5,200.0,Moderate,"number_of_monitoring_stations in Absolute Number, aqi_value in Indices",,24.0
2024-05-16,Punjab,Bathinda,1.0,CO,51.0,Satisfactory,"number_of_monitoring_stations in Absolute Number, aqi_value in Indices",,2.0
2024-05-16,Punjab,Jalandhar,1.0,PM2.5,113.0,Moderate,"number_of_monitoring_stations in Absolute Number, aqi_value in Indices",,9.0
2024-05-16,Punjab,Ludhiana,1.0,PM2.5,162.0,Moderate,"number_of_monitoring_stations in Absolute Number, aqi_value in Indices",,14.0
2024-05-16,Punjab,Patiala,1.0,PM10,136.0,Moderate,"number_of_monitoring_stations in Absolute Number, aqi_value in Indices",,3.0
2024-05-16,Punjab,Rupnagar,1.0,PM2.5,120.0,Moderate,"number_of_monitoring_stations in Absolute Number, aqi_value in Indices",,2.0
2024-05-17,Punjab,Bathinda,1.0,PM10,145.0,Moderate,"number_of_monitoring_stations in Absolute Number, aqi_value in Indices",,22.0
2024-05-17,Punjab,Jalandhar,1.0,PM2.5,131.0,Moderate,"number_of_monitoring_stations in Absolute Number, aqi_value in Indices",,35.0
2024-05-17,Punjab,Ludhiana,1.0,PM2.5,211.0,Poor,"number_of_monitoring_stations in Absolute Number, aqi_value in Indices",,63.0
2024-05-17,Punjab,Patiala,1.0,PM10,159.0,Moderate,"number_of_monitoring_stations in Absolute Number, aqi_value in Indices",,14.0
2024-05-17,Punjab,Rupnagar,1.0,PM2.5,142.0,Moderate,"number_of_monitoring_stations in Absolute Number, aqi_value in Indices",,2.0
2024-05-18,Punjab,Amritsar,1.0,CO,163.0,Moderate,"number_of_monitoring_stations in Absolute Number, aqi_value in Indices",,144.0
2024-05-18,Punjab,Bathinda,1.0,CO,78.0,Satisfactory,"number_of_monitoring_stations in Absolute Number, aqi_value in Indices",,25.0
2024-05-18,Punjab,Jalandhar,1.0,PM2.5,160.0,Moderate,"number_of_monitoring_stations in Absolute Number, aqi_value in Indices",,84.0
2024-05-18,Punjab,Ludhiana,1.0,PM2.5,176.0,Moderate,"number_of_monitoring_stations in Absolute Number, aqi_value in Indices",,117.0
2024-05-18,Punjab,Patiala,1.0,PM10,178.0,Moderate,"number_of_monitoring_stations in Absolute Number, aqi_value in Indices",,34.0
2024-05-18,Punjab,Rupnagar,1.0,PM2.5,166.0,Moderate,"number_of_monitoring_stations in Absolute Number, aqi_value in Indices",,15.0
2024-05-19,Punjab,Amritsar,1.0,CO,164.0,Moderate,"number_of_monitoring_stations in Absolute Number, aqi_value in Indices",,45.0
2024-05-19,Punjab,Bathinda,1.0,PM10,116.0,Moderate,"number_of_monitoring_stations in Absolute Number, aqi_value in Indices",,22.0
2024-05-19,Punjab,Jalandhar,1.0,PM10,117.0,Moderate,"number_of_monitoring_stations in Absolute Number, aqi_value in Indices",,30.0
2024-05-19,Punjab,Ludhiana,1.0,PM10,132.0,Moderate,"number_of_monitoring_stations in Absolute Number, aqi_value in Indices",,94.0
2024-05-19,Punjab,Patiala,1.0,PM10,162.0,Moderate,"number_of_monitoring_stations in Absolute Number, aqi_value in Indices",,37.0
2024-05-19,Punjab,Rupnagar,1.0,PM2.5,103.0,Moderate,"number_of_monitoring_stations in Absolute Number, aqi_value in Indices",,1.0
2024-05-20,Punjab,Amritsar,1.0,CO,177.0,Moderate,"number_of_monitoring_stations in Absolute Number, aqi_value in Indices",,9.0
2024-05-20,Punjab,Bathinda,1.0,PM10,106.0,Moderate,"number_of_monitoring_stations in Absolute Number, aqi_value in Indices",,0.0
2024-05-20,Punjab,Jalandhar,1.0,PM10,108.0,Moderate,"number_of_monitoring_stations in Absolute Number, aqi_value in Indices",,6.0
2024-05-20,Punjab,Ludhiana,1.0,PM2.5,142.0,Moderate,"number_of_monitoring_stations in Absolute Number, aqi_value in Indices",,12.0
2024-05-20,Punjab,Patiala,1.0,PM10,134.0,Moderate,"number_of_monitoring_stations in Absolute Number, aqi_value in Indices",,6.0
2024-05-20,Punjab,Rupnagar,1.0,PM2.5,96.0,Satisfactory,"number_of_monitoring_stations in Absolute Number, aqi_value in Indices",,4.0
2024-05-21,Punjab,Amritsar,1.0,CO,151.0,Moderate,"number_of_monitoring_stations in Absolute Number, aqi_value in Indices",,8.0
2024-05-21,Punjab,Bathinda,1.0,PM10,110.0,Moderate,"number_of_monitoring_stations in Absolute Number, aqi_value in Indices",,1.0
2024-05-21,Punjab,Jalandhar,1.0,PM2.5,136.0,Moderate,"number_of_monitoring_stations in Absolute Number, aqi_value in Indices",,11.0
2024-05-21,Punjab,Ludhiana,1.0,PM2.5,177.0,Moderate,"number_of_monitoring_stations in Absolute Number, aqi_value in Indices",,24.0
2024-05-21,Punjab,Patiala,1.0,PM10,142.0,Moderate,"number_of_monitoring_stations in Absolute Number, aqi_value in Indices",,4.0
2024-05-21,Punjab,Rupnagar,1.0,PM2.5,84.0,Satisfactory,"number_of_monitoring_stations in Absolute Number, aqi_value in Indices",,4.0
2024-05-22,Punjab,Amritsar,1.0,CO,158.0,Moderate,"number_of_monitoring_stations in Absolute Number, aqi_value in Indices",,4.0
2024-05-22,Punjab,Bathinda,1.0,PM10,125.0,Moderate,"number_of_monitoring_stations in Absolute Number, aqi_value in Indices",,2.0
2024-05-22,Punjab,Jalandhar,1.0,PM2.5,149.0,Moderate,"number_of_monitoring_stations in Absolute Number, aqi_value in Indices",,16.0
2024-05-22,Punjab,Ludhiana,1.0,PM10,125.0,Moderate,"number_of_monitoring_stations in Absolute Number, aqi_value in Indices",,6.0
2024-05-22,Punjab,Patiala,1.0,PM10,140.0,Moderate,"number_of_monitoring_stations in Absolute Number, aqi_value in Indices",,5.0
2024-05-22,Punjab,Rupnagar,1.0,PM2.5,88.0,Satisfactory,"number_of_monitoring_stations in Absolute Number, aqi_value in Indices",,0.0
2024-05-23,Punjab,Amritsar,1.0,CO,158.0,Moderate,"number_of_monitoring_stations in Absolute Number, aqi_value in Indices",,14.0
2024-05-23,Punjab,Bathinda,1.0,PM2.5,85.0,Satisfactory,"number_of_monitoring_stations in Absolute Number, aqi_value in Indices",,8.0
2024-05-23,Punjab,Jalandhar,1.0,PM10,128.0,Moderate,"number_of_monitoring_stations in Absolute Number, aqi_value in Indices",,22.0
2024-05-23,Punjab,Ludhiana,1.0,PM10,117.0,Moderate,"number_of_monitoring_stations in Absolute Number, aqi_value in Indices",,23.0
2024-05-23,Punjab,Patiala,1.0,PM10,122.0,Moderate,"number_of_monitoring_stations in Absolute Number, aqi_value in Indices",,12.0
2024-05-24,Punjab,Amritsar,1.0,PM10,177.0,Moderate,"number_of_monitoring_stations in Absolute Number, aqi_value in Indices",,8.0
2024-05-24,Punjab,Bathinda,1.0,PM10,122.0,Moderate,"number_of_monitoring_stations in Absolute Number, aqi_value in Indices",,3.0
2024-05-24,Punjab,Jalandhar,1.0,PM10,120.0,Moderate,"number_of_monitoring_stations in Absolute Number, aqi_value in Indices",,35.0
2024-05-24,Punjab,Ludhiana,1.0,PM2.5,147.0,Moderate,"number_of_monitoring_stations in Absolute Number, aqi_value in Indices",,31.0
2024-05-24,Punjab,Patiala,1.0,PM10,118.0,Moderate,"number_of_monitoring_stations in Absolute Number, aqi_value in Indices",,19.0
2024-05-24,Punjab,Rupnagar,1.0,PM10,154.0,Moderate,"number_of_monitoring_stations in Absolute Number, aqi_value in Indices",,1.0
2024-05-25,Punjab,Amritsar,1.0,PM10,194.0,Moderate,"number_of_monitoring_stations in Absolute Number, aqi_value in Indices",,4.0
2024-05-25,Punjab,Bathinda,1.0,PM10,184.0,Moderate,"number_of_monitoring_stations in Absolute Number, aqi_value in Indices",,1.0
2024-05-25,Punjab,Jalandhar,1.0,PM10,69.0,Satisfactory,"number_of_monitoring_stations in Absolute Number, aqi_value in Indices",,17.0
2024-05-25,Punjab,Ludhiana,1.0,PM2.5,93.0,Satisfactory,"number_of_monitoring_stations in Absolute Number, aqi_value in Indices",,17.0
2024-05-25,Punjab,Patiala,1.0,O3,170.0,Moderate,"number_of_monitoring_stations in Absolute Number, aqi_value in Indices",,5.0
2024-05-25,Punjab,Rupnagar,1.0,PM10,145.0,Moderate,"number_of_monitoring_stations in Absolute Number, aqi_value in Indices",,0.0
2024-05-26,Punjab,Amritsar,1.0,PM10,136.0,Moderate,"number_of_monitoring_stations in Absolute Number, aqi_value in Indices",,0.0
2024-05-26,Punjab,Bathinda,1.0,PM10,153.0,Moderate,"number_of_monitoring_stations in Absolute Number, aqi_value in Indices",,1.0
2024-05-26,Punjab,Jalandhar,1.0,PM10,139.0,Moderate,"number_of_monitoring_stations in Absolute Number, aqi_value in Indices",,3.0
2024-05-26,Punjab,Ludhiana,1.0,PM10,115.0,Moderate,"number_of_monitoring_stations in Absolute Number, aqi_value in Indices",,4.0
2024-05-26,Punjab,Patiala,1.0,O3,161.0,Moderate,"number_of_monitoring_stations in Absolute Number, aqi_value in Indices",,2.0
2024-05-26,Punjab,Rupnagar,1.0,PM10,127.0,Moderate,"number_of_monitoring_stations in Absolute Number, aqi_value in Indices",,1.0
2024-05-27,Punjab,Amritsar,1.0,PM2.5,158.0,Moderate,"number_of_monitoring_stations in Absolute Number, aqi_value in Indices",,0.0
2024-05-27,Punjab,Bathinda,1.0,PM10,104.0,Moderate,"number_of_monitoring_stations in Absolute Number, aqi_value in Indices",,1.0
2024-05-27,Punjab,Jalandhar,1.0,PM10,144.0,Moderate,"number_of_monitoring_stations in Absolute Number, aqi_value in Indices",,0.0
2024-05-27,Punjab,Ludhiana,1.0,PM10,111.0,Moderate,"number_of_monitoring_stations in Absolute Number, aqi_value in Indices",,1.0
2024-05-27,Punjab,Patiala,1.0,PM10,133.0,Moderate,"number_of_monitoring_stations in Absolute Number, aqi_value in Indices",,0.0
2024-05-27,Punjab,Rupnagar,1.0,PM10,184.0,Moderate,"number_of_monitoring_stations in Absolute Number, aqi_value in Indices",,0.0
2024-05-29,Punjab,Amritsar,1.0,PM2.5,212.0,Poor,"number_of_monitoring_stations in Absolute Number, aqi_value in Indices",,1.0
2024-05-29,Punjab,Bathinda,1.0,PM2.5,78.0,Satisfactory,"number_of_monitoring_stations in Absolute Number, aqi_value in Indices",,6.0
2024-05-29,Punjab,Jalandhar,1.0,PM10,151.0,Moderate,"number_of_monitoring_stations in Absolute Number, aqi_value in Indices",,7.0
2024-05-29,Punjab,Ludhiana,1.0,PM10,123.0,Moderate,"number_of_monitoring_stations in Absolute Number, aqi_value in Indices",,4.0
2024-05-29,Punjab,Patiala,1.0,PM2.5,168.0,Moderate,"number_of_monitoring_stations in Absolute Number, aqi_value in Indices",,6.0
2024-05-29,Punjab,Rupnagar,1.0,PM10,193.0,Moderate,"number_of_monitoring_stations in Absolute Number, aqi_value in Indices",,1.0
2024-05-30,Punjab,Amritsar,1.0,PM2.5,226.0,Poor,"number_of_monitoring_stations in Absolute Number, aqi_value in Indices",,3.0
2024-05-30,Punjab,Bathinda,1.0,PM2.5,150.0,Moderate,"number_of_monitoring_stations in Absolute Number, aqi_value in Indices",,7.0
2024-05-30,Punjab,Jalandhar,1.0,PM10,113.0,Moderate,"number_of_monitoring_stations in Absolute Number, aqi_value in Indices",,1.0
2024-05-30,Punjab,Ludhiana,1.0,PM10,128.0,Moderate,"number_of_monitoring_stations in Absolute Number, aqi_value in Indices",,1.0
2024-05-30,Punjab,Patiala,1.0,PM10,140.0,Moderate,"number_of_monitoring_stations in Absolute Number, aqi_value in Indices",,4.0
2024-05-30,Punjab,Rupnagar,1.0,PM10,146.0,Moderate,"number_of_monitoring_stations in Absolute Number, aqi_value in Indices",,9.0
2024-05-31,Punjab,Amritsar,1.0,PM2.5,150.0,Moderate,"number_of_monitoring_stations in Absolute Number, aqi_value in Indices",,7.0
2024-05-31,Punjab,Bathinda,1.0,PM10,99.0,Satisfactory,"number_of_monitoring_stations in Absolute Number, aqi_value in Indices",,8.0
2024-05-31,Punjab,Jalandhar,1.0,PM2.5,160.0,Moderate,"number_of_monitoring_stations in Absolute Number, aqi_value in Indices",,1.0
2024-05-31,Punjab,Ludhiana,1.0,PM2.5,189.0,Moderate,"number_of_monitoring_stations in Absolute Number, aqi_value in Indices",,0.0
2024-05-31,Punjab,Patiala,1.0,PM10,128.0,Moderate,"number_of_monitoring_stations in Absolute Number, aqi_value in Indices",,2.0
2024-05-31,Punjab,Rupnagar,1.0,PM10,165.0,Moderate,"number_of_monitoring_stations in Absolute Number, aqi_value in Indices",,1.0
2024-06-01,Punjab,Amritsar,1.0,PM2.5,140.0,Moderate,"number_of_monitoring_stations in Absolute Number, aqi_value in Indices",,0.0
2024-06-01,Punjab,Bathinda,1.0,PM2.5,165.0,Moderate,"number_of_monitoring_stations in Absolute Number, aqi_value in Indices",,0.0
2024-06-01,Punjab,Jalandhar,1.0,PM2.5,179.0,Moderate,"number_of_monitoring_stations in Absolute Number, aqi_value in Indices",,0.0
2024-06-01,Punjab,Ludhiana,1.0,PM2.5,184.0,Moderate,"number_of_monitoring_stations in Absolute Number, aqi_value in Indices",,0.0
2024-06-01,Punjab,Patiala,1.0,PM2.5,206.0,Poor,"number_of_monitoring_stations in Absolute Number, aqi_value in Indices",,0.0
2024-06-01,Punjab,Rupnagar,1.0,PM10,208.0,Poor,"number_of_monitoring_stations in Absolute Number, aqi_value in Indices",,0.0
2024-06-02,Punjab,Amritsar,1.0,PM2.5,165.0,Moderate,"number_of_monitoring_stations in Absolute Number, aqi_value in Indices",,0.0
2024-06-02,Punjab,Jalandhar,1.0,PM10,157.0,Moderate,"number_of_monitoring_stations in Absolute Number, aqi_value in Indices",,0.0
2024-06-02,Punjab,Ludhiana,1.0,PM2.5,149.0,Moderate,"number_of_monitoring_stations in Absolute Number, aqi_value in Indices",,0.0
2024-06-02,Punjab,Patiala,1.0,PM10,127.0,Moderate,"number_of_monitoring_stations in Absolute Number, aqi_value in Indices",,0.0
2024-06-02,Punjab,Rupnagar,1.0,PM10,152.0,Moderate,"number_of_monitoring_stations in Absolute Number, aqi_value in Indices",,0.0
2024-06-03,Punjab,Amritsar,1.0,PM2.5,138.0,Moderate,"number_of_monitoring_stations in Absolute Number, aqi_value in Indices",,0.0
2024-06-03,Punjab,Bathinda,1.0,PM2.5,130.0,Moderate,"number_of_monitoring_stations in Absolute Number, aqi_value in Indices",,0.0
2024-06-03,Punjab,Jalandhar,1.0,PM2.5,157.0,Moderate,"number_of_monitoring_stations in Absolute Number, aqi_value in Indices",,0.0
2024-06-03,Punjab,Ludhiana,1.0,PM2.5,154.0,Moderate,"number_of_monitoring_stations in Absolute Number, aqi_value in Indices",,0.0
2024-06-03,Punjab,Patiala,1.0,PM10,154.0,Moderate,"number_of_monitoring_stations in Absolute Number, aqi_value in Indices",,0.0
2024-06-03,Punjab,Rupnagar,1.0,PM10,192.0,Moderate,"number_of_monitoring_stations in Absolute Number, aqi_value in Indices",,0.0
2024-06-04,Punjab,Bathinda,1.0,PM2.5,337.0,Very Poor,"number_of_monitoring_stations in Absolute Number, aqi_value in Indices",,0.0
2024-06-04,Punjab,Jalandhar,1.0,PM10,110.0,Moderate,"number_of_monitoring_stations in Absolute Number, aqi_value in Indices",,0.0
2024-06-04,Punjab,Ludhiana,1.0,PM2.5,226.0,Poor,"number_of_monitoring_stations in Absolute Number, aqi_value in Indices",,0.0
2024-06-04,Punjab,Patiala,1.0,PM10,170.0,Moderate,"number_of_monitoring_stations in Absolute Number, aqi_value in Indices",,0.0
2024-06-04,Punjab,Rupnagar,1.0,PM2.5,161.0,Moderate,"number_of_monitoring_stations in Absolute Number, aqi_value in Indices",,0.0
2024-06-05,Punjab,Amritsar,1.0,PM10,145.0,Moderate,"number_of_monitoring_stations in Absolute Number, aqi_value in Indices",,0.0
2024-06-05,Punjab,Bathinda,1.0,PM2.5,382.0,Very Poor,"number_of_monitoring_stations in Absolute Number, aqi_value in Indices",,0.0
2024-06-05,Punjab,Jalandhar,1.0,PM2.5,170.0,Moderate,"number_of_monitoring_stations in Absolute Number, aqi_value in Indices",,0.0
2024-06-05,Punjab,Ludhiana,1.0,PM2.5,241.0,Poor,"number_of_monitoring_stations in Absolute Number, aqi_value in Indices",,0.0
2024-06-05,Punjab,Patiala,1.0,PM2.5,161.0,Moderate,"number_of_monitoring_stations in Absolute Number, aqi_value in Indices",,0.0
2024-06-05,Punjab,Rupnagar,1.0,PM2.5,285.0,Poor,"number_of_monitoring_stations in Absolute Number, aqi_value in Indices",,0.0
